stock_code,signal_date,signal_time,entry_date,entry_open,target_date,target_close,future_gross_return,future_net_return,model,split,actual_label,p_sell,p_hold,p_buy,predicted_signal
2002,2025-01-02,2025-01-02T13:30:00+08:00,2025-01-03,19.25,2025-01-07,18.95,-0.01558441558441559,-0.021335052096217444,random_forest,validation,0,0.37530578209178417,0.3793557780427108,0.24533843986550508,HOLD
2002,2025-01-03,2025-01-03T13:30:00+08:00,2025-01-06,19.0,2025-01-08,18.9,-0.0052631578947369695,-0.011074087845872382,random_forest,validation,0,0.39223609308787255,0.3308079832712765,0.276955923640851,SELL
2002,2025-01-06,2025-01-06T13:30:00+08:00,2025-01-07,19.25,2025-01-09,18.6,-0.033766233766233666,-0.03941065799417642,random_forest,validation,0,0.4122535109325212,0.3093770601733215,0.2783694288941571,SELL
2002,2025-01-07,2025-01-07T13:30:00+08:00,2025-01-08,18.95,2025-01-10,18.3,-0.03430079155672816,-0.03994209307146268,random_forest,validation,0,0.35850601781086,0.3883185043025754,0.25317547788656436,HOLD
2002,2025-01-08,2025-01-08T13:30:00+08:00,2025-01-09,18.85,2025-01-13,18.1,-0.039787798408488007,-0.04539704660911248,random_forest,validation,0,0.3215620287893456,0.3369407722366267,0.3414971989740279,BUY
2002,2025-01-09,2025-01-09T13:30:00+08:00,2025-01-10,18.55,2025-01-14,18.35,-0.010781671159029615,-0.016560363745813045,random_forest,validation,0,0.375007936083711,0.36313179180642025,0.26186027210986884,SELL
2002,2025-01-10,2025-01-10T13:30:00+08:00,2025-01-13,18.25,2025-01-15,18.7,0.024657534246575352,0.018671817317856165,random_forest,validation,2,0.3625015241320783,0.3891510226830431,0.2483474531848786,HOLD
2002,2025-01-13,2025-01-13T13:30:00+08:00,2025-01-14,18.1,2025-01-16,18.9,0.044198895027624197,0.03809902380820018,random_forest,validation,2,0.2607933322911793,0.4542697225480887,0.2849369451607318,HOLD
2002,2025-01-14,2025-01-14T13:30:00+08:00,2025-01-15,18.35,2025-01-17,19.55,0.06539509536784727,0.05917140282182354,random_forest,validation,2,0.3380220103419083,0.3043025277863947,0.3576754618716971,BUY
2002,2025-01-15,2025-01-15T13:30:00+08:00,2025-01-16,19.0,2025-01-20,19.55,0.02894736842105261,0.022936591672656048,random_forest,validation,2,0.42835491248585056,0.3102039921920307,0.26144109532211884,SELL
2002,2025-01-16,2025-01-16T13:30:00+08:00,2025-01-17,19.1,2025-01-21,20.1,0.05235602094240832,0.046208498439461954,random_forest,validation,2,0.3723901469212409,0.3352858533514611,0.2923239997272983,SELL
2002,2025-01-17,2025-01-17T13:30:00+08:00,2025-01-20,19.6,2025-01-22,20.15,0.028061224489795755,0.02205562430679109,random_forest,validation,2,0.3402697956189785,0.3540113210012948,0.30571888337972675,HOLD
2002,2025-01-20,2025-01-20T13:30:00+08:00,2025-01-21,19.7,2025-02-03,20.0,0.015228426395939021,0.009297791256596355,random_forest,validation,1,0.3614593535301261,0.35451075152284195,0.2840298949470318,SELL
2002,2025-01-21,2025-01-21T13:30:00+08:00,2025-01-22,20.3,2025-02-04,19.6,-0.03448275862068961,-0.04012299714286449,random_forest,validation,0,0.31956565906667594,0.3340338129208674,0.34640052801245674,BUY
2002,2025-01-22,2025-01-22T13:30:00+08:00,2025-02-03,19.95,2025-02-05,19.6,-0.01754385964912275,-0.02328304972431816,random_forest,validation,0,0.3691176717918587,0.34939114514385267,0.28149118306428855,SELL
2002,2025-02-03,2025-02-03T13:30:00+08:00,2025-02-04,20.15,2025-02-06,19.9,-0.012406947890818865,-0.018176146138155214,random_forest,validation,0,0.4067220150966191,0.3510611758392666,0.24221680906411414,SELL
2002,2025-02-04,2025-02-04T13:30:00+08:00,2025-02-05,19.8,2025-02-07,19.65,-0.00757575757575768,-0.01337317806973548,random_forest,validation,0,0.3972648566069279,0.231947355101247,0.370787788291825,SELL
2002,2025-02-05,2025-02-05T13:30:00+08:00,2025-02-06,19.9,2025-02-10,20.05,0.007537688442211143,0.0016519800992131906,random_forest,validation,1,0.3027032994780842,0.3509776421368454,0.3463190583850704,HOLD
2002,2025-02-06,2025-02-06T13:30:00+08:00,2025-02-07,19.9,2025-02-11,19.9,0.0,-0.005841675612252573,random_forest,validation,1,0.363172440548162,0.3648913724748837,0.27193618697695415,HOLD
2002,2025-02-07,2025-02-07T13:30:00+08:00,2025-02-10,19.65,2025-02-12,20.1,0.022900763358778775,0.016925308915711312,random_forest,validation,2,0.3279550084458011,0.37348439353224433,0.2985605980219544,HOLD
2002,2025-02-10,2025-02-10T13:30:00+08:00,2025-02-11,20.15,2025-02-13,21.9,0.08684863523573205,0.08049961806906536,random_forest,validation,2,0.3812212697852826,0.328341966187443,0.2904367640272742,SELL
2002,2025-02-11,2025-02-11T13:30:00+08:00,2025-02-12,20.0,2025-02-14,23.25,0.1625000000000001,0.15570905210075647,random_forest,validation,2,0.3633865267194315,0.31952061740124876,0.31709285587931973,SELL
2002,2025-02-12,2025-02-12T13:30:00+08:00,2025-02-13,20.2,2025-02-17,22.85,0.1311881188118813,0.12458008476534821,random_forest,validation,2,0.4182239881958976,0.32323705488804017,0.2585389569160621,SELL
2002,2025-02-13,2025-02-13T13:30:00+08:00,2025-02-14,22.0,2025-02-18,22.4,0.018181818181818077,0.012233930285706407,random_forest,validation,2,0.27917804857295947,0.33173795337123585,0.3890839980558047,BUY
2002,2025-02-14,2025-02-14T13:30:00+08:00,2025-02-17,23.4,2025-02-19,22.35,-0.04487179487179471,-0.050451344014266764,random_forest,validation,0,0.3368423165691404,0.33676613509304154,0.32639154833781814,SELL
2002,2025-02-17,2025-02-17T13:30:00+08:00,2025-02-18,22.65,2025-02-20,22.65,0.0,-0.005841675612252462,random_forest,validation,1,0.3365985345680662,0.36913266169985604,0.2942688037320778,HOLD
2002,2025-02-18,2025-02-18T13:30:00+08:00,2025-02-19,22.45,2025-02-21,23.0,0.024498886414253906,0.0185140962547079,random_forest,validation,2,0.48502986256427294,0.25047419670126414,0.2644959407344631,SELL
2002,2025-02-19,2025-02-19T13:30:00+08:00,2025-02-20,22.6,2025-02-24,23.2,0.0265486725663715,0.020551908221050352,random_forest,validation,2,0.33243618394533025,0.4523053341746095,0.21525848188006041,HOLD
2002,2025-02-20,2025-02-20T13:30:00+08:00,2025-02-21,22.8,2025-02-25,23.9,0.048245614035087536,0.04212210319592824,random_forest,validation,2,0.40239337016169263,0.3319913412227947,0.26561528861551287,SELL
2002,2025-02-21,2025-02-21T13:30:00+08:00,2025-02-24,22.95,2025-02-26,23.8,0.0370370370370372,0.0309790030687751,random_forest,validation,2,0.37360774692227805,0.3200381436774247,0.3063541094002974,SELL
2002,2025-02-24,2025-02-24T13:30:00+08:00,2025-02-25,23.1,2025-02-27,24.35,0.054112554112554,0.04795477051262553,random_forest,validation,2,0.3279340029253982,0.399237099856479,0.2728288972181228,HOLD
2002,2025-02-25,2025-02-25T13:30:00+08:00,2025-02-26,23.95,2025-03-03,24.0,0.0020876826722338038,-0.003766188504971235,random_forest,validation,1,0.2860521814264049,0.4268562782998881,0.28709154027370687,HOLD
2002,2025-02-26,2025-02-26T13:30:00+08:00,2025-02-27,23.9,2025-03-04,23.6,-0.012552301255229992,-0.018320650395362237,random_forest,validation,0,0.3750946770924187,0.29636452027369786,0.32854080263388336,SELL
2002,2025-02-27,2025-02-27T13:30:00+08:00,2025-03-03,23.6,2025-03-05,24.1,0.021186440677966045,0.015221000751894698,random_forest,validation,2,0.38027144337499286,0.33457180686244103,0.28515674976256594,SELL
2002,2025-03-03,2025-03-03T13:30:00+08:00,2025-03-04,23.75,2025-03-06,24.25,0.021052631578947434,0.015087973322226444,random_forest,validation,2,0.41012479511019634,0.38090822997888935,0.20896697491091384,SELL
2002,2025-03-04,2025-03-04T13:30:00+08:00,2025-03-05,23.6,2025-03-07,24.25,0.02754237288135597,0.021539803661138723,random_forest,validation,2,0.35904002117577233,0.3259793602854689,0.3149806185387588,SELL
2002,2025-03-05,2025-03-05T13:30:00+08:00,2025-03-06,24.2,2025-03-10,24.7,0.02066115702479343,0.014698785635428147,random_forest,validation,2,0.3902168192026702,0.3403807623331071,0.26940241846422264,SELL
2002,2025-03-06,2025-03-06T13:30:00+08:00,2025-03-07,24.15,2025-03-11,24.3,0.006211180124223725,0.0003332208125161884,random_forest,validation,1,0.32855073896067355,0.3621515098005027,0.3092977512388234,HOLD
2002,2025-03-07,2025-03-07T13:30:00+08:00,2025-03-10,24.35,2025-03-12,24.15,-0.008213552361396426,-0.014007247065129347,random_forest,validation,0,0.4103578289130309,0.29117876542002236,0.2984634056669468,SELL
2002,2025-03-10,2025-03-10T13:30:00+08:00,2025-03-11,24.45,2025-03-13,23.7,-0.030674846625766916,-0.03633732973457604,random_forest,validation,0,0.43444886782401837,0.3079187615419216,0.2576323706340601,SELL
2002,2025-03-11,2025-03-11T13:30:00+08:00,2025-03-12,24.4,2025-03-14,24.3,-0.004098360655737654,-0.009916094974497414,random_forest,validation,1,0.30841272727576347,0.3444038045211012,0.34718346820313534,BUY
2002,2025-03-12,2025-03-12T13:30:00+08:00,2025-03-13,24.15,2025-03-17,24.1,-0.0020703933747411307,-0.007899974420508604,random_forest,validation,1,0.35401152797054636,0.4037377642459429,0.24225070778351054,HOLD
2002,2025-03-13,2025-03-13T13:30:00+08:00,2025-03-14,23.8,2025-03-18,24.15,0.014705882352941124,0.008778299746390772,random_forest,validation,1,0.4139201683225805,0.2951663683849885,0.29091346329243106,SELL
2002,2025-03-14,2025-03-14T13:30:00+08:00,2025-03-17,24.2,2025-03-19,24.1,-0.004132231404958553,-0.009949767861788583,random_forest,validation,1,0.36238645496066996,0.3316110162625534,0.3060025287767766,SELL
2002,2025-03-17,2025-03-17T13:30:00+08:00,2025-03-18,24.15,2025-03-20,24.35,0.008281573498964967,0.002391519620772442,random_forest,validation,1,0.38398216235265975,0.3428776994166513,0.2731401382306887,SELL
2002,2025-03-18,2025-03-18T13:30:00+08:00,2025-03-19,24.0,2025-03-21,23.8,-0.008333333333333304,-0.01412632831548366,random_forest,validation,0,0.40132584597703136,0.32823667133568357,0.27043748268728496,SELL
2002,2025-03-19,2025-03-19T13:30:00+08:00,2025-03-20,24.3,2025-03-24,23.7,-0.024691358024691468,-0.030388794732937652,random_forest,validation,0,0.41188607483059947,0.3713158017330143,0.2167981234363864,SELL
2002,2025-03-20,2025-03-20T13:30:00+08:00,2025-03-21,24.35,2025-03-25,23.1,-0.05133470225872694,-0.05687649719273247,random_forest,validation,0,0.3258266286286351,0.451305940677458,0.2228674306939068,HOLD
2002,2025-03-21,2025-03-21T13:30:00+08:00,2025-03-24,23.8,2025-03-26,23.2,-0.025210084033613467,-0.0309044905127841,random_forest,validation,0,0.3941301911070284,0.23575756618493654,0.3701122427080352,SELL
2002,2025-03-24,2025-03-24T13:30:00+08:00,2025-03-25,23.9,2025-03-27,23.45,-0.01882845188284521,-0.024560137786917124,random_forest,validation,0,0.3353492774155384,0.3565738925432074,0.30807683004125413,HOLD
2002,2025-03-25,2025-03-25T13:30:00+08:00,2025-03-26,23.1,2025-03-28,23.0,-0.0043290043290044045,-0.01014539130224279,random_forest,validation,0,0.41091413778281644,0.2721115643195669,0.3169742978976167,SELL
2002,2025-03-26,2025-03-26T13:30:00+08:00,2025-03-27,23.1,2025-03-31,22.4,-0.030303030303030387,-0.035967685442184316,random_forest,validation,0,0.4053754115419228,0.3159776347070002,0.27864695375107695,SELL
2002,2025-03-27,2025-03-27T13:30:00+08:00,2025-03-28,23.55,2025-04-01,22.95,-0.025477707006369532,-0.03117055011894687,random_forest,validation,0,0.3611118619357548,0.32397455581306145,0.3149135822511834,SELL
2002,2025-03-28,2025-03-28T13:30:00+08:00,2025-03-31,22.65,2025-04-02,22.85,0.008830022075055233,0.0029367643381914554,random_forest,validation,1,0.41396700844394324,0.2678858309239849,0.3181471606320716,SELL
2002,2025-03-31,2025-03-31T13:30:00+08:00,2025-04-01,22.5,2025-04-07,20.6,-0.08444444444444443,-0.08979282300499558,random_forest,validation,0,0.362604089658708,0.3253493254673885,0.3120465848739036,SELL
2002,2025-04-01,2025-04-01T13:30:00+08:00,2025-04-02,23.0,2025-04-08,20.45,-0.11086956521739133,-0.1160635767943724,random_forest,validation,0,0.3434690334184479,0.41921046417151464,0.23732050241003727,HOLD
2002,2025-04-02,2025-04-02T13:30:00+08:00,2025-04-07,20.6,2025-04-09,19.0,-0.07766990291262144,-0.08305785614722316,random_forest,validation,0,0.4031721630258759,0.36317480527229806,0.23365303170182605,SELL
2002,2025-04-08,2025-04-08T13:30:00+08:00,2025-04-09,19.9,2025-04-11,20.45,0.027638190954773822,0.021635061996454263,random_forest,validation,2,0.37902167877529713,0.27338577399013164,0.34759254723457106,SELL
2002,2025-04-09,2025-04-09T13:30:00+08:00,2025-04-10,20.9,2025-04-14,21.15,0.011961722488038173,0.006050170373246955,random_forest,validation,1,0.4075288719981633,0.25866318761462187,0.3338079403872146,SELL
2002,2025-04-11,2025-04-11T13:30:00+08:00,2025-04-14,20.9,2025-04-16,20.9,0.0,-0.005841675612252462,random_forest,validation,1,0.32130054927778273,0.3604382858611638,0.3182611648610533,HOLD
2002,2025-04-14,2025-04-14T13:30:00+08:00,2025-04-15,21.2,2025-04-17,20.5,-0.03301886792452824,-0.0386676580212818,random_forest,validation,0,0.36622896669288907,0.2947021360364804,0.33906889727063055,SELL
2002,2025-04-15,2025-04-15T13:30:00+08:00,2025-04-16,21.05,2025-04-18,20.4,-0.030878859857482288,-0.036540151187171244,random_forest,validation,0,0.4068415310462287,0.35879782132505544,0.23436064762871567,SELL
2002,2025-04-16,2025-04-16T13:30:00+08:00,2025-04-17,20.9,2025-04-21,20.0,-0.04306220095693769,-0.04865232116005014,random_forest,validation,0,0.3449051422538805,0.2925145532831137,0.36258030446300565,BUY
2002,2025-04-17,2025-04-17T13:30:00+08:00,2025-04-18,20.55,2025-04-22,20.2,-0.017031630170316392,-0.022773812523966153,random_forest,validation,0,0.3755414078740682,0.29186351650085696,0.332595075625075,SELL
2002,2025-04-18,2025-04-18T13:30:00+08:00,2025-04-21,20.4,2025-04-23,20.65,0.01225490196078427,0.006341637186616955,random_forest,validation,1,0.42430008645319206,0.33806464005750975,0.2376352734892979,SELL
2002,2025-04-21,2025-04-21T13:30:00+08:00,2025-04-22,19.95,2025-04-24,20.5,0.027568922305764465,0.02156619799242221,random_forest,validation,2,0.3567118986003644,0.31577619435269866,0.3275119070469371,SELL
2002,2025-04-22,2025-04-22T13:30:00+08:00,2025-04-23,20.4,2025-04-25,20.3,-0.004901960784313597,-0.010715000731800317,random_forest,validation,0,0.31974674759229493,0.3439509258138392,0.33630232659386583,HOLD
2002,2025-04-23,2025-04-23T13:30:00+08:00,2025-04-24,20.6,2025-04-28,20.45,-0.00728155339805836,-0.013080692537406069,random_forest,validation,0,0.4380842167242445,0.3590560254445274,0.2028597578312281,SELL
2002,2025-04-24,2025-04-24T13:30:00+08:00,2025-04-25,20.55,2025-04-29,20.65,0.0048661800486617945,-0.001003922208905994,random_forest,validation,1,0.37265973212012676,0.37976257743455943,0.24757769044531358,HOLD
2002,2025-04-25,2025-04-25T13:30:00+08:00,2025-04-28,20.4,2025-04-30,20.65,0.01225490196078427,0.006341637186616955,random_forest,validation,1,0.35605367435740365,0.26838068023536854,0.3755656454072276,BUY
2002,2025-04-28,2025-04-28T13:30:00+08:00,2025-04-29,20.5,2025-05-02,20.7,0.009756097560975618,0.003857429991530381,random_forest,validation,1,0.30946735075304205,0.43130183664532756,0.2592308126016306,HOLD
2002,2025-04-29,2025-04-29T13:30:00+08:00,2025-04-30,20.45,2025-05-05,21.15,0.03422982885085579,0.02818819368219372,random_forest,validation,2,0.38340270863118986,0.3059665590102837,0.3106307323585262,SELL
2002,2025-04-30,2025-04-30T13:30:00+08:00,2025-05-02,20.65,2025-05-06,21.9,0.060532687651331685,0.054337399713882295,random_forest,validation,2,0.4162163326154048,0.3482466110177137,0.23553705636688138,SELL
2002,2025-05-02,2025-05-02T13:30:00+08:00,2025-05-05,20.9,2025-05-07,21.55,0.031100478468899517,0.02507712395004602,random_forest,validation,2,0.4220381378632007,0.30291043090620895,0.2750514312305901,SELL
2002,2025-05-05,2025-05-05T13:30:00+08:00,2025-05-06,21.5,2025-05-08,21.25,-0.011627906976744207,-0.017401656128389176,random_forest,validation,0,0.333929931966149,0.33007239353761103,0.33599767449623996,BUY
2002,2025-05-06,2025-05-06T13:30:00+08:00,2025-05-07,21.95,2025-05-09,21.3,-0.029612756264236872,-0.03528144376040887,random_forest,validation,0,0.4476831924697617,0.3270436173056507,0.2252731902245872,SELL
2002,2025-05-07,2025-05-07T13:30:00+08:00,2025-05-08,21.55,2025-05-12,21.35,-0.009280742459396696,-0.015068202984760526,random_forest,validation,0,0.37957807574006625,0.2882970451169234,0.3321248791430103,SELL
2002,2025-05-08,2025-05-08T13:30:00+08:00,2025-05-09,21.2,2025-05-13,21.4,0.00943396226415083,0.0035371765046128267,random_forest,validation,1,0.3908934585990514,0.2662955709139394,0.342810970487009,SELL
2002,2025-05-09,2025-05-09T13:30:00+08:00,2025-05-12,21.4,2025-05-14,21.5,0.004672897196261738,-0.0011960759655808006,random_forest,validation,1,0.34614998831027255,0.2908939829383819,0.36295602875134536,BUY
2002,2025-05-12,2025-05-12T13:30:00+08:00,2025-05-13,21.45,2025-05-15,21.3,-0.006993006993006978,-0.012793831726852112,random_forest,validation,0,0.4093025020312497,0.31913511938445593,0.2715623785842943,SELL
2002,2025-05-13,2025-05-13T13:30:00+08:00,2025-05-14,21.5,2025-05-16,21.0,-0.023255813953488413,-0.02896163664452578,random_forest,validation,0,0.38711492855632246,0.30911199864776284,0.30377307279591464,SELL
2002,2025-05-14,2025-05-14T13:30:00+08:00,2025-05-15,21.4,2025-05-19,21.1,-0.014018691588784882,-0.019778474552267666,random_forest,validation,0,0.35584424055897357,0.3238972772578022,0.3202584821832243,SELL
2002,2025-05-15,2025-05-15T13:30:00+08:00,2025-05-16,21.0,2025-05-20,21.65,0.030952380952380842,0.024929891571177754,random_forest,validation,2,0.3569798026735171,0.340777039522888,0.30224315780359473,SELL
2002,2025-05-16,2025-05-16T13:30:00+08:00,2025-05-19,21.0,2025-05-21,21.05,0.0023809523809523725,-0.00347463198275777,random_forest,validation,1,0.37029544547791793,0.28758870047732665,0.3421158540447555,SELL
2002,2025-05-19,2025-05-19T13:30:00+08:00,2025-05-20,21.2,2025-05-22,20.45,-0.035377358490566,-0.041012371050498264,random_forest,validation,0,0.461449454854166,0.27153042892767254,0.26702011621816146,SELL
2002,2025-05-20,2025-05-20T13:30:00+08:00,2025-05-21,21.55,2025-05-23,20.3,-0.058004640371229654,-0.06350747169042814,random_forest,validation,0,0.4197783486354502,0.283770528454558,0.2964511229099917,SELL
2002,2025-05-21,2025-05-21T13:30:00+08:00,2025-05-22,21.05,2025-05-26,20.2,-0.040380047505938266,-0.045985835979453826,random_forest,validation,0,0.3159235483285286,0.42049354393578725,0.26358290773568405,HOLD
2002,2025-05-22,2025-05-22T13:30:00+08:00,2025-05-23,20.5,2025-05-27,20.0,-0.024390243902439046,-0.030089439621709735,random_forest,validation,0,0.41778748393988074,0.2858935333734369,0.296318982686682,SELL
2002,2025-05-23,2025-05-23T13:30:00+08:00,2025-05-26,20.3,2025-05-28,20.05,-0.012315270935960632,-0.018085004730328258,random_forest,validation,0,0.37906817489989103,0.24972881460594248,0.37120301049416654,SELL
2002,2025-05-26,2025-05-26T13:30:00+08:00,2025-05-27,20.1,2025-05-29,19.75,-0.017412935323383172,-0.023152890216019406,random_forest,validation,0,0.320441543060109,0.33432299609128974,0.3452354608486013,BUY
2002,2025-05-27,2025-05-27T13:30:00+08:00,2025-05-28,20.2,2025-06-02,19.2,-0.04950495049504955,-0.05505743424530929,random_forest,validation,0,0.4351325051029196,0.2873462581609854,0.2775212367360951,SELL
2002,2025-05-28,2025-05-28T13:30:00+08:00,2025-05-29,20.15,2025-06-03,19.25,-0.04466501240694787,-0.05024576950550186,random_forest,validation,0,0.39204115420793856,0.2910060132271177,0.31695283256494383,SELL
2002,2025-05-29,2025-05-29T13:30:00+08:00,2025-06-02,19.7,2025-06-04,19.2,-0.025380710659898442,-0.031074120393667415,random_forest,validation,0,0.35619519288808676,0.3445669368811909,0.2992378702307224,SELL
2002,2025-06-02,2025-06-02T13:30:00+08:00,2025-06-03,19.2,2025-06-05,19.4,0.01041666666666674,0.004514140266786315,random_forest,validation,1,0.34204812950863805,0.438656299354519,0.21929557113684298,HOLD
2002,2025-06-03,2025-06-03T13:30:00+08:00,2025-06-04,19.35,2025-06-06,19.55,0.010335917312661369,0.004433862624313223,random_forest,validation,1,0.35247371141170086,0.37005677716976915,0.27746951141853005,HOLD
2002,2025-06-04,2025-06-04T13:30:00+08:00,2025-06-05,19.3,2025-06-09,19.35,0.002590673575129543,-0.003266135911766166,random_forest,validation,1,0.3730247790357438,0.361702911621608,0.265272309342648,SELL
2002,2025-06-05,2025-06-05T13:30:00+08:00,2025-06-06,19.45,2025-06-10,19.4,-0.0025706940874036244,-0.008397352538699221,random_forest,validation,1,0.31218872759835226,0.38740281426172546,0.3004084581399227,HOLD
2002,2025-06-06,2025-06-06T13:30:00+08:00,2025-06-09,19.75,2025-06-11,19.5,-0.012658227848101222,-0.018425958199439374,random_forest,validation,0,0.373398787313827,0.4498030137334436,0.17679819895272902,HOLD
2002,2025-06-09,2025-06-09T13:30:00+08:00,2025-06-10,19.4,2025-06-12,19.45,0.002577319587628857,-0.0032794118896037894,random_forest,validation,1,0.40427151907286196,0.22169297180766612,0.3740355091194718,SELL
2002,2025-06-10,2025-06-10T13:30:00+08:00,2025-06-11,19.45,2025-06-13,19.2,-0.01285347043701801,-0.018620060244485814,random_forest,validation,0,0.38253010717133507,0.3511350718378386,0.2663348209908265,SELL
2002,2025-06-11,2025-06-11T13:30:00+08:00,2025-06-12,19.5,2025-06-16,19.2,-0.015384615384615441,-0.021136419064371692,random_forest,validation,0,0.4186528441353956,0.32766138331331035,0.25368577255129376,SELL
2002,2025-06-12,2025-06-12T13:30:00+08:00,2025-06-13,19.25,2025-06-17,19.1,-0.007792207792207684,-0.013588363854234897,random_forest,validation,0,0.31658869580400895,0.4319973471170026,0.2514139570789885,HOLD
2002,2025-06-13,2025-06-13T13:30:00+08:00,2025-06-16,19.2,2025-06-18,19.1,-0.005208333333333259,-0.011019583551772016,random_forest,validation,0,0.33598054931970595,0.3687362388930022,0.29528321178729183,HOLD
2002,2025-06-16,2025-06-16T13:30:00+08:00,2025-06-17,19.2,2025-06-19,18.95,-0.01302083333333337,-0.01878644546105135,random_forest,validation,0,0.38512820914578716,0.3267639423096339,0.2881078485445789,SELL
2002,2025-06-17,2025-06-17T13:30:00+08:00,2025-06-18,19.1,2025-06-20,18.65,-0.023560209424083878,-0.02926425393552423,random_forest,validation,0,0.38192915695641305,0.36225758339220915,0.25581325965137774,SELL
2002,2025-06-18,2025-06-18T13:30:00+08:00,2025-06-19,19.1,2025-06-23,18.45,-0.034031413612565564,-0.03967428874586709,random_forest,validation,0,0.36211943784283807,0.36006859712784217,0.2778119650293197,SELL
2002,2025-06-19,2025-06-19T13:30:00+08:00,2025-06-20,18.95,2025-06-24,18.9,-0.0026385224274406704,-0.008464784647576384,random_forest,validation,1,0.36907671004871645,0.3536363829435045,0.2772869070077791,SELL
2002,2025-06-20,2025-06-20T13:30:00+08:00,2025-06-23,18.5,2025-06-25,18.75,0.013513513513513598,0.0075928963389331194,random_forest,validation,1,0.4102633714437598,0.3174221306475109,0.2723144979087293,SELL
2002,2025-06-23,2025-06-23T13:30:00+08:00,2025-06-24,18.7,2025-06-26,19.0,0.016042780748663166,0.010107388415358631,random_forest,validation,2,0.2886805721303613,0.42877196803323675,0.282547459836402,HOLD
2002,2025-06-24,2025-06-24T13:30:00+08:00,2025-06-25,19.0,2025-06-27,19.1,0.0052631578947368585,-0.0006092633786327628,random_forest,validation,1,0.3165802573917491,0.37781945280261064,0.30560028980564,HOLD
2002,2025-06-25,2025-06-25T13:30:00+08:00,2025-06-26,18.85,2025-06-30,18.8,-0.0026525198938992522,-0.008478700345376677,random_forest,validation,1,0.38396154288585727,0.3479911967724793,0.2680472603416634,SELL
2303,2025-01-02,2025-01-02T13:30:00+08:00,2025-01-03,43.95,2025-01-07,42.35,-0.0364050056882822,-0.04203401506664162,random_forest,validation,0,0.34196790923313275,0.318741528041823,0.3392905627250442,SELL
2303,2025-01-03,2025-01-03T13:30:00+08:00,2025-01-06,43.6,2025-01-08,42.7,-0.020642201834862317,-0.026363292400072957,random_forest,validation,0,0.37743213304939643,0.31631988399476707,0.30624798295583644,SELL
2303,2025-01-06,2025-01-06T13:30:00+08:00,2025-01-07,43.65,2025-01-09,41.6,-0.04696449026345928,-0.05253181455829792,random_forest,validation,0,0.3684329222135304,0.2817825164446562,0.34978456134181324,SELL
2303,2025-01-07,2025-01-07T13:30:00+08:00,2025-01-08,42.4,2025-01-10,41.3,-0.025943396226415172,-0.031633518933632865,random_forest,validation,0,0.2798510467448625,0.23758643522286707,0.4825625180322707,BUY
2303,2025-01-08,2025-01-08T13:30:00+08:00,2025-01-09,42.7,2025-01-13,40.9,-0.042154566744730726,-0.04774998905248551,random_forest,validation,0,0.33856456718665656,0.31090603742369927,0.3505293953896441,BUY
2303,2025-01-09,2025-01-09T13:30:00+08:00,2025-01-10,41.25,2025-01-14,42.25,0.024242424242424176,0.018259132251692733,random_forest,validation,2,0.3497891291856508,0.2302350799639054,0.4199757908504438,BUY
2303,2025-01-10,2025-01-10T13:30:00+08:00,2025-01-13,41.0,2025-01-15,41.45,0.01097560975609757,0.00506981819200325,random_forest,validation,1,0.2793398292263611,0.38163510294832564,0.3390250678253134,HOLD
2303,2025-01-13,2025-01-13T13:30:00+08:00,2025-01-14,41.2,2025-01-16,41.55,0.00849514563106779,0.002603844133759914,random_forest,validation,1,0.35780435148553946,0.2992616836023141,0.3429339649121462,SELL
2303,2025-01-14,2025-01-14T13:30:00+08:00,2025-01-15,42.05,2025-01-17,41.2,-0.02021403091557661,-0.02593762271640432,random_forest,validation,0,0.2851924643769243,0.27537845173781533,0.4394290838852603,BUY
2303,2025-01-15,2025-01-15T13:30:00+08:00,2025-01-16,41.9,2025-01-20,42.75,0.020286396181384392,0.014326214023298478,random_forest,validation,2,0.32940135209486193,0.2851178710069895,0.3854807768981487,BUY
2303,2025-01-16,2025-01-16T13:30:00+08:00,2025-01-17,41.4,2025-01-21,42.95,0.037439613526570215,0.031379227837047274,random_forest,validation,2,0.31441083033855316,0.28217089011707985,0.40341827954436693,BUY
2303,2025-01-17,2025-01-17T13:30:00+08:00,2025-01-20,41.55,2025-01-22,40.2,-0.032490974729241784,-0.038142848606800284,random_forest,validation,0,0.3629396325806035,0.33253033891920203,0.30453002850019456,SELL
2303,2025-01-20,2025-01-20T13:30:00+08:00,2025-01-21,42.75,2025-02-03,40.5,-0.052631578947368474,-0.05816579794844967,random_forest,validation,0,0.3234457463608311,0.2689117983695082,0.40764245526966064,BUY
2303,2025-01-21,2025-01-21T13:30:00+08:00,2025-01-22,39.7,2025-02-04,40.1,0.010075566750629594,0.004175032945810342,random_forest,validation,1,0.3022247463118599,0.2862460784997038,0.41152917518843607,BUY
2303,2025-01-22,2025-01-22T13:30:00+08:00,2025-02-03,40.2,2025-02-05,40.1,-0.0024875621890547706,-0.00831470626993347,random_forest,validation,1,0.3148924952738744,0.31030882726870784,0.3747986774574178,BUY
2303,2025-02-03,2025-02-03T13:30:00+08:00,2025-02-04,40.95,2025-02-06,40.1,-0.020757020757020794,-0.026477440587334033,random_forest,validation,0,0.32091039816070904,0.3825781709471773,0.2965114308921133,HOLD
2303,2025-02-04,2025-02-04T13:30:00+08:00,2025-02-05,40.4,2025-02-07,40.15,-0.006188118811881194,-0.011993645441384593,random_forest,validation,0,0.2538706115800519,0.31771823624097395,0.428411152178974,BUY
2303,2025-02-05,2025-02-05T13:30:00+08:00,2025-02-06,40.3,2025-02-10,40.2,-0.002481389578163684,-0.0083085697174331,random_forest,validation,1,0.3125371882576273,0.29255507290475463,0.3949077388376182,BUY
2303,2025-02-06,2025-02-06T13:30:00+08:00,2025-02-07,40.1,2025-02-11,40.4,0.007481296758104605,0.00159591783703239,random_forest,validation,1,0.31251458004772464,0.29282242864937885,0.3946629913028966,BUY
2303,2025-02-07,2025-02-07T13:30:00+08:00,2025-02-10,40.15,2025-02-12,40.1,-0.001245330012453194,-0.007079730810742868,random_forest,validation,1,0.32901298722441874,0.32185756241790925,0.34912945035767173,BUY
2303,2025-02-10,2025-02-10T13:30:00+08:00,2025-02-11,40.3,2025-02-13,41.4,0.027295285359801635,0.021294159544733127,random_forest,validation,2,0.37871023196086007,0.35428194472089375,0.2670078233182461,SELL
2303,2025-02-11,2025-02-11T13:30:00+08:00,2025-02-12,40.4,2025-02-14,41.4,0.024752475247524774,0.018766203704275952,random_forest,validation,2,0.35708178567185556,0.291319523619663,0.3515986907084814,SELL
2303,2025-02-12,2025-02-12T13:30:00+08:00,2025-02-13,40.25,2025-02-17,42.0,0.04347826086956519,0.037382599361127866,random_forest,validation,2,0.32970162560995325,0.253360482627559,0.4169378917624878,BUY
2303,2025-02-13,2025-02-13T13:30:00+08:00,2025-02-14,41.5,2025-02-18,41.95,0.010843373493975905,0.00493835441122914,random_forest,validation,1,0.39017655976339993,0.31157048766028306,0.29825295257631673,SELL
2303,2025-02-14,2025-02-14T13:30:00+08:00,2025-02-17,41.5,2025-02-19,42.55,0.025301204819277112,0.01931172777587098,random_forest,validation,2,0.38194993479006994,0.31511840560189186,0.30293165960803814,SELL
2303,2025-02-17,2025-02-17T13:30:00+08:00,2025-02-18,42.05,2025-02-20,43.0,0.022592152199762294,0.01661850056297598,random_forest,validation,2,0.33186490333874274,0.2971824390024939,0.3709526576587632,BUY
2303,2025-02-18,2025-02-18T13:30:00+08:00,2025-02-19,42.2,2025-02-21,43.6,0.033175355450236976,0.027139880173122855,random_forest,validation,2,0.36654051154122025,0.32066263404661066,0.31279685441216915,SELL
2303,2025-02-19,2025-02-19T13:30:00+08:00,2025-02-20,43.0,2025-02-24,43.55,0.012790697674418539,0.006874302955497624,random_forest,validation,1,0.3927616564039381,0.24317978609127405,0.36405855750478777,SELL
2303,2025-02-20,2025-02-20T13:30:00+08:00,2025-02-21,43.35,2025-02-25,43.3,-0.0011534025374856371,-0.006988340346263944,random_forest,validation,1,0.3311461735697814,0.30546141725169873,0.36339240917852,BUY
2303,2025-02-21,2025-02-21T13:30:00+08:00,2025-02-24,43.05,2025-02-26,43.6,0.012775842044134844,0.006859534106987031,random_forest,validation,1,0.3249843572779811,0.30546355230149647,0.3695520904205222,BUY
2303,2025-02-24,2025-02-24T13:30:00+08:00,2025-02-25,43.05,2025-02-27,43.7,0.015098722415795685,0.009168844965030676,random_forest,validation,1,0.29421219130382004,0.231403658066463,0.47438415062971695,BUY
2303,2025-02-25,2025-02-25T13:30:00+08:00,2025-02-26,43.1,2025-03-03,43.6,0.011600928074245953,0.005691483603382563,random_forest,validation,1,0.27477030680648257,0.2656142021005865,0.45961549109293093,BUY
2303,2025-02-26,2025-02-26T13:30:00+08:00,2025-02-27,44.0,2025-03-04,43.6,-0.009090909090909038,-0.014879478561232062,random_forest,validation,0,0.310872149708341,0.3016750618882369,0.38745278840342207,BUY
2303,2025-02-27,2025-02-27T13:30:00+08:00,2025-03-03,43.1,2025-03-05,44.0,0.02088167053364276,0.01491801097589085,random_forest,validation,2,0.30698770536598635,0.3077033793889951,0.38530891524501887,BUY
2303,2025-03-03,2025-03-03T13:30:00+08:00,2025-03-04,42.95,2025-03-06,44.0,0.024447031431897415,0.018462544192337393,random_forest,validation,2,0.3953278696175714,0.3226751849621926,0.28199694542023573,SELL
2303,2025-03-04,2025-03-04T13:30:00+08:00,2025-03-05,44.1,2025-03-07,44.15,0.0011337868480725266,-0.004714511979159952,random_forest,validation,1,0.29780395632508894,0.36127322120859057,0.3409228224663206,HOLD
2303,2025-03-05,2025-03-05T13:30:00+08:00,2025-03-06,44.3,2025-03-10,45.05,0.016930022573363512,0.01098944726112916,random_forest,validation,2,0.2959652038147411,0.314547358726436,0.38948743745882275,BUY
2303,2025-03-06,2025-03-06T13:30:00+08:00,2025-03-07,44.0,2025-03-11,44.85,0.01931818181818179,0.013363655654329065,random_forest,validation,2,0.3332470170438493,0.2818640187507466,0.3848889642054042,BUY
2303,2025-03-07,2025-03-07T13:30:00+08:00,2025-03-10,44.55,2025-03-12,44.8,0.0056116722783390305,-0.0002627849030059082,random_forest,validation,1,0.3172269248499966,0.25184286080452994,0.4309302143454734,BUY
2303,2025-03-10,2025-03-10T13:30:00+08:00,2025-03-11,44.3,2025-03-13,43.7,-0.013544018058690654,-0.019306573910957803,random_forest,validation,0,0.31154543261816003,0.27105998591738467,0.417394581464455,BUY
2303,2025-03-11,2025-03-11T13:30:00+08:00,2025-03-12,44.7,2025-03-14,44.9,0.004474272930648615,-0.001393539932665555,random_forest,validation,1,0.2882022373559028,0.36393416584560895,0.3478635967984883,HOLD
2303,2025-03-12,2025-03-12T13:30:00+08:00,2025-03-13,44.7,2025-03-17,44.1,-0.01342281879194629,-0.019186082651014402,random_forest,validation,0,0.3733292977741568,0.2982795247789336,0.32839117744690954,SELL
2303,2025-03-13,2025-03-13T13:30:00+08:00,2025-03-14,43.55,2025-03-18,44.5,0.021814006888633886,0.015844900924334437,random_forest,validation,2,0.40020659257427427,0.25278300749778176,0.3470103999279441,SELL
2303,2025-03-14,2025-03-14T13:30:00+08:00,2025-03-17,45.0,2025-03-19,44.3,-0.015555555555555656,-0.021306360658284174,random_forest,validation,0,0.31834264039505883,0.35246431211892243,0.32919304748601874,HOLD
2303,2025-03-17,2025-03-17T13:30:00+08:00,2025-03-18,44.2,2025-03-20,45.15,0.02149321266968318,0.015525980681149187,random_forest,validation,2,0.312454889204258,0.257626270491332,0.4299188403044101,BUY
2303,2025-03-18,2025-03-18T13:30:00+08:00,2025-03-19,44.5,2025-03-21,45.0,0.011235955056179803,0.005328642639295111,random_forest,validation,1,0.3716462368227871,0.31883641495583603,0.30951734822137694,SELL
2303,2025-03-19,2025-03-19T13:30:00+08:00,2025-03-20,44.7,2025-03-24,44.85,0.003355704697986628,-0.002505573852562226,random_forest,validation,1,0.30677073507329305,0.2974053958344161,0.39582386909229084,BUY
2303,2025-03-20,2025-03-20T13:30:00+08:00,2025-03-21,45.0,2025-03-25,44.85,-0.0033333333333332993,-0.009155536693544963,random_forest,validation,1,0.3307132952386159,0.27220597588657525,0.39708072887480855,BUY
2303,2025-03-21,2025-03-21T13:30:00+08:00,2025-03-24,45.0,2025-03-26,44.55,-0.010000000000000009,-0.015783258856129967,random_forest,validation,0,0.3317678434869167,0.3191053108211832,0.3491268456919,BUY
2303,2025-03-24,2025-03-24T13:30:00+08:00,2025-03-25,45.0,2025-03-27,44.8,-0.004444444444444473,-0.010260157053975871,random_forest,validation,0,0.3619315153491042,0.31818645599446244,0.3198820286564332,SELL
2303,2025-03-25,2025-03-25T13:30:00+08:00,2025-03-26,44.75,2025-03-28,44.55,-0.004469273743016866,-0.010284841307840353,random_forest,validation,0,0.3076553563755196,0.33360792472934064,0.3587367188951398,BUY
2303,2025-03-26,2025-03-26T13:30:00+08:00,2025-03-27,44.1,2025-03-31,44.65,0.012471655328798015,0.00655712435176703,random_forest,validation,1,0.30107437112702923,0.2730817929573799,0.4258438359155912,BUY
2303,2025-03-27,2025-03-27T13:30:00+08:00,2025-03-28,44.6,2025-04-01,45.95,0.030269058295964157,0.024250560664058174,random_forest,validation,2,0.30987915244497793,0.4109159150348794,0.2792049325201426,HOLD
2303,2025-03-28,2025-03-28T13:30:00+08:00,2025-03-31,43.55,2025-04-02,45.25,0.039035591274397374,0.032965882400587176,random_forest,validation,2,0.34903836213298617,0.321246116988107,0.3297155208789067,SELL
2303,2025-03-31,2025-03-31T13:30:00+08:00,2025-04-01,47.2,2025-04-07,40.75,-0.13665254237288138,-0.1416959381610019,random_forest,validation,0,0.31569657650806965,0.341443501946092,0.3428599215458385,BUY
2303,2025-04-01,2025-04-01T13:30:00+08:00,2025-04-02,45.8,2025-04-08,41.7,-0.08951965065502177,-0.09483838150722557,random_forest,validation,0,0.40270528639952696,0.26768218424480866,0.3296125293556647,SELL
2303,2025-04-02,2025-04-02T13:30:00+08:00,2025-04-07,40.75,2025-04-09,39.9,-0.020858895705521463,-0.026578720415432744,random_forest,validation,0,0.3739144302478711,0.295137445131409,0.33094812462072,SELL
2303,2025-04-08,2025-04-08T13:30:00+08:00,2025-04-09,40.55,2025-04-11,44.1,0.08754623921085081,0.08119314686805579,random_forest,validation,2,0.34778621797721404,0.27689675622046417,0.3753170258023219,BUY
2303,2025-04-09,2025-04-09T13:30:00+08:00,2025-04-10,43.85,2025-04-14,44.3,0.010262257696693089,0.004360633303927219,random_forest,validation,1,0.4662299391266022,0.24999920419053237,0.2837708566828653,SELL
2303,2025-04-10,2025-04-10T13:30:00+08:00,2025-04-11,42.7,2025-04-15,44.7,0.04683840749414525,0.040723117099117356,random_forest,validation,2,0.37828004668141335,0.25965745745425034,0.36206249586433614,SELL
2303,2025-04-11,2025-04-11T13:30:00+08:00,2025-04-14,44.8,2025-04-16,44.95,0.0033482142857144126,-0.0025130205082755097,random_forest,validation,1,0.3469094800858671,0.30140659892066013,0.3516839209934725,BUY
2303,2025-04-14,2025-04-14T13:30:00+08:00,2025-04-15,44.5,2025-04-17,44.1,-0.008988764044943753,-0.01477793021349072,random_forest,validation,0,0.3898872969669312,0.2994362456176076,0.31067645741546096,SELL
2303,2025-04-15,2025-04-15T13:30:00+08:00,2025-04-16,44.2,2025-04-18,44.3,0.002262443438913797,-0.0035924486339997674,random_forest,validation,1,0.35580826735435095,0.3025813451475459,0.3416103874981031,SELL
2303,2025-04-16,2025-04-16T13:30:00+08:00,2025-04-17,44.85,2025-04-21,43.65,-0.026755852842809458,-0.03244122944202521,random_forest,validation,0,0.29214844079573743,0.2815583724660542,0.4262931867382081,BUY
2303,2025-04-17,2025-04-17T13:30:00+08:00,2025-04-18,44.45,2025-04-22,44.3,-0.003374578177727905,-0.00919654059893793,random_forest,validation,1,0.3427981634386304,0.297592166805144,0.3596096697562254,BUY
2303,2025-04-18,2025-04-18T13:30:00+08:00,2025-04-21,44.35,2025-04-23,45.1,0.016910935738444266,0.01097047192530809,random_forest,validation,2,0.3623769688913718,0.2886098320040234,0.34901319910460465,SELL
2303,2025-04-21,2025-04-21T13:30:00+08:00,2025-04-22,43.6,2025-04-24,43.4,-0.004587155963302836,-0.010402034898435053,random_forest,validation,0,0.3023019739126379,0.2936772324030556,0.4040207936843065,BUY
2303,2025-04-22,2025-04-22T13:30:00+08:00,2025-04-23,44.95,2025-04-25,44.65,-0.006674082313681939,-0.012476770102048396,random_forest,validation,0,0.32865220313122023,0.3267590937864355,0.344588703082344,BUY
2303,2025-04-23,2025-04-23T13:30:00+08:00,2025-04-24,44.75,2025-04-28,44.9,0.003351955307262511,-0.0025093013405619313,random_forest,validation,1,0.3452177020854776,0.25528222593948957,0.3995000719750329,BUY
2303,2025-04-24,2025-04-24T13:30:00+08:00,2025-04-25,44.1,2025-04-29,44.95,0.01927437641723362,0.013320106150322975,random_forest,validation,2,0.40248821066012463,0.2295723069414114,0.3679394823984641,SELL
2303,2025-04-25,2025-04-25T13:30:00+08:00,2025-04-28,44.55,2025-04-30,45.2,0.014590347923681302,0.008663440231788666,random_forest,validation,1,0.36147330480755563,0.28076380922068944,0.3577628859717549,SELL
2303,2025-04-28,2025-04-28T13:30:00+08:00,2025-04-29,44.7,2025-05-02,45.65,0.021252796420581532,0.015286968865786621,random_forest,validation,2,0.3431829807603546,0.3044697179924238,0.35234730124722125,BUY
2303,2025-04-29,2025-04-29T13:30:00+08:00,2025-04-30,44.75,2025-05-05,45.05,0.006703910614525022,0.000823072931128932,random_forest,validation,1,0.32367128617387003,0.305523198931799,0.370805514894331,BUY
2303,2025-04-30,2025-04-30T13:30:00+08:00,2025-05-02,45.2,2025-05-06,45.4,0.004424778761061843,-0.0014427449733689368,random_forest,validation,1,0.3596664526089476,0.29763323945981324,0.34270030793123907,SELL
2303,2025-05-02,2025-05-02T13:30:00+08:00,2025-05-05,45.75,2025-05-07,45.75,0.0,-0.005841675612252573,random_forest,validation,1,0.4048562241460438,0.2663798103642882,0.328763965489668,SELL
2303,2025-05-05,2025-05-05T13:30:00+08:00,2025-05-06,45.0,2025-05-08,45.3,0.006666666666666599,0.000786046550332431,random_forest,validation,1,0.3811796883370461,0.29722260440162745,0.3215977072613267,SELL
2303,2025-05-06,2025-05-06T13:30:00+08:00,2025-05-07,45.6,2025-05-09,45.55,-0.0010964912280703176,-0.006931761494256783,random_forest,validation,1,0.3743720311174352,0.33759491743156866,0.28803305145099595,SELL
2303,2025-05-07,2025-05-07T13:30:00+08:00,2025-05-08,45.4,2025-05-12,46.45,0.023127753303964882,0.017150972859270253,random_forest,validation,2,0.3614362899356886,0.32244045718033865,0.31612325288397264,SELL
2303,2025-05-08,2025-05-08T13:30:00+08:00,2025-05-09,45.2,2025-05-13,46.55,0.02986725663716805,0.023851106200213135,random_forest,validation,2,0.38686041810835725,0.28620270319408786,0.32693687869755483,SELL
2303,2025-05-09,2025-05-09T13:30:00+08:00,2025-05-12,45.75,2025-05-14,47.0,0.02732240437158473,0.02132112013604659,random_forest,validation,2,0.3737728372531243,0.2967239235572597,0.329503239189616,SELL
2303,2025-05-12,2025-05-12T13:30:00+08:00,2025-05-13,46.65,2025-05-15,47.5,0.018220793140407254,0.012272677565230428,random_forest,validation,2,0.3114886481024781,0.3360320557039204,0.3524792961936015,BUY
2303,2025-05-13,2025-05-13T13:30:00+08:00,2025-05-14,46.9,2025-05-16,47.8,0.019189765458422103,0.013235989461286346,random_forest,validation,2,0.38271274337168465,0.28986740000896577,0.32741985661934925,SELL
2303,2025-05-14,2025-05-14T13:30:00+08:00,2025-05-15,46.95,2025-05-19,47.75,0.017039403620873195,0.011098189340041253,random_forest,validation,2,0.36328647585797613,0.29555888139542386,0.34115464274659985,SELL
2303,2025-05-15,2025-05-15T13:30:00+08:00,2025-05-16,47.6,2025-05-20,47.85,0.005252100840336116,-0.0006202558413085368,random_forest,validation,1,0.3454974678704421,0.28009784879793476,0.3744046833316229,BUY
2303,2025-05-16,2025-05-16T13:30:00+08:00,2025-05-19,47.6,2025-05-21,49.55,0.0409663865546217,0.03488539860111084,random_forest,validation,2,0.279842469678201,0.29432355985021613,0.4258339704715828,BUY
2303,2025-05-19,2025-05-19T13:30:00+08:00,2025-05-20,47.95,2025-05-22,49.45,0.031282586027111536,0.02525816769497613,random_forest,validation,2,0.3466997920404016,0.35296225789008995,0.3003379500695083,HOLD
2303,2025-05-20,2025-05-20T13:30:00+08:00,2025-05-21,48.0,2025-05-23,48.05,0.0010416666666666075,-0.004806094024348617,random_forest,validation,1,0.32824697070902814,0.27776055652954157,0.3939924727614301,BUY
2303,2025-05-21,2025-05-21T13:30:00+08:00,2025-05-22,49.45,2025-05-26,47.1,-0.04752275025278063,-0.05308681337385446,random_forest,validation,0,0.298721460616839,0.3036075500583667,0.39767098932479433,BUY
2303,2025-05-22,2025-05-22T13:30:00+08:00,2025-05-23,48.1,2025-05-27,46.0,-0.04365904365904372,-0.04924567730069895,random_forest,validation,0,0.33892462211654445,0.30166784378768285,0.3594075340957725,BUY
2303,2025-05-23,2025-05-23T13:30:00+08:00,2025-05-26,47.8,2025-05-28,47.05,-0.01569037656903771,-0.021440394091139736,random_forest,validation,0,0.4455382357139476,0.24005094232351495,0.3144108219625374,SELL
2303,2025-05-26,2025-05-26T13:30:00+08:00,2025-05-27,47.1,2025-05-29,46.75,-0.007430997876857748,-0.013229264010038433,random_forest,validation,0,0.44291001118144024,0.27259449496131316,0.2844954938572466,SELL
2303,2025-05-27,2025-05-27T13:30:00+08:00,2025-05-28,46.4,2025-06-02,46.95,0.0118534482758621,0.005942528663895441,random_forest,validation,1,0.33842458383631535,0.34544046275823215,0.31613495340545256,HOLD
2303,2025-05-28,2025-05-28T13:30:00+08:00,2025-05-29,47.4,2025-06-03,47.25,-0.0031645569620253333,-0.0089877462590493,random_forest,validation,1,0.4507894633622346,0.26505520400062915,0.2841553326371362,SELL
2303,2025-05-29,2025-05-29T13:30:00+08:00,2025-06-02,46.8,2025-06-04,45.95,-0.018162393162392987,-0.023897969965448684,random_forest,validation,0,0.42596778592937257,0.2935299294234171,0.2805022846472101,SELL
2303,2025-06-02,2025-06-02T13:30:00+08:00,2025-06-03,46.7,2025-06-05,45.3,-0.029978586723768852,-0.0356451371570673,random_forest,validation,0,0.32786548759962847,0.41408095217514224,0.2580535602252292,HOLD
2303,2025-06-03,2025-06-03T13:30:00+08:00,2025-06-04,47.1,2025-06-06,45.0,-0.04458598726114649,-0.05016720599896751,random_forest,validation,0,0.32104649843225874,0.4051340805390775,0.27381942102866375,HOLD
2303,2025-06-04,2025-06-04T13:30:00+08:00,2025-06-05,45.65,2025-06-09,45.65,0.0,-0.005841675612252684,random_forest,validation,1,0.317778259238847,0.2603558240386463,0.4218659167225066,BUY
2303,2025-06-05,2025-06-05T13:30:00+08:00,2025-06-06,45.3,2025-06-10,46.4,0.02428256070640189,0.018299034251467727,random_forest,validation,2,0.381746956836367,0.2872112603142606,0.33104178284937225,SELL
2303,2025-06-06,2025-06-06T13:30:00+08:00,2025-06-09,45.0,2025-06-11,47.25,0.050000000000000044,0.04386624060713484,random_forest,validation,2,0.3575869747931478,0.29540198675716545,0.3470110384496867,SELL
2303,2025-06-09,2025-06-09T13:30:00+08:00,2025-06-10,45.85,2025-06-12,47.3,0.0316248636859322,0.025598445878744824,random_forest,validation,2,0.38241113270619265,0.2471334059757047,0.37045546131810253,SELL
2303,2025-06-10,2025-06-10T13:30:00+08:00,2025-06-11,46.55,2025-06-13,47.45,0.019334049409237553,0.01337943055206492,random_forest,validation,2,0.4263311946484418,0.3002096943616152,0.2734591109899427,SELL
2303,2025-06-11,2025-06-11T13:30:00+08:00,2025-06-12,47.25,2025-06-16,48.0,0.015873015873015817,0.009938615251045002,random_forest,validation,1,0.3423174438155028,0.294443917990306,0.3632386381941911,BUY
2303,2025-06-12,2025-06-12T13:30:00+08:00,2025-06-13,46.8,2025-06-17,47.5,0.014957264957265126,0.009028213855085454,random_forest,validation,1,0.3495622180482934,0.34708833055238536,0.303349451399321,SELL
2303,2025-06-13,2025-06-13T13:30:00+08:00,2025-06-16,47.35,2025-06-18,48.3,0.020063357972544882,0.014104478731324255,random_forest,validation,2,0.28258550716503356,0.27061634643049026,0.44679814640447596,BUY
2303,2025-06-16,2025-06-16T13:30:00+08:00,2025-06-17,48.25,2025-06-19,47.75,-0.010362694300518172,-0.0161438344141982,random_forest,validation,0,0.3439521641719374,0.2992656713429318,0.3567821644851306,BUY
2303,2025-06-17,2025-06-17T13:30:00+08:00,2025-06-18,47.7,2025-06-20,47.65,-0.0010482180293501786,-0.006883770291904345,random_forest,validation,1,0.38717755092047,0.26459245210013926,0.34822999697939044,SELL
2303,2025-06-18,2025-06-18T13:30:00+08:00,2025-06-19,48.4,2025-06-23,47.0,-0.02892561983471076,-0.034598321359005535,random_forest,validation,0,0.33315503023169735,0.31248752805028207,0.35435744171802047,BUY
2303,2025-06-19,2025-06-19T13:30:00+08:00,2025-06-20,47.3,2025-06-24,45.35,-0.04122621564482021,-0.046827061078554943,random_forest,validation,0,0.38791411471405324,0.3115010426628206,0.3005848426231261,SELL
2303,2025-06-20,2025-06-20T13:30:00+08:00,2025-06-23,46.5,2025-06-25,43.8,-0.058064516129032295,-0.06356699767347662,random_forest,validation,0,0.2813994153054681,0.3349458089778118,0.38365477571671996,BUY
2303,2025-06-23,2025-06-23T13:30:00+08:00,2025-06-24,42.5,2025-06-26,43.25,0.01764705882352935,0.011702294818119352,random_forest,validation,2,0.39231780933208177,0.2651276520416341,0.34255453862628416,SELL
2303,2025-06-24,2025-06-24T13:30:00+08:00,2025-06-25,45.45,2025-06-27,44.3,-0.025302530253025424,-0.030996396691370554,random_forest,validation,0,0.36939300647255524,0.2647818232663227,0.365825170261122,SELL
2303,2025-06-25,2025-06-25T13:30:00+08:00,2025-06-26,43.8,2025-06-30,44.2,0.009132420091324311,0.0032373958433433714,random_forest,validation,1,0.428533010915088,0.25050777163906646,0.3209592174458453,SELL
2330,2025-01-02,2025-01-02T13:30:00+08:00,2025-01-03,1080.0,2025-01-07,1130.0,0.04629629629629628,0.040184172739031965,random_forest,validation,2,0.42741956424137123,0.2758881718613047,0.29669226389732395,SELL
2330,2025-01-03,2025-01-03T13:30:00+08:00,2025-01-06,1100.0,2025-01-08,1105.0,0.00454545454545463,-0.0013227741377629387,random_forest,validation,1,0.38636252553320083,0.3450804253854878,0.2685570490813111,SELL
2330,2025-01-06,2025-01-06T13:30:00+08:00,2025-01-07,1150.0,2025-01-09,1100.0,-0.04347826086956519,-0.04906595058563301,random_forest,validation,0,0.4025615719306001,0.3437247267620018,0.2537137013073982,SELL
2330,2025-01-07,2025-01-07T13:30:00+08:00,2025-01-08,1110.0,2025-01-10,1100.0,-0.009009009009009028,-0.014798056913043145,random_forest,validation,0,0.30636948015825616,0.4773225102064692,0.2163080096352745,HOLD
2330,2025-01-08,2025-01-08T13:30:00+08:00,2025-01-09,1100.0,2025-01-13,1075.0,-0.022727272727272707,-0.02843618298470152,random_forest,validation,0,0.3647664992020635,0.3118611643951399,0.3233723364027966,SELL
2330,2025-01-09,2025-01-09T13:30:00+08:00,2025-01-10,1100.0,2025-01-14,1090.0,-0.009090909090909038,-0.014879478561232062,random_forest,validation,0,0.39813858161818755,0.3387128497047186,0.2631485686770941,SELL
2330,2025-01-10,2025-01-10T13:30:00+08:00,2025-01-13,1110.0,2025-01-15,1065.0,-0.04054054054054057,-0.04614539146580998,random_forest,validation,0,0.38417609785984475,0.391618134379166,0.22420576776098952,HOLD
2330,2025-01-13,2025-01-13T13:30:00+08:00,2025-01-14,1085.0,2025-01-16,1105.0,0.018433179723502224,0.01248382345480259,random_forest,validation,2,0.38468077951927887,0.25919008816884254,0.3561291323118785,SELL
2330,2025-01-14,2025-01-14T13:30:00+08:00,2025-01-15,1085.0,2025-01-17,1120.0,0.032258064516129004,0.026227947755094183,random_forest,validation,2,0.39151398147874217,0.3563252171338977,0.25216080138735975,SELL
2330,2025-01-15,2025-01-15T13:30:00+08:00,2025-01-16,1095.0,2025-01-20,1120.0,0.022831050228310446,0.016856003026737287,random_forest,validation,2,0.40201061503825786,0.2773795141651121,0.3206098707966297,SELL
2330,2025-01-16,2025-01-16T13:30:00+08:00,2025-01-17,1125.0,2025-01-21,1120.0,-0.004444444444444473,-0.010260157053975871,random_forest,validation,0,0.34475347245665483,0.3795269492773231,0.27571957826602217,HOLD
2330,2025-01-17,2025-01-17T13:30:00+08:00,2025-01-20,1125.0,2025-01-22,1135.0,0.008888888888888946,0.002995287271194025,random_forest,validation,1,0.33369948166558283,0.43625549128207664,0.2300450270523404,HOLD
2330,2025-01-20,2025-01-20T13:30:00+08:00,2025-01-21,1115.0,2025-02-03,1070.0,-0.04035874439461884,-0.045964657314000235,random_forest,validation,0,0.34972422808026526,0.45162822078070713,0.19864755113902724,HOLD
2330,2025-01-21,2025-01-21T13:30:00+08:00,2025-01-22,1140.0,2025-02-04,1095.0,-0.03947368421052633,-0.04508476736440048,random_forest,validation,0,0.33787132288095784,0.3888270470102712,0.2733016301087709,HOLD
2330,2025-01-22,2025-01-22T13:30:00+08:00,2025-02-03,1065.0,2025-02-05,1110.0,0.04225352112676051,0.03616501415061002,random_forest,validation,2,0.3011956295056663,0.5105071148381216,0.18829725565621203,HOLD
2330,2025-02-03,2025-02-03T13:30:00+08:00,2025-02-04,1085.0,2025-02-06,1115.0,0.02764976958525356,0.021646572988330393,random_forest,validation,2,0.39402045470854324,0.27874819865823397,0.3272313466332231,SELL
2330,2025-02-04,2025-02-04T13:30:00+08:00,2025-02-05,1110.0,2025-02-07,1125.0,0.013513513513513598,0.0075928963389331194,random_forest,validation,1,0.3521205084816758,0.3692485557599088,0.27863093575841524,HOLD
2330,2025-02-05,2025-02-05T13:30:00+08:00,2025-02-06,1120.0,2025-02-10,1105.0,-0.013392857142857095,-0.019156296028159936,random_forest,validation,0,0.3372118841991106,0.4289214978678475,0.2338666179330419,HOLD
2330,2025-02-06,2025-02-06T13:30:00+08:00,2025-02-07,1110.0,2025-02-11,1110.0,0.0,-0.005841675612252573,random_forest,validation,1,0.424919963339447,0.3760241537227408,0.19905588293781226,SELL
2330,2025-02-07,2025-02-07T13:30:00+08:00,2025-02-10,1125.0,2025-02-12,1100.0,-0.022222222222222254,-0.027934082820869288,random_forest,validation,0,0.3266947469454358,0.43943746866073624,0.23386778439382816,HOLD
2330,2025-02-10,2025-02-10T13:30:00+08:00,2025-02-11,1110.0,2025-02-13,1090.0,-0.018018018018018056,-0.023754438213833495,random_forest,validation,0,0.40759110198201265,0.35142227096807616,0.2409866270499112,SELL
2330,2025-02-11,2025-02-11T13:30:00+08:00,2025-02-12,1110.0,2025-02-14,1060.0,-0.04504504504504503,-0.0506235821162051,random_forest,validation,0,0.3683485521919179,0.3627150000569865,0.26893644775109565,SELL
2330,2025-02-12,2025-02-12T13:30:00+08:00,2025-02-13,1090.0,2025-02-17,1085.0,-0.004587155963302725,-0.01040203489843472,random_forest,validation,0,0.40550261874254057,0.3161608943644307,0.2783364868930288,SELL
2330,2025-02-13,2025-02-13T13:30:00+08:00,2025-02-14,1065.0,2025-02-18,1100.0,0.032863849765258246,0.026830194203307123,random_forest,validation,2,0.3533710904004036,0.39249308559553775,0.25413582400405854,HOLD
2330,2025-02-14,2025-02-14T13:30:00+08:00,2025-02-17,1065.0,2025-02-19,1090.0,0.023474178403755763,0.01749537425600467,random_forest,validation,2,0.4024032323526431,0.25197484818618515,0.34562191946117155,SELL
2330,2025-02-17,2025-02-17T13:30:00+08:00,2025-02-18,1085.0,2025-02-20,1080.0,-0.004608294930875556,-0.010423050379016363,random_forest,validation,0,0.38906875264441054,0.37536290276971074,0.2355683445858786,SELL
2330,2025-02-18,2025-02-18T13:30:00+08:00,2025-02-19,1090.0,2025-02-21,1095.0,0.004587155963302836,-0.0012813163260702032,random_forest,validation,1,0.3554726457978117,0.3840624179360084,0.26046493626617967,HOLD
2330,2025-02-19,2025-02-19T13:30:00+08:00,2025-02-20,1080.0,2025-02-24,1075.0,-0.00462962962962965,-0.010444260447381004,random_forest,validation,0,0.3586496071690744,0.32702190212627813,0.3143284907046478,SELL
2330,2025-02-20,2025-02-20T13:30:00+08:00,2025-02-21,1085.0,2025-02-25,1055.0,-0.027649769585253448,-0.03332992421283543,random_forest,validation,0,0.36830755582915237,0.32471040428782416,0.3069820398830233,SELL
2330,2025-02-21,2025-02-21T13:30:00+08:00,2025-02-24,1080.0,2025-02-26,1060.0,-0.01851851851851849,-0.0242520149527663,random_forest,validation,0,0.36368467567721036,0.35955907009797095,0.2767562542248185,SELL
2330,2025-02-24,2025-02-24T13:30:00+08:00,2025-02-25,1055.0,2025-02-27,1040.0,-0.014218009478673022,-0.01997662809169931,random_forest,validation,0,0.38385295992258256,0.3463580946700641,0.2697889454073534,SELL
2330,2025-02-25,2025-02-25T13:30:00+08:00,2025-02-26,1045.0,2025-03-03,1020.0,-0.02392344497607657,-0.029625367583251405,random_forest,validation,0,0.36376602995778357,0.214957606646026,0.4212763633961902,BUY
2330,2025-02-26,2025-02-26T13:30:00+08:00,2025-02-27,1065.0,2025-03-04,1000.0,-0.06103286384976525,-0.06651800526972074,random_forest,validation,0,0.3686370240703756,0.2524194115919413,0.3789435643376832,BUY
2330,2025-02-27,2025-02-27T13:30:00+08:00,2025-03-03,1000.0,2025-03-05,1020.0,0.020000000000000018,0.014041490875502438,random_forest,validation,2,0.4113971198429573,0.23140462518334545,0.3571982549736971,SELL
2330,2025-03-03,2025-03-03T13:30:00+08:00,2025-03-04,996.0,2025-03-06,1005.0,0.009036144578313143,0.0031416827406487435,random_forest,validation,1,0.38527491491152843,0.20305052437410978,0.41167456071436176,BUY
2330,2025-03-04,2025-03-04T13:30:00+08:00,2025-03-05,1020.0,2025-03-07,1005.0,-0.014705882352941124,-0.020461650970895917,random_forest,validation,0,0.26855634567900705,0.27262857822036046,0.45881507610063255,BUY
2330,2025-03-05,2025-03-05T13:30:00+08:00,2025-03-06,1020.0,2025-03-10,998.0,-0.021568627450980427,-0.027284306138262715,random_forest,validation,0,0.39759060718372985,0.2571941893107533,0.34521520350551704,SELL
2330,2025-03-06,2025-03-06T13:30:00+08:00,2025-03-07,1005.0,2025-03-11,971.0,-0.03383084577114426,-0.03947489255671377,random_forest,validation,0,0.31287695319164016,0.25248530645726186,0.4346377403510979,BUY
2330,2025-03-07,2025-03-07T13:30:00+08:00,2025-03-10,1005.0,2025-03-12,988.0,-0.01691542288557213,-0.022658284084483116,random_forest,validation,0,0.42256102674726537,0.2412252060084464,0.33621376724428814,SELL
2330,2025-03-10,2025-03-10T13:30:00+08:00,2025-03-11,969.0,2025-03-13,965.0,-0.0041279669762641635,-0.00994552834450324,random_forest,validation,1,0.3438935049874995,0.2495874439921785,0.40651905102032193,BUY
2330,2025-03-11,2025-03-11T13:30:00+08:00,2025-03-12,980.0,2025-03-14,959.0,-0.021428571428571463,-0.027145068277704243,random_forest,validation,0,0.28667554264499906,0.2909633469395134,0.42236111041548724,BUY
2330,2025-03-12,2025-03-12T13:30:00+08:00,2025-03-13,1000.0,2025-03-17,970.0,-0.030000000000000027,-0.03566642534388487,random_forest,validation,0,0.3551147321685063,0.2595703426436443,0.3853149251878493,BUY
2330,2025-03-13,2025-03-13T13:30:00+08:00,2025-03-14,965.0,2025-03-18,971.0,0.006217616580310947,0.0003396196689147146,random_forest,validation,1,0.37076671969406555,0.20116858537643242,0.428064694929502,BUY
2330,2025-03-14,2025-03-14T13:30:00+08:00,2025-03-17,977.0,2025-03-19,952.0,-0.025588536335721557,-0.03128073201930859,random_forest,validation,0,0.3557319856110173,0.2614831918447196,0.38278482254426294,BUY
2330,2025-03-17,2025-03-17T13:30:00+08:00,2025-03-18,976.0,2025-03-20,985.0,0.009221311475409832,0.0033257679527984862,random_forest,validation,1,0.3423735584368683,0.26186031873291904,0.3957661228302126,BUY
2330,2025-03-18,2025-03-18T13:30:00+08:00,2025-03-19,965.0,2025-03-21,972.0,0.007253886010362587,0.0013698355491094105,random_forest,validation,1,0.3566142070150461,0.28341322860333085,0.359972564381623,BUY
2330,2025-03-19,2025-03-19T13:30:00+08:00,2025-03-20,978.0,2025-03-24,972.0,-0.006134969325153339,-0.011940806436717244,random_forest,validation,0,0.34091929477923477,0.23138645086089504,0.4276942543598703,BUY
2330,2025-03-20,2025-03-20T13:30:00+08:00,2025-03-21,985.0,2025-03-25,990.0,0.0050761421319796,-0.0007951866559696708,random_forest,validation,1,0.3451525860530471,0.2917307317886585,0.36311668215829424,BUY
2330,2025-03-21,2025-03-21T13:30:00+08:00,2025-03-24,986.0,2025-03-26,980.0,-0.006085192697768749,-0.011891320588242826,random_forest,validation,0,0.3143811132265259,0.2762939863364705,0.4093249004370034,BUY
2330,2025-03-24,2025-03-24T13:30:00+08:00,2025-03-25,989.0,2025-03-27,958.0,-0.03134479271991908,-0.03700336222096856,random_forest,validation,0,0.3038045556304617,0.30124796970970136,0.39494747465983693,BUY
2330,2025-03-25,2025-03-25T13:30:00+08:00,2025-03-26,995.0,2025-03-28,952.0,-0.04321608040201008,-0.048805301691321024,random_forest,validation,0,0.30472632054617316,0.31508467928124423,0.38018900017258256,BUY
2330,2025-03-26,2025-03-26T13:30:00+08:00,2025-03-27,961.0,2025-03-31,910.0,-0.05306971904266389,-0.05860137857143577,random_forest,validation,0,0.29565055185913125,0.2705944178765168,0.433755030264352,BUY
2330,2025-03-27,2025-03-27T13:30:00+08:00,2025-03-28,946.0,2025-04-01,944.0,-0.0021141649048626032,-0.007943490251550167,random_forest,validation,1,0.30365742251760197,0.29652428243249107,0.39981829504990674,BUY
2330,2025-03-28,2025-03-28T13:30:00+08:00,2025-03-31,920.0,2025-04-02,942.0,0.023913043478260843,0.01793167562310649,random_forest,validation,2,0.314379493554033,0.27887254989104654,0.40674795655492024,BUY
2330,2025-03-31,2025-03-31T13:30:00+08:00,2025-04-01,929.0,2025-04-07,848.0,-0.08719052744886979,-0.0925228642833048,random_forest,validation,0,0.27620869608175436,0.30275818501951524,0.42103311889873035,BUY
2330,2025-04-01,2025-04-01T13:30:00+08:00,2025-04-02,949.0,2025-04-08,816.0,-0.1401475237091675,-0.14517050295005074,random_forest,validation,0,0.3454728340285484,0.2501165132928007,0.40441065267865073,BUY
2330,2025-04-02,2025-04-02T13:30:00+08:00,2025-04-07,848.0,2025-04-09,785.0,-0.0742924528301887,-0.07970013603256865,random_forest,validation,0,0.35609698023262787,0.2479620367075926,0.3959409830597796,BUY
2330,2025-04-08,2025-04-08T13:30:00+08:00,2025-04-09,809.0,2025-04-11,889.0,0.09888751545117436,0.09246817105155447,random_forest,validation,2,0.3371353347501554,0.2363234568573832,0.4265412083924614,BUY
2330,2025-04-09,2025-04-09T13:30:00+08:00,2025-04-10,863.0,2025-04-14,865.0,0.002317497103128563,-0.003537716575432781,random_forest,validation,1,0.4375021739274555,0.23823014069842943,0.3242676853741151,SELL
2330,2025-04-11,2025-04-11T13:30:00+08:00,2025-04-14,895.0,2025-04-16,855.0,-0.04469273743016755,-0.0502733325681296,random_forest,validation,0,0.32135751170597227,0.2593418052063039,0.4193006830877235,BUY
2330,2025-04-14,2025-04-14T13:30:00+08:00,2025-04-15,874.0,2025-04-17,847.0,-0.03089244851258577,-0.03655366046175956,random_forest,validation,0,0.420302813115022,0.20548958794338723,0.37420759894159084,SELL
2330,2025-04-15,2025-04-15T13:30:00+08:00,2025-04-16,867.0,2025-04-18,850.0,-0.019607843137254943,-0.025334976090443773,random_forest,validation,0,0.3803162423274915,0.2847523776538842,0.33493138001862427,SELL
2330,2025-04-16,2025-04-16T13:30:00+08:00,2025-04-17,849.0,2025-04-21,835.0,-0.01648998822143699,-0.022235334671650064,random_forest,validation,0,0.3852502282669541,0.2338178303779938,0.3809319413550524,SELL
2330,2025-04-17,2025-04-17T13:30:00+08:00,2025-04-18,853.0,2025-04-22,816.0,-0.04337631887456039,-0.0489646041026941,random_forest,validation,0,0.3210155451684264,0.30803933865198785,0.3709451161795856,BUY
2330,2025-04-18,2025-04-18T13:30:00+08:00,2025-04-21,844.0,2025-04-23,873.0,0.034360189573459765,0.028317792879743564,random_forest,validation,2,0.30548515607085025,0.3260039450948123,0.36851089883433746,BUY
2330,2025-04-21,2025-04-21T13:30:00+08:00,2025-04-22,826.0,2025-04-24,864.0,0.04600484261501214,0.039894421635609856,random_forest,validation,2,0.3142380397057192,0.27023380317353335,0.41552815712074753,BUY
2330,2025-04-22,2025-04-22T13:30:00+08:00,2025-04-23,853.0,2025-04-25,888.0,0.041031652989449,0.03495028377059772,random_forest,validation,2,0.3140156853251576,0.25803545576004566,0.4279488589147968,BUY
2330,2025-04-23,2025-04-23T13:30:00+08:00,2025-04-24,886.0,2025-04-28,897.0,0.01241534988713311,0.006501147828227305,random_forest,validation,1,0.3501043005564947,0.30712976346519555,0.3427659359783098,SELL
2330,2025-04-24,2025-04-24T13:30:00+08:00,2025-04-25,900.0,2025-04-29,902.0,0.0022222222222221255,-0.0036324348913908677,random_forest,validation,1,0.3753039284414914,0.26554722222708105,0.35914884933142743,SELL
2330,2025-04-25,2025-04-25T13:30:00+08:00,2025-04-28,898.0,2025-04-30,908.0,0.011135857461024523,0.00522912978182033,random_forest,validation,1,0.35729221669774947,0.3181967716136251,0.32451101168862545,SELL
2330,2025-04-28,2025-04-28T13:30:00+08:00,2025-04-29,897.0,2025-05-02,950.0,0.059085841694537455,0.05289900576182838,random_forest,validation,2,0.3398866147993238,0.329483241334702,0.3306301438659739,SELL
2330,2025-04-29,2025-04-29T13:30:00+08:00,2025-04-30,901.0,2025-05-05,938.0,0.04106548279689237,0.03498391595527983,random_forest,validation,2,0.34309027109408896,0.3191578387359187,0.3377518901699922,SELL
2330,2025-04-30,2025-04-30T13:30:00+08:00,2025-05-02,938.0,2025-05-06,920.0,-0.019189765458422214,-0.02491934068579138,random_forest,validation,0,0.3655585648072879,0.29551398343736507,0.338927451755347,SELL
2330,2025-05-02,2025-05-02T13:30:00+08:00,2025-05-05,956.0,2025-05-07,928.0,-0.029288702928870314,-0.034959283439508715,random_forest,validation,0,0.3468305637511967,0.2739012928606672,0.37926814338813597,BUY
2330,2025-05-05,2025-05-05T13:30:00+08:00,2025-05-06,916.0,2025-05-08,918.0,0.0021834061135370675,-0.003671024248960486,random_forest,validation,1,0.30538078957408366,0.3213403853384163,0.3732788250875,BUY
2330,2025-05-06,2025-05-06T13:30:00+08:00,2025-05-07,925.0,2025-05-09,949.0,0.025945945945945903,0.019952702534024036,random_forest,validation,2,0.33956436033000303,0.28679347132899663,0.3736421683410001,BUY
2330,2025-05-07,2025-05-07T13:30:00+08:00,2025-05-08,933.0,2025-05-12,957.0,0.025723472668810254,0.019731528873605964,random_forest,validation,2,0.34992602116236804,0.3133113704629826,0.3367626083746494,SELL
2330,2025-05-08,2025-05-08T13:30:00+08:00,2025-05-09,938.0,2025-05-13,969.0,0.03304904051172697,0.027014303125508787,random_forest,validation,2,0.3769203731992207,0.30781447636706166,0.3152651504337176,SELL
2330,2025-05-09,2025-05-09T13:30:00+08:00,2025-05-12,954.0,2025-05-14,999.0,0.04716981132075482,0.04105258497207509,random_forest,validation,2,0.3521050186749225,0.2897706598335557,0.3581243214915218,BUY
2330,2025-05-12,2025-05-12T13:30:00+08:00,2025-05-13,990.0,2025-05-15,993.0,0.003030303030302939,-0.0028290746292594093,random_forest,validation,1,0.3141835506976705,0.2941321332352665,0.39168431606706283,BUY
2330,2025-05-13,2025-05-13T13:30:00+08:00,2025-05-14,990.0,2025-05-16,998.0,0.008080808080808133,0.0021919270090626775,random_forest,validation,1,0.35599580051070345,0.307956955305468,0.33604724418382853,SELL
2330,2025-05-14,2025-05-14T13:30:00+08:00,2025-05-15,1000.0,2025-05-19,984.0,-0.016000000000000014,-0.021748208802456426,random_forest,validation,0,0.3292439785268801,0.2835518291204149,0.38720419235270515,BUY
2330,2025-05-15,2025-05-15T13:30:00+08:00,2025-05-16,991.0,2025-05-20,978.0,-0.013118062563067578,-0.018883106709165598,random_forest,validation,0,0.3645405129374252,0.2539139075371737,0.3815455795254008,BUY
2330,2025-05-16,2025-05-16T13:30:00+08:00,2025-05-19,993.0,2025-05-21,990.0,-0.0030211480362537513,-0.008845175081702017,random_forest,validation,1,0.3181477468830398,0.29779874053226896,0.38405351258469106,BUY
2330,2025-05-19,2025-05-19T13:30:00+08:00,2025-05-20,991.0,2025-05-22,982.0,-0.00908173562058523,-0.014870358679346163,random_forest,validation,0,0.3807703253885777,0.269521384583595,0.3497082900278273,SELL
2330,2025-05-20,2025-05-20T13:30:00+08:00,2025-05-21,986.0,2025-05-23,984.0,-0.0020283975659228792,-0.00785822393758262,random_forest,validation,1,0.3474467698463038,0.2501507564618848,0.4024024736918114,BUY
2330,2025-05-21,2025-05-21T13:30:00+08:00,2025-05-22,988.0,2025-05-26,976.0,-0.012145748987854255,-0.01791647307445199,random_forest,validation,0,0.34915611653606216,0.25946942161622555,0.39137446184771213,BUY
2330,2025-05-22,2025-05-22T13:30:00+08:00,2025-05-23,993.0,2025-05-27,965.0,-0.028197381671701938,-0.033874337327113535,random_forest,validation,0,0.3120427274648825,0.2851374802789466,0.4028197922561712,BUY
2330,2025-05-23,2025-05-23T13:30:00+08:00,2025-05-26,975.0,2025-05-28,967.0,-0.008205128205128198,-0.013998872120049466,random_forest,validation,0,0.3734618612106327,0.261975535480455,0.3645626033089123,SELL
2330,2025-05-26,2025-05-26T13:30:00+08:00,2025-05-27,971.0,2025-05-29,967.0,-0.004119464469618972,-0.009937075506743831,random_forest,validation,1,0.34770996661577447,0.29076554752814526,0.36152448585608005,BUY
2330,2025-05-27,2025-05-27T13:30:00+08:00,2025-05-28,984.0,2025-06-02,946.0,-0.03861788617886175,-0.044233968627226505,random_forest,validation,0,0.3269418136084535,0.27485386406504003,0.3982043223265066,BUY
2330,2025-05-28,2025-05-28T13:30:00+08:00,2025-05-29,986.0,2025-06-03,950.0,-0.0365111561866126,-0.04213954546819465,random_forest,validation,0,0.37750961838564,0.23624015320454753,0.3862502284098127,BUY
2330,2025-05-29,2025-05-29T13:30:00+08:00,2025-06-02,958.0,2025-06-04,990.0,0.03340292275574108,0.027366118104248383,random_forest,validation,2,0.31283539508260855,0.2993332397406188,0.3878313651767726,BUY
2330,2025-06-02,2025-06-02T13:30:00+08:00,2025-06-03,960.0,2025-06-05,998.0,0.039583333333333304,0.033510424728095733,random_forest,validation,2,0.35247514823739173,0.3044948462952175,0.3430300054673909,SELL
2330,2025-06-03,2025-06-03T13:30:00+08:00,2025-06-04,974.0,2025-06-06,995.0,0.021560574948665368,0.015592949451548987,random_forest,validation,2,0.3193029920798397,0.24848549194414798,0.4322115159760122,BUY
2330,2025-06-04,2025-06-04T13:30:00+08:00,2025-06-05,1000.0,2025-06-09,1005.0,0.004999999999999893,-0.0008708839903137644,random_forest,validation,1,0.32876504445407817,0.2627265996483103,0.4085083558976114,BUY
2330,2025-06-05,2025-06-05T13:30:00+08:00,2025-06-06,997.0,2025-06-10,1045.0,0.0481444332998997,0.042021513525773324,random_forest,validation,2,0.33439708490537595,0.2963312699818192,0.3692716451128048,BUY
2330,2025-06-06,2025-06-06T13:30:00+08:00,2025-06-09,1005.0,2025-06-11,1065.0,0.05970149253731338,0.05351106017209051,random_forest,validation,2,0.36484154622799037,0.3018946513324656,0.33326380243954373,SELL
2330,2025-06-09,2025-06-09T13:30:00+08:00,2025-06-10,1025.0,2025-06-12,1045.0,0.019512195121951237,0.013556535595313335,random_forest,validation,2,0.3975783129495995,0.2498949036622799,0.35252678338812077,SELL
2330,2025-06-10,2025-06-10T13:30:00+08:00,2025-06-11,1065.0,2025-06-13,1030.0,-0.032863849765258246,-0.03851354542781227,random_forest,validation,0,0.30161536876289424,0.2291456154061007,0.46923901583100547,BUY
2330,2025-06-11,2025-06-11T13:30:00+08:00,2025-06-12,1055.0,2025-06-16,1025.0,-0.028436018957345932,-0.03411158057114583,random_forest,validation,0,0.38641402009977605,0.24311941529845874,0.3704665646017651,SELL
2330,2025-06-12,2025-06-12T13:30:00+08:00,2025-06-13,1040.0,2025-06-17,1045.0,0.004807692307692291,-0.0010620682834653339,random_forest,validation,1,0.3653850760550836,0.19836648682530605,0.43624843711961026,BUY
2330,2025-06-13,2025-06-13T13:30:00+08:00,2025-06-16,1030.0,2025-06-18,1055.0,0.024271844660194164,0.018288380804925897,random_forest,validation,2,0.37868266227603775,0.2890533640899841,0.33226397363397825,SELL
2330,2025-06-16,2025-06-16T13:30:00+08:00,2025-06-17,1040.0,2025-06-19,1035.0,-0.004807692307692291,-0.0106212829410397,random_forest,validation,0,0.32955449164477685,0.23413042189659486,0.43631508645862843,BUY
2330,2025-06-17,2025-06-17T13:30:00+08:00,2025-06-18,1040.0,2025-06-20,1055.0,0.014423076923076872,0.008497146374109255,random_forest,validation,1,0.41548130828972146,0.2353016906333691,0.34921700107690945,SELL
2330,2025-06-18,2025-06-18T13:30:00+08:00,2025-06-19,1045.0,2025-06-23,1020.0,-0.02392344497607657,-0.029625367583251405,random_forest,validation,0,0.34130157278829626,0.21973230586922554,0.43896612134247825,BUY
2330,2025-06-19,2025-06-19T13:30:00+08:00,2025-06-20,1030.0,2025-06-24,1050.0,0.01941747572815533,0.013462369521490158,random_forest,validation,2,0.4570207315860037,0.2631410011794228,0.27983826723457356,SELL
2330,2025-06-20,2025-06-20T13:30:00+08:00,2025-06-23,1025.0,2025-06-25,1070.0,0.04390243902439028,0.0378042996047705,random_forest,validation,2,0.39731033894710394,0.22981362186453272,0.3728760391883631,SELL
2330,2025-06-23,2025-06-23T13:30:00+08:00,2025-06-24,1045.0,2025-06-26,1075.0,0.028708133971291794,0.022698754752945804,random_forest,validation,2,0.3536106727450601,0.18895448847654148,0.4574348387783986,BUY
2330,2025-06-24,2025-06-24T13:30:00+08:00,2025-06-25,1060.0,2025-06-27,1080.0,0.018867924528301883,0.012916028621478448,random_forest,validation,2,0.3630672275128582,0.21747479762399297,0.4194579748631487,BUY
2330,2025-06-25,2025-06-25T13:30:00+08:00,2025-06-26,1075.0,2025-06-30,1060.0,-0.013953488372092981,-0.019713652231616252,random_forest,validation,0,0.3303237349079302,0.25387715211235806,0.4157991129797118,BUY
2412,2025-01-02,2025-01-02T13:30:00+08:00,2025-01-03,123.0,2025-01-07,123.0,0.0,-0.005841675612252573,random_forest,validation,1,0.30068742296842227,0.4424881137991275,0.25682446323245023,HOLD
2412,2025-01-03,2025-01-03T13:30:00+08:00,2025-01-06,123.0,2025-01-08,123.5,0.004065040650406582,-0.0018003816106763049,random_forest,validation,1,0.20654265164393087,0.6562076159722864,0.13724973238378282,HOLD
2412,2025-01-06,2025-01-06T13:30:00+08:00,2025-01-07,124.0,2025-01-09,123.0,-0.008064516129032251,-0.013859081454089206,random_forest,validation,0,0.2459570408544325,0.6466932959792726,0.1073496631662947,HOLD
2412,2025-01-07,2025-01-07T13:30:00+08:00,2025-01-08,123.5,2025-01-10,123.0,-0.004048582995951455,-0.009866608099652341,random_forest,validation,1,0.21005726927928628,0.664189330841094,0.12575339987961975,HOLD
2412,2025-01-08,2025-01-08T13:30:00+08:00,2025-01-09,123.5,2025-01-13,123.0,-0.004048582995951455,-0.009866608099652341,random_forest,validation,1,0.23091652147336017,0.6040649782325594,0.16501850029408022,HOLD
2412,2025-01-09,2025-01-09T13:30:00+08:00,2025-01-10,123.0,2025-01-14,123.5,0.004065040650406582,-0.0018003816106763049,random_forest,validation,1,0.17928518065429797,0.7424072769403832,0.07830754240531922,HOLD
2412,2025-01-10,2025-01-10T13:30:00+08:00,2025-01-13,122.5,2025-01-15,123.5,0.008163265306122547,0.0022739025460147833,random_forest,validation,1,0.19721195145885745,0.7040549568734719,0.09873309166767058,HOLD
2412,2025-01-13,2025-01-13T13:30:00+08:00,2025-01-14,123.0,2025-01-16,124.0,0.008130081300812941,0.002240912390899963,random_forest,validation,1,0.2014427095431702,0.7135313996531113,0.08502589080371864,HOLD
2412,2025-01-14,2025-01-14T13:30:00+08:00,2025-01-15,123.5,2025-01-17,124.0,0.004048582995951344,-0.0018167431248528043,random_forest,validation,1,0.21667669295926115,0.6704398641964913,0.11288344284424733,HOLD
2412,2025-01-15,2025-01-15T13:30:00+08:00,2025-01-16,123.5,2025-01-20,123.5,0.0,-0.005841675612252573,random_forest,validation,1,0.197888803394319,0.7107885795101943,0.09132261709548689,HOLD
2412,2025-01-16,2025-01-16T13:30:00+08:00,2025-01-17,123.5,2025-01-21,123.5,0.0,-0.005841675612252573,random_forest,validation,1,0.22341731313894425,0.6774580463913488,0.09912464046970725,HOLD
2412,2025-01-17,2025-01-17T13:30:00+08:00,2025-01-20,124.0,2025-01-22,124.5,0.0040322580645162365,-0.0018329726913340894,random_forest,validation,1,0.2163681325660244,0.672115026461978,0.11151684097199724,HOLD
2412,2025-01-20,2025-01-20T13:30:00+08:00,2025-01-21,123.5,2025-02-03,125.5,0.0161943319838056,0.0102580543373465,random_forest,validation,2,0.1794268236248177,0.6988896889702625,0.12168348740491997,HOLD
2412,2025-01-21,2025-01-21T13:30:00+08:00,2025-01-22,124.0,2025-02-04,125.0,0.008064516129032251,0.002175730229584172,random_forest,validation,1,0.2157959219330699,0.6931873308902955,0.09101674717663437,HOLD
2412,2025-01-22,2025-01-22T13:30:00+08:00,2025-02-03,124.5,2025-02-05,126.0,0.012048192771084265,0.006136135524949182,random_forest,validation,1,0.24238810343592632,0.6665898365053178,0.09102206005875586,HOLD
2412,2025-02-03,2025-02-03T13:30:00+08:00,2025-02-04,125.5,2025-02-06,126.0,0.003984063745019917,-0.0018808854752495607,random_forest,validation,1,0.2564568734310819,0.6150993552820577,0.12844377128686027,HOLD
2412,2025-02-04,2025-02-04T13:30:00+08:00,2025-02-05,126.0,2025-02-07,126.0,0.0,-0.005841675612252684,random_forest,validation,1,0.2237952305223651,0.6369751348388667,0.13922963463876786,HOLD
2412,2025-02-05,2025-02-05T13:30:00+08:00,2025-02-06,126.0,2025-02-10,125.5,-0.003968253968253954,-0.009786748328077022,random_forest,validation,1,0.3193824167849858,0.44447072366458856,0.23614685955042528,HOLD
2412,2025-02-06,2025-02-06T13:30:00+08:00,2025-02-07,125.5,2025-02-11,125.5,0.0,-0.005841675612252573,random_forest,validation,1,0.2117560949871395,0.7056911019380521,0.08255280307480842,HOLD
2412,2025-02-07,2025-02-07T13:30:00+08:00,2025-02-10,125.5,2025-02-12,126.0,0.003984063745019917,-0.0018808854752495607,random_forest,validation,1,0.19302206756362789,0.6610468711946644,0.14593106124170752,HOLD
2412,2025-02-10,2025-02-10T13:30:00+08:00,2025-02-11,125.5,2025-02-13,125.5,0.0,-0.005841675612252573,random_forest,validation,1,0.26085875357533156,0.6052481857309473,0.13389306069372117,HOLD
2412,2025-02-11,2025-02-11T13:30:00+08:00,2025-02-12,126.0,2025-02-14,125.5,-0.003968253968253954,-0.009786748328077022,random_forest,validation,1,0.1878404681612653,0.6969381745996052,0.11522135723912973,HOLD
2412,2025-02-12,2025-02-12T13:30:00+08:00,2025-02-13,126.0,2025-02-17,126.0,0.0,-0.005841675612252684,random_forest,validation,1,0.25039712926775803,0.6458985228554143,0.10370434787682777,HOLD
2412,2025-02-13,2025-02-13T13:30:00+08:00,2025-02-14,126.0,2025-02-18,126.5,0.003968253968253954,-0.0018966028964282344,random_forest,validation,1,0.23005835085755877,0.6452367492640879,0.12470489987835326,HOLD
2412,2025-02-14,2025-02-14T13:30:00+08:00,2025-02-17,126.0,2025-02-19,126.5,0.003968253968253954,-0.0018966028964282344,random_forest,validation,1,0.2383591128015244,0.6383810404001075,0.12325984679836796,HOLD
2412,2025-02-17,2025-02-17T13:30:00+08:00,2025-02-18,126.0,2025-02-20,126.5,0.003968253968253954,-0.0018966028964282344,random_forest,validation,1,0.18474181368001247,0.737908726227325,0.07734946009266233,HOLD
2412,2025-02-18,2025-02-18T13:30:00+08:00,2025-02-19,126.5,2025-02-21,127.0,0.0039525691699604515,-0.0019121960692179973,random_forest,validation,1,0.31441472018811095,0.5482603580461719,0.13732492176571698,HOLD
2412,2025-02-19,2025-02-19T13:30:00+08:00,2025-02-20,126.5,2025-02-24,127.0,0.0039525691699604515,-0.0019121960692179973,random_forest,validation,1,0.2942107068863518,0.5384368222093435,0.16735247090430458,HOLD
2412,2025-02-20,2025-02-20T13:30:00+08:00,2025-02-21,126.5,2025-02-25,126.5,0.0,-0.005841675612252573,random_forest,validation,1,0.2360863285008886,0.6852009495410943,0.07871272195801715,HOLD
2412,2025-02-21,2025-02-21T13:30:00+08:00,2025-02-24,126.5,2025-02-26,127.5,0.007905138339920903,0.002017283473816578,random_forest,validation,1,0.30216510699870297,0.57532089401879,0.12251399898250653,HOLD
2412,2025-02-24,2025-02-24T13:30:00+08:00,2025-02-25,126.5,2025-02-27,128.0,0.011857707509881354,0.005946763016851264,random_forest,validation,1,0.3222689678380949,0.550603895435488,0.12712713672641718,HOLD
2412,2025-02-25,2025-02-25T13:30:00+08:00,2025-02-26,126.5,2025-03-03,128.5,0.015810276679841806,0.009876242559885728,random_forest,validation,1,0.2731280867328283,0.6039509587619305,0.12292095450524115,HOLD
2412,2025-02-26,2025-02-26T13:30:00+08:00,2025-02-27,128.0,2025-03-04,127.0,-0.0078125,-0.013608537521531905,random_forest,validation,0,0.33580074186176534,0.4880143956917248,0.1761848624465098,HOLD
2412,2025-02-27,2025-02-27T13:30:00+08:00,2025-03-03,128.0,2025-03-05,127.5,-0.00390625,-0.009725106566892183,random_forest,validation,1,0.3549901870004799,0.496099647301827,0.1489101656976931,HOLD
2412,2025-03-03,2025-03-03T13:30:00+08:00,2025-03-04,128.5,2025-03-06,128.0,-0.0038910505836575737,-0.009709995940609506,random_forest,validation,1,0.30962424848986586,0.49583485511554876,0.19454089639458505,HOLD
2412,2025-03-04,2025-03-04T13:30:00+08:00,2025-03-05,127.5,2025-03-07,128.0,0.0039215686274509665,-0.0019430155166142438,random_forest,validation,1,0.3180323658585108,0.5228984263709137,0.15906920777057515,HOLD
2412,2025-03-05,2025-03-05T13:30:00+08:00,2025-03-06,128.0,2025-03-10,128.0,0.0,-0.005841675612252573,random_forest,validation,1,0.27060695454193845,0.5452883994885123,0.18410464596954934,HOLD
2412,2025-03-06,2025-03-06T13:30:00+08:00,2025-03-07,128.0,2025-03-11,127.5,-0.00390625,-0.009725106566892183,random_forest,validation,1,0.3044594696147506,0.5568235217922485,0.1387170085930009,HOLD
2412,2025-03-07,2025-03-07T13:30:00+08:00,2025-03-10,128.0,2025-03-12,128.0,0.0,-0.005841675612252573,random_forest,validation,1,0.2957666830868041,0.5258850088549315,0.17834830805826432,HOLD
2412,2025-03-10,2025-03-10T13:30:00+08:00,2025-03-11,127.5,2025-03-13,128.5,0.007843137254901933,0.001955644579023863,random_forest,validation,1,0.34923000345246763,0.49478149070568717,0.15598850584184518,HOLD
2412,2025-03-11,2025-03-11T13:30:00+08:00,2025-03-12,127.5,2025-03-14,128.5,0.007843137254901933,0.001955644579023863,random_forest,validation,1,0.2936325614765827,0.44256323285412874,0.26380420566928825,HOLD
2412,2025-03-12,2025-03-12T13:30:00+08:00,2025-03-13,128.5,2025-03-17,128.0,-0.0038910505836575737,-0.009709995940609506,random_forest,validation,1,0.30922651828106423,0.49781886969260825,0.1929546120263273,HOLD
2412,2025-03-13,2025-03-13T13:30:00+08:00,2025-03-14,128.5,2025-03-18,129.0,0.0038910505836575737,-0.001973355283895639,random_forest,validation,1,0.3358736960357227,0.5265715099041547,0.1375547940601224,HOLD
2412,2025-03-14,2025-03-14T13:30:00+08:00,2025-03-17,128.0,2025-03-19,128.5,0.00390625,-0.001958244657612962,random_forest,validation,1,0.3050023782259524,0.4027707950637923,0.2922268267102552,HOLD
2412,2025-03-17,2025-03-17T13:30:00+08:00,2025-03-18,128.5,2025-03-20,129.0,0.0038910505836575737,-0.001973355283895639,random_forest,validation,1,0.3419240217659315,0.49054833930781283,0.16752763892625558,HOLD
2412,2025-03-18,2025-03-18T13:30:00+08:00,2025-03-19,129.0,2025-03-21,130.0,0.007751937984496138,0.0018649780651716075,random_forest,validation,1,0.2970865235473673,0.5546308163500332,0.1482826601025995,HOLD
2412,2025-03-19,2025-03-19T13:30:00+08:00,2025-03-20,129.0,2025-03-24,129.0,0.0,-0.005841675612252795,random_forest,validation,1,0.3626909394427252,0.49748286020288895,0.13982620035438564,HOLD
2412,2025-03-20,2025-03-20T13:30:00+08:00,2025-03-21,129.0,2025-03-25,129.0,0.0,-0.005841675612252795,random_forest,validation,1,0.3228600905219434,0.45464296518975855,0.2224969442882978,HOLD
2412,2025-03-21,2025-03-21T13:30:00+08:00,2025-03-24,130.0,2025-03-26,129.0,-0.007692307692307665,-0.013489047338312243,random_forest,validation,0,0.3685144475406943,0.4183719513000906,0.21311360115921513,HOLD
2412,2025-03-24,2025-03-24T13:30:00+08:00,2025-03-25,129.5,2025-03-27,130.0,0.0038610038610038533,-0.0020032264833423907,random_forest,validation,1,0.28906476164702927,0.5413089764528526,0.16962626190011781,HOLD
2412,2025-03-25,2025-03-25T13:30:00+08:00,2025-03-26,129.5,2025-03-28,130.0,0.0038610038610038533,-0.0020032264833423907,random_forest,validation,1,0.31677749177585673,0.46733180208303415,0.2158907061411094,HOLD
2412,2025-03-26,2025-03-26T13:30:00+08:00,2025-03-27,129.0,2025-03-31,128.5,-0.003875968992248069,-0.009695002450964885,random_forest,validation,1,0.30298678228992726,0.499057914398359,0.19795530331171357,HOLD
2412,2025-03-27,2025-03-27T13:30:00+08:00,2025-03-28,129.5,2025-04-01,130.0,0.0038610038610038533,-0.0020032264833423907,random_forest,validation,1,0.3174292103825519,0.4700127273319362,0.2125580622855116,HOLD
2412,2025-03-28,2025-03-28T13:30:00+08:00,2025-03-31,129.0,2025-04-02,130.0,0.007751937984496138,0.0018649780651716075,random_forest,validation,1,0.32647268040537525,0.4451825593831794,0.2283447602114452,HOLD
2412,2025-03-31,2025-03-31T13:30:00+08:00,2025-04-01,129.0,2025-04-07,124.0,-0.03875968992248058,-0.04437494399937458,random_forest,validation,0,0.3074010606156888,0.4591621506086654,0.23343678877564572,HOLD
2412,2025-04-01,2025-04-01T13:30:00+08:00,2025-04-02,129.5,2025-04-08,127.0,-0.019305019305019266,-0.025033921256803704,random_forest,validation,0,0.3590441604396837,0.4486860522852234,0.19226978727509292,HOLD
2412,2025-04-02,2025-04-02T13:30:00+08:00,2025-04-07,123.0,2025-04-09,126.0,0.024390243902439046,0.01840608839720459,random_forest,validation,2,0.37646907384367284,0.4091209188948576,0.21441000726146975,HOLD
2412,2025-04-07,2025-04-07T13:30:00+08:00,2025-04-08,125.5,2025-04-10,127.0,0.01195219123505975,0.006040694798756352,random_forest,validation,1,0.33331765291705784,0.37065578894245355,0.2960265581404885,HOLD
2412,2025-04-08,2025-04-08T13:30:00+08:00,2025-04-09,126.0,2025-04-11,128.5,0.01984126984126977,0.01388368796686934,random_forest,validation,2,0.2895548931720362,0.45191642228855317,0.2585286845394107,HOLD
2412,2025-04-09,2025-04-09T13:30:00+08:00,2025-04-10,129.0,2025-04-14,127.5,-0.011627906976744207,-0.017401656128389287,random_forest,validation,0,0.3317773653785203,0.32329509359230657,0.3449275410291732,BUY
2412,2025-04-10,2025-04-10T13:30:00+08:00,2025-04-11,127.5,2025-04-15,129.0,0.0117647058823529,0.00585430467466197,random_forest,validation,1,0.34122347721918134,0.3922819745444649,0.2664945482363535,HOLD
2412,2025-04-11,2025-04-11T13:30:00+08:00,2025-04-14,128.0,2025-04-16,128.5,0.00390625,-0.001958244657612962,random_forest,validation,1,0.3826513496191438,0.3559100762602865,0.2614385741205695,SELL
2412,2025-04-14,2025-04-14T13:30:00+08:00,2025-04-15,128.0,2025-04-17,128.0,0.0,-0.005841675612252573,random_forest,validation,1,0.3503388487415205,0.46073248303938263,0.1889286682190967,HOLD
2412,2025-04-15,2025-04-15T13:30:00+08:00,2025-04-16,128.5,2025-04-18,128.0,-0.0038910505836575737,-0.009709995940609506,random_forest,validation,1,0.3024852590367163,0.5318305741419916,0.16568416682129197,HOLD
2412,2025-04-17,2025-04-17T13:30:00+08:00,2025-04-18,129.0,2025-04-22,128.0,-0.007751937984496138,-0.013548329289677086,random_forest,validation,0,0.3428833681731489,0.42890648314419294,0.2282101486826579,HOLD
2412,2025-04-18,2025-04-18T13:30:00+08:00,2025-04-21,128.0,2025-04-23,127.5,-0.00390625,-0.009725106566892183,random_forest,validation,1,0.34105734832962314,0.4912694505103133,0.1676732011600637,HOLD
2412,2025-04-21,2025-04-21T13:30:00+08:00,2025-04-22,128.0,2025-04-24,127.0,-0.0078125,-0.013608537521531905,random_forest,validation,0,0.3123875415901545,0.5469204927725226,0.1406919656373225,HOLD
2412,2025-04-22,2025-04-22T13:30:00+08:00,2025-04-23,128.5,2025-04-25,126.5,-0.015564202334630295,-0.021314956925680528,random_forest,validation,0,0.33736089699884325,0.4773152686537456,0.1853238343474108,HOLD
2412,2025-04-23,2025-04-23T13:30:00+08:00,2025-04-24,127.5,2025-04-28,128.0,0.0039215686274509665,-0.0019430155166142438,random_forest,validation,1,0.3065596920869152,0.43951819550062105,0.2539221124124636,HOLD
2412,2025-04-24,2025-04-24T13:30:00+08:00,2025-04-25,127.0,2025-04-29,129.0,0.015748031496062964,0.009814360992278726,random_forest,validation,1,0.31088840866513673,0.5668419893928632,0.12226960194199961,HOLD
2412,2025-04-25,2025-04-25T13:30:00+08:00,2025-04-28,127.0,2025-04-30,129.5,0.019685039370078705,0.013728370143411661,random_forest,validation,2,0.2869764270287988,0.5922868574708429,0.12073671550035799,HOLD
2412,2025-04-28,2025-04-28T13:30:00+08:00,2025-04-29,128.0,2025-05-02,128.5,0.00390625,-0.001958244657612962,random_forest,validation,1,0.331680809030001,0.47266153636426145,0.19565765460573797,HOLD
2412,2025-04-29,2025-04-29T13:30:00+08:00,2025-04-30,129.0,2025-05-05,129.5,0.003875968992248069,-0.0019883487735403715,random_forest,validation,1,0.30984688861694365,0.5179429223528986,0.17221018903015783,HOLD
2412,2025-04-30,2025-04-30T13:30:00+08:00,2025-05-02,129.5,2025-05-06,130.0,0.0038610038610038533,-0.0020032264833423907,random_forest,validation,1,0.3225905267863039,0.4987104720695135,0.17869900114418225,HOLD
2412,2025-05-02,2025-05-02T13:30:00+08:00,2025-05-05,129.0,2025-05-07,131.0,0.015503875968992276,0.00957163174259601,random_forest,validation,1,0.3312469597718482,0.5015685374562577,0.1671845027718937,HOLD
2412,2025-05-05,2025-05-05T13:30:00+08:00,2025-05-06,129.5,2025-05-08,129.5,0.0,-0.005841675612252573,random_forest,validation,1,0.3201992782647502,0.5038564943057784,0.17594422742947138,HOLD
2412,2025-05-06,2025-05-06T13:30:00+08:00,2025-05-07,130.5,2025-05-09,131.0,0.003831417624521105,-0.0020326398866289397,random_forest,validation,1,0.2583673897344415,0.48538524777009895,0.2562473624954593,HOLD
2412,2025-05-07,2025-05-07T13:30:00+08:00,2025-05-08,131.0,2025-05-12,131.0,0.0,-0.005841675612252684,random_forest,validation,1,0.23973406361055385,0.5245854618361829,0.23568047455326288,HOLD
2412,2025-05-08,2025-05-08T13:30:00+08:00,2025-05-09,129.5,2025-05-13,130.0,0.0038610038610038533,-0.0020032264833423907,random_forest,validation,1,0.28163658040547446,0.45662119746060414,0.2617422221339214,HOLD
2412,2025-05-09,2025-05-09T13:30:00+08:00,2025-05-12,131.0,2025-05-14,129.5,-0.011450381679389277,-0.017225167876234404,random_forest,validation,0,0.3204022843840846,0.4317450757125394,0.247852639903376,HOLD
2412,2025-05-13,2025-05-13T13:30:00+08:00,2025-05-14,130.5,2025-05-16,131.0,0.003831417624521105,-0.0020326398866289397,random_forest,validation,1,0.34796968141507106,0.43453861385324444,0.21749170473168455,HOLD
2412,2025-05-14,2025-05-14T13:30:00+08:00,2025-05-15,129.5,2025-05-19,131.0,0.01158301158301156,0.005673671774478084,random_forest,validation,1,0.31547894603189625,0.4660332703385431,0.21848778362956053,HOLD
2412,2025-05-15,2025-05-15T13:30:00+08:00,2025-05-16,131.0,2025-05-20,131.5,0.003816793893129722,-0.0020471781909252584,random_forest,validation,1,0.3529316890493815,0.437817275944956,0.20925103500566247,HOLD
2412,2025-05-16,2025-05-16T13:30:00+08:00,2025-05-19,131.0,2025-05-21,132.5,0.011450381679389388,0.00554181665172937,random_forest,validation,1,0.3888133551849248,0.40130670851424105,0.2098799363008343,HOLD
2412,2025-05-19,2025-05-19T13:30:00+08:00,2025-05-20,131.5,2025-05-22,133.0,0.011406844106463865,0.005498533411181894,random_forest,validation,1,0.34136382420697764,0.43480866302279586,0.2238275127702266,HOLD
2412,2025-05-20,2025-05-20T13:30:00+08:00,2025-05-21,132.0,2025-05-23,133.0,0.007575757575757569,0.0016898268452303356,random_forest,validation,1,0.3511019091766057,0.39870490131817127,0.2501931895052229,HOLD
2412,2025-05-21,2025-05-21T13:30:00+08:00,2025-05-22,132.0,2025-05-26,133.0,0.007575757575757569,0.0016898268452303356,random_forest,validation,1,0.30918468351182815,0.42759129957266445,0.2632240169155071,HOLD
2412,2025-05-22,2025-05-22T13:30:00+08:00,2025-05-23,133.0,2025-05-27,131.5,-0.011278195488721776,-0.01705398754143761,random_forest,validation,0,0.3211473766549139,0.40825009583429717,0.27060252751078884,HOLD
2412,2025-05-23,2025-05-23T13:30:00+08:00,2025-05-26,133.0,2025-05-28,132.0,-0.007518796992481258,-0.013316550231709412,random_forest,validation,0,0.3315272829446985,0.40299860747829497,0.26547410957700646,HOLD
2412,2025-05-26,2025-05-26T13:30:00+08:00,2025-05-27,133.0,2025-05-29,129.5,-0.02631578947368418,-0.03200373678035118,random_forest,validation,0,0.3365254228706079,0.44134709947458556,0.22212747765480653,HOLD
2412,2025-05-27,2025-05-27T13:30:00+08:00,2025-05-28,131.5,2025-06-02,131.5,0.0,-0.005841675612252462,random_forest,validation,1,0.3029384896017318,0.4109271146242845,0.2861343957739838,HOLD
2412,2025-05-28,2025-05-28T13:30:00+08:00,2025-05-29,132.5,2025-06-03,130.0,-0.018867924528301883,-0.024599379845983815,random_forest,validation,0,0.31285899949402785,0.4550603858582747,0.2320806146476974,HOLD
2412,2025-05-29,2025-05-29T13:30:00+08:00,2025-06-02,130.0,2025-06-04,129.5,-0.0038461538461538325,-0.009665361475282297,random_forest,validation,1,0.3502804152631855,0.3466552091813346,0.3030643755554799,SELL
2412,2025-06-02,2025-06-02T13:30:00+08:00,2025-06-03,131.5,2025-06-05,130.0,-0.011406844106463865,-0.01718188463568704,random_forest,validation,0,0.2714019931670077,0.4788481592159728,0.24974984761701954,HOLD
2412,2025-06-03,2025-06-03T13:30:00+08:00,2025-06-04,130.5,2025-06-06,130.0,-0.003831417624521105,-0.009650711337876094,random_forest,validation,1,0.34386318463558146,0.3684537395458237,0.2876830758185946,HOLD
2412,2025-06-04,2025-06-04T13:30:00+08:00,2025-06-05,129.5,2025-06-09,132.5,0.02316602316602312,0.01718901916120874,random_forest,validation,2,0.294557918572148,0.46660379185391254,0.2388382895739392,HOLD
2412,2025-06-05,2025-06-05T13:30:00+08:00,2025-06-06,130.5,2025-06-10,133.0,0.019157088122605304,0.013203503015865259,random_forest,validation,2,0.31848424568214,0.4174318385637392,0.26408391575412077,HOLD
2412,2025-06-06,2025-06-06T13:30:00+08:00,2025-06-09,130.0,2025-06-11,133.0,0.023076923076922995,0.017100439565926218,random_forest,validation,2,0.3605488510921822,0.42576505300843936,0.21368609589937823,HOLD
2412,2025-06-09,2025-06-09T13:30:00+08:00,2025-06-10,132.0,2025-06-12,134.0,0.015151515151515138,0.009221329302713466,random_forest,validation,1,0.30779540828235463,0.4386985807759624,0.2535060109416832,HOLD
2412,2025-06-10,2025-06-10T13:30:00+08:00,2025-06-11,132.5,2025-06-13,135.0,0.018867924528301883,0.012916028621478448,random_forest,validation,2,0.3120924481799692,0.40369017116037786,0.28421738065965313,HOLD
2412,2025-06-11,2025-06-11T13:30:00+08:00,2025-06-12,133.0,2025-06-16,136.0,0.022556390977443552,0.016582948246117724,random_forest,validation,2,0.301211529992507,0.43631894447403946,0.26246952553345365,HOLD
2412,2025-06-12,2025-06-12T13:30:00+08:00,2025-06-13,133.0,2025-06-17,136.5,0.026315789473684292,0.020320385555846032,random_forest,validation,2,0.30277442082687583,0.3683622315478693,0.3288633476252549,HOLD
2412,2025-06-13,2025-06-13T13:30:00+08:00,2025-06-16,135.0,2025-06-18,137.0,0.014814814814814836,0.008886595860158497,random_forest,validation,1,0.35275579110587235,0.3657074082857438,0.2815368006083839,HOLD
2412,2025-06-16,2025-06-16T13:30:00+08:00,2025-06-17,136.0,2025-06-19,136.5,0.003676470588235281,-0.0021866817725918475,random_forest,validation,1,0.3867978310662932,0.3408099566885678,0.2723922122451388,SELL
2412,2025-06-17,2025-06-17T13:30:00+08:00,2025-06-18,136.0,2025-06-20,136.5,0.003676470588235281,-0.0021866817725918475,random_forest,validation,1,0.41808948502146104,0.32959995807486453,0.25231055690367454,SELL
2412,2025-06-18,2025-06-18T13:30:00+08:00,2025-06-19,136.0,2025-06-23,136.5,0.003676470588235281,-0.0021866817725918475,random_forest,validation,1,0.33631865966400487,0.4091348008732168,0.2545465394627783,HOLD
2412,2025-06-19,2025-06-19T13:30:00+08:00,2025-06-20,136.0,2025-06-24,135.5,-0.003676470588235281,-0.00949666945191352,random_forest,validation,1,0.29637726779474977,0.4237520788401929,0.2798706533650571,HOLD
2412,2025-06-20,2025-06-20T13:30:00+08:00,2025-06-23,136.0,2025-06-25,137.0,0.007352941176470562,0.0014683120670690997,random_forest,validation,1,0.3035685686402493,0.4056954010372712,0.2907360303224796,HOLD
2412,2025-06-23,2025-06-23T13:30:00+08:00,2025-06-24,136.5,2025-06-26,137.0,0.00366300366300365,-0.0022000700284146024,random_forest,validation,1,0.32883903459426983,0.3761538559714491,0.29500710943428093,HOLD
2412,2025-06-24,2025-06-24T13:30:00+08:00,2025-06-25,136.5,2025-06-27,136.5,0.0,-0.005841675612252684,random_forest,validation,1,0.3653753100095794,0.3709752545741616,0.26364943541625907,HOLD
2412,2025-06-25,2025-06-25T13:30:00+08:00,2025-06-26,136.5,2025-06-30,135.0,-0.01098901098901095,-0.01676649236376626,random_forest,validation,0,0.35034589156147794,0.3903621514439834,0.2592919569945385,HOLD
2881,2025-01-02,2025-01-02T13:30:00+08:00,2025-01-03,90.9,2025-01-07,91.9,0.011001100110010986,0.005095159639537883,random_forest,validation,1,0.3479705897893001,0.3293712772991483,0.32265813291155127,SELL
2881,2025-01-03,2025-01-03T13:30:00+08:00,2025-01-06,91.3,2025-01-08,91.1,-0.0021905805038335835,-0.008019459455380296,random_forest,validation,1,0.37414798838007535,0.31545893792978813,0.31039307369013636,SELL
2881,2025-01-06,2025-01-06T13:30:00+08:00,2025-01-07,92.1,2025-01-09,91.1,-0.010857763300760048,-0.016636011381935045,random_forest,validation,0,0.3666470014473622,0.32045508722722255,0.3128979113254152,SELL
2881,2025-01-07,2025-01-07T13:30:00+08:00,2025-01-08,91.8,2025-01-10,89.9,-0.020697167755991175,-0.026417937228120802,random_forest,validation,0,0.3552675504185229,0.3149965947646669,0.32973585481681034,SELL
2881,2025-01-08,2025-01-08T13:30:00+08:00,2025-01-09,91.3,2025-01-13,89.8,-0.01642935377875132,-0.022175054435709662,random_forest,validation,0,0.3097678990344067,0.3004265671664054,0.3898055337991878,BUY
2881,2025-01-09,2025-01-09T13:30:00+08:00,2025-01-10,91.1,2025-01-14,90.8,-0.003293084522502765,-0.009115523003211168,random_forest,validation,1,0.3725763398696035,0.2859466778184284,0.34147698231196794,SELL
2881,2025-01-10,2025-01-10T13:30:00+08:00,2025-01-13,90.2,2025-01-15,90.4,0.0022172949002217113,-0.0036373334295745074,random_forest,validation,1,0.30779242767386583,0.29511418216264873,0.3970933901634854,BUY
2881,2025-01-13,2025-01-13T13:30:00+08:00,2025-01-14,90.1,2025-01-16,91.6,0.01664816870144281,0.010709239888098354,random_forest,validation,2,0.3188352681386043,0.2972136265911527,0.38395110527024306,BUY
2881,2025-01-14,2025-01-14T13:30:00+08:00,2025-01-15,91.0,2025-01-17,91.0,0.0,-0.005841675612252684,random_forest,validation,1,0.28620903276589055,0.2668297900968603,0.4469611771372491,BUY
2881,2025-01-15,2025-01-15T13:30:00+08:00,2025-01-16,91.5,2025-01-20,90.5,-0.010928961748633892,-0.01670679391157215,random_forest,validation,0,0.3651566018691584,0.24428341643731244,0.3905599816935292,BUY
2881,2025-01-16,2025-01-16T13:30:00+08:00,2025-01-17,91.6,2025-01-21,91.5,-0.0010917030567685337,-0.00692700129389856,random_forest,validation,1,0.37857337377967937,0.2857526889076049,0.33567393731271566,SELL
2881,2025-01-17,2025-01-17T13:30:00+08:00,2025-01-20,91.2,2025-01-22,92.8,0.01754385964912264,0.011599698499813238,random_forest,validation,2,0.3409461848612915,0.2702739480629814,0.38877986707572687,BUY
2881,2025-01-20,2025-01-20T13:30:00+08:00,2025-01-21,90.8,2025-02-03,91.4,0.006607929515418665,0.0007276525224684249,random_forest,validation,1,0.3702912154116816,0.2869148540635636,0.34279393052475476,SELL
2881,2025-01-21,2025-01-21T13:30:00+08:00,2025-01-22,92.2,2025-02-04,90.3,-0.020607375271149753,-0.026328669281848294,random_forest,validation,0,0.29744900760919774,0.2893722389226933,0.41317875346810873,BUY
2881,2025-01-22,2025-01-22T13:30:00+08:00,2025-02-03,91.5,2025-02-05,91.8,0.003278688524590123,-0.002582140122456722,random_forest,validation,1,0.37806474081648767,0.2966083829322589,0.32532687625125317,SELL
2881,2025-02-03,2025-02-03T13:30:00+08:00,2025-02-04,92.0,2025-02-06,93.0,0.010869565217391353,0.004964393131092537,random_forest,validation,1,0.3149635015228215,0.29027023104437677,0.3947662674328016,BUY
2881,2025-02-04,2025-02-04T13:30:00+08:00,2025-02-05,91.5,2025-02-07,92.3,0.008743169398907069,0.002850419027203177,random_forest,validation,1,0.3487746014089483,0.25337584724521767,0.3978495513458343,BUY
2881,2025-02-05,2025-02-05T13:30:00+08:00,2025-02-06,92.0,2025-02-10,93.4,0.01521739130434785,0.009286820628430448,random_forest,validation,1,0.3017071116705457,0.332380778684914,0.3659121096445403,BUY
2881,2025-02-06,2025-02-06T13:30:00+08:00,2025-02-07,92.6,2025-02-11,93.8,0.012958963282937441,0.007041585610914725,random_forest,validation,1,0.2883143944890543,0.32760056981102986,0.38408503569991576,BUY
2881,2025-02-07,2025-02-07T13:30:00+08:00,2025-02-10,92.0,2025-02-12,93.4,0.01521739130434785,0.009286820628430448,random_forest,validation,1,0.35393123035674606,0.2829604678650729,0.3631083017781807,BUY
2881,2025-02-10,2025-02-10T13:30:00+08:00,2025-02-11,93.6,2025-02-13,93.4,-0.002136752136752018,-0.007965945536157926,random_forest,validation,1,0.34327720840504555,0.30427016518450456,0.35245262641044983,BUY
2881,2025-02-11,2025-02-11T13:30:00+08:00,2025-02-12,93.3,2025-02-14,93.1,-0.002143622722400873,-0.007972775986074154,random_forest,validation,1,0.31573879354782525,0.28418951937885173,0.40007168707332297,BUY
2881,2025-02-12,2025-02-12T13:30:00+08:00,2025-02-13,93.0,2025-02-17,94.0,0.010752688172043001,0.004848198843529827,random_forest,validation,1,0.32424845056210627,0.3035473732874184,0.37220417615047535,BUY
2881,2025-02-13,2025-02-13T13:30:00+08:00,2025-02-14,93.2,2025-02-18,94.3,0.011802575107296098,0.005891952679877521,random_forest,validation,1,0.3410848542949778,0.2635812514270486,0.39533389427797355,BUY
2881,2025-02-14,2025-02-14T13:30:00+08:00,2025-02-17,93.5,2025-02-19,92.4,-0.0117647058823529,-0.017537655899167337,random_forest,validation,0,0.3708085140220859,0.2657109386673419,0.3634805473105724,SELL
2881,2025-02-17,2025-02-17T13:30:00+08:00,2025-02-18,93.7,2025-02-20,92.0,-0.018143009605122717,-0.02387869964063216,random_forest,validation,0,0.3508703362116485,0.3008031660256783,0.3483264977626733,SELL
2881,2025-02-18,2025-02-18T13:30:00+08:00,2025-02-19,93.9,2025-02-21,92.6,-0.013844515441959637,-0.01960531588599157,random_forest,validation,0,0.3720835470611792,0.28952563706238293,0.3383908158764377,SELL
2881,2025-02-19,2025-02-19T13:30:00+08:00,2025-02-20,92.3,2025-02-24,91.6,-0.007583965330444253,-0.013381337877381827,random_forest,validation,0,0.30027519575712663,0.2675893602204285,0.432135444022445,BUY
2881,2025-02-20,2025-02-20T13:30:00+08:00,2025-02-21,92.0,2025-02-25,91.7,-0.003260869565217317,-0.009083496235256061,random_forest,validation,1,0.34465366156212673,0.2927208676342426,0.36262547080363056,BUY
2881,2025-02-21,2025-02-21T13:30:00+08:00,2025-02-24,91.9,2025-02-26,92.8,0.009793253536452662,0.0038943689138515314,random_forest,validation,1,0.3484111222817415,0.32922924635593936,0.3223596313623191,SELL
2881,2025-02-24,2025-02-24T13:30:00+08:00,2025-02-25,91.3,2025-02-27,92.3,0.010952902519167473,0.005047243603385265,random_forest,validation,1,0.37592138563793426,0.2628673360864179,0.3612112782756476,SELL
2881,2025-02-25,2025-02-25T13:30:00+08:00,2025-02-26,91.3,2025-03-03,92.8,0.016429353778751432,0.010491703211204406,random_forest,validation,2,0.31616607881491715,0.27874257652755613,0.4050913446575265,BUY
2881,2025-02-26,2025-02-26T13:30:00+08:00,2025-02-27,92.6,2025-03-04,91.2,-0.015118790496760126,-0.020872147039281086,random_forest,validation,0,0.34235866456592956,0.2766169444548066,0.38102439097926344,BUY
2881,2025-02-27,2025-02-27T13:30:00+08:00,2025-03-03,92.0,2025-03-05,91.8,-0.0021739130434782483,-0.008002889360921639,random_forest,validation,1,0.34292838408560816,0.3038750247357564,0.35319659117863517,BUY
2881,2025-03-03,2025-03-03T13:30:00+08:00,2025-03-04,91.5,2025-03-06,92.5,0.010928961748633892,0.0050234426870672255,random_forest,validation,1,0.3034964539492887,0.33888868482963985,0.3576148612210713,BUY
2881,2025-03-04,2025-03-04T13:30:00+08:00,2025-03-05,91.2,2025-03-07,90.9,-0.003289473684210509,-0.00911193325826476,random_forest,validation,1,0.3786787773473609,0.28686888361862894,0.33445233903400995,SELL
2881,2025-03-05,2025-03-05T13:30:00+08:00,2025-03-06,91.5,2025-03-10,90.7,-0.008743169398907069,-0.014533770251708211,random_forest,validation,0,0.3073614241640159,0.3165502167364574,0.37608835909952654,BUY
2881,2025-03-06,2025-03-06T13:30:00+08:00,2025-03-07,91.8,2025-03-11,89.7,-0.02287581699346397,-0.028583859503475417,random_forest,validation,0,0.37919106136422237,0.2821084497081494,0.33870048892762794,SELL
2881,2025-03-07,2025-03-07T13:30:00+08:00,2025-03-10,91.3,2025-03-12,89.5,-0.019715224534501585,-0.02544173020040097,random_forest,validation,0,0.2965400729556429,0.28606532465773615,0.41739460238662107,BUY
2881,2025-03-10,2025-03-10T13:30:00+08:00,2025-03-11,89.8,2025-03-13,89.0,-0.008908685968819552,-0.014698319927510917,random_forest,validation,0,0.2991883524403765,0.26245794651022203,0.4383537010494013,BUY
2881,2025-03-11,2025-03-11T13:30:00+08:00,2025-03-12,89.8,2025-03-14,88.2,-0.017817371937639104,-0.02355496424276926,random_forest,validation,0,0.31630630056728526,0.36604309104812166,0.3176506083845931,HOLD
2881,2025-03-12,2025-03-12T13:30:00+08:00,2025-03-13,90.1,2025-03-17,90.0,-0.0011098779134294245,-0.00694506997894262,random_forest,validation,1,0.3222190942774703,0.30536910313304294,0.3724118025894866,BUY
2881,2025-03-13,2025-03-13T13:30:00+08:00,2025-03-14,89.0,2025-03-18,90.4,0.01573033707865168,0.009796769939914407,random_forest,validation,1,0.29603656362567354,0.2936482420458793,0.4103151943284474,BUY
2881,2025-03-14,2025-03-14T13:30:00+08:00,2025-03-17,88.8,2025-03-19,89.0,0.0022522522522523403,-0.0036025802870550683,random_forest,validation,1,0.33648752350856515,0.22149139069446808,0.442021085796967,BUY
2881,2025-03-17,2025-03-17T13:30:00+08:00,2025-03-18,90.4,2025-03-20,89.9,-0.00553097345132747,-0.011340338910857395,random_forest,validation,0,0.3510731454830912,0.32614643123342796,0.3227804232834807,SELL
2881,2025-03-18,2025-03-18T13:30:00+08:00,2025-03-19,90.2,2025-03-21,89.0,-0.013303769401330379,-0.019067728708320186,random_forest,validation,0,0.3165030832634184,0.31085076608227963,0.37264615065430173,BUY
2881,2025-03-19,2025-03-19T13:30:00+08:00,2025-03-20,89.7,2025-03-24,89.0,-0.0078037904124861335,-0.01359987881260305,random_forest,validation,0,0.32298789998229466,0.28433694766774986,0.3926751523499556,BUY
2881,2025-03-20,2025-03-20T13:30:00+08:00,2025-03-21,89.9,2025-03-25,89.7,-0.0022246941045606095,-0.008053373775517847,random_forest,validation,1,0.35004716333047736,0.27885899224879457,0.3710938444207278,BUY
2881,2025-03-21,2025-03-21T13:30:00+08:00,2025-03-24,89.2,2025-03-26,89.9,0.007847533632286963,0.0019600152741983123,random_forest,validation,1,0.31274211722328416,0.28588658878447193,0.4013712939922438,BUY
2881,2025-03-24,2025-03-24T13:30:00+08:00,2025-03-25,89.5,2025-03-27,89.9,0.004469273743016755,-0.0013985099166647919,random_forest,validation,1,0.32684572526657585,0.2826108339277772,0.39054344080564696,BUY
2881,2025-03-25,2025-03-25T13:30:00+08:00,2025-03-26,89.7,2025-03-28,88.2,-0.01672240802675584,-0.022466396755860485,random_forest,validation,0,0.29952269823983513,0.2852840141755549,0.41519328758461016,BUY
2881,2025-03-26,2025-03-26T13:30:00+08:00,2025-03-27,89.5,2025-03-31,85.3,-0.04692737430167604,-0.05249491541592344,random_forest,validation,0,0.3744454456909815,0.29938664518227365,0.3261679091267446,SELL
2881,2025-03-27,2025-03-27T13:30:00+08:00,2025-03-28,89.3,2025-04-01,87.4,-0.02127659574468077,-0.026993980386459837,random_forest,validation,0,0.3432596175107316,0.2890091960339938,0.3677311864552747,BUY
2881,2025-03-28,2025-03-28T13:30:00+08:00,2025-03-31,86.5,2025-04-02,87.6,0.012716763005780285,0.006800800189210143,random_forest,validation,1,0.320928763936586,0.24427772305597287,0.4347935130074413,BUY
2881,2025-03-31,2025-03-31T13:30:00+08:00,2025-04-01,85.8,2025-04-07,78.9,-0.0804195804195803,-0.08579147093014816,random_forest,validation,0,0.2980768212179889,0.3279085190625451,0.374014659719466,BUY
2881,2025-04-01,2025-04-01T13:30:00+08:00,2025-04-02,86.9,2025-04-08,77.9,-0.10356731875719216,-0.1088039876892345,random_forest,validation,0,0.29743776126802685,0.30554028031027675,0.39702195842169624,BUY
2881,2025-04-02,2025-04-02T13:30:00+08:00,2025-04-07,78.9,2025-04-09,72.1,-0.08618504435994945,-0.09152325490042346,random_forest,validation,0,0.3621588907922786,0.3015948409634059,0.33624626824431536,SELL
2881,2025-04-08,2025-04-08T13:30:00+08:00,2025-04-09,79.0,2025-04-11,80.4,0.017721518987341867,0.01177632000980866,random_forest,validation,2,0.308060980315698,0.29017315851996295,0.4017658611643391,BUY
2881,2025-04-09,2025-04-09T13:30:00+08:00,2025-04-10,79.3,2025-04-14,80.9,0.020176544766708826,0.014217004324952986,random_forest,validation,2,0.3811531066186311,0.2788934501558776,0.3399534432254913,SELL
2881,2025-04-11,2025-04-11T13:30:00+08:00,2025-04-14,80.8,2025-04-16,80.1,-0.008663366336633671,-0.014454433373037534,random_forest,validation,0,0.29768094757072044,0.29560370931260826,0.40671534311667107,BUY
2881,2025-04-14,2025-04-14T13:30:00+08:00,2025-04-15,81.3,2025-04-17,79.6,-0.02091020910209107,-0.026629734055784948,random_forest,validation,0,0.3923619770554705,0.3048881831466298,0.30274983979789954,SELL
2881,2025-04-15,2025-04-15T13:30:00+08:00,2025-04-16,81.5,2025-04-18,79.5,-0.024539877300613466,-0.03023819891011148,random_forest,validation,0,0.39133952994858523,0.3105495907052027,0.298110879346212,SELL
2881,2025-04-16,2025-04-16T13:30:00+08:00,2025-04-17,80.1,2025-04-21,79.0,-0.013732833957552981,-0.019494286808588557,random_forest,validation,0,0.3030744352156279,0.3121231989472245,0.3848023658371475,BUY
2881,2025-04-17,2025-04-17T13:30:00+08:00,2025-04-18,80.0,2025-04-22,77.3,-0.03375000000000006,-0.039394519060339084,random_forest,validation,0,0.3615241191151373,0.272618136937888,0.36585774394697457,BUY
2881,2025-04-18,2025-04-18T13:30:00+08:00,2025-04-21,79.5,2025-04-23,79.3,-0.002515723270440251,-0.00834270284341676,random_forest,validation,1,0.3801830821639102,0.3406878184084556,0.27912909942763414,SELL
2881,2025-04-21,2025-04-21T13:30:00+08:00,2025-04-22,77.6,2025-04-24,78.3,0.009020618556700999,0.0031262474170183907,random_forest,validation,1,0.3099547058746667,0.32525133515167376,0.36479395897365946,BUY
2881,2025-04-22,2025-04-22T13:30:00+08:00,2025-04-23,78.3,2025-04-25,79.4,0.014048531289910793,0.00812478871503397,random_forest,validation,1,0.33048654436354286,0.3362187889844804,0.3332946666519767,HOLD
2881,2025-04-23,2025-04-23T13:30:00+08:00,2025-04-24,79.2,2025-04-28,79.2,0.0,-0.005841675612252462,random_forest,validation,1,0.27610720245318143,0.2692308020995534,0.4546619954472649,BUY
2881,2025-04-24,2025-04-24T13:30:00+08:00,2025-04-25,79.3,2025-04-29,81.4,0.02648171500630525,0.020485341805329682,random_forest,validation,2,0.3320029949271003,0.24728900012329003,0.4207080049496096,BUY
2881,2025-04-25,2025-04-25T13:30:00+08:00,2025-04-28,79.9,2025-04-30,84.3,0.05506883604505619,0.048905466156284216,random_forest,validation,2,0.35587747955850707,0.3088554300545388,0.33526709038695396,SELL
2881,2025-04-28,2025-04-28T13:30:00+08:00,2025-04-29,79.5,2025-05-02,85.0,0.0691823899371069,0.06293657324476154,random_forest,validation,2,0.3805509963240973,0.31898827292485754,0.300460730751045,SELL
2881,2025-04-29,2025-04-29T13:30:00+08:00,2025-04-30,82.5,2025-05-05,80.0,-0.030303030303030276,-0.035967685442184316,random_forest,validation,0,0.32409990108861847,0.2890675076852882,0.38683259122609315,BUY
2881,2025-04-30,2025-04-30T13:30:00+08:00,2025-05-02,84.7,2025-05-06,79.0,-0.06729634002361273,-0.07274489224755565,random_forest,validation,0,0.39969888715860796,0.28281417552889787,0.31748693731249417,SELL
2881,2025-05-02,2025-05-02T13:30:00+08:00,2025-05-05,80.0,2025-05-07,78.0,-0.025000000000000022,-0.03069563372194628,random_forest,validation,0,0.3543234729723606,0.30201624514132297,0.34366028188631603,SELL
2881,2025-05-05,2025-05-05T13:30:00+08:00,2025-05-06,78.3,2025-05-08,78.1,-0.0025542784163473664,-0.008381032762668217,random_forest,validation,1,0.3252600151481426,0.2941863649594303,0.3805536198924269,BUY
2881,2025-05-06,2025-05-06T13:30:00+08:00,2025-05-07,79.2,2025-05-09,77.4,-0.022727272727272707,-0.028436182984701297,random_forest,validation,0,0.2823282579248142,0.2632422124845546,0.45442952959063115,BUY
2881,2025-05-07,2025-05-07T13:30:00+08:00,2025-05-08,78.0,2025-05-12,78.1,0.0012820512820512775,-0.004567113657909183,random_forest,validation,1,0.35468338218702167,0.2833088448123705,0.3620077730006077,BUY
2881,2025-05-08,2025-05-08T13:30:00+08:00,2025-05-09,77.2,2025-05-13,79.0,0.023316062176165664,0.017338181692124977,random_forest,validation,2,0.3147073683034051,0.3335039369163397,0.351788694780255,BUY
2881,2025-05-09,2025-05-09T13:30:00+08:00,2025-05-12,77.6,2025-05-14,80.0,0.030927835051546504,0.024905489059533492,random_forest,validation,2,0.3368807750635241,0.28598148761844977,0.377137737318026,BUY
2881,2025-05-12,2025-05-12T13:30:00+08:00,2025-05-13,78.8,2025-05-15,80.5,0.021573604060913798,0.015605902451950149,random_forest,validation,2,0.28967482963873276,0.27410758292492393,0.4362175874363434,BUY
2881,2025-05-13,2025-05-13T13:30:00+08:00,2025-05-14,79.6,2025-05-16,81.9,0.028894472361809198,0.022884004615031817,random_forest,validation,2,0.3178145143158544,0.2657612237189965,0.41642426196514876,BUY
2881,2025-05-14,2025-05-14T13:30:00+08:00,2025-05-15,80.4,2025-05-19,79.8,-0.007462686567164312,-0.013260767585295596,random_forest,validation,0,0.31781340159096977,0.2839267051073061,0.39825989330172396,BUY
2881,2025-05-15,2025-05-15T13:30:00+08:00,2025-05-16,80.2,2025-05-20,80.7,0.006234413965087171,0.00035631892881826666,random_forest,validation,1,0.302791936026519,0.2593944734747177,0.4378135904987635,BUY
2881,2025-05-16,2025-05-16T13:30:00+08:00,2025-05-19,81.1,2025-05-21,81.5,0.004932182490752224,-0.0009383053316716072,random_forest,validation,1,0.3707176355446157,0.2807310386097238,0.34855132584566023,SELL
2881,2025-05-19,2025-05-19T13:30:00+08:00,2025-05-20,80.7,2025-05-22,81.9,0.014869888475836479,0.008941347798717691,random_forest,validation,1,0.294228367986501,0.26699458720829783,0.43877704480520124,BUY
2881,2025-05-20,2025-05-20T13:30:00+08:00,2025-05-21,80.5,2025-05-23,81.5,0.012422360248447228,0.006508117237284727,random_forest,validation,1,0.3486629792371964,0.2666401718188041,0.3846968489439993,BUY
2881,2025-05-21,2025-05-21T13:30:00+08:00,2025-05-22,80.5,2025-05-26,80.9,0.00496894409937898,-0.0009017584724375638,random_forest,validation,1,0.3180737661938248,0.2971957681939589,0.3847304656122163,BUY
2881,2025-05-22,2025-05-22T13:30:00+08:00,2025-05-23,81.7,2025-05-27,80.3,-0.017135862913096767,-0.022877436372874982,random_forest,validation,0,0.30230277632264996,0.2831419548709976,0.41455526880635213,BUY
2881,2025-05-23,2025-05-23T13:30:00+08:00,2025-05-26,81.3,2025-05-28,79.5,-0.022140221402213944,-0.027852561023051337,random_forest,validation,0,0.2900532662981724,0.318095657015403,0.39185107668642444,BUY
2881,2025-05-26,2025-05-26T13:30:00+08:00,2025-05-27,80.7,2025-05-29,79.6,-0.01363073110285018,-0.019392780405642074,random_forest,validation,0,0.3155800651611147,0.32605451976181227,0.35836541507707326,BUY
2881,2025-05-27,2025-05-27T13:30:00+08:00,2025-05-28,80.7,2025-06-02,81.8,0.013630731102850069,0.007709429181136818,random_forest,validation,1,0.36741496535862095,0.32220823767790696,0.31037679696347187,SELL
2881,2025-05-28,2025-05-28T13:30:00+08:00,2025-05-29,80.0,2025-06-03,83.6,0.04499999999999993,0.038895448985196035,random_forest,validation,2,0.32601691844418207,0.2200374316225956,0.45394564993322234,BUY
2881,2025-05-29,2025-05-29T13:30:00+08:00,2025-06-02,79.6,2025-06-04,87.1,0.0942211055276383,0.08782902078106547,random_forest,validation,2,0.34638761771558074,0.3164748955121932,0.3371374867722261,SELL
2881,2025-06-02,2025-06-02T13:30:00+08:00,2025-06-03,81.8,2025-06-05,87.1,0.06479217603911969,0.05857200555223474,random_forest,validation,2,0.34536684578473753,0.34075690134756004,0.31387625286770254,SELL
2881,2025-06-03,2025-06-03T13:30:00+08:00,2025-06-04,83.9,2025-06-06,87.8,0.04648390941597125,0.04037068988372128,random_forest,validation,2,0.362535453051924,0.34068753819499653,0.2967770087530795,SELL
2881,2025-06-04,2025-06-04T13:30:00+08:00,2025-06-05,86.4,2025-06-09,88.5,0.02430555555555558,0.01832189477217172,random_forest,validation,2,0.3084571244763159,0.26831688092183426,0.42322599460184995,BUY
2881,2025-06-05,2025-06-05T13:30:00+08:00,2025-06-06,87.0,2025-06-10,87.7,0.008045977011494232,0.0021572994115568456,random_forest,validation,1,0.32891736840486646,0.32459023032815115,0.3464924012669822,BUY
2881,2025-06-06,2025-06-06T13:30:00+08:00,2025-06-09,87.8,2025-06-11,90.1,0.026195899772209597,0.020201196211116823,random_forest,validation,2,0.39703156539133416,0.36484235892197087,0.23812607568669494,SELL
2881,2025-06-09,2025-06-09T13:30:00+08:00,2025-06-10,88.2,2025-06-12,87.5,-0.00793650793650802,-0.01373182104390136,random_forest,validation,0,0.3018230972607471,0.41794761750816,0.28022928523109303,HOLD
2881,2025-06-10,2025-06-10T13:30:00+08:00,2025-06-11,87.1,2025-06-13,86.5,-0.006888633754305373,-0.012690068202753535,random_forest,validation,0,0.3590902991530813,0.3341024215708785,0.3068072792760402,SELL
2881,2025-06-11,2025-06-11T13:30:00+08:00,2025-06-12,87.8,2025-06-16,86.0,-0.02050113895216399,-0.026223053560976206,random_forest,validation,0,0.3555171868574489,0.32664166548347384,0.3178411476590771,SELL
2881,2025-06-12,2025-06-12T13:30:00+08:00,2025-06-13,86.5,2025-06-17,85.8,-0.008092485549133,-0.013886887485910604,random_forest,validation,0,0.32853023488098315,0.27797633221221124,0.3934934329068053,BUY
2881,2025-06-13,2025-06-13T13:30:00+08:00,2025-06-16,86.5,2025-06-18,87.4,0.010404624277456698,0.004502168225307912,random_forest,validation,1,0.42231916074391807,0.3241684971914301,0.2535123420646518,SELL
2881,2025-06-16,2025-06-16T13:30:00+08:00,2025-06-17,86.3,2025-06-19,86.7,0.004634994206257348,-0.0012337575386128785,random_forest,validation,1,0.3725576398272317,0.36150072267474664,0.2659416374980216,SELL
2881,2025-06-17,2025-06-17T13:30:00+08:00,2025-06-18,86.2,2025-06-20,84.9,-0.015081206496519672,-0.020834782592578094,random_forest,validation,0,0.3366362722708151,0.3336625881922633,0.3297011395369214,SELL
2881,2025-06-18,2025-06-18T13:30:00+08:00,2025-06-19,86.6,2025-06-23,84.7,-0.021939953810623414,-0.027653463329766592,random_forest,validation,0,0.394589514560136,0.283453347599166,0.32195713784069757,SELL
2881,2025-06-19,2025-06-19T13:30:00+08:00,2025-06-20,86.1,2025-06-24,86.1,0.0,-0.005841675612252573,random_forest,validation,1,0.36690721029907786,0.32191657687975556,0.3111762128211662,SELL
2881,2025-06-20,2025-06-20T13:30:00+08:00,2025-06-23,84.2,2025-06-25,85.7,0.017814726840855055,0.011868983373277464,random_forest,validation,2,0.32641880550342156,0.25820187944837314,0.4153793150482052,BUY
2881,2025-06-23,2025-06-23T13:30:00+08:00,2025-06-24,85.2,2025-06-26,86.1,0.010563380281690016,0.0046599968284630755,random_forest,validation,1,0.3579102986844868,0.2981380778558075,0.3439516234597056,SELL
2881,2025-06-24,2025-06-24T13:30:00+08:00,2025-06-25,86.5,2025-06-27,86.1,-0.0046242774566475076,-0.010438939540057257,random_forest,validation,0,0.3981482275198173,0.3059513508935543,0.29590042158662816,SELL
2881,2025-06-25,2025-06-25T13:30:00+08:00,2025-06-26,86.0,2025-06-30,87.3,0.015116279069767424,0.009186299058725034,random_forest,validation,1,0.28516165829476253,0.2796736450161902,0.43516469668904717,BUY
2882,2025-01-02,2025-01-02T13:30:00+08:00,2025-01-03,68.1,2025-01-07,69.1,0.014684287812041008,0.00875683135379357,random_forest,validation,1,0.3501927733039309,0.36168232063292033,0.28812490606314867,HOLD
2882,2025-01-03,2025-01-03T13:30:00+08:00,2025-01-06,68.3,2025-01-08,68.8,0.007320644216691097,0.0014362037756519008,random_forest,validation,1,0.3393620899422882,0.2829626041465808,0.3776753059111311,BUY
2882,2025-01-06,2025-01-06T13:30:00+08:00,2025-01-07,69.1,2025-01-09,68.3,-0.011577424023154759,-0.01735146807983856,random_forest,validation,0,0.3077831468098186,0.28901903190073347,0.40319782128944776,BUY
2882,2025-01-07,2025-01-07T13:30:00+08:00,2025-01-08,68.8,2025-01-10,65.1,-0.053779069767441956,-0.05930658549938428,random_forest,validation,0,0.37615004194427404,0.2564278715008743,0.3674220865548516,SELL
2882,2025-01-08,2025-01-08T13:30:00+08:00,2025-01-09,68.6,2025-01-13,64.2,-0.06413994169096193,-0.06960693257006723,random_forest,validation,0,0.2938365309243107,0.28911069229202085,0.41705277678366826,BUY
2882,2025-01-09,2025-01-09T13:30:00+08:00,2025-01-10,67.5,2025-01-14,65.5,-0.029629629629629672,-0.03529821855707471,random_forest,validation,0,0.3565335595577978,0.3406435244517317,0.3028229159904704,SELL
2882,2025-01-10,2025-01-10T13:30:00+08:00,2025-01-13,65.0,2025-01-15,64.7,-0.004615384615384577,-0.010430098647888242,random_forest,validation,0,0.348870279727022,0.2589354306968683,0.39219428957610974,BUY
2882,2025-01-13,2025-01-13T13:30:00+08:00,2025-01-14,64.5,2025-01-16,65.5,0.015503875968992276,0.00957163174259601,random_forest,validation,1,0.38325532784821253,0.3159674376035386,0.300777234548249,SELL
2882,2025-01-14,2025-01-14T13:30:00+08:00,2025-01-15,65.5,2025-01-17,65.5,0.0,-0.005841675612252684,random_forest,validation,1,0.3348009668527891,0.31318896541084246,0.3520100677363686,BUY
2882,2025-01-15,2025-01-15T13:30:00+08:00,2025-01-16,65.6,2025-01-20,65.1,-0.007621951219512146,-0.013419101865207894,random_forest,validation,0,0.33427415360282553,0.3207967366404628,0.3449291097567116,BUY
2882,2025-01-16,2025-01-16T13:30:00+08:00,2025-01-17,65.8,2025-01-21,65.9,0.001519756838905817,-0.00433079669980907,random_forest,validation,1,0.36378076216755817,0.3315188361343911,0.3047004016980504,SELL
2882,2025-01-17,2025-01-17T13:30:00+08:00,2025-01-20,65.7,2025-01-22,66.8,0.016742770167427645,0.01080328872300651,random_forest,validation,2,0.3452509729604034,0.35772097473082437,0.2970280523087722,HOLD
2882,2025-01-20,2025-01-20T13:30:00+08:00,2025-01-21,65.3,2025-02-03,66.0,0.010719754977029039,0.004815458033557984,random_forest,validation,1,0.3087568126108505,0.3098876798287808,0.38135550756036884,BUY
2882,2025-01-21,2025-01-21T13:30:00+08:00,2025-01-22,66.5,2025-02-04,65.2,-0.019548872180451093,-0.02527634962284009,random_forest,validation,0,0.35993440547892364,0.2800186209371389,0.36004697358393734,BUY
2882,2025-01-22,2025-01-22T13:30:00+08:00,2025-02-03,65.1,2025-02-05,66.5,0.021505376344086002,0.015538073299312005,random_forest,validation,2,0.36780440031353584,0.34140033907547,0.2907952606109939,SELL
2882,2025-02-03,2025-02-03T13:30:00+08:00,2025-02-04,66.5,2025-02-06,66.9,0.00601503759398514,0.00013822408331298774,random_forest,validation,1,0.36732319858751805,0.3413024200984121,0.2913743813140695,SELL
2882,2025-02-04,2025-02-04T13:30:00+08:00,2025-02-05,65.9,2025-02-07,66.9,0.015174506828528056,0.00924418666980742,random_forest,validation,1,0.40186146856789795,0.2742505417448685,0.3238879896872332,SELL
2882,2025-02-05,2025-02-05T13:30:00+08:00,2025-02-06,66.8,2025-02-10,67.4,0.008982035928143839,0.0030878901756614674,random_forest,validation,1,0.3761137957175951,0.31058668437074577,0.31329951991165883,SELL
2882,2025-02-06,2025-02-06T13:30:00+08:00,2025-02-07,66.6,2025-02-11,68.5,0.028528528528528607,0.022520198506917666,random_forest,validation,2,0.3253264567757001,0.3003039799564658,0.37436956326783394,BUY
2882,2025-02-07,2025-02-07T13:30:00+08:00,2025-02-10,66.7,2025-02-12,68.7,0.02998500749625177,0.02396816919697531,random_forest,validation,2,0.40626155783621487,0.27931520344832894,0.3144232387154564,SELL
2882,2025-02-10,2025-02-10T13:30:00+08:00,2025-02-11,68.1,2025-02-13,68.7,0.008810572687224738,0.002917428567375424,random_forest,validation,1,0.3862642011303844,0.3156248121878073,0.29811098668180824,SELL
2882,2025-02-11,2025-02-11T13:30:00+08:00,2025-02-12,68.6,2025-02-14,68.7,0.001457725947521915,-0.004392465226847553,random_forest,validation,1,0.3100943063116367,0.2960070654258434,0.3938986282625197,BUY
2882,2025-02-12,2025-02-12T13:30:00+08:00,2025-02-13,68.6,2025-02-17,69.0,0.005830903790087438,-4.483407063293754e-05,random_forest,validation,1,0.35874602363839186,0.3261203625954067,0.31513361376620147,SELL
2882,2025-02-13,2025-02-13T13:30:00+08:00,2025-02-14,68.7,2025-02-18,69.2,0.00727802037845704,0.0013938289320540864,random_forest,validation,1,0.3709273362701568,0.29116017337714034,0.33791249035270277,SELL
2882,2025-02-14,2025-02-14T13:30:00+08:00,2025-02-17,68.9,2025-02-19,68.7,-0.002902757619738794,-0.008727476263595824,random_forest,validation,1,0.34034323362091207,0.36812496022261265,0.29153180615647517,HOLD
2882,2025-02-17,2025-02-17T13:30:00+08:00,2025-02-18,68.7,2025-02-20,68.8,0.0014556040756912303,-0.00439457470339133,random_forest,validation,1,0.339935214112425,0.2924195271385793,0.3676452587489953,BUY
2882,2025-02-18,2025-02-18T13:30:00+08:00,2025-02-19,69.0,2025-02-21,68.9,-0.0014492753623187582,-0.00728248477803195,random_forest,validation,1,0.33599571115822024,0.3160719719190126,0.34793231692276705,BUY
2882,2025-02-19,2025-02-19T13:30:00+08:00,2025-02-20,68.7,2025-02-24,68.7,0.0,-0.005841675612252462,random_forest,validation,1,0.3222714867884712,0.28135836049642327,0.3963701527151054,BUY
2882,2025-02-20,2025-02-20T13:30:00+08:00,2025-02-21,68.6,2025-02-25,68.7,0.001457725947521915,-0.004392465226847553,random_forest,validation,1,0.2969441748355895,0.2987138947579475,0.404341930406463,BUY
2882,2025-02-21,2025-02-21T13:30:00+08:00,2025-02-24,68.4,2025-02-26,69.2,0.011695906432748426,0.005785907129124412,random_forest,validation,1,0.30011597549933133,0.325746028177918,0.37413799632275074,BUY
2882,2025-02-24,2025-02-24T13:30:00+08:00,2025-02-25,68.2,2025-02-27,68.4,0.0029325513196480912,-0.00292625530613011,random_forest,validation,1,0.3332327806435883,0.3355790038374717,0.33118821551894,HOLD
2882,2025-02-25,2025-02-25T13:30:00+08:00,2025-02-26,68.5,2025-03-03,68.8,0.004379562043795637,-0.0014876975492404965,random_forest,validation,1,0.315386032100802,0.2943677775312637,0.3902461903679342,BUY
2882,2025-02-26,2025-02-26T13:30:00+08:00,2025-02-27,69.0,2025-03-04,67.7,-0.018840579710144856,-0.024572194767383926,random_forest,validation,0,0.32910895605154117,0.3148503536746435,0.3560406902738153,BUY
2882,2025-02-27,2025-02-27T13:30:00+08:00,2025-03-03,68.7,2025-03-05,68.2,-0.00727802037845704,-0.013077180156559232,random_forest,validation,0,0.3195033119321745,0.29669184065259563,0.38380484741522986,BUY
2882,2025-03-03,2025-03-03T13:30:00+08:00,2025-03-04,67.8,2025-03-06,68.7,0.013274336283185972,0.007355116304399223,random_forest,validation,1,0.3341451159385638,0.3159664106008152,0.34988847346062085,BUY
2882,2025-03-04,2025-03-04T13:30:00+08:00,2025-03-05,67.9,2025-03-07,67.3,-0.008836524300441906,-0.014626579804191464,random_forest,validation,0,0.3525393196339972,0.30351594326439113,0.3439447371016115,SELL
2882,2025-03-05,2025-03-05T13:30:00+08:00,2025-03-06,68.0,2025-03-10,67.3,-0.010294117647058898,-0.016075658363303047,random_forest,validation,0,0.29444561118298085,0.2790057693244286,0.4265486194925906,BUY
2882,2025-03-06,2025-03-06T13:30:00+08:00,2025-03-07,68.3,2025-03-11,65.9,-0.03513909224011702,-0.04077549667419378,random_forest,validation,0,0.35385469466871,0.3651563025932278,0.2809890027380622,HOLD
2882,2025-03-07,2025-03-07T13:30:00+08:00,2025-03-10,67.2,2025-03-12,66.5,-0.01041666666666674,-0.016197491491291682,random_forest,validation,0,0.3282368030285515,0.2283484446412887,0.44341475233015964,BUY
2882,2025-03-10,2025-03-10T13:30:00+08:00,2025-03-11,66.0,2025-03-13,65.9,-0.0015151515151514694,-0.007347976103748932,random_forest,validation,1,0.3012070689600993,0.2617793497627648,0.43701358127713574,BUY
2882,2025-03-11,2025-03-11T13:30:00+08:00,2025-03-12,66.0,2025-03-14,66.0,0.0,-0.005841675612252573,random_forest,validation,1,0.28161360014819903,0.34475887579092274,0.3736275240608785,BUY
2882,2025-03-12,2025-03-12T13:30:00+08:00,2025-03-13,66.8,2025-03-17,66.0,-0.0119760479041916,-0.017747763329471145,random_forest,validation,0,0.32723168067391867,0.31453651174616776,0.35823180757991324,BUY
2882,2025-03-13,2025-03-13T13:30:00+08:00,2025-03-14,66.6,2025-03-18,66.5,-0.0015015015015014122,-0.007334405829050872,random_forest,validation,1,0.33263682765942604,0.26669244654143187,0.400670725799142,BUY
2882,2025-03-14,2025-03-14T13:30:00+08:00,2025-03-17,65.8,2025-03-19,65.3,-0.0075987841945288626,-0.013396070174469643,random_forest,validation,0,0.373588958061604,0.34440747716579934,0.2820035647725964,SELL
2882,2025-03-17,2025-03-17T13:30:00+08:00,2025-03-18,66.3,2025-03-20,65.9,-0.006033182503770607,-0.011839614220926498,random_forest,validation,0,0.3393439774334334,0.33606694736721077,0.32458907519935565,SELL
2882,2025-03-18,2025-03-18T13:30:00+08:00,2025-03-19,66.3,2025-03-21,65.1,-0.018099547511312264,-0.023835491438275014,random_forest,validation,0,0.3945202125068258,0.31497129646938804,0.29050849102378623,SELL
2882,2025-03-19,2025-03-19T13:30:00+08:00,2025-03-20,65.8,2025-03-24,65.0,-0.012158054711246202,-0.017928706911799708,random_forest,validation,0,0.30311047878206754,0.29618096599035665,0.4007085552275758,BUY
2882,2025-03-20,2025-03-20T13:30:00+08:00,2025-03-21,65.6,2025-03-25,65.0,-0.009146341463414531,-0.01493458711579898,random_forest,validation,0,0.3330476179105347,0.33506839761158824,0.33188398447787704,HOLD
2882,2025-03-21,2025-03-21T13:30:00+08:00,2025-03-24,65.3,2025-03-26,65.4,0.0015313935681471325,-0.004319227948565207,random_forest,validation,1,0.30217852270447465,0.3115012621693276,0.3863202151261978,BUY
2882,2025-03-24,2025-03-24T13:30:00+08:00,2025-03-25,65.4,2025-03-27,65.3,-0.00152905198776776,-0.007361795374313473,random_forest,validation,1,0.31673304677594943,0.28249361875687545,0.4007733344671751,BUY
2882,2025-03-25,2025-03-25T13:30:00+08:00,2025-03-26,65.5,2025-03-28,64.0,-0.022900763358778664,-0.028608660140216347,random_forest,validation,0,0.36139088393652896,0.30390679873548865,0.33470231732798217,SELL
2882,2025-03-26,2025-03-26T13:30:00+08:00,2025-03-27,65.1,2025-03-31,61.2,-0.05990783410138234,-0.06539954758018185,random_forest,validation,0,0.3202361363910072,0.2681420272004825,0.4116218364085104,BUY
2882,2025-03-27,2025-03-27T13:30:00+08:00,2025-03-28,65.0,2025-04-01,61.6,-0.05230769230769228,-0.05784380334945771,random_forest,validation,0,0.29605679201746443,0.34025896061691874,0.36368424736561694,BUY
2882,2025-03-28,2025-03-28T13:30:00+08:00,2025-03-31,62.8,2025-04-02,61.6,-0.019108280254776955,-0.024838331492273102,random_forest,validation,0,0.30988132418930076,0.22149457225143807,0.4686241035592612,BUY
2882,2025-03-31,2025-03-31T13:30:00+08:00,2025-04-01,61.5,2025-04-07,55.5,-0.09756097560975607,-0.10283273165008155,random_forest,validation,0,0.3424738128189364,0.33461885545925063,0.3229073317218129,SELL
2882,2025-04-01,2025-04-01T13:30:00+08:00,2025-04-02,61.6,2025-04-08,54.1,-0.12175324675324672,-0.1268836793932283,random_forest,validation,0,0.3462964565470439,0.362470222040392,0.29123332141256414,HOLD
2882,2025-04-02,2025-04-02T13:30:00+08:00,2025-04-07,55.5,2025-04-09,49.5,-0.10810810810810811,-0.11331825122173877,random_forest,validation,0,0.3345036379460661,0.31820138217216404,0.3472949798817698,BUY
2882,2025-04-08,2025-04-08T13:30:00+08:00,2025-04-09,53.5,2025-04-11,54.2,0.013084112149532867,0.007166003398428433,random_forest,validation,1,0.3744467093411133,0.2419223093807847,0.38363098127810175,BUY
2882,2025-04-09,2025-04-09T13:30:00+08:00,2025-04-10,54.4,2025-04-14,54.5,0.0018382352941177516,-0.0040141786924221545,random_forest,validation,1,0.38052827690507557,0.1927574012918805,0.4267143218030439,BUY
2882,2025-04-11,2025-04-11T13:30:00+08:00,2025-04-14,54.4,2025-04-16,54.8,0.007352941176470562,0.0014683120670690997,random_forest,validation,1,0.31405301773398353,0.35006111110830695,0.33588587115770957,HOLD
2882,2025-04-14,2025-04-14T13:30:00+08:00,2025-04-15,54.8,2025-04-17,53.9,-0.01642335766423353,-0.022169093348547664,random_forest,validation,0,0.43659262886997985,0.23261172250689557,0.3307956486231247,SELL
2882,2025-04-15,2025-04-15T13:30:00+08:00,2025-04-16,55.1,2025-04-18,53.6,-0.02722323049001818,-0.03290587682063051,random_forest,validation,0,0.3431881017588561,0.34856994565145305,0.30824195258969084,HOLD
2882,2025-04-16,2025-04-16T13:30:00+08:00,2025-04-17,54.5,2025-04-21,54.1,-0.007339449541284404,-0.013138250470144275,random_forest,validation,0,0.3062980952322477,0.3160365043858951,0.37766540038185714,BUY
2882,2025-04-17,2025-04-17T13:30:00+08:00,2025-04-18,53.6,2025-04-22,52.5,-0.020522388059701524,-0.026244178538120555,random_forest,validation,0,0.35308647177785635,0.33348790978883797,0.3134256184333058,SELL
2882,2025-04-18,2025-04-18T13:30:00+08:00,2025-04-21,53.8,2025-04-23,53.6,-0.0037174721189590088,-0.009537431464995083,random_forest,validation,1,0.3720053774636476,0.39968701790954353,0.2283076046268087,HOLD
2882,2025-04-21,2025-04-21T13:30:00+08:00,2025-04-22,53.1,2025-04-24,53.5,0.007532956685499137,0.0016472759838885853,random_forest,validation,1,0.40461494651359386,0.28706691174868487,0.30831814173772093,SELL
2882,2025-04-22,2025-04-22T13:30:00+08:00,2025-04-23,53.6,2025-04-25,54.1,0.009328358208955168,0.003432189354050985,random_forest,validation,1,0.3929346935172698,0.26369109647723143,0.34337421000549884,SELL
2882,2025-04-23,2025-04-23T13:30:00+08:00,2025-04-24,53.7,2025-04-28,54.6,0.016759776536312776,0.0108201957462013,random_forest,validation,2,0.3645075125124891,0.33253607441175115,0.30295641307575977,SELL
2882,2025-04-24,2025-04-24T13:30:00+08:00,2025-04-25,54.0,2025-04-29,55.7,0.031481481481481444,0.025455901266620895,random_forest,validation,2,0.38634694008767406,0.27719650456875544,0.33645655534357055,SELL
2882,2025-04-25,2025-04-25T13:30:00+08:00,2025-04-28,54.8,2025-04-30,58.5,0.0675182481751826,0.061282152859182926,random_forest,validation,2,0.3709556204148102,0.31783729084784607,0.3112070887373437,SELL
2882,2025-04-28,2025-04-28T13:30:00+08:00,2025-04-29,54.6,2025-05-02,58.7,0.07509157509157505,0.06881123885642437,random_forest,validation,2,0.39162829069321725,0.32163392172762734,0.2867377875791553,SELL
2882,2025-04-29,2025-04-29T13:30:00+08:00,2025-04-30,58.4,2025-05-05,54.7,-0.06335616438356162,-0.06882773383544871,random_forest,validation,0,0.31502252733113356,0.3225488814118891,0.3624285912569774,BUY
2882,2025-04-30,2025-04-30T13:30:00+08:00,2025-05-02,58.5,2025-05-06,55.9,-0.04444444444444451,-0.05002649002948578,random_forest,validation,0,0.3561895125462712,0.36547613040679544,0.27833435704693354,HOLD
2882,2025-05-02,2025-05-02T13:30:00+08:00,2025-05-05,55.1,2025-05-07,56.2,0.019963702359346636,0.014005405273891158,random_forest,validation,2,0.33473224762533504,0.3202899328865872,0.34497781948807765,BUY
2882,2025-05-05,2025-05-05T13:30:00+08:00,2025-05-06,53.9,2025-05-08,55.2,0.024118738404452778,0.018136168946264464,random_forest,validation,2,0.26102174865302424,0.38170861498882475,0.3572696363581509,HOLD
2882,2025-05-06,2025-05-06T13:30:00+08:00,2025-05-07,55.7,2025-05-09,55.2,-0.008976660682226245,-0.014765897554691931,random_forest,validation,0,0.367337095088009,0.30490924617813625,0.3277536587338543,SELL
2882,2025-05-07,2025-05-07T13:30:00+08:00,2025-05-08,55.1,2025-05-12,56.1,0.01814882032667886,0.012201125193332496,random_forest,validation,2,0.34711461680805883,0.3269001572593748,0.3259852259325662,SELL
2882,2025-05-08,2025-05-08T13:30:00+08:00,2025-05-09,54.6,2025-05-13,57.9,0.06043956043956045,0.054244816521072714,random_forest,validation,2,0.36239059819022434,0.29867422842038843,0.3389351733893872,SELL
2882,2025-05-09,2025-05-09T13:30:00+08:00,2025-05-12,55.0,2025-05-14,58.8,0.06909090909090909,0.06284562679999173,random_forest,validation,2,0.3430089535078241,0.3053851770525177,0.3516058694396581,BUY
2882,2025-05-12,2025-05-12T13:30:00+08:00,2025-05-13,57.3,2025-05-15,59.6,0.04013961605584648,0.03406345782739528,random_forest,validation,2,0.35251564803804736,0.3378724302230662,0.30961192173888663,SELL
2882,2025-05-13,2025-05-13T13:30:00+08:00,2025-05-14,58.6,2025-05-16,63.0,0.07508532423208192,0.06880502451242454,random_forest,validation,2,0.39721616354665057,0.3270606083257527,0.2757232281275969,SELL
2882,2025-05-14,2025-05-14T13:30:00+08:00,2025-05-15,59.3,2025-05-19,60.5,0.02023608768971341,0.014276199417516455,random_forest,validation,2,0.3060631613425977,0.32123169824166375,0.37270514041573855,BUY
2882,2025-05-15,2025-05-15T13:30:00+08:00,2025-05-16,59.9,2025-05-20,61.5,0.026711185308848195,0.02071347161680248,random_forest,validation,2,0.3868435643965219,0.34256206094358127,0.2705943746598968,SELL
2882,2025-05-16,2025-05-16T13:30:00+08:00,2025-05-19,61.5,2025-05-21,63.5,0.03252032520325199,0.026488676400357125,random_forest,validation,2,0.34898462950695913,0.2708019948803242,0.3802133756127165,BUY
2882,2025-05-19,2025-05-19T13:30:00+08:00,2025-05-20,60.8,2025-05-22,65.6,0.07894736842105265,0.07264450789204324,random_forest,validation,2,0.39159113650665694,0.2287997524914226,0.3796091110019204,SELL
2882,2025-05-20,2025-05-20T13:30:00+08:00,2025-05-21,61.7,2025-05-23,65.7,0.06482982171799034,0.05860943131726115,random_forest,validation,2,0.37473392153795293,0.3052600826440974,0.32000599581794953,SELL
2882,2025-05-21,2025-05-21T13:30:00+08:00,2025-05-22,62.2,2025-05-26,63.0,0.012861736334405016,0.006944926630676473,random_forest,validation,1,0.3438450553924759,0.29909595201182504,0.35705899259569895,BUY
2882,2025-05-22,2025-05-22T13:30:00+08:00,2025-05-23,65.0,2025-05-27,62.2,-0.04307692307692301,-0.04866695727818626,random_forest,validation,0,0.3708804779296975,0.27315019859551165,0.35596932347479077,SELL
2882,2025-05-23,2025-05-23T13:30:00+08:00,2025-05-26,65.4,2025-05-28,61.2,-0.06422018348623859,-0.06968670561880508,random_forest,validation,0,0.37758503223384343,0.32937265531416626,0.29304231245199036,SELL
2882,2025-05-26,2025-05-26T13:30:00+08:00,2025-05-27,62.6,2025-05-29,59.8,-0.04472843450479236,-0.05030882111202406,random_forest,validation,0,0.35514801165440146,0.3599964777990361,0.2848555105465624,HOLD
2882,2025-05-27,2025-05-27T13:30:00+08:00,2025-05-28,62.6,2025-06-02,60.4,-0.03514376996805113,-0.0407801470763588,random_forest,validation,0,0.3698623299217316,0.29643951893094117,0.33369815114732737,SELL
2882,2025-05-28,2025-05-28T13:30:00+08:00,2025-05-29,61.6,2025-06-03,63.9,0.037337662337662225,0.031277872213913316,random_forest,validation,2,0.3656607333801589,0.3157096586703576,0.3186296079494836,SELL
2882,2025-05-29,2025-05-29T13:30:00+08:00,2025-06-02,59.7,2025-06-04,64.7,0.08375209380234505,0.07742116562625223,random_forest,validation,2,0.36959721938023504,0.2801731022061671,0.3502296784135977,SELL
2882,2025-06-02,2025-06-02T13:30:00+08:00,2025-06-03,60.1,2025-06-05,66.1,0.09983361064891838,0.09340873946805495,random_forest,validation,2,0.2999653191023402,0.28692270309249374,0.41311197780516623,BUY
2882,2025-06-03,2025-06-03T13:30:00+08:00,2025-06-04,63.0,2025-06-06,66.3,0.05238095238095242,0.04623328423662931,random_forest,validation,2,0.3213115649472797,0.21477624972243073,0.46391218533028955,BUY
2882,2025-06-04,2025-06-04T13:30:00+08:00,2025-06-05,64.3,2025-06-09,67.7,0.05287713841368591,0.046726571711516396,random_forest,validation,2,0.24963740971713663,0.2518331669057565,0.4985294233771067,BUY
2882,2025-06-05,2025-06-05T13:30:00+08:00,2025-06-06,64.9,2025-06-10,66.0,0.016949152542372836,0.011008465479064977,random_forest,validation,2,0.3969067893784966,0.356575576368107,0.24651763425339646,SELL
2882,2025-06-06,2025-06-06T13:30:00+08:00,2025-06-09,66.5,2025-06-11,68.4,0.028571428571428692,0.022562847941683062,random_forest,validation,2,0.41052895630625913,0.3347529454811032,0.2547180982126377,SELL
2882,2025-06-09,2025-06-09T13:30:00+08:00,2025-06-10,67.7,2025-06-12,68.5,0.011816838995568624,0.00590613324314182,random_forest,validation,1,0.39646919300160505,0.32496805787833566,0.27856274912005896,SELL
2882,2025-06-10,2025-06-10T13:30:00+08:00,2025-06-11,66.4,2025-06-13,69.0,0.03915662650602392,0.03308621058365313,random_forest,validation,2,0.39615078130303233,0.30410662520707243,0.2997425934898953,SELL
2882,2025-06-11,2025-06-11T13:30:00+08:00,2025-06-12,67.1,2025-06-16,67.3,0.0029806259314455463,-0.002878461530619991,random_forest,validation,1,0.34843604732232947,0.33504302939454794,0.31652092328312253,SELL
2882,2025-06-12,2025-06-12T13:30:00+08:00,2025-06-13,67.5,2025-06-17,65.7,-0.026666666666666616,-0.032352564262592476,random_forest,validation,0,0.39102152535344586,0.3548764724973898,0.2541020021491642,SELL
2882,2025-06-13,2025-06-13T13:30:00+08:00,2025-06-16,68.7,2025-06-18,67.3,-0.02037845705967989,-0.02610108833631164,random_forest,validation,0,0.32446291977718006,0.34616446869768874,0.32937261152513125,HOLD
2882,2025-06-16,2025-06-16T13:30:00+08:00,2025-06-17,67.3,2025-06-19,66.2,-0.01634472511144125,-0.022090920141621173,random_forest,validation,0,0.3514717407536886,0.34398109458140735,0.30454716466490406,SELL
2882,2025-06-17,2025-06-17T13:30:00+08:00,2025-06-18,66.3,2025-06-20,65.6,-0.010558069381598867,-0.01633806817743233,random_forest,validation,0,0.4208021368868231,0.27725787675206953,0.30193998636110725,SELL
2882,2025-06-18,2025-06-18T13:30:00+08:00,2025-06-19,66.5,2025-06-23,65.9,-0.009022556390977376,-0.01481152515560058,random_forest,validation,0,0.39266737518852096,0.31620990768951207,0.29112271712196686,SELL
2882,2025-06-19,2025-06-19T13:30:00+08:00,2025-06-20,66.2,2025-06-24,66.5,0.004531722054380571,-0.001336426408078517,random_forest,validation,1,0.39266242835028164,0.3625841300203104,0.24475344162940776,SELL
2882,2025-06-20,2025-06-20T13:30:00+08:00,2025-06-23,65.0,2025-06-25,66.5,0.023076923076922995,0.017100439565926218,random_forest,validation,2,0.3519412818311453,0.3357746378286961,0.3122840803401586,SELL
2882,2025-06-23,2025-06-23T13:30:00+08:00,2025-06-24,66.2,2025-06-26,66.7,0.007552870090634434,0.0016670730613710383,random_forest,validation,1,0.36793467135473756,0.36843248810051116,0.2636328405447512,HOLD
2882,2025-06-24,2025-06-24T13:30:00+08:00,2025-06-25,66.9,2025-06-27,67.9,0.014947683109117982,0.009018687980987261,random_forest,validation,1,0.2811648591076666,0.31304983179947743,0.405785309092856,BUY
2882,2025-06-25,2025-06-25T13:30:00+08:00,2025-06-26,66.4,2025-06-30,62.8,-0.05421686746987964,-0.05974182572966069,random_forest,validation,0,0.27322186248842656,0.40565615420867757,0.32112198330289565,HOLD
2002,2026-01-02,2026-01-02T13:30:00+08:00,2026-01-05,18.8,2026-01-07,19.45,0.034574468085106336,0.02853081964583426,random_forest,test,2,0.43201145256306606,0.2642870803141632,0.3037014671227707,SELL
2002,2026-01-05,2026-01-05T13:30:00+08:00,2026-01-06,18.7,2026-01-08,19.15,0.024064171122994527,0.01808192042916379,random_forest,test,2,0.3942023924664494,0.31544646202213483,0.29035114551141555,SELL
2002,2026-01-06,2026-01-06T13:30:00+08:00,2026-01-07,18.65,2026-01-09,19.0,0.018766756032171594,0.012815451118884935,random_forest,test,2,0.366294489471672,0.2783837846472118,0.35532172588111616,SELL
2002,2026-01-07,2026-01-07T13:30:00+08:00,2026-01-08,19.7,2026-01-12,19.55,-0.0076142131979695105,-0.013411409046676925,random_forest,test,0,0.291034159723332,0.4073969821636089,0.30156885811305933,HOLD
2002,2026-01-08,2026-01-08T13:30:00+08:00,2026-01-09,19.15,2026-01-13,19.45,0.015665796344647598,0.009732606231941832,random_forest,test,1,0.4330208852989638,0.23600468659751786,0.33097442810351807,SELL
2002,2026-01-09,2026-01-09T13:30:00+08:00,2026-01-12,19.0,2026-01-14,19.4,0.021052631578947212,0.015087973322226222,random_forest,test,2,0.4238972888535438,0.28439393426350074,0.2917087768829553,SELL
2002,2026-01-12,2026-01-12T13:30:00+08:00,2026-01-13,19.75,2026-01-15,19.45,-0.0151898734177216,-0.020942814716876756,random_forest,test,0,0.37539508821113393,0.33883803750018066,0.2857668742886853,SELL
2002,2026-01-13,2026-01-13T13:30:00+08:00,2026-01-14,19.5,2026-01-16,19.25,-0.012820512820512775,-0.018587295155685246,random_forest,test,0,0.3360854043435936,0.3800253983364776,0.28388919731992884,HOLD
2002,2026-01-14,2026-01-14T13:30:00+08:00,2026-01-15,19.5,2026-01-19,19.65,0.007692307692307665,0.0018056961138070982,random_forest,test,1,0.37877685562139723,0.33548265929519566,0.28574048508340705,SELL
2002,2026-01-15,2026-01-15T13:30:00+08:00,2026-01-16,19.55,2026-01-20,19.15,-0.020460358056266115,-0.02618251089384338,random_forest,test,0,0.38967062713858314,0.2948704016129213,0.31545897124849565,SELL
2002,2026-01-16,2026-01-16T13:30:00+08:00,2026-01-19,19.25,2026-01-21,18.95,-0.01558441558441559,-0.021335052096217444,random_forest,test,0,0.3995189311792059,0.2774248427671291,0.32305622605366524,SELL
2002,2026-01-19,2026-01-19T13:30:00+08:00,2026-01-20,19.65,2026-01-22,19.0,-0.03307888040712459,-0.03872731993042211,random_forest,test,0,0.3476584380452658,0.34898391476970436,0.3033576471850298,HOLD
2002,2026-01-20,2026-01-20T13:30:00+08:00,2026-01-21,19.1,2026-01-23,19.15,0.002617801047120283,-0.0032391669096668574,random_forest,test,1,0.37521627554801823,0.24585531045332978,0.37892841399865185,BUY
2002,2026-01-21,2026-01-21T13:30:00+08:00,2026-01-22,19.15,2026-01-26,19.65,0.02610966057441244,0.02011546079473825,random_forest,test,2,0.4110693247970659,0.3496459481489357,0.2392847270539986,SELL
2002,2026-01-22,2026-01-22T13:30:00+08:00,2026-01-23,19.1,2026-01-27,19.35,0.01308900523560208,0.0071708679006761145,random_forest,test,1,0.39950331848151904,0.30608314682693605,0.29441353469154496,SELL
2002,2026-01-23,2026-01-23T13:30:00+08:00,2026-01-26,19.2,2026-01-28,19.6,0.02083333333333348,0.014869956145825647,random_forest,test,2,0.3840605110757309,0.3731951105560863,0.24274437836818252,SELL
2002,2026-01-26,2026-01-26T13:30:00+08:00,2026-01-27,19.75,2026-01-29,20.7,0.048101265822784844,0.041978598219056806,random_forest,test,2,0.3322457564980958,0.3109281368499298,0.3568261066519743,BUY
2002,2026-01-27,2026-01-27T13:30:00+08:00,2026-01-28,19.35,2026-01-30,20.75,0.07235142118863047,0.06608709204370822,random_forest,test,2,0.3817773536088061,0.2582982268857487,0.3599244195054451,SELL
2002,2026-01-28,2026-01-28T13:30:00+08:00,2026-01-29,19.85,2026-02-02,21.1,0.06297229219143574,0.05676275287564092,random_forest,test,2,0.3346541222160222,0.34846767650253235,0.3168782012814455,HOLD
2002,2026-01-29,2026-01-29T13:30:00+08:00,2026-01-30,20.8,2026-02-03,20.65,-0.007211538461538547,-0.013011086605433486,random_forest,test,0,0.3485361502639308,0.3749307044259782,0.2765331453100911,HOLD
2002,2026-01-30,2026-01-30T13:30:00+08:00,2026-02-02,21.05,2026-02-04,20.95,-0.004750593824228044,-0.010564518008393975,random_forest,test,0,0.42488702246211785,0.2729026710182668,0.3022103065196154,SELL
2002,2026-02-02,2026-02-02T13:30:00+08:00,2026-02-03,21.4,2026-02-05,20.95,-0.02102803738317749,-0.02674687402227538,random_forest,test,0,0.4452232529035705,0.3272012352524963,0.22757551184393354,SELL
2002,2026-02-03,2026-02-03T13:30:00+08:00,2026-02-04,20.65,2026-02-06,20.4,-0.01210653753026636,-0.01787749067747957,random_forest,test,0,0.36556310397597314,0.305393937020607,0.3290429590034195,SELL
2002,2026-02-04,2026-02-04T13:30:00+08:00,2026-02-05,21.15,2026-02-09,20.35,-0.03782505910165468,-0.04344577298862107,random_forest,test,0,0.40844389844216644,0.3213426773939068,0.27021342416392674,SELL
2002,2026-02-05,2026-02-05T13:30:00+08:00,2026-02-06,20.8,2026-02-10,20.5,-0.014423076923076983,-0.02018049759861429,random_forest,test,0,0.3510367744270628,0.3804786154204507,0.26848461015248604,HOLD
2002,2026-02-06,2026-02-06T13:30:00+08:00,2026-02-09,20.6,2026-02-11,20.9,0.014563106796116276,0.00863635823805442,random_forest,test,1,0.38734422823370984,0.3453399353717758,0.26731583639451445,SELL
2002,2026-02-09,2026-02-09T13:30:00+08:00,2026-02-10,20.45,2026-02-23,20.45,0.0,-0.005841675612252462,random_forest,test,1,0.38370906771954943,0.3755414827998503,0.24074944948060006,SELL
2002,2026-02-10,2026-02-10T13:30:00+08:00,2026-02-11,20.6,2026-02-24,20.7,0.004854368932038833,-0.0010156643288168343,random_forest,test,1,0.38600363000766047,0.3421827995815117,0.27181357041082765,SELL
2002,2026-02-11,2026-02-11T13:30:00+08:00,2026-02-23,20.75,2026-02-25,21.25,0.024096385542168752,0.018113946662150937,random_forest,test,2,0.39531970195378385,0.30934456884521333,0.2953357292010028,SELL
2002,2026-02-23,2026-02-23T13:30:00+08:00,2026-02-24,20.6,2026-02-26,20.75,0.007281553398058138,0.0013973413129009238,random_forest,test,1,0.38797366824518376,0.3299661941916964,0.2820601375631196,SELL
2002,2026-02-24,2026-02-24T13:30:00+08:00,2026-02-25,20.7,2026-03-02,20.25,-0.021739130434782594,-0.02745381309894268,random_forest,test,0,0.3289580171649213,0.3495537966784745,0.321488186156604,HOLD
2002,2026-02-25,2026-02-25T13:30:00+08:00,2026-02-26,21.25,2026-03-03,20.05,-0.05647058823529405,-0.061982380989442976,random_forest,test,0,0.32589319761001556,0.3195954606456647,0.35451134174431975,BUY
2002,2026-02-26,2026-02-26T13:30:00+08:00,2026-03-02,20.4,2026-03-04,19.2,-0.05882352941176472,-0.06432157704682584,random_forest,test,0,0.41044398106967533,0.33989381423938303,0.24966220469094172,SELL
2002,2026-03-02,2026-03-02T13:30:00+08:00,2026-03-03,20.1,2026-03-05,19.3,-0.03980099502487566,-0.04541016613514803,random_forest,test,0,0.3487214502584686,0.3440358862552316,0.3072426634862994,SELL
2002,2026-03-03,2026-03-03T13:30:00+08:00,2026-03-04,19.8,2026-03-06,19.9,0.005050505050504972,-0.0008206739739307078,random_forest,test,1,0.397602130189404,0.32693642320828514,0.27546144660231064,SELL
2002,2026-03-04,2026-03-04T13:30:00+08:00,2026-03-05,19.6,2026-03-09,19.15,-0.022959183673469497,-0.028666739182379608,random_forest,test,0,0.35583945329403877,0.32943361818675887,0.31472692851920225,SELL
2002,2026-03-05,2026-03-05T13:30:00+08:00,2026-03-06,19.1,2026-03-10,19.2,0.005235602094240788,-0.0006366582070810312,random_forest,test,1,0.32508898333997743,0.3710512818223756,0.303859734837647,HOLD
2002,2026-03-06,2026-03-06T13:30:00+08:00,2026-03-09,19.15,2026-03-11,19.5,0.018276762402088753,0.012328319872640936,random_forest,test,2,0.3478965097131364,0.3374335390574627,0.3146699512294008,SELL
2002,2026-03-09,2026-03-09T13:30:00+08:00,2026-03-10,19.4,2026-03-12,19.35,-0.002577319587628746,-0.008403939334901245,random_forest,test,1,0.3780007734972276,0.3260627553359662,0.29593647116680577,SELL
2002,2026-03-10,2026-03-10T13:30:00+08:00,2026-03-11,19.25,2026-03-13,19.1,-0.007792207792207684,-0.013588363854234897,random_forest,test,0,0.3553873030252058,0.30466888003098125,0.33994381694381304,SELL
2002,2026-03-11,2026-03-11T13:30:00+08:00,2026-03-12,19.3,2026-03-16,19.15,-0.00777202072538874,-0.013568294713711793,random_forest,test,0,0.3951571117398901,0.2880322647110251,0.3168106235490847,SELL
2002,2026-03-12,2026-03-12T13:30:00+08:00,2026-03-13,19.3,2026-03-17,19.25,-0.002590673575129543,-0.00841721531273909,random_forest,test,1,0.370866867981807,0.3110906543968491,0.31804247762134374,SELL
2002,2026-03-13,2026-03-13T13:30:00+08:00,2026-03-16,19.2,2026-03-18,19.3,0.005208333333333481,-0.0006637676727330177,random_forest,test,1,0.35184711248758305,0.3854925500102134,0.26266033750220363,HOLD
2002,2026-03-16,2026-03-16T13:30:00+08:00,2026-03-17,19.25,2026-03-19,18.8,-0.023376623376623384,-0.02908174033819988,random_forest,test,0,0.3969521163978276,0.33758625314476226,0.26546163045741017,SELL
2002,2026-03-17,2026-03-17T13:30:00+08:00,2026-03-18,19.4,2026-03-20,19.45,0.002577319587628857,-0.0032794118896037894,random_forest,test,1,0.33275342508652556,0.3926391753458773,0.2746073995675969,HOLD
2002,2026-03-18,2026-03-18T13:30:00+08:00,2026-03-19,19.0,2026-03-23,19.05,0.0026315789473685403,-0.0032254694954426677,random_forest,test,1,0.35854443202071534,0.3168849452103523,0.3245706227689321,SELL
2002,2026-03-19,2026-03-19T13:30:00+08:00,2026-03-20,19.1,2026-03-24,19.2,0.005235602094240788,-0.0006366582070810312,random_forest,test,1,0.3599799178486802,0.3906127465978735,0.2494073355534464,HOLD
2002,2026-03-20,2026-03-20T13:30:00+08:00,2026-03-23,19.8,2026-03-25,19.3,-0.025252525252525304,-0.03094668380386234,random_forest,test,0,0.3505636030304058,0.36444573747917636,0.2849906594904178,HOLD
2002,2026-03-23,2026-03-23T13:30:00+08:00,2026-03-24,19.35,2026-03-26,19.75,0.02067183462532296,0.014709400860879018,random_forest,test,2,0.354932123350065,0.3123189551146799,0.33274892153525476,SELL
2002,2026-03-24,2026-03-24T13:30:00+08:00,2026-03-25,19.5,2026-03-27,19.6,0.00512820512820511,-0.0007434277948793477,random_forest,test,1,0.3431190966188082,0.3638727094508664,0.29300819393032557,HOLD
2002,2026-03-25,2026-03-25T13:30:00+08:00,2026-03-26,19.45,2026-03-30,19.15,-0.015424164524421635,-0.021175737170932574,random_forest,test,0,0.40698433733843364,0.3169174205498382,0.2760982421117281,SELL
2002,2026-03-26,2026-03-26T13:30:00+08:00,2026-03-27,19.75,2026-03-31,18.9,-0.04303797468354442,-0.04862823640868741,random_forest,test,0,0.3664622486952307,0.31019571807208224,0.3233420332326871,SELL
2002,2026-03-27,2026-03-27T13:30:00+08:00,2026-03-30,19.25,2026-04-01,19.5,0.01298701298701288,0.0070694714577181905,random_forest,test,1,0.37216206681977504,0.2650780964476442,0.3627598367325808,SELL
2002,2026-03-30,2026-03-30T13:30:00+08:00,2026-03-31,19.0,2026-04-02,19.5,0.026315789473684292,0.020320385555846032,random_forest,test,2,0.37772968825445136,0.3262267249461058,0.2960435867994431,SELL
2002,2026-03-31,2026-03-31T13:30:00+08:00,2026-04-01,19.25,2026-04-07,19.5,0.01298701298701288,0.0070694714577181905,random_forest,test,1,0.37568737688899456,0.32695792680599195,0.29735469630501354,SELL
2002,2026-04-01,2026-04-01T13:30:00+08:00,2026-04-02,19.6,2026-04-08,19.95,0.017857142857142794,0.01191115160895695,random_forest,test,2,0.3282794220200366,0.30738465678228205,0.3643359211976815,BUY
2002,2026-04-02,2026-04-02T13:30:00+08:00,2026-04-07,19.5,2026-04-09,20.2,0.03589743589743577,0.029846059109359002,random_forest,test,2,0.39803655672522764,0.31308946695594664,0.2888739763188257,SELL
2002,2026-04-07,2026-04-07T13:30:00+08:00,2026-04-08,19.8,2026-04-10,20.05,0.012626262626262541,0.006710828483552422,random_forest,test,1,0.3756720120430748,0.35660091125197285,0.2677270767049524,SELL
2002,2026-04-08,2026-04-08T13:30:00+08:00,2026-04-09,20.0,2026-04-13,20.2,0.010000000000000009,0.004099907631624822,random_forest,test,1,0.3705653763495031,0.30026849459221294,0.329166129058284,SELL
2002,2026-04-09,2026-04-09T13:30:00+08:00,2026-04-10,20.3,2026-04-14,20.5,0.009852216748768461,0.003952987682207976,random_forest,test,1,0.3530816219294647,0.3492841224484555,0.2976342556220798,SELL
2002,2026-04-10,2026-04-10T13:30:00+08:00,2026-04-13,20.05,2026-04-15,20.1,0.0024937655860348684,-0.0033624777958242147,random_forest,test,1,0.38752590892540334,0.31213021801922275,0.3003438730553738,SELL
2002,2026-04-13,2026-04-13T13:30:00+08:00,2026-04-14,20.2,2026-04-16,19.95,-0.012376237623762387,-0.018145615270516724,random_forest,test,0,0.30231039262352083,0.39013921962369014,0.3075503877527888,HOLD
2002,2026-04-14,2026-04-14T13:30:00+08:00,2026-04-15,20.5,2026-04-17,20.1,-0.019512195121951126,-0.02523988681981837,random_forest,test,0,0.3803442221683212,0.3145991714860954,0.30505660634558335,SELL
2002,2026-04-15,2026-04-15T13:30:00+08:00,2026-04-16,20.25,2026-04-20,19.85,-0.01975308641975304,-0.02547937090880048,random_forest,test,0,0.3740392262980734,0.29280667261085713,0.33315410109106935,SELL
2002,2026-04-16,2026-04-16T13:30:00+08:00,2026-04-17,20.05,2026-04-21,19.75,-0.014962593516209544,-0.020716862510822276,random_forest,test,0,0.38915385858120466,0.3603092774657701,0.25053686395302505,SELL
2002,2026-04-17,2026-04-17T13:30:00+08:00,2026-04-20,20.15,2026-04-22,19.55,-0.02977667493796521,-0.03544440487441869,random_forest,test,0,0.3492034348224992,0.36514784006961576,0.28564872510788514,HOLD
2002,2026-04-20,2026-04-20T13:30:00+08:00,2026-04-21,19.9,2026-04-23,19.15,-0.03768844221105527,-0.04330995416957961,random_forest,test,0,0.43682545781160487,0.33227686558178965,0.23089767660660543,SELL
2002,2026-04-21,2026-04-21T13:30:00+08:00,2026-04-22,19.75,2026-04-24,19.0,-0.03797468354430378,-0.04359452337381253,random_forest,test,0,0.36710942475107833,0.3835146641235758,0.24937591112534574,HOLD
2002,2026-04-22,2026-04-22T13:30:00+08:00,2026-04-23,19.4,2026-04-27,18.75,-0.03350515463917514,-0.0391511040066872,random_forest,test,0,0.38074944798516114,0.324879078200359,0.2943714738144801,SELL
2002,2026-04-23,2026-04-23T13:30:00+08:00,2026-04-24,19.15,2026-04-28,18.75,-0.02088772845952991,-0.026607384737845075,random_forest,test,0,0.42015267587647814,0.30817421372483106,0.27167311039869085,SELL
2002,2026-04-24,2026-04-24T13:30:00+08:00,2026-04-27,18.8,2026-04-29,19.0,0.010638297872340496,0.004734476774851171,random_forest,test,1,0.3882529705167197,0.3341024795068747,0.27764454997640575,SELL
2002,2026-04-27,2026-04-27T13:30:00+08:00,2026-04-28,18.75,2026-04-30,18.75,0.0,-0.005841675612252573,random_forest,test,1,0.34453360115409,0.42105387733667193,0.23441252150923803,HOLD
2002,2026-04-28,2026-04-28T13:30:00+08:00,2026-04-29,18.75,2026-05-04,18.6,-0.007999999999999896,-0.013794942207354555,random_forest,test,0,0.3393640698933372,0.33521476513013376,0.32542116497652906,SELL
2002,2026-04-29,2026-04-29T13:30:00+08:00,2026-04-30,18.9,2026-05-05,18.6,-0.015873015873015706,-0.021621966475550147,random_forest,test,0,0.38693783335444193,0.3119200406472227,0.3011421259983351,SELL
2002,2026-04-30,2026-04-30T13:30:00+08:00,2026-05-04,18.8,2026-05-06,18.8,0.0,-0.005841675612252684,random_forest,test,1,0.43358948352036625,0.34571009675039754,0.22070041972923593,SELL
2002,2026-05-04,2026-05-04T13:30:00+08:00,2026-05-05,18.6,2026-05-07,18.85,0.013440860215053752,0.007520667457475261,random_forest,test,1,0.36001866962532825,0.3758948120218043,0.2640865183528673,HOLD
2002,2026-05-05,2026-05-05T13:30:00+08:00,2026-05-06,18.6,2026-05-08,18.75,0.008064516129032251,0.002175730229584172,random_forest,test,1,0.39733486858204226,0.31967335792851875,0.28299177348943905,SELL
2002,2026-05-06,2026-05-06T13:30:00+08:00,2026-05-07,18.8,2026-05-11,18.6,-0.010638297872340385,-0.016417827999356427,random_forest,test,0,0.329105619969756,0.3183609160445965,0.3525334639856474,BUY
2002,2026-05-07,2026-05-07T13:30:00+08:00,2026-05-08,18.85,2026-05-12,18.5,-0.018567639257294544,-0.02430084874412053,random_forest,test,0,0.32223168943145886,0.39022197786326823,0.2875463327052727,HOLD
2002,2026-05-08,2026-05-08T13:30:00+08:00,2026-05-11,18.85,2026-05-13,18.4,-0.023872679045092937,-0.02957489821036874,random_forest,test,0,0.41767454783856367,0.31733523371208366,0.26499021844935233,SELL
2002,2026-05-11,2026-05-11T13:30:00+08:00,2026-05-12,18.8,2026-05-14,18.3,-0.02659574468085102,-0.03228205658001182,random_forest,test,0,0.3309028020867741,0.38671549800359206,0.2823816999096335,HOLD
2002,2026-05-12,2026-05-12T13:30:00+08:00,2026-05-13,18.5,2026-05-15,18.15,-0.018918918918918948,-0.02465007634391292,random_forest,test,0,0.39430959574319957,0.3492299449459742,0.2564604593108262,SELL
2002,2026-05-13,2026-05-13T13:30:00+08:00,2026-05-14,18.5,2026-05-18,18.2,-0.016216216216216273,-0.021963161953675647,random_forest,test,0,0.30673287630097956,0.42864135902758305,0.2646257646714375,HOLD
2002,2026-05-14,2026-05-14T13:30:00+08:00,2026-05-15,18.3,2026-05-19,18.2,-0.005464480874317057,-0.011274234761912472,random_forest,test,0,0.37181704220400547,0.32373418133796084,0.30444877645803364,SELL
2002,2026-05-15,2026-05-15T13:30:00+08:00,2026-05-18,18.15,2026-05-20,18.1,-0.0027548209366389242,-0.008580403778609691,random_forest,test,1,0.35038843123534613,0.3179975115896479,0.3316140571750058,SELL
2002,2026-05-18,2026-05-18T13:30:00+08:00,2026-05-19,18.35,2026-05-21,18.2,-0.008174386920981047,-0.013968310416512253,random_forest,test,0,0.3916299764228377,0.3063124053900856,0.3020576181870765,SELL
2002,2026-05-19,2026-05-19T13:30:00+08:00,2026-05-20,18.25,2026-05-22,18.15,-0.005479452054794609,-0.011289118485610317,random_forest,test,0,0.38123293066823466,0.3671353970431319,0.2516316722886333,SELL
2002,2026-05-20,2026-05-20T13:30:00+08:00,2026-05-21,18.3,2026-05-25,19.95,0.0901639344262295,0.08379555035713437,random_forest,test,2,0.4199764292537405,0.3178227188152731,0.2622008519309864,SELL
2002,2026-05-21,2026-05-21T13:30:00+08:00,2026-05-22,18.25,2026-05-26,19.5,0.06849315068493156,0.06225136030471634,random_forest,test,2,0.32729337229388006,0.36446422968842945,0.30824239801769027,HOLD
2002,2026-05-22,2026-05-22T13:30:00+08:00,2026-05-25,18.5,2026-05-27,19.1,0.032432432432432545,0.026401297070593355,random_forest,test,2,0.35763854986645066,0.31300898466237337,0.3293524654711759,SELL
2002,2026-05-26,2026-05-26T13:30:00+08:00,2026-05-27,19.65,2026-05-29,19.1,-0.027989821882951516,-0.03366799003531906,random_forest,test,0,0.34719902283908455,0.3219093353106314,0.330891641850284,SELL
2002,2026-05-27,2026-05-27T13:30:00+08:00,2026-05-28,19.1,2026-06-01,19.1,0.0,-0.005841675612252462,random_forest,test,1,0.4233768905581585,0.3025384127920875,0.2740846966497538,SELL
2002,2026-05-28,2026-05-28T13:30:00+08:00,2026-05-29,19.05,2026-06-02,18.95,-0.005249343832021025,-0.011060354480429746,random_forest,test,0,0.4516515819803994,0.2865287408808603,0.26181967713874005,SELL
2002,2026-05-29,2026-05-29T13:30:00+08:00,2026-06-01,19.2,2026-06-03,19.4,0.01041666666666674,0.004514140266786315,random_forest,test,1,0.3438573668834083,0.3672154056962458,0.28892722742034566,HOLD
2002,2026-06-01,2026-06-01T13:30:00+08:00,2026-06-02,19.1,2026-06-04,19.25,0.00785340314136107,0.001965850495504462,random_forest,test,1,0.38049697462350884,0.31477194953875154,0.3047310758377394,SELL
2002,2026-06-02,2026-06-02T13:30:00+08:00,2026-06-03,19.1,2026-06-05,19.3,0.010471204188481575,0.004568359198090288,random_forest,test,1,0.36752959734807517,0.3521243025419455,0.2803461001099792,SELL
2002,2026-06-03,2026-06-03T13:30:00+08:00,2026-06-04,19.45,2026-06-08,18.65,-0.04113110539845766,-0.04673250643539906,random_forest,test,0,0.36616318086500305,0.39947129252995467,0.23436552660504228,HOLD
2002,2026-06-04,2026-06-04T13:30:00+08:00,2026-06-05,19.35,2026-06-09,18.75,-0.03100775193798455,-0.03666829032195029,random_forest,test,0,0.3904678518496366,0.33445243816743564,0.2750797099829274,SELL
2002,2026-06-05,2026-06-05T13:30:00+08:00,2026-06-08,18.6,2026-06-10,18.7,0.005376344086021501,-0.0004967383843615947,random_forest,test,1,0.31353336015907507,0.3940061745212799,0.2924604653196452,HOLD
2002,2026-06-08,2026-06-08T13:30:00+08:00,2026-06-09,18.75,2026-06-11,18.55,-0.010666666666666602,-0.0164460310723884,random_forest,test,0,0.3701551619677071,0.31208701925987703,0.3177578187724158,SELL
2002,2026-06-09,2026-06-09T13:30:00+08:00,2026-06-10,18.75,2026-06-12,18.9,0.008000000000000007,0.0021115909828492985,random_forest,test,1,0.3854274183937561,0.3180946908989404,0.29647789070730346,SELL
2002,2026-06-10,2026-06-10T13:30:00+08:00,2026-06-11,18.7,2026-06-15,19.0,0.016042780748663166,0.010107388415358631,random_forest,test,2,0.4498639024054084,0.29490715186925487,0.2552289457253365,SELL
2002,2026-06-11,2026-06-11T13:30:00+08:00,2026-06-12,18.75,2026-06-16,18.65,-0.005333333333333412,-0.011143853342320709,random_forest,test,0,0.30994275080592765,0.37839248441798695,0.31166476477608546,HOLD
2002,2026-06-12,2026-06-12T13:30:00+08:00,2026-06-15,19.2,2026-06-17,18.75,-0.0234375,-0.029142261340090347,random_forest,test,0,0.393961478410693,0.31624696513960887,0.289791556449698,SELL
2002,2026-06-15,2026-06-15T13:30:00+08:00,2026-06-16,19.05,2026-06-18,19.1,0.002624671916010568,-0.003232336178163986,random_forest,test,1,0.4205653491893947,0.3177156276732899,0.2617190231373152,SELL
2002,2026-06-16,2026-06-16T13:30:00+08:00,2026-06-17,18.65,2026-06-22,19.5,0.04557640750670244,0.03946848930622382,random_forest,test,2,0.36721961521420077,0.3405649428372779,0.29221544194852134,SELL
2002,2026-06-17,2026-06-17T13:30:00+08:00,2026-06-18,18.8,2026-06-23,19.2,0.02127659574468077,0.015310629161954692,random_forest,test,2,0.3705703367910951,0.3608495770669321,0.26858008614197276,SELL
2002,2026-06-18,2026-06-18T13:30:00+08:00,2026-06-22,19.25,2026-06-24,19.35,0.0051948051948051965,-0.0006772167842641341,random_forest,test,1,0.33702401778958707,0.33256482604211013,0.3304111561683027,SELL
2002,2026-06-22,2026-06-22T13:30:00+08:00,2026-06-23,19.75,2026-06-25,19.05,-0.03544303797468351,-0.04107766685637537,random_forest,test,0,0.41724340946109223,0.2973894380934858,0.2853671524454217,SELL
2002,2026-06-23,2026-06-23T13:30:00+08:00,2026-06-24,19.15,2026-06-26,19.0,-0.007832898172323688,-0.013628816534349664,random_forest,test,0,0.4059300228583586,0.25836904838155644,0.3357009287600847,SELL
2002,2026-06-24,2026-06-24T13:30:00+08:00,2026-06-25,19.4,2026-06-29,19.05,-0.018041237113401998,-0.023777521670794277,random_forest,test,0,0.36472071897800795,0.34307465139691123,0.2922046296250807,SELL
2002,2026-06-25,2026-06-25T13:30:00+08:00,2026-06-26,19.0,2026-06-30,18.8,-0.010526315789473606,-0.01630650007949208,random_forest,test,0,0.34696905237244585,0.3386669833218668,0.3143639643056874,SELL
2303,2026-01-02,2026-01-02T14:30:00+08:00,2026-01-05,48.5,2026-01-07,54.1,0.11546391752577323,0.10894773916241518,random_forest,test,2,0.3264949290697888,0.2411094856136388,0.43239558531657246,BUY
2303,2026-01-05,2026-01-05T14:30:00+08:00,2026-01-06,48.85,2026-01-08,52.8,0.08085977482088014,0.07454574263404412,random_forest,test,2,0.3531550881722579,0.23065559951394815,0.41618931231379397,BUY
2303,2026-01-06,2026-01-06T14:30:00+08:00,2026-01-07,50.8,2026-01-09,55.1,0.08464566929133865,0.0783095211371041,random_forest,test,2,0.33090897941934644,0.2824598774833864,0.3866311430972672,BUY
2303,2026-01-07,2026-01-07T14:30:00+08:00,2026-01-08,57.0,2026-01-12,55.3,-0.029824561403508865,-0.035492011602764495,random_forest,test,0,0.37229163420199185,0.19562791874850397,0.43208044704950394,BUY
2303,2026-01-08,2026-01-08T14:30:00+08:00,2026-01-09,54.4,2026-01-13,54.9,0.009191176470588314,0.0032958089868995177,random_forest,test,1,0.33855158999720963,0.24057278145804584,0.4208756285447441,BUY
2303,2026-01-09,2026-01-09T13:30:00+08:00,2026-01-12,57.0,2026-01-14,54.0,-0.052631578947368474,-0.05816579794844989,random_forest,test,0,0.29550717916462643,0.2601563341045378,0.44433648673083576,BUY
2303,2026-01-12,2026-01-12T14:30:00+08:00,2026-01-13,55.5,2026-01-15,54.7,-0.014414414414414378,-0.020171885693517244,random_forest,test,0,0.4006323027904547,0.25036980965605854,0.34899788755348654,SELL
2303,2026-01-13,2026-01-13T14:30:00+08:00,2026-01-14,55.1,2026-01-16,58.5,0.06170598911070768,0.05550384712673728,random_forest,test,2,0.3409826909824907,0.33722868719521387,0.3217886218222954,SELL
2303,2026-01-14,2026-01-14T14:30:00+08:00,2026-01-15,54.7,2026-01-19,62.5,0.14259597806215707,0.13592130300245353,random_forest,test,2,0.3254522383570617,0.34395916860198866,0.3305885930409494,HOLD
2303,2026-01-15,2026-01-15T14:30:00+08:00,2026-01-16,54.8,2026-01-20,67.8,0.23722627737226287,0.22999880280089924,random_forest,test,2,0.34352989054349636,0.31204611254529696,0.3444239969112066,BUY
2303,2026-01-16,2026-01-16T14:30:00+08:00,2026-01-19,60.3,2026-01-21,68.4,0.1343283582089554,0.1277019799025194,random_forest,test,2,0.21352135196027228,0.31173019769396343,0.4747484503457644,BUY
2303,2026-01-19,2026-01-19T14:30:00+08:00,2026-01-20,62.4,2026-01-22,67.6,0.08333333333333326,0.07700485142005964,random_forest,test,2,0.30114401181482847,0.28083504999961717,0.4180209381855544,BUY
2303,2026-01-20,2026-01-20T14:30:00+08:00,2026-01-21,70.9,2026-01-23,64.8,-0.0860366713681242,-0.09137574865548614,random_forest,test,0,0.3359281596244827,0.22632538726842122,0.4377464531070963,BUY
2303,2026-01-21,2026-01-21T14:30:00+08:00,2026-01-22,71.5,2026-01-26,69.3,-0.03076923076923077,-0.036431162516491034,random_forest,test,0,0.33748759307726184,0.2901033389004941,0.37240906802224416,BUY
2303,2026-01-22,2026-01-22T14:30:00+08:00,2026-01-23,68.0,2026-01-27,76.2,0.12058823529411766,0.11404212232862276,random_forest,test,2,0.34303249680117004,0.30803418285442913,0.3489333203444007,BUY
2303,2026-01-23,2026-01-23T14:30:00+08:00,2026-01-26,66.0,2026-01-28,75.9,0.15000000000000013,0.14328207304590967,random_forest,test,2,0.37488573582352813,0.26950848537423716,0.3556057788022345,SELL
2303,2026-01-26,2026-01-26T14:30:00+08:00,2026-01-27,71.1,2026-01-29,68.4,-0.03797468354430367,-0.043594523373812644,random_forest,test,0,0.2861567454840274,0.3545197714652036,0.3593234830507692,BUY
2303,2026-01-27,2026-01-27T14:30:00+08:00,2026-01-28,79.6,2026-01-30,62.4,-0.2160804020100502,-0.22065980600759483,random_forest,test,0,0.27202929981087376,0.3407305295620754,0.3872401706270507,BUY
2303,2026-01-28,2026-01-28T14:30:00+08:00,2026-01-29,70.3,2026-02-02,60.7,-0.13655761024182067,-0.14160156059265605,random_forest,test,0,0.3734381423111925,0.22742419499247973,0.39913766269632783,BUY
2303,2026-01-29,2026-01-29T14:30:00+08:00,2026-01-30,65.0,2026-02-03,60.8,-0.06461538461538463,-0.07007959811115327,random_forest,test,0,0.34004782629945374,0.26277696089120367,0.39717521280934276,BUY
2303,2026-01-30,2026-01-30T14:30:00+08:00,2026-02-02,62.3,2026-02-04,61.8,-0.008025682182985605,-0.013820474363358093,random_forest,test,0,0.37759794105907984,0.2935068003622668,0.32889525857865315,SELL
2303,2026-02-02,2026-02-02T14:30:00+08:00,2026-02-03,62.5,2026-02-05,61.5,-0.016000000000000014,-0.021748208802456426,random_forest,test,0,0.37642039031085106,0.26490416942825,0.35867544026089887,SELL
2303,2026-02-03,2026-02-03T14:30:00+08:00,2026-02-04,60.6,2026-02-06,61.9,0.021452145214521323,0.015485153128738771,random_forest,test,2,0.37575266319354866,0.2781877427386484,0.3460595940678028,SELL
2303,2026-02-04,2026-02-04T14:30:00+08:00,2026-02-05,61.8,2026-02-09,62.4,0.009708737864077666,0.003810346954618904,random_forest,test,1,0.31699408046263866,0.3577811531718195,0.3252247663655419,HOLD
2303,2026-02-05,2026-02-05T14:30:00+08:00,2026-02-06,61.1,2026-02-10,62.4,0.02127659574468077,0.015310629161954692,random_forest,test,2,0.3108200118274078,0.2740552004023419,0.41512478777025047,BUY
2303,2026-02-06,2026-02-06T14:30:00+08:00,2026-02-09,63.6,2026-02-11,62.8,-0.012578616352201366,-0.01834681176807329,random_forest,test,0,0.32855848872097954,0.3168714915344374,0.3545700197445831,BUY
2303,2026-02-09,2026-02-09T14:30:00+08:00,2026-02-10,62.8,2026-02-23,63.9,0.01751592356687892,0.011571925611099765,random_forest,test,2,0.3646035269185318,0.36004542495824465,0.27535104812322353,SELL
2303,2026-02-10,2026-02-10T14:30:00+08:00,2026-02-11,62.9,2026-02-24,67.5,0.0731319554848966,0.06686306671181175,random_forest,test,2,0.4427412907572031,0.3146686458650298,0.24259006337776723,SELL
2303,2026-02-11,2026-02-11T14:30:00+08:00,2026-02-23,65.2,2026-02-25,65.5,0.004601226993864893,-0.0012673274939041246,random_forest,test,1,0.3483344177708554,0.3307544110355816,0.320911171193563,SELL
2303,2026-02-23,2026-02-23T14:30:00+08:00,2026-02-24,64.3,2026-02-26,65.4,0.017107309486780853,0.011165698521908185,random_forest,test,2,0.36046574770093115,0.30080814944069767,0.33872610285837124,SELL
2303,2026-02-24,2026-02-24T14:30:00+08:00,2026-02-25,69.3,2026-03-02,64.5,-0.06926406926406925,-0.0747011266520966,random_forest,test,0,0.34345961954638965,0.3313776686107899,0.32516271184282025,SELL
2303,2026-02-25,2026-02-25T14:30:00+08:00,2026-02-26,66.0,2026-03-03,62.6,-0.051515151515151514,-0.05705589232313646,random_forest,test,0,0.36568151265877846,0.2831606796066808,0.35115780773454064,SELL
2303,2026-02-26,2026-02-26T14:30:00+08:00,2026-03-02,64.1,2026-03-04,60.0,-0.06396255850234,-0.06943058559649218,random_forest,test,0,0.39093376064116625,0.26015734283207276,0.348908896526761,SELL
2303,2026-03-02,2026-03-02T14:30:00+08:00,2026-03-03,64.5,2026-03-05,62.1,-0.037209302325581395,-0.04283361326388979,random_forest,test,0,0.3214645401933329,0.30269061266031366,0.3758448471463536,BUY
2303,2026-03-03,2026-03-03T14:30:00+08:00,2026-03-04,61.0,2026-03-06,62.0,0.016393442622950838,0.010456001836727014,random_forest,test,2,0.3639173637716027,0.2875425489762929,0.34854008725210456,SELL
2303,2026-03-04,2026-03-04T14:30:00+08:00,2026-03-05,62.5,2026-03-09,59.7,-0.04479999999999995,-0.05037996854482352,random_forest,test,0,0.3934265900296744,0.2838678622922555,0.32270554767807014,SELL
2303,2026-03-05,2026-03-05T14:30:00+08:00,2026-03-06,62.1,2026-03-10,60.4,-0.027375201288244777,-0.03305695985475143,random_forest,test,0,0.37977722801498826,0.2667585669004158,0.35346420508459603,SELL
2303,2026-03-06,2026-03-06T14:30:00+08:00,2026-03-09,58.3,2026-03-11,62.2,0.0668953687821614,0.06066291212552133,random_forest,test,2,0.3685666207874728,0.3143477582163937,0.31708562099613347,SELL
2303,2026-03-09,2026-03-09T14:30:00+08:00,2026-03-10,60.8,2026-03-12,60.6,-0.003289473684210509,-0.00911193325826487,random_forest,test,1,0.2561468039147714,0.3610661025013691,0.38278709358385965,BUY
2303,2026-03-10,2026-03-10T14:30:00+08:00,2026-03-11,62.2,2026-03-13,59.5,-0.043408360128617374,-0.048996458182138825,random_forest,test,0,0.47285082805138534,0.22272464841862333,0.30442452352999105,SELL
2303,2026-03-11,2026-03-11T14:30:00+08:00,2026-03-12,62.2,2026-03-16,60.5,-0.027331189710610992,-0.033013205378477295,random_forest,test,0,0.307198282489035,0.3130697230916384,0.3797319944193262,BUY
2303,2026-03-12,2026-03-12T14:30:00+08:00,2026-03-13,59.8,2026-03-17,60.7,0.015050167224080369,0.00912057341699457,random_forest,test,1,0.43338517170996255,0.21971896928747653,0.3468958590025612,SELL
2303,2026-03-13,2026-03-13T14:30:00+08:00,2026-03-16,60.5,2026-03-18,61.1,0.009917355371900749,0.004017745786634164,random_forest,test,1,0.3660287533359434,0.41076456587882915,0.22320668078522757,HOLD
2303,2026-03-16,2026-03-16T14:30:00+08:00,2026-03-17,60.9,2026-03-19,58.7,-0.03612479474548436,-0.04175544102527462,random_forest,test,0,0.3679579258989957,0.3617549786493044,0.27028709545169977,SELL
2303,2026-03-17,2026-03-17T14:30:00+08:00,2026-03-18,61.3,2026-03-20,57.8,-0.057096247960848334,-0.06260438581383687,random_forest,test,0,0.37951264824702186,0.2724905875299665,0.3479967642230115,SELL
2303,2026-03-18,2026-03-18T14:30:00+08:00,2026-03-19,60.4,2026-03-23,56.7,-0.06125827814569529,-0.06674210276845549,random_forest,test,0,0.3944878576986077,0.2777016148515571,0.32781052744983513,SELL
2303,2026-03-19,2026-03-19T14:30:00+08:00,2026-03-20,58.5,2026-03-24,56.5,-0.03418803418803418,-0.039829994394739665,random_forest,test,0,0.38339340716348297,0.27393992175827525,0.342666671078242,SELL
2303,2026-03-20,2026-03-20T14:30:00+08:00,2026-03-23,56.0,2026-03-25,59.1,0.05535714285714288,0.04919208877349779,random_forest,test,2,0.38599516507627313,0.33218054292386384,0.28182429199986303,SELL
2303,2026-03-23,2026-03-23T14:30:00+08:00,2026-03-24,57.5,2026-03-26,58.2,0.012173913043478368,0.00626112138029411,random_forest,test,1,0.3134652785578665,0.3455829539607317,0.3409517674814021,HOLD
2303,2026-03-24,2026-03-24T14:30:00+08:00,2026-03-25,58.0,2026-03-27,57.8,-0.0034482758620689724,-0.009269807765313831,random_forest,test,1,0.3285660808080738,0.3030971395135706,0.3683367796783555,BUY
2303,2026-03-25,2026-03-25T14:30:00+08:00,2026-03-26,59.4,2026-03-30,57.0,-0.04040404040404033,-0.04600968871882827,random_forest,test,0,0.3352401645934544,0.3684488246034914,0.29631101080305444,HOLD
2303,2026-03-26,2026-03-26T14:30:00+08:00,2026-03-27,57.1,2026-03-31,56.5,-0.010507880910682998,-0.01628817289128326,random_forest,test,0,0.40181529909454233,0.3271120782179338,0.27107262268752363,SELL
2303,2026-03-27,2026-03-27T14:30:00+08:00,2026-03-30,56.3,2026-04-01,57.4,0.019538188277087087,0.013582376906868587,random_forest,test,2,0.3424296161906426,0.3476214137515871,0.3099489700577703,HOLD
2303,2026-03-30,2026-03-30T14:30:00+08:00,2026-03-31,55.9,2026-04-02,53.6,-0.041144901610017826,-0.046746222053966724,random_forest,test,0,0.37327864065505423,0.3233399362380603,0.3033814231068854,SELL
2303,2026-03-31,2026-03-31T14:30:00+08:00,2026-04-01,57.5,2026-04-07,58.3,0.013913043478260834,0.007990092379229097,random_forest,test,1,0.3001841229558112,0.4068014697220093,0.29301440732217965,HOLD
2303,2026-04-01,2026-04-01T14:30:00+08:00,2026-04-02,57.5,2026-04-08,60.3,0.04869565217391303,0.04256951235793327,random_forest,test,2,0.41237924136907494,0.2801909242817293,0.3074298343491957,SELL
2303,2026-04-02,2026-04-02T14:30:00+08:00,2026-04-07,54.7,2026-04-09,60.0,0.09689213893967086,0.09048445088235546,random_forest,test,2,0.31767668063220084,0.31443866119556224,0.367884658172237,BUY
2303,2026-04-07,2026-04-07T14:30:00+08:00,2026-04-08,59.8,2026-04-10,62.0,0.03678929765886285,0.03073271090368479,random_forest,test,2,0.30906065070854366,0.42628912991153073,0.26465021937992567,HOLD
2303,2026-04-08,2026-04-08T14:30:00+08:00,2026-04-09,60.6,2026-04-13,60.1,-0.008250825082508295,-0.014044302051095303,random_forest,test,0,0.3780599787991803,0.3162840193450987,0.3056560018557209,SELL
2303,2026-04-09,2026-04-09T14:30:00+08:00,2026-04-10,59.7,2026-04-14,59.7,0.0,-0.005841675612252573,random_forest,test,1,0.31962744646209346,0.3744773214646135,0.30589523207329306,HOLD
2303,2026-04-10,2026-04-10T14:30:00+08:00,2026-04-13,61.5,2026-04-15,62.1,0.009756097560975618,0.003857429991530381,random_forest,test,1,0.3906112122969961,0.35498723170423147,0.25440155599877223,SELL
2303,2026-04-13,2026-04-13T14:30:00+08:00,2026-04-14,60.1,2026-04-16,68.3,0.13643926788685512,0.12980055833083437,random_forest,test,2,0.31182886015765926,0.30431584922594535,0.3838552906163956,BUY
2303,2026-04-14,2026-04-14T14:30:00+08:00,2026-04-15,60.1,2026-04-17,73.0,0.21464226289517474,0.20754671681040882,random_forest,test,2,0.3875349481544589,0.2867473018912956,0.32571774995424546,SELL
2303,2026-04-15,2026-04-15T14:30:00+08:00,2026-04-16,66.5,2026-04-20,76.9,0.1563909774436092,0.14963571647244778,random_forest,test,2,0.329980073972005,0.3145089258762719,0.3555110001517232,BUY
2303,2026-04-17,2026-04-17T14:30:00+08:00,2026-04-20,78.0,2026-04-22,78.6,0.007692307692307665,0.0018056961138070982,random_forest,test,1,0.2476765435937367,0.25663376030399343,0.4956896961022701,BUY
2303,2026-04-20,2026-04-20T14:30:00+08:00,2026-04-21,78.0,2026-04-23,73.6,-0.05641025641025643,-0.06192240160335638,random_forest,test,0,0.39014428784519084,0.2782575778230176,0.3315981343317915,SELL
2303,2026-04-21,2026-04-21T14:30:00+08:00,2026-04-22,76.5,2026-04-24,74.5,-0.02614379084967322,-0.031832742916507395,random_forest,test,0,0.38675378470411315,0.2973565770656321,0.3158896382302548,SELL
2303,2026-04-22,2026-04-22T14:30:00+08:00,2026-04-23,79.5,2026-04-27,72.7,-0.08553459119496853,-0.09087660147183341,random_forest,test,0,0.3283404852144388,0.2946211023194882,0.37703841246607295,BUY
2303,2026-04-23,2026-04-23T14:30:00+08:00,2026-04-24,77.0,2026-04-28,75.1,-0.02467532467532474,-0.030372855045197045,random_forest,test,0,0.3075770447478393,0.30789793969403056,0.38452501555813,BUY
2303,2026-04-24,2026-04-24T14:30:00+08:00,2026-04-27,76.0,2026-04-29,74.5,-0.019736842105263164,-0.02546322148832647,random_forest,test,0,0.37030571734798384,0.34547990729463895,0.28421437535737704,SELL
2303,2026-04-27,2026-04-27T14:30:00+08:00,2026-04-28,72.3,2026-04-30,77.3,0.06915629322268324,0.06291062897887811,random_forest,test,2,0.3345117495781977,0.3265854371981655,0.33890281322363686,BUY
2303,2026-04-28,2026-04-28T14:30:00+08:00,2026-04-29,75.3,2026-05-04,81.2,0.07835325365205859,0.07205386374880596,random_forest,test,2,0.35101753431453825,0.3142607111232512,0.3347217545622101,SELL
2303,2026-04-29,2026-04-29T14:30:00+08:00,2026-04-30,80.5,2026-05-05,83.1,0.032298136645962705,0.02626778579654432,random_forest,test,2,0.2893561414509723,0.40153590657895344,0.309107951970074,HOLD
2303,2026-04-30,2026-04-30T14:30:00+08:00,2026-05-04,80.0,2026-05-06,91.4,0.14250000000000007,0.13582588561300146,random_forest,test,2,0.3092293771533452,0.2170215730219766,0.4737490498246783,BUY
2303,2026-05-04,2026-05-04T14:30:00+08:00,2026-05-05,80.8,2026-05-07,96.5,0.19430693069306937,0.18733017702249555,random_forest,test,2,0.35666845903661176,0.30651324677551717,0.3368182941878709,SELL
2303,2026-05-05,2026-05-05T14:30:00+08:00,2026-05-06,88.5,2026-05-08,91.3,0.031638418079096065,0.025611921091540424,random_forest,test,2,0.34926043370909743,0.3730222533575247,0.2777173129333781,HOLD
2303,2026-05-06,2026-05-06T14:30:00+08:00,2026-05-07,97.4,2026-05-11,95.0,-0.024640657084188944,-0.030338389970883006,random_forest,test,0,0.2867969015759019,0.25982762612493315,0.45337547229916497,BUY
2303,2026-05-07,2026-05-07T14:30:00+08:00,2026-05-08,96.5,2026-05-12,104.5,0.08290155440414515,0.076575594803312,random_forest,test,2,0.3112127771133129,0.32846363152300073,0.36032359136368614,BUY
2303,2026-05-08,2026-05-08T14:30:00+08:00,2026-05-11,94.7,2026-05-13,98.4,0.03907074973600855,0.03300083547787058,random_forest,test,2,0.40474420020837854,0.28842140258563237,0.30683439720598904,SELL
2303,2026-05-11,2026-05-11T14:30:00+08:00,2026-05-12,96.7,2026-05-14,108.0,0.11685625646328845,0.11033194450751505,random_forest,test,2,0.3828413965365054,0.3155583905542337,0.3016002129092607,SELL
2303,2026-05-12,2026-05-12T14:30:00+08:00,2026-05-13,102.0,2026-05-15,110.0,0.07843137254901955,0.07213152630051178,random_forest,test,2,0.29343874710368995,0.2534605777168931,0.45310067517941677,BUY
2303,2026-05-13,2026-05-13T14:30:00+08:00,2026-05-14,102.0,2026-05-18,111.0,0.08823529411764697,0.0818781765396075,random_forest,test,2,0.3272198860666011,0.3015742960209621,0.37120581791243695,BUY
2303,2026-05-15,2026-05-15T14:30:00+08:00,2026-05-18,108.5,2026-05-20,108.0,-0.004608294930875556,-0.010423050379016363,random_forest,test,0,0.34925098192519605,0.24244156047015897,0.4083074576046449,BUY
2303,2026-05-18,2026-05-18T14:30:00+08:00,2026-05-19,112.5,2026-05-21,116.0,0.03111111111111109,0.02508769447981063,random_forest,test,2,0.29780566200956066,0.18314942705569184,0.5190449109347474,BUY
2303,2026-05-19,2026-05-19T14:30:00+08:00,2026-05-20,114.0,2026-05-22,114.0,0.0,-0.005841675612252684,random_forest,test,1,0.399031111154123,0.2947367269060489,0.3062321619398279,SELL
2303,2026-05-20,2026-05-20T14:30:00+08:00,2026-05-21,112.5,2026-05-25,125.0,0.11111111111111116,0.10462036043083045,random_forest,test,2,0.38128188302010685,0.2634983253930042,0.355219791586889,SELL
2303,2026-05-21,2026-05-21T14:30:00+08:00,2026-05-22,119.5,2026-05-26,130.5,0.09205020920502083,0.08567080613055267,random_forest,test,2,0.2903486732636186,0.3466482780547287,0.36300304868165256,BUY
2303,2026-05-22,2026-05-22T14:30:00+08:00,2026-05-25,115.0,2026-05-27,143.5,0.24782608695652164,0.24053669173601522,random_forest,test,2,0.37742492629514957,0.34371431443745704,0.2788607592673933,SELL
2303,2026-05-26,2026-05-26T14:30:00+08:00,2026-05-27,139.5,2026-05-29,144.5,0.03584229390680993,0.029791239240354983,random_forest,test,2,0.3933114440667729,0.28343212423831965,0.32325643169490736,SELL
2303,2026-05-27,2026-05-27T14:30:00+08:00,2026-05-28,145.0,2026-06-01,146.0,0.006896551724137945,0.0010145886938697224,random_forest,test,1,0.3340461659486498,0.2673303053066575,0.3986235287446924,BUY
2303,2026-05-28,2026-05-28T14:30:00+08:00,2026-05-29,149.0,2026-06-02,141.5,-0.05033557046979864,-0.05588320200760888,random_forest,test,0,0.3524694057280107,0.26204158333743716,0.385489010934552,BUY
2303,2026-05-29,2026-05-29T14:30:00+08:00,2026-06-01,143.0,2026-06-03,130.5,-0.0874125874125874,-0.09274362704474792,random_forest,test,0,0.3407707637266412,0.29754844196770125,0.36168079430565747,BUY
2303,2026-06-01,2026-06-01T14:30:00+08:00,2026-06-02,147.0,2026-06-04,125.0,-0.1496598639455783,-0.1546272751804869,random_forest,test,0,0.4347822423544803,0.2852047781985738,0.2800129794469456,SELL
2303,2026-06-02,2026-06-02T14:30:00+08:00,2026-06-03,141.5,2026-06-05,131.5,-0.07067137809187274,-0.07610021443824178,random_forest,test,0,0.34023181012888676,0.20355842435515709,0.45620976551595604,BUY
2303,2026-06-03,2026-06-03T14:30:00+08:00,2026-06-04,126.5,2026-06-08,121.0,-0.04347826086956519,-0.0490659505856329,random_forest,test,0,0.38509238852373096,0.2799294594301471,0.33497815204612175,SELL
2303,2026-06-04,2026-06-04T14:30:00+08:00,2026-06-05,127.0,2026-06-09,127.5,0.003937007874015741,-0.001927666461119748,random_forest,test,1,0.3845143299806491,0.3627325410709251,0.25275312894842566,SELL
2303,2026-06-05,2026-06-05T14:30:00+08:00,2026-06-08,121.0,2026-06-10,118.5,-0.02066115702479343,-0.02638213685993329,random_forest,test,0,0.36534932091413164,0.20819774510075625,0.4264529339851122,BUY
2303,2026-06-08,2026-06-08T14:30:00+08:00,2026-06-09,124.5,2026-06-11,125.0,0.004016064257028162,-0.0018490718998520617,random_forest,test,1,0.37774725964902167,0.29175857983174913,0.3304941605192291,SELL
2303,2026-06-09,2026-06-09T14:30:00+08:00,2026-06-10,126.5,2026-06-12,133.5,0.05533596837944654,0.0491710379902317,random_forest,test,2,0.3393382060036821,0.2708708842066234,0.3897909097896946,BUY
2303,2026-06-10,2026-06-10T14:30:00+08:00,2026-06-11,119.0,2026-06-15,141.5,0.18907563025210083,0.18212943614173338,random_forest,test,2,0.3757683524160417,0.21175423922275127,0.41247740836120705,BUY
2303,2026-06-11,2026-06-11T14:30:00+08:00,2026-06-12,134.0,2026-06-16,141.0,0.052238805970149294,0.046091968199047484,random_forest,test,2,0.28406259973432263,0.3410878724901718,0.3748495277755056,BUY
2303,2026-06-12,2026-06-12T14:30:00+08:00,2026-06-15,139.5,2026-06-17,140.0,0.0035842293906809264,-0.0022783841269917726,random_forest,test,1,0.34688121120338167,0.293485304491755,0.3596334843048631,BUY
2303,2026-06-15,2026-06-15T14:30:00+08:00,2026-06-16,144.0,2026-06-18,145.5,0.01041666666666674,0.004514140266786537,random_forest,test,1,0.28699352699635183,0.3313925512655816,0.38161392173806674,BUY
2303,2026-06-16,2026-06-16T14:30:00+08:00,2026-06-17,138.5,2026-06-22,160.0,0.15523465703971118,0.14848615091725348,random_forest,test,2,0.3883613894439514,0.2623856002561863,0.3492530102998623,SELL
2303,2026-06-17,2026-06-17T14:30:00+08:00,2026-06-18,141.0,2026-06-23,170.0,0.2056737588652482,0.19863060387175202,random_forest,test,2,0.33678752835680664,0.27834767893370055,0.3848647927094928,BUY
2303,2026-06-18,2026-06-18T14:30:00+08:00,2026-06-22,160.0,2026-06-24,178.0,0.11250000000000004,0.10600113588136884,random_forest,test,2,0.33196146172487206,0.30899912907522364,0.35903940919990424,BUY
2303,2026-06-23,2026-06-23T14:30:00+08:00,2026-06-24,172.0,2026-06-26,164.0,-0.046511627906976716,-0.052081597676798874,random_forest,test,0,0.36622476701563883,0.270387752434894,0.363387480549467,SELL
2303,2026-06-24,2026-06-24T14:30:00+08:00,2026-06-25,183.5,2026-06-29,164.0,-0.10626702997275206,-0.11148792806762631,random_forest,test,0,0.33450228482151173,0.29076396798329285,0.3747337471951954,BUY
2303,2026-06-25,2026-06-25T14:30:00+08:00,2026-06-26,175.0,2026-06-30,164.5,-0.06000000000000005,-0.0654911750755175,random_forest,test,0,0.3396644574518398,0.3103016555712479,0.350033886976912,BUY
2330,2026-01-02,2026-01-02T14:30:00+08:00,2026-01-05,1630.0,2026-01-07,1675.0,0.027607361963190247,0.02160441309783856,random_forest,test,2,0.33305708945441526,0.38628246858714754,0.28066044195843715,HOLD
2330,2026-01-05,2026-01-05T14:30:00+08:00,2026-01-06,1645.0,2026-01-08,1685.0,0.024316109422492405,0.018332386986841698,random_forest,test,2,0.34539814289207216,0.32184089711043495,0.3327609599974929,SELL
2330,2026-01-06,2026-01-06T14:30:00+08:00,2026-01-07,1665.0,2026-01-09,1680.0,0.009009009009008917,0.003114705688538111,random_forest,test,1,0.36263541421151224,0.32966639726695307,0.30769818852153474,SELL
2330,2026-01-07,2026-01-07T14:30:00+08:00,2026-01-08,1660.0,2026-01-12,1690.0,0.01807228915662651,0.01212504109355006,random_forest,test,2,0.3771424503651686,0.37449572792113023,0.2483618217137012,SELL
2330,2026-01-08,2026-01-08T14:30:00+08:00,2026-01-09,1665.0,2026-01-13,1710.0,0.027027027027026973,0.021027468290119034,random_forest,test,2,0.3476022274086457,0.35165342830366086,0.30074434428769337,HOLD
2330,2026-01-09,2026-01-09T13:30:00+08:00,2026-01-12,1700.0,2026-01-14,1710.0,0.00588235294117645,6.314531204809626e-06,random_forest,test,1,0.41692902724240133,0.30069435517198867,0.2823766175856097,SELL
2330,2026-01-12,2026-01-12T14:30:00+08:00,2026-01-13,1720.0,2026-01-15,1690.0,-0.01744186046511631,-0.023181646386457477,random_forest,test,0,0.3586977508833003,0.3772523952846595,0.26404985383204005,HOLD
2330,2026-01-13,2026-01-13T14:30:00+08:00,2026-01-14,1705.0,2026-01-16,1740.0,0.02052785923753664,0.014566266530604555,random_forest,test,2,0.3870194392221371,0.3535075536423911,0.2594730071354716,SELL
2330,2026-01-14,2026-01-14T14:30:00+08:00,2026-01-15,1685.0,2026-01-19,1760.0,0.04451038575667665,0.03840869490945731,random_forest,test,2,0.42072586165142534,0.36341603937116773,0.21585809897740696,SELL
2330,2026-01-15,2026-01-15T14:30:00+08:00,2026-01-16,1735.0,2026-01-20,1775.0,0.023054755043227626,0.01707840103069258,random_forest,test,2,0.31404767107169884,0.3739878644917822,0.31196446443651904,HOLD
2330,2026-01-16,2026-01-16T14:30:00+08:00,2026-01-19,1725.0,2026-01-21,1740.0,0.008695652173912993,0.0028031793824234708,random_forest,test,1,0.3174702076295958,0.3433945069007793,0.33913528546962496,HOLD
2330,2026-01-19,2026-01-19T14:30:00+08:00,2026-01-20,1740.0,2026-01-22,1760.0,0.011494252873563315,0.005585431564618215,random_forest,test,1,0.2906756695925365,0.38313100037549525,0.32619333003196793,HOLD
2330,2026-01-20,2026-01-20T14:30:00+08:00,2026-01-21,1745.0,2026-01-23,1770.0,0.014326647564469885,0.008401280324534799,random_forest,test,1,0.301251942526493,0.3528471116158684,0.3459009458576383,HOLD
2330,2026-01-21,2026-01-21T14:30:00+08:00,2026-01-22,1765.0,2026-01-26,1755.0,-0.005665722379603388,-0.01147430067960531,random_forest,test,0,0.3796950024163316,0.34985326809789574,0.2704517294857727,SELL
2330,2026-01-22,2026-01-22T14:30:00+08:00,2026-01-23,1770.0,2026-01-27,1780.0,0.005649717514124353,-0.00022496191514664865,random_forest,test,1,0.35748315962092136,0.3897855759990127,0.25273126438006616,HOLD
2330,2026-01-23,2026-01-23T14:30:00+08:00,2026-01-26,1765.0,2026-01-28,1820.0,0.031161473087818692,0.025137762258187202,random_forest,test,2,0.35120351445695214,0.34475729857768944,0.30403918696535837,SELL
2330,2026-01-26,2026-01-26T14:30:00+08:00,2026-01-27,1760.0,2026-01-29,1805.0,0.02556818181818188,0.019577145181752353,random_forest,test,2,0.36840743062869913,0.33470767126516493,0.29688489810613583,SELL
2330,2026-01-27,2026-01-27T14:30:00+08:00,2026-01-28,1790.0,2026-01-30,1775.0,-0.008379888268156388,-0.01417261129147962,random_forest,test,0,0.37015434490971283,0.35347838719046437,0.27636726789982247,SELL
2330,2026-01-28,2026-01-28T14:30:00+08:00,2026-01-29,1830.0,2026-02-02,1765.0,-0.03551912568306015,-0.04115331008504142,random_forest,test,0,0.359902099805994,0.3690352589905646,0.2710626412034415,HOLD
2330,2026-01-29,2026-01-29T14:30:00+08:00,2026-01-30,1790.0,2026-02-03,1800.0,0.005586592178770999,-0.00028771849276798545,random_forest,test,1,0.3599769729969007,0.37077433357021516,0.2692486934328842,HOLD
2330,2026-01-30,2026-01-30T14:30:00+08:00,2026-02-02,1750.0,2026-02-04,1785.0,0.020000000000000018,0.014041490875502438,random_forest,test,2,0.38891346290939033,0.31734478385332976,0.2937417532372798,SELL
2330,2026-02-02,2026-02-02T14:30:00+08:00,2026-02-03,1810.0,2026-02-05,1765.0,-0.024861878453038666,-0.030558319036257275,random_forest,test,0,0.33476057659895253,0.3355636713550813,0.3296757520459661,HOLD
2330,2026-02-03,2026-02-03T14:30:00+08:00,2026-02-04,1785.0,2026-02-06,1780.0,-0.0028011204481792618,-0.008626432823422792,random_forest,test,1,0.38236972261908875,0.3461326390751685,0.2714976383057428,SELL
2330,2026-02-04,2026-02-04T14:30:00+08:00,2026-02-05,1765.0,2026-02-09,1815.0,0.028328611898017053,0.022321449724510778,random_forest,test,2,0.3776359104949023,0.390518958842862,0.23184513066223555,HOLD
2330,2026-02-05,2026-02-05T14:30:00+08:00,2026-02-06,1745.0,2026-02-10,1880.0,0.0773638968481376,0.07107028644639835,random_forest,test,2,0.3346249115286007,0.37435078196973287,0.29102430650166655,HOLD
2330,2026-02-06,2026-02-06T14:30:00+08:00,2026-02-09,1830.0,2026-02-11,1915.0,0.04644808743169393,0.04033507715985585,random_forest,test,2,0.32781359931901427,0.4294817522948125,0.24270464838617312,HOLD
2330,2026-02-09,2026-02-09T14:30:00+08:00,2026-02-10,1845.0,2026-02-23,1900.0,0.02981029810298108,0.023794480399306428,random_forest,test,2,0.3081032527554461,0.44233757687251296,0.24955917037204095,HOLD
2330,2026-02-10,2026-02-10T14:30:00+08:00,2026-02-11,1880.0,2026-02-24,1965.0,0.04521276595744683,0.039106972032938225,random_forest,test,2,0.3545519538499431,0.35872570204228815,0.2867223441077687,HOLD
2330,2026-02-11,2026-02-11T14:30:00+08:00,2026-02-23,1900.0,2026-02-25,2015.0,0.06052631578947376,0.05433106507437424,random_forest,test,2,0.33776739385733334,0.36984889901916196,0.29238370712350464,HOLD
2330,2026-02-23,2026-02-23T14:30:00+08:00,2026-02-24,1915.0,2026-02-26,1995.0,0.04177545691906004,0.03568974263893265,random_forest,test,2,0.3469177627005297,0.34037059790337054,0.3127116393960999,SELL
2330,2026-02-24,2026-02-24T14:30:00+08:00,2026-02-25,1995.0,2026-03-02,1975.0,-0.010025062656641603,-0.015808175104861655,random_forest,test,0,0.33297940643180746,0.3111037374616628,0.3559168561065298,BUY
2330,2026-02-25,2026-02-25T14:30:00+08:00,2026-02-26,2000.0,2026-03-03,1935.0,-0.03249999999999997,-0.03815182115485427,random_forest,test,0,0.3448286657152723,0.3782866200782374,0.2768847142064902,HOLD
2330,2026-02-26,2026-02-26T14:30:00+08:00,2026-03-02,1940.0,2026-03-04,1865.0,-0.03865979381443296,-0.0442756314519851,random_forest,test,0,0.3959810231416378,0.3454607038360395,0.25855827302232276,SELL
2330,2026-03-02,2026-03-02T14:30:00+08:00,2026-03-03,1970.0,2026-03-05,1900.0,-0.035532994923857864,-0.04116709830623344,random_forest,test,0,0.4000559132914393,0.35238125932490766,0.247562827383653,SELL
2330,2026-03-03,2026-03-03T14:30:00+08:00,2026-03-04,1895.0,2026-03-06,1890.0,-0.0026385224274406704,-0.008464784647576495,random_forest,test,1,0.47950445519054274,0.25080589642069073,0.26968964838876613,SELL
2330,2026-03-04,2026-03-04T14:30:00+08:00,2026-03-05,1940.0,2026-03-09,1810.0,-0.0670103092783505,-0.07246053240112227,random_forest,test,0,0.40904586942214216,0.3176296022119894,0.2733245283658686,SELL
2330,2026-03-05,2026-03-05T14:30:00+08:00,2026-03-06,1880.0,2026-03-10,1850.0,-0.015957446808510634,-0.021705904192908076,random_forest,test,0,0.36143237724635635,0.3094787270826883,0.32908889567095506,SELL
2330,2026-03-06,2026-03-06T14:30:00+08:00,2026-03-09,1775.0,2026-03-11,1940.0,0.09295774647887334,0.08657304186604509,random_forest,test,2,0.38228149493295527,0.3503798215019646,0.26733868356508006,SELL
2330,2026-03-09,2026-03-09T14:30:00+08:00,2026-03-10,1870.0,2026-03-12,1885.0,0.008021390374331583,0.0021328564015530294,random_forest,test,1,0.33777201126567036,0.3241289269794404,0.3380990617548894,BUY
2330,2026-03-10,2026-03-10T14:30:00+08:00,2026-03-11,1885.0,2026-03-13,1865.0,-0.010610079575596787,-0.016389774544748548,random_forest,test,0,0.33960009432988447,0.28388612736094493,0.37651377830917043,BUY
2330,2026-03-11,2026-03-11T14:30:00+08:00,2026-03-12,1900.0,2026-03-16,1845.0,-0.02894736842105261,-0.03461994289716097,random_forest,test,0,0.3065431323039594,0.2712891058433623,0.4221677618526786,BUY
2330,2026-03-12,2026-03-12T14:30:00+08:00,2026-03-13,1840.0,2026-03-17,1870.0,0.016304347826086918,0.010367427502764981,random_forest,test,2,0.4304384901886263,0.3107351637896737,0.2588263460217001,SELL
2330,2026-03-13,2026-03-13T14:30:00+08:00,2026-03-16,1875.0,2026-03-18,1905.0,0.016000000000000014,0.010064857577951392,random_forest,test,2,0.4108959304203082,0.3375432177125524,0.25156085186713945,SELL
2330,2026-03-16,2026-03-16T14:30:00+08:00,2026-03-17,1875.0,2026-03-19,1850.0,-0.013333333333333308,-0.01909711993742247,random_forest,test,0,0.344951268546526,0.35301818034556826,0.3020305511079053,HOLD
2330,2026-03-17,2026-03-17T14:30:00+08:00,2026-03-18,1900.0,2026-03-20,1840.0,-0.03157894736842104,-0.037236149013970876,random_forest,test,0,0.3551782603704853,0.37201359533125883,0.2728081442982557,HOLD
2330,2026-03-18,2026-03-18T14:30:00+08:00,2026-03-19,1875.0,2026-03-23,1810.0,-0.03466666666666662,-0.04030583085769446,random_forest,test,0,0.38601299064873035,0.3419959636490793,0.2719910457021903,SELL
2330,2026-03-19,2026-03-19T14:30:00+08:00,2026-03-20,1860.0,2026-03-24,1810.0,-0.026881720430107503,-0.03256636175170813,random_forest,test,0,0.3929324289072092,0.3551366224439891,0.2519309486488018,SELL
2330,2026-03-20,2026-03-20T14:30:00+08:00,2026-03-23,1790.0,2026-03-25,1845.0,0.030726256983240274,0.024705088544912712,random_forest,test,2,0.4024078045170134,0.32659408826739644,0.27099810721559003,SELL
2330,2026-03-23,2026-03-23T14:30:00+08:00,2026-03-24,1850.0,2026-03-26,1840.0,-0.00540540540540535,-0.011215504392726894,random_forest,test,0,0.3415735282535276,0.3319265142562335,0.32649995749023886,SELL
2330,2026-03-24,2026-03-24T14:30:00+08:00,2026-03-25,1865.0,2026-03-27,1820.0,-0.024128686327077764,-0.029829409980857702,random_forest,test,0,0.3236872969344475,0.34419570404306987,0.33211699902248265,HOLD
2330,2026-03-25,2026-03-25T14:30:00+08:00,2026-03-26,1850.0,2026-03-30,1780.0,-0.037837837837837784,-0.04345847707557282,random_forest,test,0,0.35092644362380204,0.37459684287706324,0.27447671349913466,HOLD
2330,2026-03-26,2026-03-26T14:30:00+08:00,2026-03-27,1805.0,2026-03-31,1760.0,-0.024930747922437657,-0.030626786192556432,random_forest,test,0,0.365917075235756,0.2858213077698863,0.34826161699435754,SELL
2330,2026-03-27,2026-03-27T14:30:00+08:00,2026-03-30,1780.0,2026-04-01,1855.0,0.042134831460674205,0.036047017831051464,random_forest,test,2,0.358251289569711,0.31227452130347993,0.3294741891268089,SELL
2330,2026-03-30,2026-03-30T14:30:00+08:00,2026-03-31,1775.0,2026-04-02,1810.0,0.019718309859154903,0.0137614462770832,random_forest,test,2,0.35102351001251864,0.3705835026873631,0.27839298730011797,HOLD
2330,2026-03-31,2026-03-31T14:30:00+08:00,2026-04-01,1840.0,2026-04-07,1860.0,0.010869565217391353,0.004964393131092537,random_forest,test,1,0.43875328787515744,0.30580095106854926,0.25544576105629313,SELL
2330,2026-04-01,2026-04-01T14:30:00+08:00,2026-04-02,1865.0,2026-04-08,1950.0,0.04557640750670244,0.03946848930622382,random_forest,test,2,0.31649080839710153,0.3567527774014967,0.32675641420140195,HOLD
2330,2026-04-02,2026-04-02T14:30:00+08:00,2026-04-07,1850.0,2026-04-09,1955.0,0.05675675675675684,0.05058352658272769,random_forest,test,2,0.3646484435366804,0.31095344630265853,0.32439811016066117,SELL
2330,2026-04-07,2026-04-07T14:30:00+08:00,2026-04-08,1935.0,2026-04-10,2000.0,0.03359173126614978,0.02755382365658643,random_forest,test,2,0.4377284058242421,0.31896793162553755,0.24330366255022032,SELL
2330,2026-04-08,2026-04-08T14:30:00+08:00,2026-04-09,1945.0,2026-04-13,1990.0,0.023136246786632286,0.017159416725767374,random_forest,test,2,0.3844529071626344,0.34996378839860576,0.2655833044387596,SELL
2330,2026-04-09,2026-04-09T14:30:00+08:00,2026-04-10,1975.0,2026-04-14,2055.0,0.040506329113924044,0.03442802866674488,random_forest,test,2,0.40731052599901096,0.2951302940390963,0.29755917996189263,SELL
2330,2026-04-10,2026-04-10T14:30:00+08:00,2026-04-13,1985.0,2026-04-15,2080.0,0.04785894206549113,0.041737690038546216,random_forest,test,2,0.3735667832762691,0.34322279434563596,0.28321042237809485,SELL
2330,2026-04-13,2026-04-13T14:30:00+08:00,2026-04-14,2015.0,2026-04-16,2085.0,0.03473945409429291,0.0286948418602746,random_forest,test,2,0.3609458279901477,0.30337008588648723,0.33568408612336503,SELL
2330,2026-04-14,2026-04-14T14:30:00+08:00,2026-04-15,2065.0,2026-04-17,2030.0,-0.016949152542372836,-0.022691816703570455,random_forest,test,0,0.3597534423272388,0.32452824835175403,0.31571830932100703,SELL
2330,2026-04-15,2026-04-15T14:30:00+08:00,2026-04-16,2080.0,2026-04-20,2025.0,-0.02644230769230771,-0.03212951592058233,random_forest,test,0,0.4204193431488882,0.30503187995158443,0.27454877689952734,SELL
2330,2026-04-16,2026-04-16T14:30:00+08:00,2026-04-17,2055.0,2026-04-21,2050.0,-0.0024330900243308973,-0.008260552313925862,random_forest,test,1,0.35093611687992665,0.33248920561080525,0.316574677509268,SELL
2330,2026-04-17,2026-04-17T14:30:00+08:00,2026-04-20,2030.0,2026-04-22,2050.0,0.009852216748768461,0.003952987682207976,random_forest,test,1,0.4136474759519582,0.301170043948818,0.2851824800992235,SELL
2330,2026-04-20,2026-04-20T14:30:00+08:00,2026-04-21,2050.0,2026-04-23,2080.0,0.014634146341463428,0.008706982793421858,random_forest,test,1,0.3593926622957165,0.3683137926534046,0.2722935450508788,HOLD
2330,2026-04-21,2026-04-21T14:30:00+08:00,2026-04-22,2045.0,2026-04-24,2185.0,0.06845965770171158,0.062218062976639565,random_forest,test,2,0.3716061007174502,0.38055023482117983,0.24784366446136982,HOLD
2330,2026-04-22,2026-04-22T14:30:00+08:00,2026-04-23,2090.0,2026-04-27,2265.0,0.08373205741626788,0.07740124628624301,random_forest,test,2,0.40630261096044906,0.3641563839513436,0.22954100508820716,SELL
2330,2026-04-23,2026-04-23T14:30:00+08:00,2026-04-24,2110.0,2026-04-28,2215.0,0.04976303317535535,0.04363065806581079,random_forest,test,2,0.33148926819913854,0.26270705642621717,0.40580367537464457,BUY
2330,2026-04-24,2026-04-24T14:30:00+08:00,2026-04-27,2280.0,2026-04-29,2180.0,-0.04385964912280704,-0.049445110892416766,random_forest,test,0,0.3466641109666557,0.2961423646019144,0.3571935244314298,BUY
2330,2026-04-27,2026-04-27T14:30:00+08:00,2026-04-28,2245.0,2026-04-30,2135.0,-0.04899777282850781,-0.05455321934617352,random_forest,test,0,0.3518487720404178,0.35284608728970424,0.29530514066987773,HOLD
2330,2026-04-28,2026-04-28T14:30:00+08:00,2026-04-29,2175.0,2026-05-04,2275.0,0.04597701149425282,0.03986675309522991,random_forest,test,2,0.3192872832401395,0.4069655830887019,0.2737471336711586,HOLD
2330,2026-04-29,2026-04-29T14:30:00+08:00,2026-04-30,2205.0,2026-05-05,2250.0,0.020408163265306145,0.014447269783415706,random_forest,test,2,0.40029465971110506,0.27397002701096196,0.3257353132779327,SELL
2330,2026-04-30,2026-04-30T14:30:00+08:00,2026-05-04,2200.0,2026-05-06,2250.0,0.022727272727272707,0.016752831760196152,random_forest,test,2,0.3840456000335534,0.33154590097566405,0.2844084989907826,SELL
2330,2026-05-04,2026-05-04T14:30:00+08:00,2026-05-05,2250.0,2026-05-07,2310.0,0.026666666666666616,0.02066921303808722,random_forest,test,2,0.3962915396058059,0.31555504895867303,0.288153411435521,SELL
2330,2026-05-05,2026-05-05T14:30:00+08:00,2026-05-06,2250.0,2026-05-08,2290.0,0.01777777777777767,0.011832250154640622,random_forest,test,2,0.3631548221799195,0.3180571390542516,0.318788038765829,SELL
2330,2026-05-06,2026-05-06T14:30:00+08:00,2026-05-07,2335.0,2026-05-11,2235.0,-0.04282655246252676,-0.04841804924770199,random_forest,test,0,0.38135666547633607,0.34956840916933,0.2690749253543337,SELL
2330,2026-05-07,2026-05-07T14:30:00+08:00,2026-05-08,2300.0,2026-05-12,2255.0,-0.019565217391304346,-0.025292599350273837,random_forest,test,0,0.40744698844506994,0.3284275015350925,0.26412551001983775,SELL
2330,2026-05-08,2026-05-08T14:30:00+08:00,2026-05-11,2265.0,2026-05-13,2220.0,-0.019867549668874163,-0.02559316550075086,random_forest,test,0,0.39304336165420317,0.3672370925147569,0.23971954583103977,SELL
2330,2026-05-11,2026-05-11T14:30:00+08:00,2026-05-12,2235.0,2026-05-14,2270.0,0.015659955257270708,0.009726799266302821,random_forest,test,1,0.38261338341088197,0.32708570034282547,0.2903009162462927,SELL
2330,2026-05-12,2026-05-12T14:30:00+08:00,2026-05-13,2205.0,2026-05-15,2265.0,0.027210884353741527,0.021210251581971873,random_forest,test,2,0.3229136901639162,0.42641456716929144,0.25067174266679226,HOLD
2330,2026-05-13,2026-05-13T14:30:00+08:00,2026-05-14,2250.0,2026-05-18,2240.0,-0.004444444444444473,-0.010260157053975871,random_forest,test,0,0.3638063438932502,0.35290266440743634,0.28329099169931343,SELL
2330,2026-05-14,2026-05-14T14:30:00+08:00,2026-05-15,2310.0,2026-05-19,2205.0,-0.045454545454545414,-0.05103069035715013,random_forest,test,0,0.3087515374625181,0.43025070391657677,0.2609977586209052,HOLD
2330,2026-05-15,2026-05-15T14:30:00+08:00,2026-05-18,2225.0,2026-05-20,2185.0,-0.017977528089887618,-0.02371418481472909,random_forest,test,0,0.3799761391781176,0.33866168177573763,0.28136217904614474,SELL
2330,2026-05-18,2026-05-18T14:30:00+08:00,2026-05-19,2220.0,2026-05-21,2230.0,0.0045045045045044585,-0.001363484961857231,random_forest,test,1,0.31284308027245034,0.41874096008267453,0.26841595964487486,HOLD
2330,2026-05-19,2026-05-19T14:30:00+08:00,2026-05-20,2205.0,2026-05-22,2255.0,0.0226757369614512,0.01670159704960117,random_forest,test,2,0.38216715391939116,0.357514153554932,0.260318692525677,SELL
2330,2026-05-20,2026-05-20T14:30:00+08:00,2026-05-21,2240.0,2026-05-25,2310.0,0.03125,0.025225772024864535,random_forest,test,2,0.359339529407799,0.3465024362268161,0.2941580343653847,SELL
2330,2026-05-21,2026-05-21T14:30:00+08:00,2026-05-22,2245.0,2026-05-26,2270.0,0.011135857461024523,0.00522912978182033,random_forest,test,1,0.36461046350115417,0.3453677079838729,0.29002182851497316,SELL
2330,2026-05-22,2026-05-22T14:30:00+08:00,2026-05-25,2275.0,2026-05-27,2300.0,0.01098901098901095,0.005083141139260894,random_forest,test,1,0.3078131368289502,0.3690715691429217,0.3231152940281279,HOLD
2330,2026-05-25,2026-05-25T14:30:00+08:00,2026-05-26,2320.0,2026-05-28,2295.0,-0.010775862068965525,-0.016554588590568686,random_forest,test,0,0.29649954189587513,0.3496710871799846,0.35382937092414063,BUY
2330,2026-05-26,2026-05-26T14:30:00+08:00,2026-05-27,2310.0,2026-05-29,2355.0,0.01948051948051943,0.013525044992703572,random_forest,test,2,0.46283748239348826,0.26249345776493516,0.27466905984157647,SELL
2330,2026-05-27,2026-05-27T14:30:00+08:00,2026-05-28,2350.0,2026-06-01,2355.0,0.0021276595744681437,-0.0037264451348320016,random_forest,test,1,0.3847396091614168,0.3653778818359912,0.24988250900259182,SELL
2330,2026-05-28,2026-05-28T14:30:00+08:00,2026-05-29,2340.0,2026-06-02,2380.0,0.017094017094017033,0.011152483778990918,random_forest,test,2,0.3946408168632043,0.3164227697914565,0.28893641334533904,SELL
2330,2026-05-29,2026-05-29T14:30:00+08:00,2026-06-01,2355.0,2026-06-03,2425.0,0.02972399150743099,0.023708677978890647,random_forest,test,2,0.3640902769693046,0.332199582230046,0.30371014080064934,SELL
2330,2026-06-01,2026-06-01T14:30:00+08:00,2026-06-02,2390.0,2026-06-04,2385.0,-0.0020920502092049986,-0.007921504742770757,random_forest,test,1,0.37248765997717315,0.3508982502840524,0.2766140897387741,SELL
2330,2026-06-02,2026-06-02T14:30:00+08:00,2026-06-03,2425.0,2026-06-05,2365.0,-0.024742268041237137,-0.030439407349681424,random_forest,test,0,0.35619590243084415,0.33734602816163384,0.30645806940752185,SELL
2330,2026-06-03,2026-06-03T14:30:00+08:00,2026-06-04,2385.0,2026-06-08,2295.0,-0.037735849056603765,-0.0433570840797145,random_forest,test,0,0.3680962224238789,0.37136915863303877,0.26053461894308216,HOLD
2330,2026-06-04,2026-06-04T14:30:00+08:00,2026-06-05,2395.0,2026-06-09,2305.0,-0.0375782881002088,-0.0432004435433162,random_forest,test,0,0.3296345941562274,0.37694686989802556,0.29341853594574696,HOLD
2330,2026-06-05,2026-06-05T14:30:00+08:00,2026-06-08,2230.0,2026-06-10,2255.0,0.011210762331838486,0.005303597082677358,random_forest,test,1,0.44458180842762784,0.3081846708533501,0.24723352071902194,SELL
2330,2026-06-08,2026-06-08T14:30:00+08:00,2026-06-09,2305.0,2026-06-11,2250.0,-0.02386117136659438,-0.029563457755995115,random_forest,test,0,0.3734553582486872,0.42379551804185234,0.20274912370946072,HOLD
2330,2026-06-09,2026-06-09T14:30:00+08:00,2026-06-10,2285.0,2026-06-12,2310.0,0.010940919037199182,0.005035330125031434,random_forest,test,1,0.35495622066060273,0.3772336361066238,0.2678101432327735,HOLD
2330,2026-06-10,2026-06-10T14:30:00+08:00,2026-06-11,2240.0,2026-06-15,2375.0,0.060267857142857206,0.05407411625933034,random_forest,test,2,0.4183145329727369,0.33432889616410455,0.24735657086315832,SELL
2330,2026-06-11,2026-06-11T14:30:00+08:00,2026-06-12,2325.0,2026-06-16,2400.0,0.032258064516129004,0.026227947755094183,random_forest,test,2,0.35462226532470764,0.33262157678404825,0.3127561578912438,SELL
2330,2026-06-12,2026-06-12T14:30:00+08:00,2026-06-15,2360.0,2026-06-17,2385.0,0.010593220338983134,0.004689662569821174,random_forest,test,1,0.38381757302103253,0.383932149978627,0.23225027700034012,HOLD
2330,2026-06-15,2026-06-15T14:30:00+08:00,2026-06-16,2375.0,2026-06-18,2410.0,0.01473684210526316,0.008809078641882628,random_forest,test,1,0.35850297222614275,0.37320537506412405,0.26829165270973315,HOLD
2330,2026-06-16,2026-06-16T14:30:00+08:00,2026-06-17,2355.0,2026-06-22,2510.0,0.06581740976645434,0.059591250196707524,random_forest,test,2,0.34500304594846315,0.35018147070713623,0.3048154833444007,HOLD
2330,2026-06-17,2026-06-17T14:30:00+08:00,2026-06-18,2395.0,2026-06-23,2490.0,0.039665970772442494,0.033592579426092284,random_forest,test,2,0.3423979267584833,0.3269720571981678,0.3306300160433491,SELL
2330,2026-06-18,2026-06-18T14:30:00+08:00,2026-06-22,2455.0,2026-06-24,2390.0,-0.02647657841140527,-0.032163586441256053,random_forest,test,0,0.3733247741814798,0.3745606888289481,0.25211453698957215,HOLD
2330,2026-06-22,2026-06-22T14:30:00+08:00,2026-06-23,2510.0,2026-06-25,2390.0,-0.047808764940239,-0.05337115725628838,random_forest,test,0,0.34611223987546147,0.3416803900891185,0.3122073700354201,SELL
2330,2026-06-23,2026-06-23T14:30:00+08:00,2026-06-24,2435.0,2026-06-26,2340.0,-0.03901437371663241,-0.044628140013417306,random_forest,test,0,0.3275402284962816,0.399690016627463,0.2727697548762553,HOLD
2330,2026-06-24,2026-06-24T14:30:00+08:00,2026-06-25,2410.0,2026-06-29,2370.0,-0.016597510373444035,-0.022342228714124057,random_forest,test,0,0.43041739468339685,0.32868710210201363,0.2408955032145892,SELL
2330,2026-06-25,2026-06-25T14:30:00+08:00,2026-06-26,2360.0,2026-06-30,2410.0,0.021186440677966045,0.015221000751894698,random_forest,test,2,0.3413386683234019,0.36834073289384983,0.290320598782748,HOLD
2412,2026-01-02,2026-01-02T13:30:00+08:00,2026-01-05,131.5,2026-01-07,133.0,0.011406844106463865,0.005498533411181894,random_forest,test,1,0.3934215389688515,0.39878900543084184,0.20778945560030693,HOLD
2412,2026-01-05,2026-01-05T13:30:00+08:00,2026-01-06,133.0,2026-01-08,133.5,0.003759398496240518,-0.002104238302524153,random_forest,test,1,0.31882454661663023,0.4134842654603871,0.267691187922983,HOLD
2412,2026-01-06,2026-01-06T13:30:00+08:00,2026-01-07,132.0,2026-01-09,133.5,0.011363636363636465,0.005455578073972012,random_forest,test,1,0.2849010735342272,0.4489158540061025,0.2661830724596701,HOLD
2412,2026-01-07,2026-01-07T13:30:00+08:00,2026-01-08,133.0,2026-01-12,133.5,0.003759398496240518,-0.002104238302524153,random_forest,test,1,0.2948067637058094,0.3860570503838367,0.31913618591035386,HOLD
2412,2026-01-08,2026-01-08T13:30:00+08:00,2026-01-09,133.0,2026-01-13,133.5,0.003759398496240518,-0.002104238302524153,random_forest,test,1,0.3326937981297112,0.4382476367288258,0.2290585651414631,HOLD
2412,2026-01-09,2026-01-09T13:30:00+08:00,2026-01-12,133.0,2026-01-14,133.0,0.0,-0.005841675612252573,random_forest,test,1,0.30694010414396056,0.41147569995011446,0.28158419590592515,HOLD
2412,2026-01-12,2026-01-12T13:30:00+08:00,2026-01-13,133.5,2026-01-15,133.5,0.0,-0.005841675612252462,random_forest,test,1,0.3109724018178499,0.4372991514804472,0.2517284467017029,HOLD
2412,2026-01-13,2026-01-13T13:30:00+08:00,2026-01-14,133.5,2026-01-16,133.0,-0.0037453183520599342,-0.009565115029435134,random_forest,test,1,0.2990650078219972,0.46733847241717297,0.23359651976082974,HOLD
2412,2026-01-14,2026-01-14T13:30:00+08:00,2026-01-15,133.5,2026-01-19,134.0,0.0037453183520599342,-0.0021182361950699002,random_forest,test,1,0.3213815120971893,0.4323470822688218,0.24627140563398886,HOLD
2412,2026-01-15,2026-01-15T13:30:00+08:00,2026-01-16,133.5,2026-01-20,133.0,-0.0037453183520599342,-0.009565115029435134,random_forest,test,1,0.3198833424509429,0.39089810854443946,0.28921854900461746,HOLD
2412,2026-01-16,2026-01-16T13:30:00+08:00,2026-01-19,133.5,2026-01-21,133.0,-0.0037453183520599342,-0.009565115029435134,random_forest,test,1,0.30478760466904026,0.4041545665931956,0.29105782873776403,HOLD
2412,2026-01-19,2026-01-19T13:30:00+08:00,2026-01-20,133.5,2026-01-22,133.0,-0.0037453183520599342,-0.009565115029435134,random_forest,test,1,0.36898566598605426,0.3766894568310329,0.25432487718291286,HOLD
2412,2026-01-20,2026-01-20T13:30:00+08:00,2026-01-21,133.5,2026-01-23,134.0,0.0037453183520599342,-0.0021182361950699002,random_forest,test,1,0.32527793052543497,0.4046768466695022,0.2700452228050629,HOLD
2412,2026-01-21,2026-01-21T13:30:00+08:00,2026-01-22,133.0,2026-01-26,134.0,0.007518796992481258,0.0016331990072042668,random_forest,test,1,0.35377162933467976,0.44116781974014396,0.20506055092517633,HOLD
2412,2026-01-22,2026-01-22T13:30:00+08:00,2026-01-23,133.5,2026-01-27,133.0,-0.0037453183520599342,-0.009565115029435134,random_forest,test,1,0.3359869120545372,0.44673520394170324,0.21727788400375947,HOLD
2412,2026-01-23,2026-01-23T13:30:00+08:00,2026-01-26,134.0,2026-01-28,133.5,-0.003731343283582045,-0.009551221598773973,random_forest,test,1,0.3199929663520134,0.4276509396877736,0.2523560939602127,HOLD
2412,2026-01-26,2026-01-26T13:30:00+08:00,2026-01-27,134.0,2026-01-29,133.5,-0.003731343283582045,-0.009551221598773973,random_forest,test,1,0.3286380440900607,0.4548698015278677,0.21649215438207178,HOLD
2412,2026-01-27,2026-01-27T13:30:00+08:00,2026-01-28,133.5,2026-01-30,133.5,0.0,-0.005841675612252462,random_forest,test,1,0.3976377036369873,0.41023164608134033,0.19213065028167217,HOLD
2412,2026-01-28,2026-01-28T13:30:00+08:00,2026-01-29,133.5,2026-02-02,133.0,-0.0037453183520599342,-0.009565115029435134,random_forest,test,1,0.31979510057663435,0.4074598769907329,0.2727450224326328,HOLD
2412,2026-01-29,2026-01-29T13:30:00+08:00,2026-01-30,133.5,2026-02-03,133.5,0.0,-0.005841675612252462,random_forest,test,1,0.3521959794355841,0.3686051448455728,0.27919887571884294,HOLD
2412,2026-01-30,2026-01-30T13:30:00+08:00,2026-02-02,134.0,2026-02-04,133.0,-0.007462686567164201,-0.013260767585295596,random_forest,test,0,0.3316070507796967,0.37009774851898575,0.2982952007013175,HOLD
2412,2026-02-02,2026-02-02T13:30:00+08:00,2026-02-03,133.5,2026-02-05,132.5,-0.0074906367041198685,-0.013288554446617584,random_forest,test,0,0.34113284924947485,0.3970171615127983,0.26184998923772684,HOLD
2412,2026-02-03,2026-02-03T13:30:00+08:00,2026-02-04,133.5,2026-02-06,133.0,-0.0037453183520599342,-0.009565115029435134,random_forest,test,1,0.32492971326075737,0.43160790990096126,0.24346237683828115,HOLD
2412,2026-02-04,2026-02-04T13:30:00+08:00,2026-02-05,133.0,2026-02-09,132.0,-0.007518796992481258,-0.013316550231709412,random_forest,test,0,0.2847999408310072,0.4042259925122015,0.3109740666567913,HOLD
2412,2026-02-05,2026-02-05T13:30:00+08:00,2026-02-06,132.5,2026-02-10,132.5,0.0,-0.005841675612252573,random_forest,test,1,0.35494558768709467,0.4121100565353911,0.2329443557775142,HOLD
2412,2026-02-06,2026-02-06T13:30:00+08:00,2026-02-09,133.0,2026-02-11,133.0,0.0,-0.005841675612252573,random_forest,test,1,0.32440985054839105,0.46149986810806737,0.2140902813435417,HOLD
2412,2026-02-09,2026-02-09T13:30:00+08:00,2026-02-10,132.0,2026-02-23,135.0,0.022727272727272707,0.016752831760196374,random_forest,test,2,0.4041289762048869,0.4033052640550654,0.19256575974004772,SELL
2412,2026-02-10,2026-02-10T13:30:00+08:00,2026-02-11,133.5,2026-02-24,135.5,0.014981273408239737,0.009052082056477673,random_forest,test,1,0.31455092918770305,0.4351387486409258,0.25031032217137084,HOLD
2412,2026-02-11,2026-02-11T13:30:00+08:00,2026-02-23,134.0,2026-02-25,136.0,0.014925373134328401,0.008996508333833253,random_forest,test,1,0.31465386670560336,0.38335979941512316,0.30198633387927365,HOLD
2412,2026-02-23,2026-02-23T13:30:00+08:00,2026-02-24,134.5,2026-02-26,134.0,-0.0037174721189591198,-0.009537431464995194,random_forest,test,1,0.32776545743956015,0.45559678481309973,0.21663775774734004,HOLD
2412,2026-02-24,2026-02-24T13:30:00+08:00,2026-02-25,135.0,2026-03-02,138.0,0.022222222222222143,0.016250731596364032,random_forest,test,2,0.3256707876795613,0.4152721184594506,0.2590570938609883,HOLD
2412,2026-02-25,2026-02-25T13:30:00+08:00,2026-02-26,136.0,2026-03-03,138.0,0.014705882352941124,0.008778299746390772,random_forest,test,1,0.3233257832581049,0.44756894747965087,0.22910526926224428,HOLD
2412,2026-02-26,2026-02-26T13:30:00+08:00,2026-03-02,135.0,2026-03-04,135.5,0.0037037037037037646,-0.002159607744149805,random_forest,test,1,0.45044917247177435,0.2619270786875764,0.2876237488406491,SELL
2412,2026-03-02,2026-03-02T13:30:00+08:00,2026-03-03,137.5,2026-03-05,137.0,-0.0036363636363636598,-0.009456796791844413,random_forest,test,1,0.36727433204031984,0.3214687639793102,0.31125690398037004,SELL
2412,2026-03-03,2026-03-03T13:30:00+08:00,2026-03-04,137.0,2026-03-06,136.5,-0.0036496350364964014,-0.009469990664762618,random_forest,test,1,0.3296796639294937,0.4198306366789292,0.25048969939157695,HOLD
2412,2026-03-04,2026-03-04T13:30:00+08:00,2026-03-05,136.5,2026-03-09,136.0,-0.00366300366300365,-0.009483281196090432,random_forest,test,1,0.3525685892368306,0.408236839620897,0.23919457114227224,HOLD
2412,2026-03-05,2026-03-05T13:30:00+08:00,2026-03-06,136.5,2026-03-10,135.0,-0.01098901098901095,-0.01676649236376626,random_forest,test,0,0.25881607981545535,0.35436634463365557,0.386817575550889,BUY
2412,2026-03-06,2026-03-06T13:30:00+08:00,2026-03-09,134.5,2026-03-11,135.5,0.0074349442379182396,0.0015498360932324484,random_forest,test,1,0.3233421456193284,0.3878877197516447,0.2887701346290268,HOLD
2412,2026-03-09,2026-03-09T13:30:00+08:00,2026-03-10,137.0,2026-03-12,136.0,-0.007299270072992692,-0.013098305717272551,random_forest,test,0,0.36199571497185423,0.3995995065821074,0.2384047784460385,HOLD
2412,2026-03-10,2026-03-10T13:30:00+08:00,2026-03-11,136.0,2026-03-13,136.0,0.0,-0.005841675612252573,random_forest,test,1,0.4024983806065371,0.2909267457902424,0.3065748736032203,SELL
2412,2026-03-11,2026-03-11T13:30:00+08:00,2026-03-12,135.0,2026-03-16,136.5,0.011111111111111072,0.005204527992055619,random_forest,test,1,0.3497590591004437,0.3091804931395098,0.34106044776004635,SELL
2412,2026-03-12,2026-03-12T13:30:00+08:00,2026-03-13,136.0,2026-03-17,137.0,0.007352941176470562,0.0014683120670690997,random_forest,test,1,0.41256772112640255,0.3006214207590466,0.28681085811455076,SELL
2412,2026-03-13,2026-03-13T13:30:00+08:00,2026-03-16,136.5,2026-03-18,137.5,0.0073260073260073,0.0014415355554231457,random_forest,test,1,0.31803540258898366,0.43313356679065296,0.24883103062036338,HOLD
2412,2026-03-16,2026-03-16T13:30:00+08:00,2026-03-17,137.0,2026-03-19,135.5,-0.010948905109489093,-0.016726620769782707,random_forest,test,0,0.3377575484255085,0.40680841033328874,0.25543404124120295,HOLD
2412,2026-03-17,2026-03-17T13:30:00+08:00,2026-03-18,137.5,2026-03-20,134.0,-0.025454545454545507,-0.031147523869395344,random_forest,test,0,0.39900037843709674,0.296764859034917,0.3042347625279859,SELL
2412,2026-03-18,2026-03-18T13:30:00+08:00,2026-03-19,137.0,2026-03-23,134.0,-0.021897810218978075,-0.02761156592731262,random_forest,test,0,0.34708057555884136,0.41215123776989077,0.2407681866712676,HOLD
2412,2026-03-19,2026-03-19T13:30:00+08:00,2026-03-20,136.0,2026-03-24,134.0,-0.014705882352941124,-0.020461650970895917,random_forest,test,0,0.3573838612711272,0.3576073020124819,0.2850088367163908,HOLD
2412,2026-03-20,2026-03-20T13:30:00+08:00,2026-03-23,133.0,2026-03-25,135.0,0.015037593984962516,0.009108073626660884,random_forest,test,1,0.3274799925163199,0.348846295975472,0.3236737115082079,HOLD
2412,2026-03-23,2026-03-23T13:30:00+08:00,2026-03-24,134.0,2026-03-26,134.5,0.003731343283582156,-0.0021321296257312827,random_forest,test,1,0.29279247930442964,0.40593658394903204,0.30127093674653826,HOLD
2412,2026-03-24,2026-03-24T13:30:00+08:00,2026-03-25,135.5,2026-03-27,134.0,-0.011070110701106972,-0.016847118317651955,random_forest,test,0,0.3684560235779293,0.39099818370974965,0.24054579271232096,HOLD
2412,2026-03-26,2026-03-26T13:30:00+08:00,2026-03-27,134.5,2026-03-31,133.0,-0.01115241635687736,-0.016928943170480326,random_forest,test,0,0.3618078817613306,0.39316222150315,0.24502989673551942,HOLD
2412,2026-03-27,2026-03-27T13:30:00+08:00,2026-03-30,133.5,2026-04-01,134.0,0.0037453183520599342,-0.0021182361950699002,random_forest,test,1,0.32524089591455246,0.4273813196984756,0.24737778438697197,HOLD
2412,2026-03-30,2026-03-30T13:30:00+08:00,2026-03-31,133.5,2026-04-02,134.0,0.0037453183520599342,-0.0021182361950699002,random_forest,test,1,0.3159593737088914,0.4306440298799967,0.2533965964111122,HOLD
2412,2026-03-31,2026-03-31T13:30:00+08:00,2026-04-01,134.0,2026-04-07,134.0,0.0,-0.005841675612252684,random_forest,test,1,0.32932574218399074,0.440040630082465,0.23063362773354418,HOLD
2412,2026-04-01,2026-04-01T13:30:00+08:00,2026-04-02,134.5,2026-04-08,134.0,-0.0037174721189591198,-0.009537431464995194,random_forest,test,1,0.36366664308632296,0.3599211174988486,0.27641223941482873,SELL
2412,2026-04-02,2026-04-02T13:30:00+08:00,2026-04-07,134.0,2026-04-09,135.0,0.00746268656716409,0.0015774163607902292,random_forest,test,1,0.4027378068908527,0.33816969054351015,0.2590925025656368,SELL
2412,2026-04-07,2026-04-07T13:30:00+08:00,2026-04-08,134.5,2026-04-10,135.5,0.0074349442379182396,0.0015498360932324484,random_forest,test,1,0.34230910607910475,0.4157440326939446,0.2419468612269506,HOLD
2412,2026-04-08,2026-04-08T13:30:00+08:00,2026-04-09,134.0,2026-04-13,134.5,0.003731343283582156,-0.0021321296257312827,random_forest,test,1,0.31218570119995737,0.4330847073046282,0.25472959149541446,HOLD
2412,2026-04-09,2026-04-09T13:30:00+08:00,2026-04-10,135.0,2026-04-14,135.0,0.0,-0.005841675612252573,random_forest,test,1,0.3040208944695639,0.38682807453801954,0.3091510309924164,HOLD
2412,2026-04-10,2026-04-10T13:30:00+08:00,2026-04-13,135.0,2026-04-15,135.5,0.0037037037037037646,-0.002159607744149805,random_forest,test,1,0.3566701706575388,0.3946682352323921,0.24866159411006886,HOLD
2412,2026-04-13,2026-04-13T13:30:00+08:00,2026-04-14,135.0,2026-04-16,136.5,0.011111111111111072,0.005204527992055619,random_forest,test,1,0.3392546035843814,0.40274580659759435,0.2579995898180242,HOLD
2412,2026-04-14,2026-04-14T13:30:00+08:00,2026-04-15,135.0,2026-04-17,137.5,0.0185185185185186,0.012568663728261154,random_forest,test,2,0.36628838987924206,0.42019448007732557,0.2135171300434323,HOLD
2412,2026-04-15,2026-04-15T13:30:00+08:00,2026-04-16,136.0,2026-04-20,137.0,0.007352941176470562,0.0014683120670690997,random_forest,test,1,0.3414315634974516,0.39567111669385663,0.2628973198086917,HOLD
2412,2026-04-16,2026-04-16T13:30:00+08:00,2026-04-17,137.0,2026-04-21,137.0,0.0,-0.005841675612252462,random_forest,test,1,0.3448723240125095,0.398615693693711,0.25651198229377914,HOLD
2412,2026-04-17,2026-04-17T13:30:00+08:00,2026-04-20,137.5,2026-04-22,136.5,-0.0072727272727273196,-0.013071917971436364,random_forest,test,0,0.35573091862217754,0.3948024748102422,0.24946660656758016,HOLD
2412,2026-04-20,2026-04-20T13:30:00+08:00,2026-04-21,137.5,2026-04-23,136.0,-0.010909090909090868,-0.016687039151028094,random_forest,test,0,0.3384297498218979,0.3753866983829384,0.2861835517951637,HOLD
2412,2026-04-21,2026-04-21T13:30:00+08:00,2026-04-22,137.5,2026-04-24,135.5,-0.014545454545454528,-0.020302160330619934,random_forest,test,0,0.3973768319531982,0.38368792658141687,0.21893524146538484,SELL
2412,2026-04-22,2026-04-22T13:30:00+08:00,2026-04-23,136.0,2026-04-27,137.0,0.007352941176470562,0.0014683120670690997,random_forest,test,1,0.324417165692342,0.32900814648495064,0.3465746878227073,BUY
2412,2026-04-23,2026-04-23T13:30:00+08:00,2026-04-24,136.0,2026-04-28,137.0,0.007352941176470562,0.0014683120670690997,random_forest,test,1,0.3725901507138374,0.378326031138548,0.2490838181476144,HOLD
2412,2026-04-24,2026-04-24T13:30:00+08:00,2026-04-27,135.0,2026-04-29,136.5,0.011111111111111072,0.005204527992055619,random_forest,test,1,0.34089130089099257,0.3879966799503965,0.27111201915861094,HOLD
2412,2026-04-27,2026-04-27T13:30:00+08:00,2026-04-28,137.5,2026-04-30,136.0,-0.010909090909090868,-0.016687039151028094,random_forest,test,0,0.35301048312432465,0.300265802008624,0.34672371486705134,SELL
2412,2026-04-28,2026-04-28T13:30:00+08:00,2026-04-29,137.5,2026-05-04,135.5,-0.014545454545454528,-0.020302160330619934,random_forest,test,0,0.34266500800601046,0.3773212569811226,0.2800137350128671,HOLD
2412,2026-04-29,2026-04-29T13:30:00+08:00,2026-04-30,136.0,2026-05-05,136.0,0.0,-0.005841675612252573,random_forest,test,1,0.39763784432980126,0.38114622590255776,0.22121592976764096,SELL
2412,2026-04-30,2026-04-30T13:30:00+08:00,2026-05-04,137.0,2026-05-06,136.0,-0.007299270072992692,-0.013098305717272551,random_forest,test,0,0.3672040701148751,0.2988435308016059,0.3339523990835188,SELL
2412,2026-05-04,2026-05-04T13:30:00+08:00,2026-05-05,135.5,2026-05-07,135.5,0.0,-0.005841675612252573,random_forest,test,1,0.385035488393534,0.3371057031153316,0.27785880849113437,SELL
2412,2026-05-05,2026-05-05T13:30:00+08:00,2026-05-06,137.0,2026-05-08,136.5,-0.0036496350364964014,-0.009469990664762618,random_forest,test,1,0.3001085759712353,0.42266227671300144,0.27722914731576315,HOLD
2412,2026-05-06,2026-05-06T13:30:00+08:00,2026-05-07,135.5,2026-05-11,135.5,0.0,-0.005841675612252573,random_forest,test,1,0.35584168174533076,0.43667818078935156,0.2074801374653174,HOLD
2412,2026-05-07,2026-05-07T13:30:00+08:00,2026-05-08,136.0,2026-05-12,135.5,-0.003676470588235281,-0.00949666945191352,random_forest,test,1,0.40911343506660464,0.3787647974656712,0.21212176746772415,SELL
2412,2026-05-08,2026-05-08T13:30:00+08:00,2026-05-11,136.5,2026-05-13,137.5,0.0073260073260073,0.0014415355554231457,random_forest,test,1,0.2976281451761947,0.4066983398120624,0.295673515011743,HOLD
2412,2026-05-11,2026-05-11T13:30:00+08:00,2026-05-12,135.5,2026-05-14,137.5,0.014760147601476037,0.008832247994946751,random_forest,test,1,0.2881535933543579,0.4054373294283323,0.30640907721730987,HOLD
2412,2026-05-12,2026-05-12T13:30:00+08:00,2026-05-13,136.5,2026-05-15,138.0,0.01098901098901095,0.005083141139261116,random_forest,test,1,0.30957730607618505,0.4146438584242719,0.2757788354995432,HOLD
2412,2026-05-13,2026-05-13T13:30:00+08:00,2026-05-14,136.5,2026-05-18,137.0,0.00366300366300365,-0.0022000700284146024,random_forest,test,1,0.3004807678139881,0.3687616563859421,0.33075757580007,HOLD
2412,2026-05-14,2026-05-14T13:30:00+08:00,2026-05-15,137.5,2026-05-19,142.5,0.036363636363636376,0.030309536183665386,random_forest,test,2,0.3269727765811014,0.35290133453304745,0.3201258888858513,HOLD
2412,2026-05-15,2026-05-15T13:30:00+08:00,2026-05-18,138.0,2026-05-20,139.0,0.007246376811594235,0.0013623702166443152,random_forest,test,1,0.3597849823337173,0.3568847121094197,0.28333030555686295,SELL
2412,2026-05-18,2026-05-18T13:30:00+08:00,2026-05-19,137.0,2026-05-21,137.5,0.0036496350364962904,-0.0022133605597425277,random_forest,test,1,0.2940673854028446,0.4075482018527445,0.2983844127444112,HOLD
2412,2026-05-19,2026-05-19T13:30:00+08:00,2026-05-20,142.5,2026-05-22,137.0,-0.038596491228070184,-0.04421269865879707,random_forest,test,0,0.3587134511080816,0.2986944201318113,0.3425921287601069,SELL
2412,2026-05-20,2026-05-20T13:30:00+08:00,2026-05-21,139.0,2026-05-25,136.5,-0.017985611510791366,-0.02372222101490984,random_forest,test,0,0.35378144929919303,0.27674834693742817,0.3694702037633785,BUY
2412,2026-05-21,2026-05-21T13:30:00+08:00,2026-05-22,137.5,2026-05-26,136.0,-0.010909090909090868,-0.016687039151028094,random_forest,test,0,0.3511184734061777,0.33449403713739223,0.3143874894564302,SELL
2412,2026-05-22,2026-05-22T13:30:00+08:00,2026-05-25,137.5,2026-05-27,137.0,-0.0036363636363636598,-0.009456796791844413,random_forest,test,1,0.3109265860672593,0.3981827579418513,0.2908906559908891,HOLD
2412,2026-05-25,2026-05-25T13:30:00+08:00,2026-05-26,136.5,2026-05-28,136.5,0.0,-0.005841675612252684,random_forest,test,1,0.3199235236344403,0.3785641974113962,0.3015122789541636,HOLD
2412,2026-05-26,2026-05-26T13:30:00+08:00,2026-05-27,137.0,2026-05-29,137.0,0.0,-0.005841675612252462,random_forest,test,1,0.32329354933009463,0.372192195697439,0.3045142549724665,HOLD
2412,2026-05-27,2026-05-27T13:30:00+08:00,2026-05-28,137.0,2026-06-01,140.5,0.025547445255474477,0.019556529755317742,random_forest,test,2,0.30600516761426116,0.3663574628865232,0.32763736949921557,HOLD
2412,2026-05-28,2026-05-28T13:30:00+08:00,2026-05-29,137.5,2026-06-02,142.0,0.032727272727272716,0.026694415004073546,random_forest,test,2,0.277713307113803,0.4321891408945053,0.29009755199169185,HOLD
2412,2026-05-29,2026-05-29T13:30:00+08:00,2026-06-01,137.0,2026-06-03,141.0,0.029197080291970767,0.023184844807827565,random_forest,test,2,0.3097226919251897,0.4269891617050856,0.2632881463697247,HOLD
2412,2026-06-01,2026-06-01T13:30:00+08:00,2026-06-02,140.0,2026-06-04,141.5,0.010714285714285676,0.004810020720473318,random_forest,test,1,0.259182824735141,0.3823379114772677,0.3584792637875911,HOLD
2412,2026-06-02,2026-06-02T13:30:00+08:00,2026-06-03,142.0,2026-06-05,141.0,-0.007042253521126751,-0.012842790572729745,random_forest,test,0,0.3547223574787281,0.3614889405426947,0.2837887019785773,HOLD
2412,2026-06-03,2026-06-03T13:30:00+08:00,2026-06-04,141.0,2026-06-08,138.5,-0.01773049645390068,-0.023468596257425478,random_forest,test,0,0.3565069924565638,0.3536942819597273,0.2897987255837087,SELL
2412,2026-06-04,2026-06-04T13:30:00+08:00,2026-06-05,141.0,2026-06-09,142.0,0.007092198581560183,0.0012090926458163676,random_forest,test,1,0.33773176971342556,0.401978402645268,0.2602898276413067,HOLD
2412,2026-06-05,2026-06-05T13:30:00+08:00,2026-06-08,139.5,2026-06-10,144.0,0.032258064516129004,0.02622794775509396,random_forest,test,2,0.3960296781855128,0.35102213467418525,0.252948187140302,SELL
2412,2026-06-08,2026-06-08T13:30:00+08:00,2026-06-09,138.0,2026-06-11,145.0,0.050724637681159424,0.04458664519002453,random_forest,test,2,0.35108988759152593,0.3490354950430435,0.2998746173654306,SELL
2412,2026-06-09,2026-06-09T13:30:00+08:00,2026-06-10,141.5,2026-06-12,145.0,0.02473498233215543,0.01874881297684361,random_forest,test,2,0.3099218700753608,0.3283851244130795,0.36169300551155975,BUY
2412,2026-06-10,2026-06-10T13:30:00+08:00,2026-06-11,144.0,2026-06-15,145.5,0.01041666666666674,0.004514140266786537,random_forest,test,1,0.3471282277858619,0.38556708612495044,0.2673046860891877,HOLD
2412,2026-06-11,2026-06-11T13:30:00+08:00,2026-06-12,145.0,2026-06-16,146.5,0.010344827586206806,0.00444272084693087,random_forest,test,1,0.3448600068082845,0.36125409879232984,0.2938858943993854,HOLD
2412,2026-06-12,2026-06-12T13:30:00+08:00,2026-06-15,146.0,2026-06-17,145.5,-0.003424657534246589,-0.009246327408101052,random_forest,test,1,0.3332045161145979,0.4005618212818166,0.2662336626035854,HOLD
2412,2026-06-15,2026-06-15T13:30:00+08:00,2026-06-16,146.0,2026-06-18,144.0,-0.013698630136986356,-0.01946028279564649,random_forest,test,0,0.3970632236897083,0.41109387146646786,0.19184290484382374,HOLD
2412,2026-06-16,2026-06-16T13:30:00+08:00,2026-06-17,145.5,2026-06-22,144.5,-0.0068728522336769515,-0.012674378872649328,random_forest,test,0,0.3931046230268383,0.3556317163545777,0.2512636606185842,SELL
2412,2026-06-17,2026-06-17T13:30:00+08:00,2026-06-18,145.0,2026-06-23,144.0,-0.006896551724137945,-0.012697939918374979,random_forest,test,0,0.3636330734071715,0.3648221915462131,0.27154473504661547,HOLD
2412,2026-06-18,2026-06-18T13:30:00+08:00,2026-06-22,144.0,2026-06-24,143.5,-0.00347222222222221,-0.009293614238598757,random_forest,test,1,0.30036569010592085,0.45525920603469705,0.24437510385938205,HOLD
2412,2026-06-22,2026-06-22T13:30:00+08:00,2026-06-23,145.0,2026-06-25,144.0,-0.006896551724137945,-0.012697939918374979,random_forest,test,0,0.3241932215933623,0.40576410873665425,0.2700426696699838,HOLD
2412,2026-06-23,2026-06-23T13:30:00+08:00,2026-06-24,143.5,2026-06-26,143.0,-0.0034843205574912606,-0.009305641899317929,random_forest,test,1,0.34049500996159493,0.36121013774093574,0.2982948522974696,HOLD
2412,2026-06-24,2026-06-24T13:30:00+08:00,2026-06-25,144.0,2026-06-29,142.0,-0.01388888888888884,-0.019649430117637978,random_forest,test,0,0.3420204320607522,0.37335898152899033,0.28462058641025734,HOLD
2412,2026-06-25,2026-06-25T13:30:00+08:00,2026-06-26,144.0,2026-06-30,141.5,-0.01736111111111116,-0.023101368743984163,random_forest,test,0,0.39028547681089554,0.32781830037430626,0.2818962228147982,SELL
2881,2026-01-02,2026-01-02T13:30:00+08:00,2026-01-05,95.6,2026-01-07,96.1,0.0052301255230124966,-0.0006421027859567774,random_forest,test,1,0.3078557366275711,0.29038208445938274,0.40176217891304605,BUY
2881,2026-01-05,2026-01-05T13:30:00+08:00,2026-01-06,97.3,2026-01-08,97.0,-0.0030832476875641834,-0.008906911966993891,random_forest,test,1,0.34224006991089434,0.27529022216261184,0.38246970792649376,BUY
2881,2026-01-06,2026-01-06T13:30:00+08:00,2026-01-07,96.5,2026-01-09,95.5,-0.010362694300518172,-0.0161438344141982,random_forest,test,0,0.34946350022210176,0.30348885937917763,0.3470476403987206,SELL
2881,2026-01-07,2026-01-07T13:30:00+08:00,2026-01-08,96.3,2026-01-12,95.0,-0.01349948078920038,-0.01926229681374858,random_forest,test,0,0.32990011255131546,0.26855435895214447,0.4015455284965401,BUY
2881,2026-01-08,2026-01-08T13:30:00+08:00,2026-01-09,97.0,2026-01-13,94.2,-0.028865979381443307,-0.034539029305919566,random_forest,test,0,0.31913102791747217,0.2794463594310082,0.4014226126515196,BUY
2881,2026-01-09,2026-01-09T13:30:00+08:00,2026-01-12,95.6,2026-01-14,93.8,-0.01882845188284521,-0.024560137786917124,random_forest,test,0,0.34751144609519813,0.24987432616957805,0.4026142277352238,BUY
2881,2026-01-12,2026-01-12T13:30:00+08:00,2026-01-13,95.2,2026-01-15,94.1,-0.011554621848739566,-0.017328799108329518,random_forest,test,0,0.34038813220257047,0.28508041260007144,0.37453145519735787,BUY
2881,2026-01-13,2026-01-13T13:30:00+08:00,2026-01-14,94.5,2026-01-16,95.0,0.005291005291005346,-0.0005815786578201587,random_forest,test,1,0.32629360070292635,0.32210224629018336,0.3516041530068902,BUY
2881,2026-01-14,2026-01-14T13:30:00+08:00,2026-01-15,94.6,2026-01-19,95.0,0.0042283298097252064,-0.0016380463336573836,random_forest,test,1,0.33233711688956136,0.2691126033174845,0.39855027979295393,BUY
2881,2026-01-15,2026-01-15T13:30:00+08:00,2026-01-16,94.6,2026-01-20,94.0,-0.006342494714587699,-0.012147119530145134,random_forest,test,0,0.3428552238927635,0.2608012743661218,0.3963435017411146,BUY
2881,2026-01-16,2026-01-16T13:30:00+08:00,2026-01-19,94.4,2026-01-21,93.0,-0.014830508474576343,-0.020585549067155595,random_forest,test,0,0.3742619481120685,0.2991702412913659,0.32656781059656537,SELL
2881,2026-01-19,2026-01-19T13:30:00+08:00,2026-01-20,94.9,2026-01-22,93.0,-0.020021074815595452,-0.025745793803366612,random_forest,test,0,0.3219042194784081,0.3105631269099047,0.3675326536116873,BUY
2881,2026-01-20,2026-01-20T13:30:00+08:00,2026-01-21,93.7,2026-01-23,93.5,-0.002134471718249764,-0.007963678439120714,random_forest,test,1,0.28832042972403016,0.22713704325369982,0.4845425270222701,BUY
2881,2026-01-21,2026-01-21T13:30:00+08:00,2026-01-22,93.7,2026-01-26,93.2,-0.005336179295624355,-0.011146682679422981,random_forest,test,0,0.3315883918776914,0.2541221526989056,0.41428945542340295,BUY
2881,2026-01-22,2026-01-22T13:30:00+08:00,2026-01-23,93.7,2026-01-27,92.4,-0.01387406616862319,-0.019634693986895768,random_forest,test,0,0.4087309684698904,0.3057382573823177,0.28553077414779177,SELL
2881,2026-01-23,2026-01-23T13:30:00+08:00,2026-01-26,93.5,2026-01-28,92.5,-0.010695187165775444,-0.016474384963993227,random_forest,test,0,0.34804611394650414,0.28799578653207153,0.36395809952142416,BUY
2881,2026-01-26,2026-01-26T13:30:00+08:00,2026-01-27,93.5,2026-01-29,92.3,-0.012834224598930466,-0.018600926834341447,random_forest,test,0,0.3036792081703285,0.30133204958665627,0.394988742243015,BUY
2881,2026-01-27,2026-01-27T13:30:00+08:00,2026-01-28,92.9,2026-01-30,90.9,-0.02152852529601723,-0.027244438247080227,random_forest,test,0,0.3125604364509648,0.23727340749586606,0.45016615605316895,BUY
2881,2026-01-28,2026-01-28T13:30:00+08:00,2026-01-29,92.1,2026-02-02,90.5,-0.017372421281215966,-0.02311261284374433,random_forest,test,0,0.3633716411385031,0.28323596488389113,0.35339239397760575,SELL
2881,2026-01-29,2026-01-29T13:30:00+08:00,2026-01-30,92.2,2026-02-03,91.8,-0.004338394793926281,-0.010154726911114853,random_forest,test,0,0.3832041328234589,0.3144559036823394,0.30233996349420145,SELL
2881,2026-01-30,2026-01-30T13:30:00+08:00,2026-02-02,91.5,2026-02-04,92.7,0.013114754098360715,0.007196466346931052,random_forest,test,1,0.3478925677331268,0.2889266276472671,0.363180804619606,BUY
2881,2026-02-02,2026-02-02T13:30:00+08:00,2026-02-03,91.6,2026-02-05,93.5,0.020742358078602585,0.01477951233902175,random_forest,test,2,0.35137202920909466,0.3089645682720097,0.3396634025188957,SELL
2881,2026-02-03,2026-02-03T13:30:00+08:00,2026-02-04,91.7,2026-02-06,92.4,0.007633587786259666,0.0017473192304018337,random_forest,test,1,0.3577364955403929,0.33943074620426295,0.30283275825534406,SELL
2881,2026-02-04,2026-02-04T13:30:00+08:00,2026-02-05,92.8,2026-02-09,93.8,0.010775862068965525,0.004871237366063763,random_forest,test,1,0.3201541260478907,0.24397143304299063,0.4358744409091188,BUY
2881,2026-02-05,2026-02-05T13:30:00+08:00,2026-02-06,92.7,2026-02-10,94.5,0.01941747572815533,0.013462369521489936,random_forest,test,2,0.2800456961750266,0.3272547749409888,0.3926995288839845,BUY
2881,2026-02-06,2026-02-06T13:30:00+08:00,2026-02-09,93.0,2026-02-11,95.2,0.023655913978494647,0.017676048190468308,random_forest,test,2,0.33744851800418635,0.29730174090333183,0.3652497410924818,BUY
2881,2026-02-09,2026-02-09T13:30:00+08:00,2026-02-10,94.2,2026-02-23,95.7,0.015923566878981,0.00998887095443135,random_forest,test,1,0.33046169823202476,0.2982702479717019,0.37126805379627315,BUY
2881,2026-02-10,2026-02-10T13:30:00+08:00,2026-02-11,95.0,2026-02-24,94.1,-0.009473684210526412,-0.015260017632768075,random_forest,test,0,0.3352784144851623,0.24324565566007691,0.4214759298547607,BUY
2881,2026-02-11,2026-02-11T13:30:00+08:00,2026-02-23,96.5,2026-02-25,92.9,-0.03730569948186524,-0.04292944729925663,random_forest,test,0,0.3122771167793699,0.27476949772592163,0.41295338549470834,BUY
2881,2026-02-23,2026-02-23T13:30:00+08:00,2026-02-24,95.8,2026-02-26,94.2,-0.01670146137787054,-0.02244557247050305,random_forest,test,0,0.3452445395404274,0.3321438330019454,0.32261162745762734,SELL
2881,2026-02-24,2026-02-24T13:30:00+08:00,2026-02-25,94.0,2026-03-02,93.0,-0.010638297872340385,-0.016417827999356205,random_forest,test,0,0.34508944822786086,0.2938162215247448,0.36109433024739424,BUY
2881,2026-02-25,2026-02-25T13:30:00+08:00,2026-02-26,92.9,2026-03-03,93.1,0.002152852529601512,-0.003701399348770007,random_forest,test,1,0.33116628407592613,0.31218443863948847,0.35664927728458506,BUY
2881,2026-02-26,2026-02-26T13:30:00+08:00,2026-03-02,94.2,2026-03-04,89.8,-0.04670912951167738,-0.05227794554119214,random_forest,test,0,0.33128079907275065,0.3084767567356361,0.36024244419161344,BUY
2881,2026-03-02,2026-03-02T13:30:00+08:00,2026-03-03,92.7,2026-03-05,90.5,-0.02373247033441206,-0.02943550855349364,random_forest,test,0,0.3477021152235356,0.303104208738406,0.3491936760380585,BUY
2881,2026-03-03,2026-03-03T13:30:00+08:00,2026-03-04,92.2,2026-03-06,88.8,-0.03687635574837311,-0.04250261165258162,random_forest,test,0,0.3659715630975374,0.27613800798071325,0.35789042892174905,SELL
2881,2026-03-04,2026-03-04T13:30:00+08:00,2026-03-05,90.8,2026-03-09,87.2,-0.03964757709251099,-0.045257644420577336,random_forest,test,0,0.44243113987336313,0.30343895173461816,0.25412990839201854,SELL
2881,2026-03-05,2026-03-05T13:30:00+08:00,2026-03-06,89.8,2026-03-10,88.3,-0.016703786191536785,-0.022447883703361926,random_forest,test,0,0.30310404494282106,0.34636912790525803,0.3505268271519209,BUY
2881,2026-03-06,2026-03-06T13:30:00+08:00,2026-03-09,84.0,2026-03-11,89.2,0.06190476190476191,0.05570145875460808,random_forest,test,2,0.3108182190650195,0.29591311658395597,0.39326866435102453,BUY
2881,2026-03-09,2026-03-09T13:30:00+08:00,2026-03-10,88.7,2026-03-12,89.4,0.007891770011273946,0.002003993238609114,random_forest,test,1,0.3382230071799432,0.2872119692247148,0.37456502359534194,BUY
2881,2026-03-10,2026-03-10T13:30:00+08:00,2026-03-11,88.0,2026-03-13,88.1,0.001136363636363491,-0.004711950243630136,random_forest,test,1,0.3432904560732423,0.31800571164647085,0.33870383228028705,SELL
2881,2026-03-11,2026-03-11T13:30:00+08:00,2026-03-12,88.0,2026-03-16,88.8,0.009090909090909038,0.003196127336726917,random_forest,test,1,0.28551853728259496,0.2728167034568684,0.4416647592605363,BUY
2881,2026-03-12,2026-03-12T13:30:00+08:00,2026-03-13,88.5,2026-03-17,89.8,0.014689265536723228,0.008761780000222652,random_forest,test,1,0.3180377160283554,0.36314675127991136,0.31881553269173324,HOLD
2881,2026-03-13,2026-03-13T13:30:00+08:00,2026-03-16,89.1,2026-03-18,89.5,0.004489337822671136,-0.0013785630448552855,random_forest,test,1,0.3640864167299215,0.39981497583775144,0.23609860743232688,HOLD
2881,2026-03-16,2026-03-16T13:30:00+08:00,2026-03-17,89.5,2026-03-19,88.2,-0.014525139664804398,-0.02028196412291261,random_forest,test,0,0.29456539048823693,0.30920531084830544,0.3962292986634574,BUY
2881,2026-03-17,2026-03-17T13:30:00+08:00,2026-03-18,90.9,2026-03-20,88.6,-0.025302530253025424,-0.030996396691370554,random_forest,test,0,0.3652996035860093,0.23576429571932284,0.3989361006946677,BUY
2881,2026-03-18,2026-03-18T13:30:00+08:00,2026-03-19,89.0,2026-03-23,86.8,-0.024719101123595544,-0.03041637576565759,random_forest,test,0,0.3479554193855202,0.24371587929931748,0.408328701315162,BUY
2881,2026-03-19,2026-03-19T13:30:00+08:00,2026-03-20,87.5,2026-03-24,87.1,-0.004571428571428671,-0.010386399380882372,random_forest,test,0,0.307507622906751,0.314679328799466,0.37781304829378315,BUY
2881,2026-03-20,2026-03-20T13:30:00+08:00,2026-03-23,85.8,2026-03-25,88.8,0.034965034965035,0.02891910496074579,random_forest,test,2,0.35570473846258577,0.35381689794431886,0.2904783635930952,SELL
2881,2026-03-23,2026-03-23T13:30:00+08:00,2026-03-24,87.3,2026-03-26,88.6,0.014891179839633395,0.0089625147852741,random_forest,test,1,0.2884329773472458,0.3392544234759157,0.3723125991768385,BUY
2881,2026-03-24,2026-03-24T13:30:00+08:00,2026-03-25,89.2,2026-03-27,87.7,-0.01681614349775784,-0.02255958465464747,random_forest,test,0,0.32712563606517114,0.3837184472409723,0.2891559166938563,HOLD
2881,2026-03-25,2026-03-25T13:30:00+08:00,2026-03-26,89.2,2026-03-30,86.4,-0.03139013452914796,-0.037048439158056334,random_forest,test,0,0.35637844702963806,0.2918789184352274,0.35174263453513455,SELL
2881,2026-03-26,2026-03-26T13:30:00+08:00,2026-03-27,87.8,2026-03-31,86.0,-0.02050113895216399,-0.026223053560976206,random_forest,test,0,0.3517684283470783,0.2819497082819757,0.36628186337094576,BUY
2881,2026-03-27,2026-03-27T13:30:00+08:00,2026-03-30,86.2,2026-04-01,87.8,0.01856148491879339,0.012611379132763778,random_forest,test,2,0.35744180165496603,0.30211300230887456,0.3404451960361594,SELL
2881,2026-03-30,2026-03-30T13:30:00+08:00,2026-03-31,85.8,2026-04-02,87.8,0.02331002331002341,0.01733217810307952,random_forest,test,2,0.287726892513823,0.2875432223883156,0.42472988509786147,BUY
2881,2026-03-31,2026-03-31T13:30:00+08:00,2026-04-01,87.6,2026-04-07,87.7,0.0011415525114155667,-0.00470679168030308,random_forest,test,1,0.33770163575161705,0.2937680689508163,0.36853029529756676,BUY
2881,2026-04-01,2026-04-01T13:30:00+08:00,2026-04-02,88.1,2026-04-08,89.2,0.012485811577752637,0.006571197904507109,random_forest,test,1,0.3707580927369146,0.2785285931982427,0.3507133140648427,SELL
2881,2026-04-02,2026-04-02T13:30:00+08:00,2026-04-07,87.9,2026-04-09,88.5,0.0068259385665527805,0.000944388035445165,random_forest,test,1,0.2994135085174774,0.33083657431535796,0.36974991716716477,BUY
2881,2026-04-07,2026-04-07T13:30:00+08:00,2026-04-08,89.2,2026-04-10,87.6,-0.017937219730941756,-0.023674111924140484,random_forest,test,0,0.3593603079569842,0.28007892100039206,0.3605607710426236,BUY
2881,2026-04-08,2026-04-08T13:30:00+08:00,2026-04-09,89.2,2026-04-13,86.7,-0.028026905829596438,-0.03370485734957729,random_forest,test,0,0.34659770005705753,0.3095381595198558,0.34386414042308644,SELL
2881,2026-04-09,2026-04-09T13:30:00+08:00,2026-04-10,87.5,2026-04-14,87.6,0.0011428571428571122,-0.004705494670095289,random_forest,test,1,0.3055734868541211,0.3770776721601869,0.3173488409856919,HOLD
2881,2026-04-10,2026-04-10T13:30:00+08:00,2026-04-13,87.5,2026-04-15,87.5,0.0,-0.005841675612252573,random_forest,test,1,0.29278823071712884,0.32045866194402073,0.3867531073388502,BUY
2881,2026-04-13,2026-04-13T13:30:00+08:00,2026-04-14,86.7,2026-04-16,87.9,0.01384083044982698,0.007918301195882327,random_forest,test,1,0.3437800408116524,0.2961224922372554,0.360097466951092,BUY
2881,2026-04-14,2026-04-14T13:30:00+08:00,2026-04-15,88.0,2026-04-17,88.0,0.0,-0.005841675612252462,random_forest,test,1,0.3658718870202632,0.3065329817948916,0.3275951311848451,SELL
2881,2026-04-15,2026-04-15T13:30:00+08:00,2026-04-16,87.3,2026-04-20,87.2,-0.001145475372279381,-0.006980459488985402,random_forest,test,1,0.3348173834023755,0.2520828696030601,0.4130997469945643,BUY
2881,2026-04-16,2026-04-16T13:30:00+08:00,2026-04-17,88.0,2026-04-21,87.7,-0.003409090909090917,-0.009230851718119881,random_forest,test,1,0.29719017445509577,0.2549378544454745,0.4478719710994296,BUY
2881,2026-04-17,2026-04-17T13:30:00+08:00,2026-04-20,87.9,2026-04-22,88.3,0.004550625711035261,-0.0013176331804539698,random_forest,test,1,0.2993879923585335,0.31312222581076304,0.3874897818307035,BUY
2881,2026-04-20,2026-04-20T13:30:00+08:00,2026-04-21,88.1,2026-04-23,88.3,0.002270147559591429,-0.0035847895182961054,random_forest,test,1,0.32002691957626317,0.3285881314602028,0.351384948963534,BUY
2881,2026-04-21,2026-04-21T13:30:00+08:00,2026-04-22,87.8,2026-04-24,87.8,0.0,-0.005841675612252462,random_forest,test,1,0.36321530136717506,0.30503274184991197,0.3317519567829127,SELL
2881,2026-04-22,2026-04-22T13:30:00+08:00,2026-04-23,88.2,2026-04-27,87.9,-0.003401360544217691,-0.009223166511530656,random_forest,test,1,0.2783288709456511,0.3002857747093245,0.4213853543450243,BUY
2881,2026-04-23,2026-04-23T13:30:00+08:00,2026-04-24,88.2,2026-04-28,88.6,0.0045351473922901064,-0.0013330210798819797,random_forest,test,1,0.31247050908790075,0.3170057279332952,0.3705237629788041,BUY
2881,2026-04-24,2026-04-24T13:30:00+08:00,2026-04-27,87.5,2026-04-29,91.3,0.04342857142857137,0.03733320018972952,random_forest,test,2,0.3519359927832973,0.2700065343056529,0.37805747291104974,BUY
2881,2026-04-27,2026-04-27T13:30:00+08:00,2026-04-28,88.5,2026-04-30,90.0,0.016949152542372836,0.0110084654790652,random_forest,test,2,0.31679305924960804,0.2916427793361126,0.39156416141427924,BUY
2881,2026-04-28,2026-04-28T13:30:00+08:00,2026-04-29,89.4,2026-05-04,91.0,0.017897091722594904,0.011950867106096164,random_forest,test,2,0.34702977255880474,0.278948724181087,0.37402150326010797,BUY
2881,2026-04-29,2026-04-29T13:30:00+08:00,2026-04-30,90.4,2026-05-05,92.2,0.019911504424778625,0.013953512262724788,random_forest,test,2,0.3195639006548936,0.29754497964792054,0.38289111969718576,BUY
2881,2026-04-30,2026-04-30T13:30:00+08:00,2026-05-04,91.8,2026-05-06,92.8,0.01089324618736387,0.00498793576452039,random_forest,test,1,0.3937231640648118,0.2527569790990475,0.3535198568361409,SELL
2881,2026-05-04,2026-05-04T13:30:00+08:00,2026-05-05,91.5,2026-05-07,94.5,0.032786885245901676,0.026753679285706378,random_forest,test,2,0.3486885170868994,0.22276751665157873,0.42854396626152186,BUY
2881,2026-05-05,2026-05-05T13:30:00+08:00,2026-05-06,93.0,2026-05-08,96.7,0.03978494623655915,0.033710859874141796,random_forest,test,2,0.3932722216785396,0.33839255007031604,0.26833522825114453,SELL
2881,2026-05-06,2026-05-06T13:30:00+08:00,2026-05-07,93.3,2026-05-11,95.5,0.023579849946409492,0.017600428499784382,random_forest,test,2,0.38316162893853734,0.32505915862978896,0.2917792124316739,SELL
2881,2026-05-07,2026-05-07T13:30:00+08:00,2026-05-08,94.5,2026-05-12,93.7,-0.008465608465608399,-0.014257830739344723,random_forest,test,0,0.42530897144169216,0.270540533706696,0.3041504948516118,SELL
2881,2026-05-08,2026-05-08T13:30:00+08:00,2026-05-11,96.7,2026-05-13,94.7,-0.020682523267838704,-0.026403378288317736,random_forest,test,0,0.34746879204174447,0.31253363506793663,0.3399975728903187,SELL
2881,2026-05-11,2026-05-11T13:30:00+08:00,2026-05-12,96.0,2026-05-14,94.6,-0.014583333333333393,-0.02033981784290717,random_forest,test,0,0.31698630317907306,0.29974616168312485,0.383267535137802,BUY
2881,2026-05-12,2026-05-12T13:30:00+08:00,2026-05-13,93.5,2026-05-15,96.1,0.027807486631016065,0.02180336870227295,random_forest,test,2,0.33714394680920756,0.3046418257735945,0.3582142274171977,BUY
2881,2026-05-13,2026-05-13T13:30:00+08:00,2026-05-14,93.9,2026-05-18,95.2,0.013844515441959526,0.007921964661486092,random_forest,test,1,0.33771317889380226,0.31510920054650726,0.34717762055969026,BUY
2881,2026-05-14,2026-05-14T13:30:00+08:00,2026-05-15,96.5,2026-05-19,97.2,0.007253886010362809,0.0013698355491094105,random_forest,test,1,0.3447886613937518,0.3566859764477459,0.2985253621585024,HOLD
2881,2026-05-15,2026-05-15T13:30:00+08:00,2026-05-18,96.3,2026-05-20,95.8,-0.005192107995846351,-0.01100345299744332,random_forest,test,0,0.3541346492259686,0.2152811366699932,0.4305842141040381,BUY
2881,2026-05-18,2026-05-18T13:30:00+08:00,2026-05-19,95.7,2026-05-21,96.1,0.004179728317659226,-0.0016863639115723972,random_forest,test,1,0.3691929060463394,0.2724946214844582,0.3583124724692022,SELL
2881,2026-05-19,2026-05-19T13:30:00+08:00,2026-05-20,97.1,2026-05-22,95.1,-0.02059732234809475,-0.026318675084708754,random_forest,test,0,0.40038472059919916,0.3040419299339916,0.2955733494668092,SELL
2881,2026-05-20,2026-05-20T13:30:00+08:00,2026-05-21,96.5,2026-05-25,97.7,0.012435233160621895,0.006520914950082224,random_forest,test,1,0.3499861806455279,0.29578793409923004,0.3542258852552421,BUY
2881,2026-05-21,2026-05-21T13:30:00+08:00,2026-05-22,95.4,2026-05-26,103.5,0.08490566037735836,0.07856799343953713,random_forest,test,2,0.3635551141140031,0.31286396696664737,0.32358091891934926,SELL
2881,2026-05-22,2026-05-22T13:30:00+08:00,2026-05-25,95.4,2026-05-27,110.0,0.1530398322851152,0.14630414761689936,random_forest,test,2,0.3908232253057904,0.3223666188444203,0.2868101558497893,SELL
2881,2026-05-25,2026-05-25T13:30:00+08:00,2026-05-26,97.8,2026-05-28,110.0,0.12474437627811863,0.11817398448519656,random_forest,test,2,0.347843071355217,0.2797260648966177,0.37243086374816514,BUY
2881,2026-05-26,2026-05-26T13:30:00+08:00,2026-05-27,104.5,2026-05-29,110.0,0.05263157894736836,0.04648244672394464,random_forest,test,2,0.2846380874935178,0.16769105821817604,0.5476708542883063,BUY
2881,2026-05-27,2026-05-27T13:30:00+08:00,2026-05-28,110.0,2026-06-01,110.5,0.00454545454545463,-0.0013227741377628277,random_forest,test,1,0.3607684581507103,0.2516195458648489,0.3876119959844408,BUY
2881,2026-05-28,2026-05-28T13:30:00+08:00,2026-05-29,110.5,2026-06-02,113.5,0.02714932126696823,0.02114904812678131,random_forest,test,2,0.3967621996459283,0.19519805397490017,0.4080397463791715,BUY
2881,2026-05-29,2026-05-29T13:30:00+08:00,2026-06-01,109.5,2026-06-03,113.0,0.03196347031963476,0.02593507448233301,random_forest,test,2,0.4181698198880969,0.3336805892209675,0.24814959089093566,SELL
2881,2026-06-01,2026-06-01T13:30:00+08:00,2026-06-02,110.5,2026-06-04,114.0,0.03167420814479649,0.02564750208328692,random_forest,test,2,0.2727208401275501,0.22238266570629628,0.5048964941661537,BUY
2881,2026-06-02,2026-06-02T13:30:00+08:00,2026-06-03,115.5,2026-06-05,118.0,0.02164502164502169,0.015676902837698847,random_forest,test,2,0.3209294058941532,0.30114901510137293,0.37792157900447365,BUY
2881,2026-06-03,2026-06-03T13:30:00+08:00,2026-06-04,113.5,2026-06-08,116.0,0.022026431718061623,0.016056084836816753,random_forest,test,2,0.38528764098210994,0.29151260114687844,0.32319975787101163,SELL
2881,2026-06-04,2026-06-04T13:30:00+08:00,2026-06-05,114.0,2026-06-09,125.0,0.09649122807017552,0.09008588200410883,random_forest,test,2,0.3683267346753093,0.41004024609473694,0.22163301922995374,HOLD
2881,2026-06-05,2026-06-05T13:30:00+08:00,2026-06-08,112.0,2026-06-10,122.5,0.09375,0.08736066729909875,random_forest,test,2,0.30509825995257145,0.4078441423680213,0.2870575976794073,HOLD
2881,2026-06-08,2026-06-08T13:30:00+08:00,2026-06-09,115.0,2026-06-11,125.5,0.09130434782608687,0.084929301831846,random_forest,test,2,0.24508158375607464,0.20667300553922718,0.5482454107046981,BUY
2881,2026-06-09,2026-06-09T13:30:00+08:00,2026-06-10,124.0,2026-06-12,122.0,-0.016129032258064502,-0.02187648729592584,random_forest,test,0,0.303339806535586,0.31615318599111847,0.3805070074732956,BUY
2881,2026-06-10,2026-06-10T13:30:00+08:00,2026-06-11,125.0,2026-06-15,127.5,0.020000000000000018,0.014041490875502438,random_forest,test,2,0.332119837942171,0.3110784583459831,0.356801703711846,BUY
2881,2026-06-11,2026-06-11T13:30:00+08:00,2026-06-12,127.0,2026-06-16,132.0,0.03937007874015741,0.03329841589907612,random_forest,test,2,0.2798601738752955,0.3498152084788432,0.3703246176458615,BUY
2881,2026-06-12,2026-06-12T13:30:00+08:00,2026-06-15,126.0,2026-06-17,135.5,0.07539682539682535,0.06911470598841074,random_forest,test,2,0.29751481756163534,0.364272059820328,0.3382131226180366,HOLD
2881,2026-06-15,2026-06-15T13:30:00+08:00,2026-06-16,128.5,2026-06-18,138.0,0.07392996108949412,0.0676564106265305,random_forest,test,2,0.28482376693645617,0.5248533785469599,0.19032285451658384,HOLD
2881,2026-06-16,2026-06-16T13:30:00+08:00,2026-06-17,133.0,2026-06-22,138.5,0.041353383458646586,0.03527013479475949,random_forest,test,2,0.2913431328790864,0.31048403093157495,0.398172836189339,BUY
2881,2026-06-17,2026-06-17T13:30:00+08:00,2026-06-18,137.0,2026-06-23,137.5,0.0036496350364962904,-0.0022133605597425277,random_forest,test,1,0.34483572475220364,0.3226375146217272,0.33252676062606923,SELL
2881,2026-06-18,2026-06-18T13:30:00+08:00,2026-06-22,139.5,2026-06-24,134.5,-0.03584229390681004,-0.04147459046486013,random_forest,test,0,0.29988458560707193,0.3407631873058815,0.3593522270870466,BUY
2881,2026-06-22,2026-06-22T13:30:00+08:00,2026-06-23,137.0,2026-06-25,136.0,-0.007299270072992692,-0.013098305717272551,random_forest,test,0,0.3759486602366351,0.3308360213294817,0.29321531843388327,SELL
2881,2026-06-23,2026-06-23T13:30:00+08:00,2026-06-24,135.5,2026-06-26,134.0,-0.011070110701106972,-0.016847118317651955,random_forest,test,0,0.3123558512366692,0.32936306736737075,0.35828108139596004,BUY
2881,2026-06-24,2026-06-24T13:30:00+08:00,2026-06-25,133.5,2026-06-29,128.5,-0.03745318352059923,-0.0430760697840783,random_forest,test,0,0.4023347537174549,0.3302740252722658,0.2673912210102793,SELL
2881,2026-06-25,2026-06-25T13:30:00+08:00,2026-06-26,136.0,2026-06-30,129.5,-0.047794117647058876,-0.05335659552784344,random_forest,test,0,0.2882258252106789,0.3082870915034214,0.4034870832858997,BUY
2882,2026-01-02,2026-01-02T13:30:00+08:00,2026-01-05,75.0,2026-01-07,75.6,0.008000000000000007,0.0021115909828492985,random_forest,test,1,0.4108215389828034,0.36759666182991874,0.22158179918727786,SELL
2882,2026-01-05,2026-01-05T13:30:00+08:00,2026-01-06,76.1,2026-01-08,76.4,0.003942181340341744,-0.001922523216505656,random_forest,test,1,0.3567520765599992,0.31160314675673295,0.33164477668326775,SELL
2882,2026-01-06,2026-01-06T13:30:00+08:00,2026-01-07,76.5,2026-01-09,75.9,-0.007843137254901933,-0.013638995803529008,random_forest,test,0,0.34360147150208303,0.2822995765022951,0.3740989519956219,BUY
2882,2026-01-07,2026-01-07T13:30:00+08:00,2026-01-08,75.6,2026-01-12,76.1,0.006613756613756516,0.000733445580788139,random_forest,test,1,0.3401978419030505,0.27869331434769784,0.38110884374925136,BUY
2882,2026-01-08,2026-01-08T13:30:00+08:00,2026-01-09,76.5,2026-01-13,77.4,0.011764705882353121,0.005854304674662192,random_forest,test,1,0.3360370550727128,0.28376123863610614,0.3802017062911813,BUY
2882,2026-01-09,2026-01-09T13:30:00+08:00,2026-01-12,76.4,2026-01-14,74.7,-0.022251308900523625,-0.027962999584231096,random_forest,test,0,0.34741176711831906,0.28678467262263124,0.3658035602590495,BUY
2882,2026-01-12,2026-01-12T13:30:00+08:00,2026-01-13,76.2,2026-01-15,75.2,-0.013123359580052507,-0.018888372782695617,random_forest,test,0,0.4100137353588101,0.29328716772296076,0.2966990969182293,SELL
2882,2026-01-13,2026-01-13T13:30:00+08:00,2026-01-14,77.5,2026-01-16,76.2,-0.01677419354838705,-0.022517879763272908,random_forest,test,0,0.33373257530946,0.26018318223518205,0.4060842424553575,BUY
2882,2026-01-14,2026-01-14T13:30:00+08:00,2026-01-15,74.9,2026-01-19,77.4,0.03337783711615483,0.027341179006830973,random_forest,test,2,0.33460291694485605,0.2384216356602058,0.4269754473949379,BUY
2882,2026-01-15,2026-01-15T13:30:00+08:00,2026-01-16,75.6,2026-01-20,76.6,0.013227513227513255,0.007308566773828851,random_forest,test,1,0.31763294571627126,0.4234511534201256,0.25891590086360294,HOLD
2882,2026-01-16,2026-01-16T13:30:00+08:00,2026-01-19,76.2,2026-01-21,75.7,-0.006561679790026198,-0.012365024197474095,random_forest,test,0,0.2971768768343642,0.309202413354462,0.3936207098111735,BUY
2882,2026-01-19,2026-01-19T13:30:00+08:00,2026-01-20,76.9,2026-01-22,75.6,-0.016905071521456594,-0.022647993189678917,random_forest,test,0,0.3979091416336874,0.2665765805165577,0.3355142778497552,SELL
2882,2026-01-20,2026-01-20T13:30:00+08:00,2026-01-21,76.6,2026-01-23,76.6,0.0,-0.005841675612252573,random_forest,test,1,0.4450177800096582,0.23038910294839388,0.3245931170419479,SELL
2882,2026-01-21,2026-01-21T13:30:00+08:00,2026-01-22,76.0,2026-01-26,77.1,0.014473684210526194,0.008547458030201627,random_forest,test,1,0.3459468727061142,0.31632272887766105,0.33773039841622476,SELL
2882,2026-01-22,2026-01-22T13:30:00+08:00,2026-01-23,75.9,2026-01-27,75.9,0.0,-0.005841675612252684,random_forest,test,1,0.2831956552253763,0.28694164987124937,0.42986269490337414,BUY
2882,2026-01-23,2026-01-23T13:30:00+08:00,2026-01-26,76.6,2026-01-28,75.8,-0.010443864229764954,-0.016224530175048768,random_forest,test,0,0.3493875387841816,0.3790649603672717,0.2715475008485466,HOLD
2882,2026-01-26,2026-01-26T13:30:00+08:00,2026-01-27,77.0,2026-01-29,76.4,-0.007792207792207684,-0.013588363854234897,random_forest,test,0,0.3838262067750731,0.25791553889523655,0.3582582543296904,SELL
2882,2026-01-27,2026-01-27T13:30:00+08:00,2026-01-28,76.1,2026-01-30,75.4,-0.009198423127463662,-0.014986364535661378,random_forest,test,0,0.37583540446384694,0.3137229287035412,0.3104416668326118,SELL
2882,2026-01-28,2026-01-28T13:30:00+08:00,2026-01-29,75.4,2026-02-02,74.3,-0.01458885941644572,-0.02034531164443465,random_forest,test,0,0.3611161547829975,0.3490081021255932,0.2898757430914094,SELL
2882,2026-01-29,2026-01-29T13:30:00+08:00,2026-01-30,76.1,2026-02-03,74.7,-0.018396846254927657,-0.024131053459070295,random_forest,test,0,0.3916732983866843,0.3598222951909173,0.24850440642239807,SELL
2882,2026-01-30,2026-01-30T13:30:00+08:00,2026-02-02,75.7,2026-02-04,76.2,0.006605019815059343,0.0007247598196347127,random_forest,test,1,0.33274877470729647,0.33033400420193965,0.3369172210907639,BUY
2882,2026-02-02,2026-02-02T13:30:00+08:00,2026-02-03,74.9,2026-02-05,76.0,0.014686248331108098,0.008758780420144108,random_forest,test,1,0.36007115680213453,0.24575399359786093,0.3941748496000044,BUY
2882,2026-02-03,2026-02-03T13:30:00+08:00,2026-02-04,75.0,2026-02-06,75.7,0.009333333333333416,0.003437135415366388,random_forest,test,1,0.36740263585694555,0.3225291757819827,0.3100681883610717,SELL
2882,2026-02-04,2026-02-04T13:30:00+08:00,2026-02-05,75.8,2026-02-09,77.2,0.018469656992084582,0.012520087635014665,random_forest,test,2,0.3325652107157348,0.30811581246451225,0.3593189768197529,BUY
2882,2026-02-05,2026-02-05T13:30:00+08:00,2026-02-06,75.9,2026-02-10,77.9,0.026350461133069825,0.020354854674644596,random_forest,test,2,0.3133099158675117,0.33040823860445867,0.35628184552802944,BUY
2882,2026-02-06,2026-02-06T13:30:00+08:00,2026-02-09,76.2,2026-02-11,78.8,0.034120734908136496,0.02807973703089872,random_forest,test,2,0.37269155393804987,0.3377946056902783,0.28951384037167205,SELL
2882,2026-02-09,2026-02-09T13:30:00+08:00,2026-02-10,77.5,2026-02-23,79.6,0.02709677419354839,0.021096808016318525,random_forest,test,2,0.40591278319817137,0.26350568928031354,0.3305815275215149,SELL
2882,2026-02-10,2026-02-10T13:30:00+08:00,2026-02-11,78.4,2026-02-24,78.2,-0.0025510204081633514,-0.008377793786711218,random_forest,test,1,0.3052436513825494,0.27830122323410716,0.41645512538334356,BUY
2882,2026-02-11,2026-02-11T13:30:00+08:00,2026-02-23,81.4,2026-02-25,76.9,-0.055282555282555323,-0.060801288139830656,random_forest,test,0,0.2726467617711621,0.30271211880298177,0.424641119425856,BUY
2882,2026-02-23,2026-02-23T13:30:00+08:00,2026-02-24,79.2,2026-02-26,79.7,0.0063131313131312705,0.0004345764356499249,random_forest,test,1,0.32585269468793315,0.3858324916285016,0.28831481368356543,HOLD
2882,2026-02-24,2026-02-24T13:30:00+08:00,2026-02-25,78.2,2026-03-02,77.9,-0.0038363171355498826,-0.009655582227550696,random_forest,test,1,0.3234824458485355,0.30176643986012186,0.3747511142913426,BUY
2882,2026-02-25,2026-02-25T13:30:00+08:00,2026-02-26,77.0,2026-03-03,77.6,0.007792207792207684,0.001905012629729974,random_forest,test,1,0.35817929831519074,0.40224270225299863,0.23957799943181055,HOLD
2882,2026-02-26,2026-02-26T13:30:00+08:00,2026-03-02,79.4,2026-03-04,73.2,-0.07808564231738035,-0.08347116693724044,random_forest,test,0,0.3927552962541581,0.26999142552335303,0.33725327822248885,SELL
2882,2026-03-02,2026-03-02T13:30:00+08:00,2026-03-03,77.3,2026-03-05,73.6,-0.04786545924967667,-0.0534275203759611,random_forest,test,0,0.318717866761787,0.38820956305784016,0.29307257018037275,HOLD
2882,2026-03-03,2026-03-03T13:30:00+08:00,2026-03-04,76.5,2026-03-06,73.0,-0.04575163398692805,-0.051326043394698595,random_forest,test,0,0.38956409784673013,0.3126109542294635,0.29782494792380637,SELL
2882,2026-03-04,2026-03-04T13:30:00+08:00,2026-03-05,74.3,2026-03-09,70.0,-0.05787348586810226,-0.0633770833493631,random_forest,test,0,0.3305896578571742,0.32488038860660196,0.34452995353622384,BUY
2882,2026-03-05,2026-03-05T13:30:00+08:00,2026-03-06,73.0,2026-03-10,71.1,-0.026027397260274032,-0.03171702926070086,random_forest,test,0,0.34648254476161733,0.3631593210875511,0.29035813415083145,HOLD
2882,2026-03-06,2026-03-06T13:30:00+08:00,2026-03-09,68.3,2026-03-11,71.8,0.051244509516837455,0.0451034801030783,random_forest,test,2,0.34463395153977133,0.30913656078012486,0.3462294876801037,BUY
2882,2026-03-09,2026-03-09T13:30:00+08:00,2026-03-10,71.6,2026-03-12,72.5,0.012569832402234749,0.006654727906587832,random_forest,test,1,0.3310274849291408,0.3158651639593339,0.3531073511115253,BUY
2882,2026-03-10,2026-03-10T13:30:00+08:00,2026-03-11,71.2,2026-03-13,71.7,0.0070224719101124045,0.00113977329496473,random_forest,test,1,0.34265849739884446,0.3281230388240866,0.32921846377706876,SELL
2882,2026-03-11,2026-03-11T13:30:00+08:00,2026-03-12,72.6,2026-03-16,72.4,-0.0027548209366389242,-0.008580403778609691,random_forest,test,1,0.3629984052809819,0.35894644769979456,0.27805514701922335,SELL
2882,2026-03-12,2026-03-12T13:30:00+08:00,2026-03-13,71.6,2026-03-17,73.2,0.022346368715083997,0.01637415286568622,random_forest,test,2,0.35194759210856785,0.3841344385387526,0.26391796935267936,HOLD
2882,2026-03-13,2026-03-13T13:30:00+08:00,2026-03-16,72.2,2026-03-18,73.4,0.016620498614958512,0.010681731441283482,random_forest,test,2,0.3165751591671868,0.532821834549786,0.15060300628302709,HOLD
2882,2026-03-16,2026-03-16T13:30:00+08:00,2026-03-17,72.5,2026-03-19,71.6,-0.012413793103448367,-0.01818295136327286,random_forest,test,0,0.338209253573522,0.3387573775242834,0.3230333689021944,HOLD
2882,2026-03-17,2026-03-17T13:30:00+08:00,2026-03-18,74.2,2026-03-20,72.0,-0.02964959568733161,-0.03531806797954429,random_forest,test,0,0.3342829137636084,0.32544497510351256,0.3402721111328788,BUY
2882,2026-03-18,2026-03-18T13:30:00+08:00,2026-03-19,73.0,2026-03-23,71.7,-0.017808219178082174,-0.023545864950664575,random_forest,test,0,0.34447823496983,0.3139445918727896,0.34157717315738045,SELL
2882,2026-03-19,2026-03-19T13:30:00+08:00,2026-03-20,71.3,2026-03-24,70.8,-0.007012622720897643,-0.012813332866023486,random_forest,test,0,0.3925862057739476,0.2510291563075666,0.35638463791848574,SELL
2882,2026-03-20,2026-03-20T13:30:00+08:00,2026-03-23,70.1,2026-03-25,71.4,0.018544935805991702,0.012594926694510455,random_forest,test,2,0.3140261194152688,0.4042413408765657,0.2817325397081652,HOLD
2882,2026-03-23,2026-03-23T13:30:00+08:00,2026-03-24,71.8,2026-03-26,70.8,-0.013927576601671321,-0.019687891829352044,random_forest,test,0,0.3362857942086633,0.365169151886167,0.2985450539051695,HOLD
2882,2026-03-24,2026-03-24T13:30:00+08:00,2026-03-25,72.4,2026-03-27,70.6,-0.024861878453038777,-0.030558319036257497,random_forest,test,0,0.38129403266667744,0.31285801859489476,0.3058479487384275,SELL
2882,2026-03-25,2026-03-25T13:30:00+08:00,2026-03-26,71.4,2026-03-30,70.4,-0.014005602240896309,-0.019765461668103335,random_forest,test,0,0.3517700051863571,0.3434766338586652,0.3047533609549777,SELL
2882,2026-03-26,2026-03-26T13:30:00+08:00,2026-03-27,70.4,2026-03-31,70.3,-0.0014204545454546968,-0.007253832323030562,random_forest,test,1,0.30747822552297677,0.2797778560210543,0.41274391845596875,BUY
2882,2026-03-27,2026-03-27T13:30:00+08:00,2026-03-30,69.1,2026-04-01,71.9,0.0405209840810421,0.034442598024299054,random_forest,test,2,0.3664081119136764,0.2615116036894752,0.37208028439684815,BUY
2882,2026-03-30,2026-03-30T13:30:00+08:00,2026-03-31,69.8,2026-04-02,71.8,0.02865329512893977,0.02264423626132195,random_forest,test,2,0.329265109394617,0.29561978226761093,0.3751151083377719,BUY
2882,2026-03-31,2026-03-31T13:30:00+08:00,2026-04-01,71.6,2026-04-07,71.9,0.0041899441340784715,-0.0016762077726388824,random_forest,test,1,0.3637193805048004,0.29576060209737254,0.34052001739782717,SELL
2882,2026-04-01,2026-04-01T13:30:00+08:00,2026-04-02,72.1,2026-04-08,73.8,0.023578363384188616,0.01759895062157768,random_forest,test,2,0.4315417525462964,0.29569078762640993,0.2727674598272935,SELL
2882,2026-04-02,2026-04-02T13:30:00+08:00,2026-04-07,72.2,2026-04-09,73.6,0.01939058171745134,0.013435632616872528,random_forest,test,2,0.3325768857767006,0.39334226312464937,0.2740808510986498,HOLD
2882,2026-04-07,2026-04-07T13:30:00+08:00,2026-04-08,73.6,2026-04-10,72.9,-0.009510869565217184,-0.015296985762679238,random_forest,test,0,0.35588012060260094,0.3609494039876946,0.2831704754097046,HOLD
2882,2026-04-08,2026-04-08T13:30:00+08:00,2026-04-09,74.3,2026-04-13,72.0,-0.030955585464333746,-0.03661642858791636,random_forest,test,0,0.3388844571223945,0.3766684393138668,0.28444710356373853,HOLD
2882,2026-04-09,2026-04-09T13:30:00+08:00,2026-04-10,73.9,2026-04-14,72.7,-0.016238159675236896,-0.02198497722612658,random_forest,test,0,0.3318906498767243,0.3648629197388058,0.3032464303844698,HOLD
2882,2026-04-10,2026-04-10T13:30:00+08:00,2026-04-13,72.6,2026-04-15,72.9,0.004132231404958775,-0.001733583362716118,random_forest,test,1,0.3598964789514227,0.32061117019437063,0.31949235085420663,SELL
2882,2026-04-13,2026-04-13T13:30:00+08:00,2026-04-14,71.5,2026-04-16,74.2,0.03776223776223775,0.03169996740658543,random_forest,test,2,0.35389121635884957,0.28865950643148097,0.35744927720966935,BUY
2882,2026-04-14,2026-04-14T13:30:00+08:00,2026-04-15,72.9,2026-04-17,75.0,0.028806584362139898,0.022796630028546705,random_forest,test,2,0.367365004940252,0.3309299848101122,0.3017050102496357,SELL
2882,2026-04-15,2026-04-15T13:30:00+08:00,2026-04-16,73.0,2026-04-20,74.6,0.021917808219177992,0.015948095881177293,random_forest,test,2,0.35891252055753986,0.3172175991855429,0.3238698802569171,SELL
2882,2026-04-16,2026-04-16T13:30:00+08:00,2026-04-17,74.2,2026-04-21,75.5,0.017520215633423097,0.011576192604783486,random_forest,test,2,0.34366827116794146,0.3163830949440626,0.3399486338879957,SELL
2882,2026-04-17,2026-04-17T13:30:00+08:00,2026-04-20,74.8,2026-04-22,75.9,0.014705882352941346,0.008778299746390994,random_forest,test,1,0.32528075729118394,0.3591916790448792,0.315527563663937,HOLD
2882,2026-04-20,2026-04-20T13:30:00+08:00,2026-04-21,75.4,2026-04-23,74.8,-0.007957559681697757,-0.013752749811624665,random_forest,test,0,0.3190529567091318,0.298955162032114,0.3819918812587541,BUY
2882,2026-04-21,2026-04-21T13:30:00+08:00,2026-04-22,75.5,2026-04-24,74.9,-0.007947019867549643,-0.013742271567651732,random_forest,test,0,0.36213048119247104,0.37746264801445567,0.2604068707930731,HOLD
2882,2026-04-22,2026-04-22T13:30:00+08:00,2026-04-23,75.1,2026-04-27,74.5,-0.00798934753661773,-0.013784351972207731,random_forest,test,0,0.32737608792306344,0.2899329471540232,0.3826909649229133,BUY
2882,2026-04-23,2026-04-23T13:30:00+08:00,2026-04-24,74.5,2026-04-28,74.7,0.0026845637583892135,-0.003172794204500007,random_forest,test,1,0.36268408205090585,0.31639598547169206,0.32091993247740197,SELL
2882,2026-04-24,2026-04-24T13:30:00+08:00,2026-04-27,74.1,2026-04-29,78.6,0.06072874493927127,0.054532311698744396,random_forest,test,2,0.3607126208987127,0.3158511100910293,0.3234362690102578,SELL
2882,2026-04-27,2026-04-27T13:30:00+08:00,2026-04-28,74.5,2026-04-30,77.2,0.03624161073825505,0.030188223392404234,random_forest,test,2,0.32994791247637634,0.3096708534330286,0.3603812340905951,BUY
2882,2026-04-28,2026-04-28T13:30:00+08:00,2026-04-29,75.9,2026-05-04,76.2,0.0039525691699604515,-0.0019121960692181084,random_forest,test,1,0.33899117617386126,0.28682784548548507,0.37418097834065356,BUY
2882,2026-04-29,2026-04-29T13:30:00+08:00,2026-04-30,78.0,2026-05-05,77.2,-0.01025641025641022,-0.016038171246998578,random_forest,test,0,0.32107327565049715,0.3791991339835169,0.29972759036598606,HOLD
2882,2026-04-30,2026-04-30T13:30:00+08:00,2026-05-04,77.8,2026-05-06,78.7,0.011568123393316254,0.0056588705567575115,random_forest,test,1,0.4132586092767415,0.21406522106298578,0.37267616966027284,SELL
2882,2026-05-04,2026-05-04T13:30:00+08:00,2026-05-05,76.2,2026-05-07,79.0,0.03674540682414684,0.03068907646498742,random_forest,test,2,0.39815907856947935,0.22675719869280594,0.37508372273771456,SELL
2882,2026-05-05,2026-05-05T13:30:00+08:00,2026-05-06,77.7,2026-05-08,80.0,0.029601029601029616,0.02358643437605923,random_forest,test,2,0.3513118540654054,0.3417766850389949,0.30691146089559956,SELL
2882,2026-05-06,2026-05-06T13:30:00+08:00,2026-05-07,78.5,2026-05-11,78.4,-0.00127388535031836,-0.007108119337587149,random_forest,test,1,0.3042942060092643,0.294086457097059,0.40161933689367674,BUY
2882,2026-05-07,2026-05-07T13:30:00+08:00,2026-05-08,79.5,2026-05-12,76.4,-0.03899371069182378,-0.04460759769529676,random_forest,test,0,0.37922264315625354,0.26962681767683716,0.3511505391669093,SELL
2882,2026-05-08,2026-05-08T13:30:00+08:00,2026-05-11,79.6,2026-05-13,77.3,-0.028894472361808976,-0.03456735583953652,random_forest,test,0,0.4101738322816307,0.3277775883481715,0.26204857937019793,SELL
2882,2026-05-11,2026-05-11T13:30:00+08:00,2026-05-12,78.7,2026-05-14,76.7,-0.02541296060991105,-0.031106181949933642,random_forest,test,0,0.3491690404423289,0.29609173928069143,0.3547392202769798,BUY
2882,2026-05-12,2026-05-12T13:30:00+08:00,2026-05-13,76.6,2026-05-15,77.9,0.016971279373368287,0.011030463052291717,random_forest,test,2,0.31941463497210043,0.3007075324339215,0.379877832593978,BUY
2882,2026-05-13,2026-05-13T13:30:00+08:00,2026-05-14,76.9,2026-05-18,76.8,-0.0013003901170351995,-0.007134469272054633,random_forest,test,1,0.332278431922176,0.3451572778839324,0.3225642901938914,HOLD
2882,2026-05-14,2026-05-14T13:30:00+08:00,2026-05-15,77.4,2026-05-19,77.8,0.0051679586563306845,-0.0007039064939698969,random_forest,test,1,0.34589476948029046,0.21778797062831307,0.4363172598913963,BUY
2882,2026-05-15,2026-05-15T13:30:00+08:00,2026-05-18,78.0,2026-05-20,77.9,-0.0012820512820511665,-0.007116237566595629,random_forest,test,1,0.29073803810177357,0.34454067063341576,0.36472129126481073,BUY
2882,2026-05-18,2026-05-18T13:30:00+08:00,2026-05-19,77.5,2026-05-21,78.7,0.015483870967742064,0.009551743604073959,random_forest,test,1,0.3833847774093559,0.36101583458497083,0.255599388005673,SELL
2882,2026-05-19,2026-05-19T13:30:00+08:00,2026-05-20,78.0,2026-05-22,79.7,0.02179487179487194,0.01582587761158316,random_forest,test,2,0.41092921131850274,0.2784273944127462,0.31064339426875104,SELL
2882,2026-05-20,2026-05-20T13:30:00+08:00,2026-05-21,77.8,2026-05-25,81.5,0.04755784061696655,0.04143834752701059,random_forest,test,2,0.3367566684258258,0.28436409897777737,0.3788792325963967,BUY
2882,2026-05-21,2026-05-21T13:30:00+08:00,2026-05-22,78.5,2026-05-26,83.1,0.05859872611464967,0.05241473575314415,random_forest,test,2,0.37600888094746954,0.306209010942911,0.3177821081096194,SELL
2882,2026-05-22,2026-05-22T13:30:00+08:00,2026-05-25,79.9,2026-05-27,85.4,0.06883604505632035,0.06259225159841852,random_forest,test,2,0.37208145989368224,0.3030408108542883,0.32487772925202935,SELL
2882,2026-05-25,2026-05-25T13:30:00+08:00,2026-05-26,80.6,2026-05-28,84.8,0.05210918114143914,0.04596310059653819,random_forest,test,2,0.2844567389301543,0.329855034405338,0.3856882266645079,BUY
2882,2026-05-26,2026-05-26T13:30:00+08:00,2026-05-27,83.1,2026-05-29,85.7,0.03128760529482566,0.02526315764175635,random_forest,test,2,0.39461715792386093,0.28655114678750493,0.31883169528863414,SELL
2882,2026-05-27,2026-05-27T13:30:00+08:00,2026-05-28,85.4,2026-06-01,88.2,0.032786885245901676,0.026753679285706156,random_forest,test,2,0.3693282381333771,0.30836991544560843,0.3223018464210144,SELL
2882,2026-05-28,2026-05-28T13:30:00+08:00,2026-05-29,85.6,2026-06-02,89.2,0.0420560747663552,0.03596872120779282,random_forest,test,2,0.41125432128397554,0.23932241612441732,0.3494232625916069,SELL
2882,2026-05-29,2026-05-29T13:30:00+08:00,2026-06-01,86.6,2026-06-03,91.8,0.06004618937644346,0.05385374340410176,random_forest,test,2,0.27547645386057307,0.34282202672273693,0.3817015194166901,BUY
2882,2026-06-01,2026-06-01T13:30:00+08:00,2026-06-02,88.5,2026-06-04,94.4,0.06666666666666665,0.06043554601359724,random_forest,test,2,0.2960638490711998,0.31254719913093276,0.3913889517978676,BUY
2882,2026-06-02,2026-06-02T13:30:00+08:00,2026-06-03,89.9,2026-06-05,100.0,0.11234705228031139,0.1058490816326445,random_forest,test,2,0.3837445936797452,0.3631969010200147,0.25305850530023993,SELL
2882,2026-06-03,2026-06-03T13:30:00+08:00,2026-06-04,96.3,2026-06-08,95.0,-0.01349948078920038,-0.01926229681374858,random_forest,test,0,0.337839968123604,0.3674718355406859,0.2946881963357102,HOLD
2882,2026-06-04,2026-06-04T13:30:00+08:00,2026-06-05,94.4,2026-06-09,104.0,0.10169491525423724,0.09525917093565406,random_forest,test,2,0.3797786896102886,0.36173309043601465,0.2584882199536967,SELL
2882,2026-06-05,2026-06-05T13:30:00+08:00,2026-06-08,97.8,2026-06-10,99.9,0.021472392638036908,0.01550528227337411,random_forest,test,2,0.3291642340506348,0.33316263042750455,0.3376731355218608,BUY
2882,2026-06-08,2026-06-08T13:30:00+08:00,2026-06-09,95.3,2026-06-11,100.5,0.05456453305351516,0.04840410913923021,random_forest,test,2,0.38699533735504354,0.2874093943931968,0.32559526825175966,SELL
2882,2026-06-09,2026-06-09T13:30:00+08:00,2026-06-10,102.0,2026-06-12,100.5,-0.014705882352941124,-0.020461650970895917,random_forest,test,0,0.3286304511437224,0.22863839876421377,0.44273115009206393,BUY
2882,2026-06-10,2026-06-10T13:30:00+08:00,2026-06-11,101.0,2026-06-15,104.0,0.02970297029702973,0.023687779567581613,random_forest,test,2,0.3316580411478324,0.2264634155741935,0.4418785432779741,BUY
2882,2026-06-11,2026-06-11T13:30:00+08:00,2026-06-12,102.0,2026-06-16,109.5,0.07352941176470584,0.06725820118096415,random_forest,test,2,0.322743673436441,0.191125394319918,0.48613093224364085,BUY
2882,2026-06-12,2026-06-12T13:30:00+08:00,2026-06-15,105.0,2026-06-17,113.5,0.08095238095238089,0.07463780779056495,random_forest,test,2,0.3892159118968642,0.18623683212819334,0.4245472559749423,BUY
2882,2026-06-15,2026-06-15T13:30:00+08:00,2026-06-16,104.5,2026-06-18,115.5,0.10526315789473695,0.09880656906014207,random_forest,test,2,0.3454416366869469,0.20911233904369567,0.4454460242693576,BUY
2882,2026-06-16,2026-06-16T13:30:00+08:00,2026-06-17,110.0,2026-06-22,113.0,0.027272727272727337,0.021271733234685897,random_forest,test,2,0.36417460761610804,0.26046046202816914,0.3753649303557227,BUY
2882,2026-06-17,2026-06-17T13:30:00+08:00,2026-06-18,115.0,2026-06-23,113.5,-0.013043478260869601,-0.01880895810426675,random_forest,test,0,0.4004298820964184,0.36940241463084555,0.2301677032727361,SELL
2882,2026-06-18,2026-06-18T13:30:00+08:00,2026-06-22,117.0,2026-06-24,110.0,-0.05982905982905984,-0.0653212334816049,random_forest,test,0,0.32914954160025545,0.36147044076011553,0.30938001763962913,HOLD
2882,2026-06-22,2026-06-22T13:30:00+08:00,2026-06-23,113.0,2026-06-25,111.5,-0.013274336283185861,-0.019038467528904035,random_forest,test,0,0.3635545964616969,0.4394692209477358,0.1969761825905674,HOLD
2882,2026-06-23,2026-06-23T13:30:00+08:00,2026-06-24,110.5,2026-06-26,106.0,-0.040723981900452455,-0.04632776122080329,random_forest,test,0,0.3020103865019339,0.3568772774314487,0.34111233606661706,HOLD
2882,2026-06-24,2026-06-24T13:30:00+08:00,2026-06-25,110.0,2026-06-29,101.5,-0.07727272727272727,-0.08266300067857857,random_forest,test,0,0.40229481265184025,0.3014256724489913,0.2962795148991681,SELL
2882,2026-06-25,2026-06-25T13:30:00+08:00,2026-06-26,110.5,2026-06-30,98.3,-0.11040723981900458,-0.11560395215099029,random_forest,test,0,0.2909183708136739,0.34362116858662284,0.3654604605997034,BUY
2002,2025-01-02,2025-01-02T13:30:00+08:00,2025-01-03,19.25,2025-01-07,18.95,-0.01558441558441559,-0.021335052096217444,xgboost,validation,0,0.31699493527412415,0.3424929082393646,0.34051212668418884,HOLD
2002,2025-01-03,2025-01-03T13:30:00+08:00,2025-01-06,19.0,2025-01-08,18.9,-0.0052631578947369695,-0.011074087845872382,xgboost,validation,0,0.38537612557411194,0.5102576613426208,0.104366235435009,HOLD
2002,2025-01-06,2025-01-06T13:30:00+08:00,2025-01-07,19.25,2025-01-09,18.6,-0.033766233766233666,-0.03941065799417642,xgboost,validation,0,0.5122191905975342,0.30300047993659973,0.1847803294658661,SELL
2002,2025-01-07,2025-01-07T13:30:00+08:00,2025-01-08,18.95,2025-01-10,18.3,-0.03430079155672816,-0.03994209307146268,xgboost,validation,0,0.5415312051773071,0.3688237965106964,0.08964501321315765,SELL
2002,2025-01-08,2025-01-08T13:30:00+08:00,2025-01-09,18.85,2025-01-13,18.1,-0.039787798408488007,-0.04539704660911248,xgboost,validation,0,0.3396717309951782,0.36946991086006165,0.29085835814476013,HOLD
2002,2025-01-09,2025-01-09T13:30:00+08:00,2025-01-10,18.55,2025-01-14,18.35,-0.010781671159029615,-0.016560363745813045,xgboost,validation,0,0.36769169569015503,0.4824664890766144,0.14984183013439178,HOLD
2002,2025-01-10,2025-01-10T13:30:00+08:00,2025-01-13,18.25,2025-01-15,18.7,0.024657534246575352,0.018671817317856165,xgboost,validation,2,0.45101186633110046,0.39304837584495544,0.1559397429227829,SELL
2002,2025-01-13,2025-01-13T13:30:00+08:00,2025-01-14,18.1,2025-01-16,18.9,0.044198895027624197,0.03809902380820018,xgboost,validation,2,0.26926007866859436,0.4549191892147064,0.27582067251205444,HOLD
2002,2025-01-14,2025-01-14T13:30:00+08:00,2025-01-15,18.35,2025-01-17,19.55,0.06539509536784727,0.05917140282182354,xgboost,validation,2,0.2695872187614441,0.3958742916584015,0.33453845977783203,HOLD
2002,2025-01-15,2025-01-15T13:30:00+08:00,2025-01-16,19.0,2025-01-20,19.55,0.02894736842105261,0.022936591672656048,xgboost,validation,2,0.5762902498245239,0.21817973256111145,0.20553000271320343,SELL
2002,2025-01-16,2025-01-16T13:30:00+08:00,2025-01-17,19.1,2025-01-21,20.1,0.05235602094240832,0.046208498439461954,xgboost,validation,2,0.35705795884132385,0.4113660752773285,0.23157595098018646,HOLD
2002,2025-01-17,2025-01-17T13:30:00+08:00,2025-01-20,19.6,2025-01-22,20.15,0.028061224489795755,0.02205562430679109,xgboost,validation,2,0.23079603910446167,0.3889545798301697,0.38024938106536865,HOLD
2002,2025-01-20,2025-01-20T13:30:00+08:00,2025-01-21,19.7,2025-02-03,20.0,0.015228426395939021,0.009297791256596355,xgboost,validation,1,0.33928602933883667,0.4206419289112091,0.24007198214530945,HOLD
2002,2025-01-21,2025-01-21T13:30:00+08:00,2025-01-22,20.3,2025-02-04,19.6,-0.03448275862068961,-0.04012299714286449,xgboost,validation,0,0.23433132469654083,0.4843452572822571,0.28132346272468567,HOLD
2002,2025-01-22,2025-01-22T13:30:00+08:00,2025-02-03,19.95,2025-02-05,19.6,-0.01754385964912275,-0.02328304972431816,xgboost,validation,0,0.3427341878414154,0.387012243270874,0.27025359869003296,HOLD
2002,2025-02-03,2025-02-03T13:30:00+08:00,2025-02-04,20.15,2025-02-06,19.9,-0.012406947890818865,-0.018176146138155214,xgboost,validation,0,0.36582276225090027,0.4890744984149933,0.14510278403759003,HOLD
2002,2025-02-04,2025-02-04T13:30:00+08:00,2025-02-05,19.8,2025-02-07,19.65,-0.00757575757575768,-0.01337317806973548,xgboost,validation,0,0.48636481165885925,0.2650641202926636,0.24857109785079956,SELL
2002,2025-02-05,2025-02-05T13:30:00+08:00,2025-02-06,19.9,2025-02-10,20.05,0.007537688442211143,0.0016519800992131906,xgboost,validation,1,0.4284546971321106,0.23287078738212585,0.3386745750904083,SELL
2002,2025-02-06,2025-02-06T13:30:00+08:00,2025-02-07,19.9,2025-02-11,19.9,0.0,-0.005841675612252573,xgboost,validation,1,0.31077247858047485,0.4159361720085144,0.27329134941101074,HOLD
2002,2025-02-07,2025-02-07T13:30:00+08:00,2025-02-10,19.65,2025-02-12,20.1,0.022900763358778775,0.016925308915711312,xgboost,validation,2,0.27812889218330383,0.3140624761581421,0.4078086316585541,BUY
2002,2025-02-10,2025-02-10T13:30:00+08:00,2025-02-11,20.15,2025-02-13,21.9,0.08684863523573205,0.08049961806906536,xgboost,validation,2,0.40856173634529114,0.4124356508255005,0.17900262773036957,HOLD
2002,2025-02-11,2025-02-11T13:30:00+08:00,2025-02-12,20.0,2025-02-14,23.25,0.1625000000000001,0.15570905210075647,xgboost,validation,2,0.4457329213619232,0.26243311166763306,0.2918339967727661,SELL
2002,2025-02-12,2025-02-12T13:30:00+08:00,2025-02-13,20.2,2025-02-17,22.85,0.1311881188118813,0.12458008476534821,xgboost,validation,2,0.44507265090942383,0.3786035478115082,0.176323801279068,SELL
2002,2025-02-13,2025-02-13T13:30:00+08:00,2025-02-14,22.0,2025-02-18,22.4,0.018181818181818077,0.012233930285706407,xgboost,validation,2,0.1370774209499359,0.41840851306915283,0.4445140063762665,BUY
2002,2025-02-14,2025-02-14T13:30:00+08:00,2025-02-17,23.4,2025-02-19,22.35,-0.04487179487179471,-0.050451344014266764,xgboost,validation,0,0.3425765931606293,0.31448906660079956,0.34293434023857117,BUY
2002,2025-02-17,2025-02-17T13:30:00+08:00,2025-02-18,22.65,2025-02-20,22.65,0.0,-0.005841675612252462,xgboost,validation,1,0.39177265763282776,0.33895057439804077,0.26927679777145386,SELL
2002,2025-02-18,2025-02-18T13:30:00+08:00,2025-02-19,22.45,2025-02-21,23.0,0.024498886414253906,0.0185140962547079,xgboost,validation,2,0.5174792408943176,0.22080636024475098,0.2617143988609314,SELL
2002,2025-02-19,2025-02-19T13:30:00+08:00,2025-02-20,22.6,2025-02-24,23.2,0.0265486725663715,0.020551908221050352,xgboost,validation,2,0.5968801379203796,0.28878018260002136,0.11433963477611542,SELL
2002,2025-02-20,2025-02-20T13:30:00+08:00,2025-02-21,22.8,2025-02-25,23.9,0.048245614035087536,0.04212210319592824,xgboost,validation,2,0.43721455335617065,0.29462626576423645,0.26815924048423767,SELL
2002,2025-02-21,2025-02-21T13:30:00+08:00,2025-02-24,22.95,2025-02-26,23.8,0.0370370370370372,0.0309790030687751,xgboost,validation,2,0.4840123653411865,0.26825466752052307,0.2477329820394516,SELL
2002,2025-02-24,2025-02-24T13:30:00+08:00,2025-02-25,23.1,2025-02-27,24.35,0.054112554112554,0.04795477051262553,xgboost,validation,2,0.17247426509857178,0.3538477122783661,0.4736780524253845,BUY
2002,2025-02-25,2025-02-25T13:30:00+08:00,2025-02-26,23.95,2025-03-03,24.0,0.0020876826722338038,-0.003766188504971235,xgboost,validation,1,0.25819215178489685,0.47749796509742737,0.26430991291999817,HOLD
2002,2025-02-26,2025-02-26T13:30:00+08:00,2025-02-27,23.9,2025-03-04,23.6,-0.012552301255229992,-0.018320650395362237,xgboost,validation,0,0.4850994944572449,0.31871289014816284,0.19618767499923706,SELL
2002,2025-02-27,2025-02-27T13:30:00+08:00,2025-03-03,23.6,2025-03-05,24.1,0.021186440677966045,0.015221000751894698,xgboost,validation,2,0.3163747191429138,0.4557131826877594,0.22791214287281036,HOLD
2002,2025-03-03,2025-03-03T13:30:00+08:00,2025-03-04,23.75,2025-03-06,24.25,0.021052631578947434,0.015087973322226444,xgboost,validation,2,0.5618098974227905,0.28813526034355164,0.15005482733249664,SELL
2002,2025-03-04,2025-03-04T13:30:00+08:00,2025-03-05,23.6,2025-03-07,24.25,0.02754237288135597,0.021539803661138723,xgboost,validation,2,0.279449999332428,0.37113967537879944,0.3494103252887726,HOLD
2002,2025-03-05,2025-03-05T13:30:00+08:00,2025-03-06,24.2,2025-03-10,24.7,0.02066115702479343,0.014698785635428147,xgboost,validation,2,0.5708351731300354,0.29721948504447937,0.1319453865289688,SELL
2002,2025-03-06,2025-03-06T13:30:00+08:00,2025-03-07,24.15,2025-03-11,24.3,0.006211180124223725,0.0003332208125161884,xgboost,validation,1,0.403025358915329,0.3447309136390686,0.2522437572479248,SELL
2002,2025-03-07,2025-03-07T13:30:00+08:00,2025-03-10,24.35,2025-03-12,24.15,-0.008213552361396426,-0.014007247065129347,xgboost,validation,0,0.36913904547691345,0.2993742823600769,0.33148667216300964,SELL
2002,2025-03-10,2025-03-10T13:30:00+08:00,2025-03-11,24.45,2025-03-13,23.7,-0.030674846625766916,-0.03633732973457604,xgboost,validation,0,0.4354674816131592,0.35045942664146423,0.2140730917453766,SELL
2002,2025-03-11,2025-03-11T13:30:00+08:00,2025-03-12,24.4,2025-03-14,24.3,-0.004098360655737654,-0.009916094974497414,xgboost,validation,1,0.2260000854730606,0.3929993510246277,0.3810005784034729,HOLD
2002,2025-03-12,2025-03-12T13:30:00+08:00,2025-03-13,24.15,2025-03-17,24.1,-0.0020703933747411307,-0.007899974420508604,xgboost,validation,1,0.3509002923965454,0.2797650396823883,0.36933469772338867,BUY
2002,2025-03-13,2025-03-13T13:30:00+08:00,2025-03-14,23.8,2025-03-18,24.15,0.014705882352941124,0.008778299746390772,xgboost,validation,1,0.5491463541984558,0.28805992007255554,0.16279368102550507,SELL
2002,2025-03-14,2025-03-14T13:30:00+08:00,2025-03-17,24.2,2025-03-19,24.1,-0.004132231404958553,-0.009949767861788583,xgboost,validation,1,0.38510292768478394,0.30090001225471497,0.3139970898628235,SELL
2002,2025-03-17,2025-03-17T13:30:00+08:00,2025-03-18,24.15,2025-03-20,24.35,0.008281573498964967,0.002391519620772442,xgboost,validation,1,0.37764954566955566,0.35393205285072327,0.2684183716773987,SELL
2002,2025-03-18,2025-03-18T13:30:00+08:00,2025-03-19,24.0,2025-03-21,23.8,-0.008333333333333304,-0.01412632831548366,xgboost,validation,0,0.5281504988670349,0.36058810353279114,0.11126136779785156,SELL
2002,2025-03-19,2025-03-19T13:30:00+08:00,2025-03-20,24.3,2025-03-24,23.7,-0.024691358024691468,-0.030388794732937652,xgboost,validation,0,0.3511475622653961,0.4587472975254059,0.19010517001152039,HOLD
2002,2025-03-20,2025-03-20T13:30:00+08:00,2025-03-21,24.35,2025-03-25,23.1,-0.05133470225872694,-0.05687649719273247,xgboost,validation,0,0.3016302287578583,0.5070635080337524,0.19130626320838928,HOLD
2002,2025-03-21,2025-03-21T13:30:00+08:00,2025-03-24,23.8,2025-03-26,23.2,-0.025210084033613467,-0.0309044905127841,xgboost,validation,0,0.48445942997932434,0.22133970260620117,0.2942008674144745,SELL
2002,2025-03-24,2025-03-24T13:30:00+08:00,2025-03-25,23.9,2025-03-27,23.45,-0.01882845188284521,-0.024560137786917124,xgboost,validation,0,0.3752780556678772,0.392179936170578,0.2325420081615448,HOLD
2002,2025-03-25,2025-03-25T13:30:00+08:00,2025-03-26,23.1,2025-03-28,23.0,-0.0043290043290044045,-0.01014539130224279,xgboost,validation,0,0.4787028133869171,0.2124042958021164,0.3088929057121277,SELL
2002,2025-03-26,2025-03-26T13:30:00+08:00,2025-03-27,23.1,2025-03-31,22.4,-0.030303030303030387,-0.035967685442184316,xgboost,validation,0,0.5316544771194458,0.2257639765739441,0.2425815463066101,SELL
2002,2025-03-27,2025-03-27T13:30:00+08:00,2025-03-28,23.55,2025-04-01,22.95,-0.025477707006369532,-0.03117055011894687,xgboost,validation,0,0.4120105803012848,0.2771397829055786,0.3108495771884918,SELL
2002,2025-03-28,2025-03-28T13:30:00+08:00,2025-03-31,22.65,2025-04-02,22.85,0.008830022075055233,0.0029367643381914554,xgboost,validation,1,0.3850870132446289,0.14840711653232574,0.46650588512420654,BUY
2002,2025-03-31,2025-03-31T13:30:00+08:00,2025-04-01,22.5,2025-04-07,20.6,-0.08444444444444443,-0.08979282300499558,xgboost,validation,0,0.3968498408794403,0.32005253434181213,0.28309762477874756,SELL
2002,2025-04-01,2025-04-01T13:30:00+08:00,2025-04-02,23.0,2025-04-08,20.45,-0.11086956521739133,-0.1160635767943724,xgboost,validation,0,0.28437328338623047,0.487262099981308,0.22836461663246155,HOLD
2002,2025-04-02,2025-04-02T13:30:00+08:00,2025-04-07,20.6,2025-04-09,19.0,-0.07766990291262144,-0.08305785614722316,xgboost,validation,0,0.5579607486724854,0.26777327060699463,0.1742659956216812,SELL
2002,2025-04-08,2025-04-08T13:30:00+08:00,2025-04-09,19.9,2025-04-11,20.45,0.027638190954773822,0.021635061996454263,xgboost,validation,2,0.5151650905609131,0.2890430986881256,0.19579185545444489,SELL
2002,2025-04-09,2025-04-09T13:30:00+08:00,2025-04-10,20.9,2025-04-14,21.15,0.011961722488038173,0.006050170373246955,xgboost,validation,1,0.6157915592193604,0.17134177684783936,0.21286669373512268,SELL
2002,2025-04-11,2025-04-11T13:30:00+08:00,2025-04-14,20.9,2025-04-16,20.9,0.0,-0.005841675612252462,xgboost,validation,1,0.27015066146850586,0.6314396858215332,0.09840967506170273,HOLD
2002,2025-04-14,2025-04-14T13:30:00+08:00,2025-04-15,21.2,2025-04-17,20.5,-0.03301886792452824,-0.0386676580212818,xgboost,validation,0,0.6344432234764099,0.1926695853471756,0.17288722097873688,SELL
2002,2025-04-15,2025-04-15T13:30:00+08:00,2025-04-16,21.05,2025-04-18,20.4,-0.030878859857482288,-0.036540151187171244,xgboost,validation,0,0.41998913884162903,0.3929576575756073,0.1870531290769577,SELL
2002,2025-04-16,2025-04-16T13:30:00+08:00,2025-04-17,20.9,2025-04-21,20.0,-0.04306220095693769,-0.04865232116005014,xgboost,validation,0,0.4639711081981659,0.19798985123634338,0.3380390405654907,SELL
2002,2025-04-17,2025-04-17T13:30:00+08:00,2025-04-18,20.55,2025-04-22,20.2,-0.017031630170316392,-0.022773812523966153,xgboost,validation,0,0.3856622576713562,0.3976581394672394,0.2166796326637268,HOLD
2002,2025-04-18,2025-04-18T13:30:00+08:00,2025-04-21,20.4,2025-04-23,20.65,0.01225490196078427,0.006341637186616955,xgboost,validation,1,0.3471553325653076,0.35872960090637207,0.2941150963306427,HOLD
2002,2025-04-21,2025-04-21T13:30:00+08:00,2025-04-22,19.95,2025-04-24,20.5,0.027568922305764465,0.02156619799242221,xgboost,validation,2,0.40690046548843384,0.34971970319747925,0.24337981641292572,SELL
2002,2025-04-22,2025-04-22T13:30:00+08:00,2025-04-23,20.4,2025-04-25,20.3,-0.004901960784313597,-0.010715000731800317,xgboost,validation,0,0.3506236970424652,0.3204452097415924,0.3289310932159424,SELL
2002,2025-04-23,2025-04-23T13:30:00+08:00,2025-04-24,20.6,2025-04-28,20.45,-0.00728155339805836,-0.013080692537406069,xgboost,validation,0,0.4123910367488861,0.3478783965110779,0.23973052203655243,SELL
2002,2025-04-24,2025-04-24T13:30:00+08:00,2025-04-25,20.55,2025-04-29,20.65,0.0048661800486617945,-0.001003922208905994,xgboost,validation,1,0.338911771774292,0.40656307339668274,0.2545250952243805,HOLD
2002,2025-04-25,2025-04-25T13:30:00+08:00,2025-04-28,20.4,2025-04-30,20.65,0.01225490196078427,0.006341637186616955,xgboost,validation,1,0.4009433388710022,0.21172460913658142,0.387332022190094,SELL
2002,2025-04-28,2025-04-28T13:30:00+08:00,2025-04-29,20.5,2025-05-02,20.7,0.009756097560975618,0.003857429991530381,xgboost,validation,1,0.41961485147476196,0.4277341663837433,0.15265095233917236,HOLD
2002,2025-04-29,2025-04-29T13:30:00+08:00,2025-04-30,20.45,2025-05-05,21.15,0.03422982885085579,0.02818819368219372,xgboost,validation,2,0.35742509365081787,0.3984774947166443,0.24409744143486023,HOLD
2002,2025-04-30,2025-04-30T13:30:00+08:00,2025-05-02,20.65,2025-05-06,21.9,0.060532687651331685,0.054337399713882295,xgboost,validation,2,0.4922761917114258,0.3370104432106018,0.17071333527565002,SELL
2002,2025-05-02,2025-05-02T13:30:00+08:00,2025-05-05,20.9,2025-05-07,21.55,0.031100478468899517,0.02507712395004602,xgboost,validation,2,0.550894021987915,0.24973607063293457,0.19936992228031158,SELL
2002,2025-05-05,2025-05-05T13:30:00+08:00,2025-05-06,21.5,2025-05-08,21.25,-0.011627906976744207,-0.017401656128389176,xgboost,validation,0,0.3007632791996002,0.3878221809864044,0.31141453981399536,HOLD
2002,2025-05-06,2025-05-06T13:30:00+08:00,2025-05-07,21.95,2025-05-09,21.3,-0.029612756264236872,-0.03528144376040887,xgboost,validation,0,0.47104236483573914,0.3619457483291626,0.16701193153858185,SELL
2002,2025-05-07,2025-05-07T13:30:00+08:00,2025-05-08,21.55,2025-05-12,21.35,-0.009280742459396696,-0.015068202984760526,xgboost,validation,0,0.5260661840438843,0.31264668703079224,0.1612871289253235,SELL
2002,2025-05-08,2025-05-08T13:30:00+08:00,2025-05-09,21.2,2025-05-13,21.4,0.00943396226415083,0.0035371765046128267,xgboost,validation,1,0.48093947768211365,0.17630353569984436,0.342756986618042,SELL
2002,2025-05-09,2025-05-09T13:30:00+08:00,2025-05-12,21.4,2025-05-14,21.5,0.004672897196261738,-0.0011960759655808006,xgboost,validation,1,0.31661954522132874,0.20131859183311462,0.48206180334091187,BUY
2002,2025-05-12,2025-05-12T13:30:00+08:00,2025-05-13,21.45,2025-05-15,21.3,-0.006993006993006978,-0.012793831726852112,xgboost,validation,0,0.3351161777973175,0.3815554082393646,0.28332841396331787,HOLD
2002,2025-05-13,2025-05-13T13:30:00+08:00,2025-05-14,21.5,2025-05-16,21.0,-0.023255813953488413,-0.02896163664452578,xgboost,validation,0,0.341252863407135,0.42090052366256714,0.23784659802913666,HOLD
2002,2025-05-14,2025-05-14T13:30:00+08:00,2025-05-15,21.4,2025-05-19,21.1,-0.014018691588784882,-0.019778474552267666,xgboost,validation,0,0.4257256090641022,0.3142532408237457,0.2600211799144745,SELL
2002,2025-05-15,2025-05-15T13:30:00+08:00,2025-05-16,21.0,2025-05-20,21.65,0.030952380952380842,0.024929891571177754,xgboost,validation,2,0.33010944724082947,0.45965147018432617,0.21023911237716675,HOLD
2002,2025-05-16,2025-05-16T13:30:00+08:00,2025-05-19,21.0,2025-05-21,21.05,0.0023809523809523725,-0.00347463198275777,xgboost,validation,1,0.41949400305747986,0.3659523129463196,0.21455369889736176,SELL
2002,2025-05-19,2025-05-19T13:30:00+08:00,2025-05-20,21.2,2025-05-22,20.45,-0.035377358490566,-0.041012371050498264,xgboost,validation,0,0.6314456462860107,0.2678743600845337,0.10068002343177795,SELL
2002,2025-05-20,2025-05-20T13:30:00+08:00,2025-05-21,21.55,2025-05-23,20.3,-0.058004640371229654,-0.06350747169042814,xgboost,validation,0,0.6419035196304321,0.20525819063186646,0.1528383046388626,SELL
2002,2025-05-21,2025-05-21T13:30:00+08:00,2025-05-22,21.05,2025-05-26,20.2,-0.040380047505938266,-0.045985835979453826,xgboost,validation,0,0.2912777364253998,0.3834400177001953,0.3252822458744049,HOLD
2002,2025-05-22,2025-05-22T13:30:00+08:00,2025-05-23,20.5,2025-05-27,20.0,-0.024390243902439046,-0.030089439621709735,xgboost,validation,0,0.5315093398094177,0.24278195202350616,0.22570866346359253,SELL
2002,2025-05-23,2025-05-23T13:30:00+08:00,2025-05-26,20.3,2025-05-28,20.05,-0.012315270935960632,-0.018085004730328258,xgboost,validation,0,0.42077481746673584,0.33412256836891174,0.2451026290655136,SELL
2002,2025-05-26,2025-05-26T13:30:00+08:00,2025-05-27,20.1,2025-05-29,19.75,-0.017412935323383172,-0.023152890216019406,xgboost,validation,0,0.40512797236442566,0.28343093395233154,0.3114411234855652,SELL
2002,2025-05-27,2025-05-27T13:30:00+08:00,2025-05-28,20.2,2025-06-02,19.2,-0.04950495049504955,-0.05505743424530929,xgboost,validation,0,0.3485282063484192,0.42485499382019043,0.226616770029068,HOLD
2002,2025-05-28,2025-05-28T13:30:00+08:00,2025-05-29,20.15,2025-06-03,19.25,-0.04466501240694787,-0.05024576950550186,xgboost,validation,0,0.5132635235786438,0.2605275809764862,0.22620883584022522,SELL
2002,2025-05-29,2025-05-29T13:30:00+08:00,2025-06-02,19.7,2025-06-04,19.2,-0.025380710659898442,-0.031074120393667415,xgboost,validation,0,0.43402406573295593,0.39372187852859497,0.1722540408372879,SELL
2002,2025-06-02,2025-06-02T13:30:00+08:00,2025-06-03,19.2,2025-06-05,19.4,0.01041666666666674,0.004514140266786315,xgboost,validation,1,0.41661128401756287,0.48266375064849854,0.1007249653339386,HOLD
2002,2025-06-03,2025-06-03T13:30:00+08:00,2025-06-04,19.35,2025-06-06,19.55,0.010335917312661369,0.004433862624313223,xgboost,validation,1,0.41568896174430847,0.3798435628414154,0.2044675499200821,SELL
2002,2025-06-04,2025-06-04T13:30:00+08:00,2025-06-05,19.3,2025-06-09,19.35,0.002590673575129543,-0.003266135911766166,xgboost,validation,1,0.301046222448349,0.5293952822685242,0.16955846548080444,HOLD
2002,2025-06-05,2025-06-05T13:30:00+08:00,2025-06-06,19.45,2025-06-10,19.4,-0.0025706940874036244,-0.008397352538699221,xgboost,validation,1,0.2568359375,0.5219084024429321,0.22125566005706787,HOLD
2002,2025-06-06,2025-06-06T13:30:00+08:00,2025-06-09,19.75,2025-06-11,19.5,-0.012658227848101222,-0.018425958199439374,xgboost,validation,0,0.339999794960022,0.42708396911621094,0.23291628062725067,HOLD
2002,2025-06-09,2025-06-09T13:30:00+08:00,2025-06-10,19.4,2025-06-12,19.45,0.002577319587628857,-0.0032794118896037894,xgboost,validation,1,0.4535307288169861,0.14587099850177765,0.40059828758239746,SELL
2002,2025-06-10,2025-06-10T13:30:00+08:00,2025-06-11,19.45,2025-06-13,19.2,-0.01285347043701801,-0.018620060244485814,xgboost,validation,0,0.41013458371162415,0.3315460979938507,0.25831934809684753,SELL
2002,2025-06-11,2025-06-11T13:30:00+08:00,2025-06-12,19.5,2025-06-16,19.2,-0.015384615384615441,-0.021136419064371692,xgboost,validation,0,0.49411535263061523,0.2244998961687088,0.28138473629951477,SELL
2002,2025-06-12,2025-06-12T13:30:00+08:00,2025-06-13,19.25,2025-06-17,19.1,-0.007792207792207684,-0.013588363854234897,xgboost,validation,0,0.2763122618198395,0.4903295040130615,0.2333582043647766,HOLD
2002,2025-06-13,2025-06-13T13:30:00+08:00,2025-06-16,19.2,2025-06-18,19.1,-0.005208333333333259,-0.011019583551772016,xgboost,validation,0,0.3153841197490692,0.4914691150188446,0.19314680993556976,HOLD
2002,2025-06-16,2025-06-16T13:30:00+08:00,2025-06-17,19.2,2025-06-19,18.95,-0.01302083333333337,-0.01878644546105135,xgboost,validation,0,0.3183133900165558,0.4457436800003052,0.23594295978546143,HOLD
2002,2025-06-17,2025-06-17T13:30:00+08:00,2025-06-18,19.1,2025-06-20,18.65,-0.023560209424083878,-0.02926425393552423,xgboost,validation,0,0.40733498334884644,0.37891021370887756,0.2137548327445984,SELL
2002,2025-06-18,2025-06-18T13:30:00+08:00,2025-06-19,19.1,2025-06-23,18.45,-0.034031413612565564,-0.03967428874586709,xgboost,validation,0,0.5219447016716003,0.34297236800193787,0.13508287072181702,SELL
2002,2025-06-19,2025-06-19T13:30:00+08:00,2025-06-20,18.95,2025-06-24,18.9,-0.0026385224274406704,-0.008464784647576384,xgboost,validation,1,0.3933025896549225,0.43856921792030334,0.16812819242477417,HOLD
2002,2025-06-20,2025-06-20T13:30:00+08:00,2025-06-23,18.5,2025-06-25,18.75,0.013513513513513598,0.0075928963389331194,xgboost,validation,1,0.518983781337738,0.2422509342432022,0.23876531422138214,SELL
2002,2025-06-23,2025-06-23T13:30:00+08:00,2025-06-24,18.7,2025-06-26,19.0,0.016042780748663166,0.010107388415358631,xgboost,validation,2,0.3177924156188965,0.3761986792087555,0.306008905172348,HOLD
2002,2025-06-24,2025-06-24T13:30:00+08:00,2025-06-25,19.0,2025-06-27,19.1,0.0052631578947368585,-0.0006092633786327628,xgboost,validation,1,0.32648521661758423,0.35699716210365295,0.3165176212787628,HOLD
2002,2025-06-25,2025-06-25T13:30:00+08:00,2025-06-26,18.85,2025-06-30,18.8,-0.0026525198938992522,-0.008478700345376677,xgboost,validation,1,0.41110357642173767,0.31960439682006836,0.2692919969558716,SELL
2303,2025-01-02,2025-01-02T13:30:00+08:00,2025-01-03,43.95,2025-01-07,42.35,-0.0364050056882822,-0.04203401506664162,xgboost,validation,0,0.32956501841545105,0.350738525390625,0.31969648599624634,HOLD
2303,2025-01-03,2025-01-03T13:30:00+08:00,2025-01-06,43.6,2025-01-08,42.7,-0.020642201834862317,-0.026363292400072957,xgboost,validation,0,0.43195995688438416,0.3478361964225769,0.22020381689071655,SELL
2303,2025-01-06,2025-01-06T13:30:00+08:00,2025-01-07,43.65,2025-01-09,41.6,-0.04696449026345928,-0.05253181455829792,xgboost,validation,0,0.48033666610717773,0.23256056010723114,0.28710275888442993,SELL
2303,2025-01-07,2025-01-07T13:30:00+08:00,2025-01-08,42.4,2025-01-10,41.3,-0.025943396226415172,-0.031633518933632865,xgboost,validation,0,0.18727943301200867,0.23399673402309418,0.5787238478660583,BUY
2303,2025-01-08,2025-01-08T13:30:00+08:00,2025-01-09,42.7,2025-01-13,40.9,-0.042154566744730726,-0.04774998905248551,xgboost,validation,0,0.3838788568973541,0.33292973041534424,0.283191442489624,SELL
2303,2025-01-09,2025-01-09T13:30:00+08:00,2025-01-10,41.25,2025-01-14,42.25,0.024242424242424176,0.018259132251692733,xgboost,validation,2,0.3070630431175232,0.27703890204429626,0.41589808464050293,BUY
2303,2025-01-10,2025-01-10T13:30:00+08:00,2025-01-13,41.0,2025-01-15,41.45,0.01097560975609757,0.00506981819200325,xgboost,validation,1,0.2678040564060211,0.32284095883369446,0.40935495495796204,BUY
2303,2025-01-13,2025-01-13T13:30:00+08:00,2025-01-14,41.2,2025-01-16,41.55,0.00849514563106779,0.002603844133759914,xgboost,validation,1,0.41675806045532227,0.3342866003513336,0.24895532429218292,SELL
2303,2025-01-14,2025-01-14T13:30:00+08:00,2025-01-15,42.05,2025-01-17,41.2,-0.02021403091557661,-0.02593762271640432,xgboost,validation,0,0.25767967104911804,0.3592637777328491,0.38305655121803284,BUY
2303,2025-01-15,2025-01-15T13:30:00+08:00,2025-01-16,41.9,2025-01-20,42.75,0.020286396181384392,0.014326214023298478,xgboost,validation,2,0.28284579515457153,0.4376513957977295,0.27950286865234375,HOLD
2303,2025-01-16,2025-01-16T13:30:00+08:00,2025-01-17,41.4,2025-01-21,42.95,0.037439613526570215,0.031379227837047274,xgboost,validation,2,0.24517185986042023,0.4225779175758362,0.3322502076625824,HOLD
2303,2025-01-17,2025-01-17T13:30:00+08:00,2025-01-20,41.55,2025-01-22,40.2,-0.032490974729241784,-0.038142848606800284,xgboost,validation,0,0.26643750071525574,0.45241546630859375,0.2811470031738281,HOLD
2303,2025-01-20,2025-01-20T13:30:00+08:00,2025-01-21,42.75,2025-02-03,40.5,-0.052631578947368474,-0.05816579794844967,xgboost,validation,0,0.3569657802581787,0.24465876817703247,0.39837542176246643,BUY
2303,2025-01-21,2025-01-21T13:30:00+08:00,2025-01-22,39.7,2025-02-04,40.1,0.010075566750629594,0.004175032945810342,xgboost,validation,1,0.2455051690340042,0.18181122839450836,0.572683572769165,BUY
2303,2025-01-22,2025-01-22T13:30:00+08:00,2025-02-03,40.2,2025-02-05,40.1,-0.0024875621890547706,-0.00831470626993347,xgboost,validation,1,0.24762916564941406,0.3607369363307953,0.39163386821746826,BUY
2303,2025-02-03,2025-02-03T13:30:00+08:00,2025-02-04,40.95,2025-02-06,40.1,-0.020757020757020794,-0.026477440587334033,xgboost,validation,0,0.20317141711711884,0.44546598196029663,0.3513626456260681,HOLD
2303,2025-02-04,2025-02-04T13:30:00+08:00,2025-02-05,40.4,2025-02-07,40.15,-0.006188118811881194,-0.011993645441384593,xgboost,validation,0,0.17744766175746918,0.2819744348526001,0.5405778884887695,BUY
2303,2025-02-05,2025-02-05T13:30:00+08:00,2025-02-06,40.3,2025-02-10,40.2,-0.002481389578163684,-0.0083085697174331,xgboost,validation,1,0.34529241919517517,0.2784647047519684,0.37624287605285645,BUY
2303,2025-02-06,2025-02-06T13:30:00+08:00,2025-02-07,40.1,2025-02-11,40.4,0.007481296758104605,0.00159591783703239,xgboost,validation,1,0.30643513798713684,0.44064632058143616,0.2529185712337494,HOLD
2303,2025-02-07,2025-02-07T13:30:00+08:00,2025-02-10,40.15,2025-02-12,40.1,-0.001245330012453194,-0.007079730810742868,xgboost,validation,1,0.27757513523101807,0.40392500162124634,0.318499892950058,HOLD
2303,2025-02-10,2025-02-10T13:30:00+08:00,2025-02-11,40.3,2025-02-13,41.4,0.027295285359801635,0.021294159544733127,xgboost,validation,2,0.40002942085266113,0.4123362898826599,0.18763433396816254,HOLD
2303,2025-02-11,2025-02-11T13:30:00+08:00,2025-02-12,40.4,2025-02-14,41.4,0.024752475247524774,0.018766203704275952,xgboost,validation,2,0.33332085609436035,0.4005787670612335,0.26610031723976135,HOLD
2303,2025-02-12,2025-02-12T13:30:00+08:00,2025-02-13,40.25,2025-02-17,42.0,0.04347826086956519,0.037382599361127866,xgboost,validation,2,0.21945667266845703,0.3056892454624176,0.47485408186912537,BUY
2303,2025-02-13,2025-02-13T13:30:00+08:00,2025-02-14,41.5,2025-02-18,41.95,0.010843373493975905,0.00493835441122914,xgboost,validation,1,0.423528254032135,0.2057030349969864,0.3707687258720398,SELL
2303,2025-02-14,2025-02-14T13:30:00+08:00,2025-02-17,41.5,2025-02-19,42.55,0.025301204819277112,0.01931172777587098,xgboost,validation,2,0.48798081278800964,0.23909440636634827,0.2729248106479645,SELL
2303,2025-02-17,2025-02-17T13:30:00+08:00,2025-02-18,42.05,2025-02-20,43.0,0.022592152199762294,0.01661850056297598,xgboost,validation,2,0.294653981924057,0.2699837386608124,0.435362309217453,BUY
2303,2025-02-18,2025-02-18T13:30:00+08:00,2025-02-19,42.2,2025-02-21,43.6,0.033175355450236976,0.027139880173122855,xgboost,validation,2,0.2844189405441284,0.4435914158821106,0.271989643573761,HOLD
2303,2025-02-19,2025-02-19T13:30:00+08:00,2025-02-20,43.0,2025-02-24,43.55,0.012790697674418539,0.006874302955497624,xgboost,validation,1,0.5176385045051575,0.17376486957073212,0.3085966408252716,SELL
2303,2025-02-20,2025-02-20T13:30:00+08:00,2025-02-21,43.35,2025-02-25,43.3,-0.0011534025374856371,-0.006988340346263944,xgboost,validation,1,0.35251402854919434,0.3061206638813019,0.3413652777671814,SELL
2303,2025-02-21,2025-02-21T13:30:00+08:00,2025-02-24,43.05,2025-02-26,43.6,0.012775842044134844,0.006859534106987031,xgboost,validation,1,0.349652498960495,0.30915990471839905,0.34118756651878357,SELL
2303,2025-02-24,2025-02-24T13:30:00+08:00,2025-02-25,43.05,2025-02-27,43.7,0.015098722415795685,0.009168844965030676,xgboost,validation,1,0.19008506834506989,0.3491523265838623,0.4607626497745514,BUY
2303,2025-02-25,2025-02-25T13:30:00+08:00,2025-02-26,43.1,2025-03-03,43.6,0.011600928074245953,0.005691483603382563,xgboost,validation,1,0.24722881615161896,0.3533075451850891,0.3994636535644531,BUY
2303,2025-02-26,2025-02-26T13:30:00+08:00,2025-02-27,44.0,2025-03-04,43.6,-0.009090909090909038,-0.014879478561232062,xgboost,validation,0,0.3286857604980469,0.34834760427474976,0.322966605424881,HOLD
2303,2025-02-27,2025-02-27T13:30:00+08:00,2025-03-03,43.1,2025-03-05,44.0,0.02088167053364276,0.01491801097589085,xgboost,validation,2,0.2815478444099426,0.3085702359676361,0.40988194942474365,BUY
2303,2025-03-03,2025-03-03T13:30:00+08:00,2025-03-04,42.95,2025-03-06,44.0,0.024447031431897415,0.018462544192337393,xgboost,validation,2,0.33297473192214966,0.39858853816986084,0.2684367001056671,HOLD
2303,2025-03-04,2025-03-04T13:30:00+08:00,2025-03-05,44.1,2025-03-07,44.15,0.0011337868480725266,-0.004714511979159952,xgboost,validation,1,0.2797987759113312,0.36078810691833496,0.35941311717033386,HOLD
2303,2025-03-05,2025-03-05T13:30:00+08:00,2025-03-06,44.3,2025-03-10,45.05,0.016930022573363512,0.01098944726112916,xgboost,validation,2,0.34901997447013855,0.29248860478401184,0.3584913909435272,BUY
2303,2025-03-06,2025-03-06T13:30:00+08:00,2025-03-07,44.0,2025-03-11,44.85,0.01931818181818179,0.013363655654329065,xgboost,validation,2,0.29875001311302185,0.18410637974739075,0.5171436071395874,BUY
2303,2025-03-07,2025-03-07T13:30:00+08:00,2025-03-10,44.55,2025-03-12,44.8,0.0056116722783390305,-0.0002627849030059082,xgboost,validation,1,0.311787486076355,0.29594531655311584,0.3922671973705292,BUY
2303,2025-03-10,2025-03-10T13:30:00+08:00,2025-03-11,44.3,2025-03-13,43.7,-0.013544018058690654,-0.019306573910957803,xgboost,validation,0,0.3325783312320709,0.40736663341522217,0.26005497574806213,HOLD
2303,2025-03-11,2025-03-11T13:30:00+08:00,2025-03-12,44.7,2025-03-14,44.9,0.004474272930648615,-0.001393539932665555,xgboost,validation,1,0.2530578672885895,0.5813864469528198,0.16555564105510712,HOLD
2303,2025-03-12,2025-03-12T13:30:00+08:00,2025-03-13,44.7,2025-03-17,44.1,-0.01342281879194629,-0.019186082651014402,xgboost,validation,0,0.44055625796318054,0.292970210313797,0.26647356152534485,SELL
2303,2025-03-13,2025-03-13T13:30:00+08:00,2025-03-14,43.55,2025-03-18,44.5,0.021814006888633886,0.015844900924334437,xgboost,validation,2,0.4508665204048157,0.18419958651065826,0.3649338483810425,SELL
2303,2025-03-14,2025-03-14T13:30:00+08:00,2025-03-17,45.0,2025-03-19,44.3,-0.015555555555555656,-0.021306360658284174,xgboost,validation,0,0.20401835441589355,0.25099602341651917,0.5449856519699097,BUY
2303,2025-03-17,2025-03-17T13:30:00+08:00,2025-03-18,44.2,2025-03-20,45.15,0.02149321266968318,0.015525980681149187,xgboost,validation,2,0.3316820561885834,0.2319711297750473,0.4363468587398529,BUY
2303,2025-03-18,2025-03-18T13:30:00+08:00,2025-03-19,44.5,2025-03-21,45.0,0.011235955056179803,0.005328642639295111,xgboost,validation,1,0.4274267852306366,0.26000264286994934,0.31257063150405884,SELL
2303,2025-03-19,2025-03-19T13:30:00+08:00,2025-03-20,44.7,2025-03-24,44.85,0.003355704697986628,-0.002505573852562226,xgboost,validation,1,0.31617966294288635,0.43806150555610657,0.2457588165998459,HOLD
2303,2025-03-20,2025-03-20T13:30:00+08:00,2025-03-21,45.0,2025-03-25,44.85,-0.0033333333333332993,-0.009155536693544963,xgboost,validation,1,0.33158671855926514,0.36043626070022583,0.30797702074050903,HOLD
2303,2025-03-21,2025-03-21T13:30:00+08:00,2025-03-24,45.0,2025-03-26,44.55,-0.010000000000000009,-0.015783258856129967,xgboost,validation,0,0.3751738965511322,0.33233359456062317,0.29249247908592224,SELL
2303,2025-03-24,2025-03-24T13:30:00+08:00,2025-03-25,45.0,2025-03-27,44.8,-0.004444444444444473,-0.010260157053975871,xgboost,validation,0,0.3031581938266754,0.4797646999359131,0.2170771062374115,HOLD
2303,2025-03-25,2025-03-25T13:30:00+08:00,2025-03-26,44.75,2025-03-28,44.55,-0.004469273743016866,-0.010284841307840353,xgboost,validation,0,0.3362118899822235,0.3552740514278412,0.3085140585899353,HOLD
2303,2025-03-26,2025-03-26T13:30:00+08:00,2025-03-27,44.1,2025-03-31,44.65,0.012471655328798015,0.00655712435176703,xgboost,validation,1,0.3363162875175476,0.3337332606315613,0.3299504220485687,SELL
2303,2025-03-27,2025-03-27T13:30:00+08:00,2025-03-28,44.6,2025-04-01,45.95,0.030269058295964157,0.024250560664058174,xgboost,validation,2,0.23159164190292358,0.5050317049026489,0.2633766829967499,HOLD
2303,2025-03-28,2025-03-28T13:30:00+08:00,2025-03-31,43.55,2025-04-02,45.25,0.039035591274397374,0.032965882400587176,xgboost,validation,2,0.26965034008026123,0.27687856554985046,0.4534711241722107,BUY
2303,2025-03-31,2025-03-31T13:30:00+08:00,2025-04-01,47.2,2025-04-07,40.75,-0.13665254237288138,-0.1416959381610019,xgboost,validation,0,0.2438088357448578,0.44102853536605835,0.31516268849372864,HOLD
2303,2025-04-01,2025-04-01T13:30:00+08:00,2025-04-02,45.8,2025-04-08,41.7,-0.08951965065502177,-0.09483838150722557,xgboost,validation,0,0.5668354630470276,0.16318008303642273,0.2699844241142273,SELL
2303,2025-04-02,2025-04-02T13:30:00+08:00,2025-04-07,40.75,2025-04-09,39.9,-0.020858895705521463,-0.026578720415432744,xgboost,validation,0,0.39157772064208984,0.3146357834339142,0.29378649592399597,SELL
2303,2025-04-08,2025-04-08T13:30:00+08:00,2025-04-09,40.55,2025-04-11,44.1,0.08754623921085081,0.08119314686805579,xgboost,validation,2,0.25902026891708374,0.1471080482006073,0.5938717126846313,BUY
2303,2025-04-09,2025-04-09T13:30:00+08:00,2025-04-10,43.85,2025-04-14,44.3,0.010262257696693089,0.004360633303927219,xgboost,validation,1,0.657726526260376,0.13940203189849854,0.2028714120388031,SELL
2303,2025-04-10,2025-04-10T13:30:00+08:00,2025-04-11,42.7,2025-04-15,44.7,0.04683840749414525,0.040723117099117356,xgboost,validation,2,0.5557023286819458,0.2654719650745392,0.1788257360458374,SELL
2303,2025-04-11,2025-04-11T13:30:00+08:00,2025-04-14,44.8,2025-04-16,44.95,0.0033482142857144126,-0.0025130205082755097,xgboost,validation,1,0.39646005630493164,0.19401435554027557,0.4095255732536316,BUY
2303,2025-04-14,2025-04-14T13:30:00+08:00,2025-04-15,44.5,2025-04-17,44.1,-0.008988764044943753,-0.01477793021349072,xgboost,validation,0,0.35365235805511475,0.310847669839859,0.33550000190734863,SELL
2303,2025-04-15,2025-04-15T13:30:00+08:00,2025-04-16,44.2,2025-04-18,44.3,0.002262443438913797,-0.0035924486339997674,xgboost,validation,1,0.45165500044822693,0.3536507785320282,0.19469426572322845,SELL
2303,2025-04-16,2025-04-16T13:30:00+08:00,2025-04-17,44.85,2025-04-21,43.65,-0.026755852842809458,-0.03244122944202521,xgboost,validation,0,0.323699951171875,0.3336266279220581,0.3426734209060669,BUY
2303,2025-04-17,2025-04-17T13:30:00+08:00,2025-04-18,44.45,2025-04-22,44.3,-0.003374578177727905,-0.00919654059893793,xgboost,validation,1,0.20975488424301147,0.2875140905380249,0.5027309656143188,BUY
2303,2025-04-18,2025-04-18T13:30:00+08:00,2025-04-21,44.35,2025-04-23,45.1,0.016910935738444266,0.01097047192530809,xgboost,validation,2,0.3740459084510803,0.3593563437461853,0.26659777760505676,SELL
2303,2025-04-21,2025-04-21T13:30:00+08:00,2025-04-22,43.6,2025-04-24,43.4,-0.004587155963302836,-0.010402034898435053,xgboost,validation,0,0.24331825971603394,0.2577660083770752,0.49891576170921326,BUY
2303,2025-04-22,2025-04-22T13:30:00+08:00,2025-04-23,44.95,2025-04-25,44.65,-0.006674082313681939,-0.012476770102048396,xgboost,validation,0,0.3672620952129364,0.34976720809936523,0.282970666885376,SELL
2303,2025-04-23,2025-04-23T13:30:00+08:00,2025-04-24,44.75,2025-04-28,44.9,0.003351955307262511,-0.0025093013405619313,xgboost,validation,1,0.34957408905029297,0.24497383832931519,0.40545207262039185,BUY
2303,2025-04-24,2025-04-24T13:30:00+08:00,2025-04-25,44.1,2025-04-29,44.95,0.01927437641723362,0.013320106150322975,xgboost,validation,2,0.376935213804245,0.23355935513973236,0.3895054757595062,BUY
2303,2025-04-25,2025-04-25T13:30:00+08:00,2025-04-28,44.55,2025-04-30,45.2,0.014590347923681302,0.008663440231788666,xgboost,validation,1,0.39541760087013245,0.3723733127117157,0.23220913112163544,SELL
2303,2025-04-28,2025-04-28T13:30:00+08:00,2025-04-29,44.7,2025-05-02,45.65,0.021252796420581532,0.015286968865786621,xgboost,validation,2,0.3010016679763794,0.32929426431655884,0.36970409750938416,BUY
2303,2025-04-29,2025-04-29T13:30:00+08:00,2025-04-30,44.75,2025-05-05,45.05,0.006703910614525022,0.000823072931128932,xgboost,validation,1,0.3748248219490051,0.31584587693214417,0.3093293607234955,SELL
2303,2025-04-30,2025-04-30T13:30:00+08:00,2025-05-02,45.2,2025-05-06,45.4,0.004424778761061843,-0.0014427449733689368,xgboost,validation,1,0.33189815282821655,0.3440270721912384,0.32407474517822266,HOLD
2303,2025-05-02,2025-05-02T13:30:00+08:00,2025-05-05,45.75,2025-05-07,45.75,0.0,-0.005841675612252573,xgboost,validation,1,0.514803946018219,0.26375681161880493,0.22143927216529846,SELL
2303,2025-05-05,2025-05-05T13:30:00+08:00,2025-05-06,45.0,2025-05-08,45.3,0.006666666666666599,0.000786046550332431,xgboost,validation,1,0.30504080653190613,0.29433774948120117,0.4006214141845703,BUY
2303,2025-05-06,2025-05-06T13:30:00+08:00,2025-05-07,45.6,2025-05-09,45.55,-0.0010964912280703176,-0.006931761494256783,xgboost,validation,1,0.4137214720249176,0.46915489435195923,0.11712358146905899,HOLD
2303,2025-05-07,2025-05-07T13:30:00+08:00,2025-05-08,45.4,2025-05-12,46.45,0.023127753303964882,0.017150972859270253,xgboost,validation,2,0.36906158924102783,0.40960320830345154,0.22133517265319824,HOLD
2303,2025-05-08,2025-05-08T13:30:00+08:00,2025-05-09,45.2,2025-05-13,46.55,0.02986725663716805,0.023851106200213135,xgboost,validation,2,0.48840466141700745,0.3249666392803192,0.18662869930267334,SELL
2303,2025-05-09,2025-05-09T13:30:00+08:00,2025-05-12,45.75,2025-05-14,47.0,0.02732240437158473,0.02132112013604659,xgboost,validation,2,0.3707081079483032,0.272605836391449,0.3566860556602478,SELL
2303,2025-05-12,2025-05-12T13:30:00+08:00,2025-05-13,46.65,2025-05-15,47.5,0.018220793140407254,0.012272677565230428,xgboost,validation,2,0.33943092823028564,0.3958393335342407,0.26472970843315125,HOLD
2303,2025-05-13,2025-05-13T13:30:00+08:00,2025-05-14,46.9,2025-05-16,47.8,0.019189765458422103,0.013235989461286346,xgboost,validation,2,0.548695981502533,0.20198912918567657,0.24931485950946808,SELL
2303,2025-05-14,2025-05-14T13:30:00+08:00,2025-05-15,46.95,2025-05-19,47.75,0.017039403620873195,0.011098189340041253,xgboost,validation,2,0.37131553888320923,0.29890334606170654,0.32978105545043945,SELL
2303,2025-05-15,2025-05-15T13:30:00+08:00,2025-05-16,47.6,2025-05-20,47.85,0.005252100840336116,-0.0006202558413085368,xgboost,validation,1,0.4296853542327881,0.2477363497018814,0.3225782811641693,SELL
2303,2025-05-16,2025-05-16T13:30:00+08:00,2025-05-19,47.6,2025-05-21,49.55,0.0409663865546217,0.03488539860111084,xgboost,validation,2,0.18688568472862244,0.301039457321167,0.5120748281478882,BUY
2303,2025-05-19,2025-05-19T13:30:00+08:00,2025-05-20,47.95,2025-05-22,49.45,0.031282586027111536,0.02525816769497613,xgboost,validation,2,0.3452969491481781,0.3868183493614197,0.2678847014904022,HOLD
2303,2025-05-20,2025-05-20T13:30:00+08:00,2025-05-21,48.0,2025-05-23,48.05,0.0010416666666666075,-0.004806094024348617,xgboost,validation,1,0.31579846143722534,0.1915893703699112,0.49261218309402466,BUY
2303,2025-05-21,2025-05-21T13:30:00+08:00,2025-05-22,49.45,2025-05-26,47.1,-0.04752275025278063,-0.05308681337385446,xgboost,validation,0,0.3288927674293518,0.35027772188186646,0.32082951068878174,HOLD
2303,2025-05-22,2025-05-22T13:30:00+08:00,2025-05-23,48.1,2025-05-27,46.0,-0.04365904365904372,-0.04924567730069895,xgboost,validation,0,0.3495722711086273,0.2563082277774811,0.3941195011138916,BUY
2303,2025-05-23,2025-05-23T13:30:00+08:00,2025-05-26,47.8,2025-05-28,47.05,-0.01569037656903771,-0.021440394091139736,xgboost,validation,0,0.47647765278816223,0.2564206123352051,0.26710179448127747,SELL
2303,2025-05-26,2025-05-26T13:30:00+08:00,2025-05-27,47.1,2025-05-29,46.75,-0.007430997876857748,-0.013229264010038433,xgboost,validation,0,0.3589279353618622,0.3091586232185364,0.33191341161727905,SELL
2303,2025-05-27,2025-05-27T13:30:00+08:00,2025-05-28,46.4,2025-06-02,46.95,0.0118534482758621,0.005942528663895441,xgboost,validation,1,0.4461674392223358,0.30299878120422363,0.25083374977111816,SELL
2303,2025-05-28,2025-05-28T13:30:00+08:00,2025-05-29,47.4,2025-06-03,47.25,-0.0031645569620253333,-0.0089877462590493,xgboost,validation,1,0.6582369804382324,0.19298292696475983,0.14878009259700775,SELL
2303,2025-05-29,2025-05-29T13:30:00+08:00,2025-06-02,46.8,2025-06-04,45.95,-0.018162393162392987,-0.023897969965448684,xgboost,validation,0,0.4989933371543884,0.2338448464870453,0.2671617865562439,SELL
2303,2025-06-02,2025-06-02T13:30:00+08:00,2025-06-03,46.7,2025-06-05,45.3,-0.029978586723768852,-0.0356451371570673,xgboost,validation,0,0.2937394976615906,0.34984055161476135,0.3564199209213257,BUY
2303,2025-06-03,2025-06-03T13:30:00+08:00,2025-06-04,47.1,2025-06-06,45.0,-0.04458598726114649,-0.05016720599896751,xgboost,validation,0,0.39221084117889404,0.3433772325515747,0.26441192626953125,SELL
2303,2025-06-04,2025-06-04T13:30:00+08:00,2025-06-05,45.65,2025-06-09,45.65,0.0,-0.005841675612252684,xgboost,validation,1,0.525067150592804,0.15829795598983765,0.3166349232196808,SELL
2303,2025-06-05,2025-06-05T13:30:00+08:00,2025-06-06,45.3,2025-06-10,46.4,0.02428256070640189,0.018299034251467727,xgboost,validation,2,0.6016719937324524,0.20998190343379974,0.18834614753723145,SELL
2303,2025-06-06,2025-06-06T13:30:00+08:00,2025-06-09,45.0,2025-06-11,47.25,0.050000000000000044,0.04386624060713484,xgboost,validation,2,0.31189730763435364,0.27645400166511536,0.4116487205028534,BUY
2303,2025-06-09,2025-06-09T13:30:00+08:00,2025-06-10,45.85,2025-06-12,47.3,0.0316248636859322,0.025598445878744824,xgboost,validation,2,0.33889853954315186,0.18105779588222504,0.4800436496734619,BUY
2303,2025-06-10,2025-06-10T13:30:00+08:00,2025-06-11,46.55,2025-06-13,47.45,0.019334049409237553,0.01337943055206492,xgboost,validation,2,0.5211833715438843,0.24042899906635284,0.2383875995874405,SELL
2303,2025-06-11,2025-06-11T13:30:00+08:00,2025-06-12,47.25,2025-06-16,48.0,0.015873015873015817,0.009938615251045002,xgboost,validation,1,0.2971734404563904,0.31870028376579285,0.38412630558013916,BUY
2303,2025-06-12,2025-06-12T13:30:00+08:00,2025-06-13,46.8,2025-06-17,47.5,0.014957264957265126,0.009028213855085454,xgboost,validation,1,0.4607255160808563,0.28829801082611084,0.2509765028953552,SELL
2303,2025-06-13,2025-06-13T13:30:00+08:00,2025-06-16,47.35,2025-06-18,48.3,0.020063357972544882,0.014104478731324255,xgboost,validation,2,0.2520061433315277,0.2907317876815796,0.4572620093822479,BUY
2303,2025-06-16,2025-06-16T13:30:00+08:00,2025-06-17,48.25,2025-06-19,47.75,-0.010362694300518172,-0.0161438344141982,xgboost,validation,0,0.36127883195877075,0.33077698945999146,0.30794423818588257,SELL
2303,2025-06-17,2025-06-17T13:30:00+08:00,2025-06-18,47.7,2025-06-20,47.65,-0.0010482180293501786,-0.006883770291904345,xgboost,validation,1,0.35988086462020874,0.1778150051832199,0.46230417490005493,BUY
2303,2025-06-18,2025-06-18T13:30:00+08:00,2025-06-19,48.4,2025-06-23,47.0,-0.02892561983471076,-0.034598321359005535,xgboost,validation,0,0.31750014424324036,0.27298271656036377,0.4095171391963959,BUY
2303,2025-06-19,2025-06-19T13:30:00+08:00,2025-06-20,47.3,2025-06-24,45.35,-0.04122621564482021,-0.046827061078554943,xgboost,validation,0,0.3490024209022522,0.27823683619499207,0.37276074290275574,BUY
2303,2025-06-20,2025-06-20T13:30:00+08:00,2025-06-23,46.5,2025-06-25,43.8,-0.058064516129032295,-0.06356699767347662,xgboost,validation,0,0.24971188604831696,0.35697823762893677,0.39330989122390747,BUY
2303,2025-06-23,2025-06-23T13:30:00+08:00,2025-06-24,42.5,2025-06-26,43.25,0.01764705882352935,0.011702294818119352,xgboost,validation,2,0.5632500052452087,0.1573459953069687,0.2794039845466614,SELL
2303,2025-06-24,2025-06-24T13:30:00+08:00,2025-06-25,45.45,2025-06-27,44.3,-0.025302530253025424,-0.030996396691370554,xgboost,validation,0,0.4523606300354004,0.16306568682193756,0.38457363843917847,SELL
2303,2025-06-25,2025-06-25T13:30:00+08:00,2025-06-26,43.8,2025-06-30,44.2,0.009132420091324311,0.0032373958433433714,xgboost,validation,1,0.4625343382358551,0.20938362181186676,0.32808196544647217,SELL
2330,2025-01-02,2025-01-02T13:30:00+08:00,2025-01-03,1080.0,2025-01-07,1130.0,0.04629629629629628,0.040184172739031965,xgboost,validation,2,0.4550451338291168,0.4071560502052307,0.13779883086681366,SELL
2330,2025-01-03,2025-01-03T13:30:00+08:00,2025-01-06,1100.0,2025-01-08,1105.0,0.00454545454545463,-0.0013227741377629387,xgboost,validation,1,0.3228420615196228,0.39573758840560913,0.28142035007476807,HOLD
2330,2025-01-06,2025-01-06T13:30:00+08:00,2025-01-07,1150.0,2025-01-09,1100.0,-0.04347826086956519,-0.04906595058563301,xgboost,validation,0,0.49033138155937195,0.3750525414943695,0.13461606204509735,SELL
2330,2025-01-07,2025-01-07T13:30:00+08:00,2025-01-08,1110.0,2025-01-10,1100.0,-0.009009009009009028,-0.014798056913043145,xgboost,validation,0,0.37308624386787415,0.43171221017837524,0.1952015608549118,HOLD
2330,2025-01-08,2025-01-08T13:30:00+08:00,2025-01-09,1100.0,2025-01-13,1075.0,-0.022727272727272707,-0.02843618298470152,xgboost,validation,0,0.46025946736335754,0.2867159843444824,0.2530245780944824,SELL
2330,2025-01-09,2025-01-09T13:30:00+08:00,2025-01-10,1100.0,2025-01-14,1090.0,-0.009090909090909038,-0.014879478561232062,xgboost,validation,0,0.3721471130847931,0.48157018423080444,0.1462826281785965,HOLD
2330,2025-01-10,2025-01-10T13:30:00+08:00,2025-01-13,1110.0,2025-01-15,1065.0,-0.04054054054054057,-0.04614539146580998,xgboost,validation,0,0.32276254892349243,0.4136383831501007,0.26359912753105164,HOLD
2330,2025-01-13,2025-01-13T13:30:00+08:00,2025-01-14,1085.0,2025-01-16,1105.0,0.018433179723502224,0.01248382345480259,xgboost,validation,2,0.43249788880348206,0.2887953519821167,0.27870675921440125,SELL
2330,2025-01-14,2025-01-14T13:30:00+08:00,2025-01-15,1085.0,2025-01-17,1120.0,0.032258064516129004,0.026227947755094183,xgboost,validation,2,0.4772300124168396,0.34683093428611755,0.17593902349472046,SELL
2330,2025-01-15,2025-01-15T13:30:00+08:00,2025-01-16,1095.0,2025-01-20,1120.0,0.022831050228310446,0.016856003026737287,xgboost,validation,2,0.3846825361251831,0.4478115439414978,0.1675059050321579,HOLD
2330,2025-01-16,2025-01-16T13:30:00+08:00,2025-01-17,1125.0,2025-01-21,1120.0,-0.004444444444444473,-0.010260157053975871,xgboost,validation,0,0.5457245111465454,0.2601301074028015,0.19414541125297546,SELL
2330,2025-01-17,2025-01-17T13:30:00+08:00,2025-01-20,1125.0,2025-01-22,1135.0,0.008888888888888946,0.002995287271194025,xgboost,validation,1,0.4691537022590637,0.28089508414268494,0.24995119869709015,SELL
2330,2025-01-20,2025-01-20T13:30:00+08:00,2025-01-21,1115.0,2025-02-03,1070.0,-0.04035874439461884,-0.045964657314000235,xgboost,validation,0,0.3634084463119507,0.5427392721176147,0.09385226666927338,HOLD
2330,2025-01-21,2025-01-21T13:30:00+08:00,2025-01-22,1140.0,2025-02-04,1095.0,-0.03947368421052633,-0.04508476736440048,xgboost,validation,0,0.3596535921096802,0.34996864199638367,0.29037782549858093,SELL
2330,2025-01-22,2025-01-22T13:30:00+08:00,2025-02-03,1065.0,2025-02-05,1110.0,0.04225352112676051,0.03616501415061002,xgboost,validation,2,0.23159895837306976,0.6350275874137878,0.1333734095096588,HOLD
2330,2025-02-03,2025-02-03T13:30:00+08:00,2025-02-04,1085.0,2025-02-06,1115.0,0.02764976958525356,0.021646572988330393,xgboost,validation,2,0.47765180468559265,0.2652324438095093,0.2571157217025757,SELL
2330,2025-02-04,2025-02-04T13:30:00+08:00,2025-02-05,1110.0,2025-02-07,1125.0,0.013513513513513598,0.0075928963389331194,xgboost,validation,1,0.3416861891746521,0.4450696110725403,0.21324415504932404,HOLD
2330,2025-02-05,2025-02-05T13:30:00+08:00,2025-02-06,1120.0,2025-02-10,1105.0,-0.013392857142857095,-0.019156296028159936,xgboost,validation,0,0.5024497509002686,0.34771788120269775,0.14983239769935608,SELL
2330,2025-02-06,2025-02-06T13:30:00+08:00,2025-02-07,1110.0,2025-02-11,1110.0,0.0,-0.005841675612252573,xgboost,validation,1,0.5499153137207031,0.3485565781593323,0.1015280932188034,SELL
2330,2025-02-07,2025-02-07T13:30:00+08:00,2025-02-10,1125.0,2025-02-12,1100.0,-0.022222222222222254,-0.027934082820869288,xgboost,validation,0,0.3004094958305359,0.44202327728271484,0.25756725668907166,HOLD
2330,2025-02-10,2025-02-10T13:30:00+08:00,2025-02-11,1110.0,2025-02-13,1090.0,-0.018018018018018056,-0.023754438213833495,xgboost,validation,0,0.538635790348053,0.267302542924881,0.19406166672706604,SELL
2330,2025-02-11,2025-02-11T13:30:00+08:00,2025-02-12,1110.0,2025-02-14,1060.0,-0.04504504504504503,-0.0506235821162051,xgboost,validation,0,0.4384685158729553,0.32574161887168884,0.23578980565071106,SELL
2330,2025-02-12,2025-02-12T13:30:00+08:00,2025-02-13,1090.0,2025-02-17,1085.0,-0.004587155963302725,-0.01040203489843472,xgboost,validation,0,0.48044532537460327,0.29442471265792847,0.22513002157211304,SELL
2330,2025-02-13,2025-02-13T13:30:00+08:00,2025-02-14,1065.0,2025-02-18,1100.0,0.032863849765258246,0.026830194203307123,xgboost,validation,2,0.26287683844566345,0.575397789478302,0.16172540187835693,HOLD
2330,2025-02-14,2025-02-14T13:30:00+08:00,2025-02-17,1065.0,2025-02-19,1090.0,0.023474178403755763,0.01749537425600467,xgboost,validation,2,0.5521827340126038,0.3344653248786926,0.11335190385580063,SELL
2330,2025-02-17,2025-02-17T13:30:00+08:00,2025-02-18,1085.0,2025-02-20,1080.0,-0.004608294930875556,-0.010423050379016363,xgboost,validation,0,0.4186016023159027,0.45134273171424866,0.13005563616752625,HOLD
2330,2025-02-18,2025-02-18T13:30:00+08:00,2025-02-19,1090.0,2025-02-21,1095.0,0.004587155963302836,-0.0012813163260702032,xgboost,validation,1,0.3063293993473053,0.46451354026794434,0.22915704548358917,HOLD
2330,2025-02-19,2025-02-19T13:30:00+08:00,2025-02-20,1080.0,2025-02-24,1075.0,-0.00462962962962965,-0.010444260447381004,xgboost,validation,0,0.2849585711956024,0.5409492254257202,0.17409223318099976,HOLD
2330,2025-02-20,2025-02-20T13:30:00+08:00,2025-02-21,1085.0,2025-02-25,1055.0,-0.027649769585253448,-0.03332992421283543,xgboost,validation,0,0.41245537996292114,0.3482784926891327,0.23926617205142975,SELL
2330,2025-02-21,2025-02-21T13:30:00+08:00,2025-02-24,1080.0,2025-02-26,1060.0,-0.01851851851851849,-0.0242520149527663,xgboost,validation,0,0.36011528968811035,0.4653782546520233,0.17450648546218872,HOLD
2330,2025-02-24,2025-02-24T13:30:00+08:00,2025-02-25,1055.0,2025-02-27,1040.0,-0.014218009478673022,-0.01997662809169931,xgboost,validation,0,0.3493990898132324,0.33251234889030457,0.3180885910987854,SELL
2330,2025-02-25,2025-02-25T13:30:00+08:00,2025-02-26,1045.0,2025-03-03,1020.0,-0.02392344497607657,-0.029625367583251405,xgboost,validation,0,0.25416702032089233,0.14198215305805206,0.6038508415222168,BUY
2330,2025-02-26,2025-02-26T13:30:00+08:00,2025-02-27,1065.0,2025-03-04,1000.0,-0.06103286384976525,-0.06651800526972074,xgboost,validation,0,0.3888705372810364,0.38512375950813293,0.2260057032108307,SELL
2330,2025-02-27,2025-02-27T13:30:00+08:00,2025-03-03,1000.0,2025-03-05,1020.0,0.020000000000000018,0.014041490875502438,xgboost,validation,2,0.3772727847099304,0.1752530187368393,0.4474741816520691,BUY
2330,2025-03-03,2025-03-03T13:30:00+08:00,2025-03-04,996.0,2025-03-06,1005.0,0.009036144578313143,0.0031416827406487435,xgboost,validation,1,0.26948103308677673,0.27483662962913513,0.4556823968887329,BUY
2330,2025-03-04,2025-03-04T13:30:00+08:00,2025-03-05,1020.0,2025-03-07,1005.0,-0.014705882352941124,-0.020461650970895917,xgboost,validation,0,0.30429765582084656,0.3043159246444702,0.3913864493370056,BUY
2330,2025-03-05,2025-03-05T13:30:00+08:00,2025-03-06,1020.0,2025-03-10,998.0,-0.021568627450980427,-0.027284306138262715,xgboost,validation,0,0.31281527876853943,0.31537923216819763,0.3718055188655853,BUY
2330,2025-03-06,2025-03-06T13:30:00+08:00,2025-03-07,1005.0,2025-03-11,971.0,-0.03383084577114426,-0.03947489255671377,xgboost,validation,0,0.33803030848503113,0.2516991198062897,0.4102705717086792,BUY
2330,2025-03-07,2025-03-07T13:30:00+08:00,2025-03-10,1005.0,2025-03-12,988.0,-0.01691542288557213,-0.022658284084483116,xgboost,validation,0,0.5850782990455627,0.25028952956199646,0.1646321713924408,SELL
2330,2025-03-10,2025-03-10T13:30:00+08:00,2025-03-11,969.0,2025-03-13,965.0,-0.0041279669762641635,-0.00994552834450324,xgboost,validation,1,0.3634983003139496,0.17394690215587616,0.4625547528266907,BUY
2330,2025-03-11,2025-03-11T13:30:00+08:00,2025-03-12,980.0,2025-03-14,959.0,-0.021428571428571463,-0.027145068277704243,xgboost,validation,0,0.2647252678871155,0.3543950021266937,0.3808797597885132,BUY
2330,2025-03-12,2025-03-12T13:30:00+08:00,2025-03-13,1000.0,2025-03-17,970.0,-0.030000000000000027,-0.03566642534388487,xgboost,validation,0,0.5099144577980042,0.17961163818836212,0.31047388911247253,SELL
2330,2025-03-13,2025-03-13T13:30:00+08:00,2025-03-14,965.0,2025-03-18,971.0,0.006217616580310947,0.0003396196689147146,xgboost,validation,1,0.38526004552841187,0.15674692392349243,0.4579930603504181,BUY
2330,2025-03-14,2025-03-14T13:30:00+08:00,2025-03-17,977.0,2025-03-19,952.0,-0.025588536335721557,-0.03128073201930859,xgboost,validation,0,0.3260258436203003,0.2588747441768646,0.41509947180747986,BUY
2330,2025-03-17,2025-03-17T13:30:00+08:00,2025-03-18,976.0,2025-03-20,985.0,0.009221311475409832,0.0033257679527984862,xgboost,validation,1,0.3098871111869812,0.19780464470386505,0.49230825901031494,BUY
2330,2025-03-18,2025-03-18T13:30:00+08:00,2025-03-19,965.0,2025-03-21,972.0,0.007253886010362587,0.0013698355491094105,xgboost,validation,1,0.33202263712882996,0.3074445426464081,0.3605327606201172,BUY
2330,2025-03-19,2025-03-19T13:30:00+08:00,2025-03-20,978.0,2025-03-24,972.0,-0.006134969325153339,-0.011940806436717244,xgboost,validation,0,0.3390251398086548,0.23911283910274506,0.42186200618743896,BUY
2330,2025-03-20,2025-03-20T13:30:00+08:00,2025-03-21,985.0,2025-03-25,990.0,0.0050761421319796,-0.0007951866559696708,xgboost,validation,1,0.3940597176551819,0.20861804485321045,0.39732223749160767,BUY
2330,2025-03-21,2025-03-21T13:30:00+08:00,2025-03-24,986.0,2025-03-26,980.0,-0.006085192697768749,-0.011891320588242826,xgboost,validation,0,0.3085746169090271,0.23534876108169556,0.45607662200927734,BUY
2330,2025-03-24,2025-03-24T13:30:00+08:00,2025-03-25,989.0,2025-03-27,958.0,-0.03134479271991908,-0.03700336222096856,xgboost,validation,0,0.29849159717559814,0.22870126366615295,0.4728071093559265,BUY
2330,2025-03-25,2025-03-25T13:30:00+08:00,2025-03-26,995.0,2025-03-28,952.0,-0.04321608040201008,-0.048805301691321024,xgboost,validation,0,0.39371368288993835,0.24904613196849823,0.3572401702404022,SELL
2330,2025-03-26,2025-03-26T13:30:00+08:00,2025-03-27,961.0,2025-03-31,910.0,-0.05306971904266389,-0.05860137857143577,xgboost,validation,0,0.26806139945983887,0.23388145864009857,0.49805718660354614,BUY
2330,2025-03-27,2025-03-27T13:30:00+08:00,2025-03-28,946.0,2025-04-01,944.0,-0.0021141649048626032,-0.007943490251550167,xgboost,validation,1,0.3041893541812897,0.289257675409317,0.4065529704093933,BUY
2330,2025-03-28,2025-03-28T13:30:00+08:00,2025-03-31,920.0,2025-04-02,942.0,0.023913043478260843,0.01793167562310649,xgboost,validation,2,0.24454742670059204,0.3436617851257324,0.41179078817367554,BUY
2330,2025-03-31,2025-03-31T13:30:00+08:00,2025-04-01,929.0,2025-04-07,848.0,-0.08719052744886979,-0.0925228642833048,xgboost,validation,0,0.33327850699424744,0.268583208322525,0.39813828468322754,BUY
2330,2025-04-01,2025-04-01T13:30:00+08:00,2025-04-02,949.0,2025-04-08,816.0,-0.1401475237091675,-0.14517050295005074,xgboost,validation,0,0.4680197834968567,0.19735059142112732,0.3346296548843384,SELL
2330,2025-04-02,2025-04-02T13:30:00+08:00,2025-04-07,848.0,2025-04-09,785.0,-0.0742924528301887,-0.07970013603256865,xgboost,validation,0,0.33246323466300964,0.19261330366134644,0.4749234616756439,BUY
2330,2025-04-08,2025-04-08T13:30:00+08:00,2025-04-09,809.0,2025-04-11,889.0,0.09888751545117436,0.09246817105155447,xgboost,validation,2,0.4400443732738495,0.20531605184078217,0.3546396493911743,SELL
2330,2025-04-09,2025-04-09T13:30:00+08:00,2025-04-10,863.0,2025-04-14,865.0,0.002317497103128563,-0.003537716575432781,xgboost,validation,1,0.6355878710746765,0.14801336824893951,0.21639874577522278,SELL
2330,2025-04-11,2025-04-11T13:30:00+08:00,2025-04-14,895.0,2025-04-16,855.0,-0.04469273743016755,-0.0502733325681296,xgboost,validation,0,0.3916599154472351,0.13359062373638153,0.47474950551986694,BUY
2330,2025-04-14,2025-04-14T13:30:00+08:00,2025-04-15,874.0,2025-04-17,847.0,-0.03089244851258577,-0.03655366046175956,xgboost,validation,0,0.4332624673843384,0.16252151131629944,0.40421605110168457,SELL
2330,2025-04-15,2025-04-15T13:30:00+08:00,2025-04-16,867.0,2025-04-18,850.0,-0.019607843137254943,-0.025334976090443773,xgboost,validation,0,0.35994136333465576,0.3509174585342407,0.28914111852645874,SELL
2330,2025-04-16,2025-04-16T13:30:00+08:00,2025-04-17,849.0,2025-04-21,835.0,-0.01648998822143699,-0.022235334671650064,xgboost,validation,0,0.31487545371055603,0.1254163682460785,0.5597081780433655,BUY
2330,2025-04-17,2025-04-17T13:30:00+08:00,2025-04-18,853.0,2025-04-22,816.0,-0.04337631887456039,-0.0489646041026941,xgboost,validation,0,0.271944522857666,0.322567880153656,0.40548762679100037,BUY
2330,2025-04-18,2025-04-18T13:30:00+08:00,2025-04-21,844.0,2025-04-23,873.0,0.034360189573459765,0.028317792879743564,xgboost,validation,2,0.23943842947483063,0.41066429018974304,0.3498972952365875,HOLD
2330,2025-04-21,2025-04-21T13:30:00+08:00,2025-04-22,826.0,2025-04-24,864.0,0.04600484261501214,0.039894421635609856,xgboost,validation,2,0.4015115797519684,0.275736004114151,0.3227524161338806,SELL
2330,2025-04-22,2025-04-22T13:30:00+08:00,2025-04-23,853.0,2025-04-25,888.0,0.041031652989449,0.03495028377059772,xgboost,validation,2,0.2740488350391388,0.21733389794826508,0.5086172223091125,BUY
2330,2025-04-23,2025-04-23T13:30:00+08:00,2025-04-24,886.0,2025-04-28,897.0,0.01241534988713311,0.006501147828227305,xgboost,validation,1,0.31972816586494446,0.3412053883075714,0.3390665054321289,HOLD
2330,2025-04-24,2025-04-24T13:30:00+08:00,2025-04-25,900.0,2025-04-29,902.0,0.0022222222222221255,-0.0036324348913908677,xgboost,validation,1,0.4597289562225342,0.1781831681728363,0.36208784580230713,SELL
2330,2025-04-25,2025-04-25T13:30:00+08:00,2025-04-28,898.0,2025-04-30,908.0,0.011135857461024523,0.00522912978182033,xgboost,validation,1,0.2783642113208771,0.4146343767642975,0.3070014417171478,HOLD
2330,2025-04-28,2025-04-28T13:30:00+08:00,2025-04-29,897.0,2025-05-02,950.0,0.059085841694537455,0.05289900576182838,xgboost,validation,2,0.4932796359062195,0.2672647535800934,0.23945565521717072,SELL
2330,2025-04-29,2025-04-29T13:30:00+08:00,2025-04-30,901.0,2025-05-05,938.0,0.04106548279689237,0.03498391595527983,xgboost,validation,2,0.3454975485801697,0.43723776936531067,0.21726469695568085,HOLD
2330,2025-04-30,2025-04-30T13:30:00+08:00,2025-05-02,938.0,2025-05-06,920.0,-0.019189765458422214,-0.02491934068579138,xgboost,validation,0,0.4573605954647064,0.2924467921257019,0.25019264221191406,SELL
2330,2025-05-02,2025-05-02T13:30:00+08:00,2025-05-05,956.0,2025-05-07,928.0,-0.029288702928870314,-0.034959283439508715,xgboost,validation,0,0.43648919463157654,0.18719609081745148,0.3763146996498108,SELL
2330,2025-05-05,2025-05-05T13:30:00+08:00,2025-05-06,916.0,2025-05-08,918.0,0.0021834061135370675,-0.003671024248960486,xgboost,validation,1,0.2641684114933014,0.22431622445583344,0.5115153789520264,BUY
2330,2025-05-06,2025-05-06T13:30:00+08:00,2025-05-07,925.0,2025-05-09,949.0,0.025945945945945903,0.019952702534024036,xgboost,validation,2,0.33213621377944946,0.24963121116161346,0.41823258996009827,BUY
2330,2025-05-07,2025-05-07T13:30:00+08:00,2025-05-08,933.0,2025-05-12,957.0,0.025723472668810254,0.019731528873605964,xgboost,validation,2,0.4098995327949524,0.3947572410106659,0.1953432261943817,SELL
2330,2025-05-08,2025-05-08T13:30:00+08:00,2025-05-09,938.0,2025-05-13,969.0,0.03304904051172697,0.027014303125508787,xgboost,validation,2,0.43206778168678284,0.28468865156173706,0.2832435965538025,SELL
2330,2025-05-09,2025-05-09T13:30:00+08:00,2025-05-12,954.0,2025-05-14,999.0,0.04716981132075482,0.04105258497207509,xgboost,validation,2,0.4222389757633209,0.2380373775959015,0.3397236168384552,SELL
2330,2025-05-12,2025-05-12T13:30:00+08:00,2025-05-13,990.0,2025-05-15,993.0,0.003030303030302939,-0.0028290746292594093,xgboost,validation,1,0.28828349709510803,0.22229985892772675,0.4894166886806488,BUY
2330,2025-05-13,2025-05-13T13:30:00+08:00,2025-05-14,990.0,2025-05-16,998.0,0.008080808080808133,0.0021919270090626775,xgboost,validation,1,0.35824981331825256,0.3549668490886688,0.2867833375930786,SELL
2330,2025-05-14,2025-05-14T13:30:00+08:00,2025-05-15,1000.0,2025-05-19,984.0,-0.016000000000000014,-0.021748208802456426,xgboost,validation,0,0.3051609992980957,0.3413923382759094,0.3534466624259949,BUY
2330,2025-05-15,2025-05-15T13:30:00+08:00,2025-05-16,991.0,2025-05-20,978.0,-0.013118062563067578,-0.018883106709165598,xgboost,validation,0,0.34003472328186035,0.20464369654655457,0.45532163977622986,BUY
2330,2025-05-16,2025-05-16T13:30:00+08:00,2025-05-19,993.0,2025-05-21,990.0,-0.0030211480362537513,-0.008845175081702017,xgboost,validation,1,0.40908947587013245,0.30255088210105896,0.2883596122264862,SELL
2330,2025-05-19,2025-05-19T13:30:00+08:00,2025-05-20,991.0,2025-05-22,982.0,-0.00908173562058523,-0.014870358679346163,xgboost,validation,0,0.35124433040618896,0.26366090774536133,0.3850947618484497,BUY
2330,2025-05-20,2025-05-20T13:30:00+08:00,2025-05-21,986.0,2025-05-23,984.0,-0.0020283975659228792,-0.00785822393758262,xgboost,validation,1,0.35947349667549133,0.2717254161834717,0.3688010573387146,BUY
2330,2025-05-21,2025-05-21T13:30:00+08:00,2025-05-22,988.0,2025-05-26,976.0,-0.012145748987854255,-0.01791647307445199,xgboost,validation,0,0.1846814900636673,0.15587735176086426,0.6594411730766296,BUY
2330,2025-05-22,2025-05-22T13:30:00+08:00,2025-05-23,993.0,2025-05-27,965.0,-0.028197381671701938,-0.033874337327113535,xgboost,validation,0,0.2508319318294525,0.3037499487400055,0.4454180598258972,BUY
2330,2025-05-23,2025-05-23T13:30:00+08:00,2025-05-26,975.0,2025-05-28,967.0,-0.008205128205128198,-0.013998872120049466,xgboost,validation,0,0.31592294573783875,0.14840014278888702,0.5356769561767578,BUY
2330,2025-05-26,2025-05-26T13:30:00+08:00,2025-05-27,971.0,2025-05-29,967.0,-0.004119464469618972,-0.009937075506743831,xgboost,validation,1,0.3809492588043213,0.3373180627822876,0.2817326486110687,SELL
2330,2025-05-27,2025-05-27T13:30:00+08:00,2025-05-28,984.0,2025-06-02,946.0,-0.03861788617886175,-0.044233968627226505,xgboost,validation,0,0.28440961241722107,0.258320689201355,0.45726969838142395,BUY
2330,2025-05-28,2025-05-28T13:30:00+08:00,2025-05-29,986.0,2025-06-03,950.0,-0.0365111561866126,-0.04213954546819465,xgboost,validation,0,0.29913994669914246,0.12304022908210754,0.57781982421875,BUY
2330,2025-05-29,2025-05-29T13:30:00+08:00,2025-06-02,958.0,2025-06-04,990.0,0.03340292275574108,0.027366118104248383,xgboost,validation,2,0.3146445155143738,0.4238924980163574,0.2614629566669464,HOLD
2330,2025-06-02,2025-06-02T13:30:00+08:00,2025-06-03,960.0,2025-06-05,998.0,0.039583333333333304,0.033510424728095733,xgboost,validation,2,0.34909966588020325,0.23056195676326752,0.4203384220600128,BUY
2330,2025-06-03,2025-06-03T13:30:00+08:00,2025-06-04,974.0,2025-06-06,995.0,0.021560574948665368,0.015592949451548987,xgboost,validation,2,0.29323893785476685,0.1830638349056244,0.5236972570419312,BUY
2330,2025-06-04,2025-06-04T13:30:00+08:00,2025-06-05,1000.0,2025-06-09,1005.0,0.004999999999999893,-0.0008708839903137644,xgboost,validation,1,0.2693041265010834,0.1658513844013214,0.5648444890975952,BUY
2330,2025-06-05,2025-06-05T13:30:00+08:00,2025-06-06,997.0,2025-06-10,1045.0,0.0481444332998997,0.042021513525773324,xgboost,validation,2,0.40110522508621216,0.2661983370780945,0.33269643783569336,SELL
2330,2025-06-06,2025-06-06T13:30:00+08:00,2025-06-09,1005.0,2025-06-11,1065.0,0.05970149253731338,0.05351106017209051,xgboost,validation,2,0.38966119289398193,0.3508228361606598,0.2595159411430359,SELL
2330,2025-06-09,2025-06-09T13:30:00+08:00,2025-06-10,1025.0,2025-06-12,1045.0,0.019512195121951237,0.013556535595313335,xgboost,validation,2,0.40634143352508545,0.4499182105064392,0.14374034106731415,HOLD
2330,2025-06-10,2025-06-10T13:30:00+08:00,2025-06-11,1065.0,2025-06-13,1030.0,-0.032863849765258246,-0.03851354542781227,xgboost,validation,0,0.42549389600753784,0.24735751748085022,0.32714858651161194,SELL
2330,2025-06-11,2025-06-11T13:30:00+08:00,2025-06-12,1055.0,2025-06-16,1025.0,-0.028436018957345932,-0.03411158057114583,xgboost,validation,0,0.6280257105827332,0.23521003127098083,0.13676422834396362,SELL
2330,2025-06-12,2025-06-12T13:30:00+08:00,2025-06-13,1040.0,2025-06-17,1045.0,0.004807692307692291,-0.0010620682834653339,xgboost,validation,1,0.39343780279159546,0.21666045486927032,0.38990169763565063,SELL
2330,2025-06-13,2025-06-13T13:30:00+08:00,2025-06-16,1030.0,2025-06-18,1055.0,0.024271844660194164,0.018288380804925897,xgboost,validation,2,0.3260560631752014,0.42522791028022766,0.24871604144573212,HOLD
2330,2025-06-16,2025-06-16T13:30:00+08:00,2025-06-17,1040.0,2025-06-19,1035.0,-0.004807692307692291,-0.0106212829410397,xgboost,validation,0,0.31918588280677795,0.42341986298561096,0.2573942542076111,HOLD
2330,2025-06-17,2025-06-17T13:30:00+08:00,2025-06-18,1040.0,2025-06-20,1055.0,0.014423076923076872,0.008497146374109255,xgboost,validation,1,0.4987683892250061,0.23303894698619843,0.26819273829460144,SELL
2330,2025-06-18,2025-06-18T13:30:00+08:00,2025-06-19,1045.0,2025-06-23,1020.0,-0.02392344497607657,-0.029625367583251405,xgboost,validation,0,0.4714033305644989,0.2822316586971283,0.2463650107383728,SELL
2330,2025-06-19,2025-06-19T13:30:00+08:00,2025-06-20,1030.0,2025-06-24,1050.0,0.01941747572815533,0.013462369521490158,xgboost,validation,2,0.5915366411209106,0.22643645107746124,0.18202687799930573,SELL
2330,2025-06-20,2025-06-20T13:30:00+08:00,2025-06-23,1025.0,2025-06-25,1070.0,0.04390243902439028,0.0378042996047705,xgboost,validation,2,0.2997618019580841,0.42729616165161133,0.27294206619262695,HOLD
2330,2025-06-23,2025-06-23T13:30:00+08:00,2025-06-24,1045.0,2025-06-26,1075.0,0.028708133971291794,0.022698754752945804,xgboost,validation,2,0.313069224357605,0.13830134272575378,0.5486294031143188,BUY
2330,2025-06-24,2025-06-24T13:30:00+08:00,2025-06-25,1060.0,2025-06-27,1080.0,0.018867924528301883,0.012916028621478448,xgboost,validation,2,0.4775277078151703,0.23660776019096375,0.28586453199386597,SELL
2330,2025-06-25,2025-06-25T13:30:00+08:00,2025-06-26,1075.0,2025-06-30,1060.0,-0.013953488372092981,-0.019713652231616252,xgboost,validation,0,0.5440039038658142,0.1903822273015976,0.2656138837337494,SELL
2412,2025-01-02,2025-01-02T13:30:00+08:00,2025-01-03,123.0,2025-01-07,123.0,0.0,-0.005841675612252573,xgboost,validation,1,0.42751362919807434,0.45490962266921997,0.11757669597864151,HOLD
2412,2025-01-03,2025-01-03T13:30:00+08:00,2025-01-06,123.0,2025-01-08,123.5,0.004065040650406582,-0.0018003816106763049,xgboost,validation,1,0.28262633085250854,0.6226142644882202,0.09475947171449661,HOLD
2412,2025-01-06,2025-01-06T13:30:00+08:00,2025-01-07,124.0,2025-01-09,123.0,-0.008064516129032251,-0.013859081454089206,xgboost,validation,0,0.24675299227237701,0.6251533627510071,0.1280936598777771,HOLD
2412,2025-01-07,2025-01-07T13:30:00+08:00,2025-01-08,123.5,2025-01-10,123.0,-0.004048582995951455,-0.009866608099652341,xgboost,validation,1,0.2552192509174347,0.5734982490539551,0.17128251492977142,HOLD
2412,2025-01-08,2025-01-08T13:30:00+08:00,2025-01-09,123.5,2025-01-13,123.0,-0.004048582995951455,-0.009866608099652341,xgboost,validation,1,0.20303291082382202,0.6732677817344666,0.12369933724403381,HOLD
2412,2025-01-09,2025-01-09T13:30:00+08:00,2025-01-10,123.0,2025-01-14,123.5,0.004065040650406582,-0.0018003816106763049,xgboost,validation,1,0.12197735160589218,0.8464134335517883,0.03160925209522247,HOLD
2412,2025-01-10,2025-01-10T13:30:00+08:00,2025-01-13,122.5,2025-01-15,123.5,0.008163265306122547,0.0022739025460147833,xgboost,validation,1,0.09458157420158386,0.8478108048439026,0.05760760232806206,HOLD
2412,2025-01-13,2025-01-13T13:30:00+08:00,2025-01-14,123.0,2025-01-16,124.0,0.008130081300812941,0.002240912390899963,xgboost,validation,1,0.12036214768886566,0.7831680178642273,0.09646982699632645,HOLD
2412,2025-01-14,2025-01-14T13:30:00+08:00,2025-01-15,123.5,2025-01-17,124.0,0.004048582995951344,-0.0018167431248528043,xgboost,validation,1,0.17186586558818817,0.6482517123222351,0.17988239228725433,HOLD
2412,2025-01-15,2025-01-15T13:30:00+08:00,2025-01-16,123.5,2025-01-20,123.5,0.0,-0.005841675612252573,xgboost,validation,1,0.19761419296264648,0.7296255826950073,0.072760209441185,HOLD
2412,2025-01-16,2025-01-16T13:30:00+08:00,2025-01-17,123.5,2025-01-21,123.5,0.0,-0.005841675612252573,xgboost,validation,1,0.2664220631122589,0.6635411977767944,0.07003671675920486,HOLD
2412,2025-01-17,2025-01-17T13:30:00+08:00,2025-01-20,124.0,2025-01-22,124.5,0.0040322580645162365,-0.0018329726913340894,xgboost,validation,1,0.16033506393432617,0.7048680782318115,0.1347968727350235,HOLD
2412,2025-01-20,2025-01-20T13:30:00+08:00,2025-01-21,123.5,2025-02-03,125.5,0.0161943319838056,0.0102580543373465,xgboost,validation,2,0.1457892805337906,0.7484176754951477,0.10579302161931992,HOLD
2412,2025-01-21,2025-01-21T13:30:00+08:00,2025-01-22,124.0,2025-02-04,125.0,0.008064516129032251,0.002175730229584172,xgboost,validation,1,0.2424798160791397,0.6561905145645142,0.10132970660924911,HOLD
2412,2025-01-22,2025-01-22T13:30:00+08:00,2025-02-03,124.5,2025-02-05,126.0,0.012048192771084265,0.006136135524949182,xgboost,validation,1,0.14717784523963928,0.7560176253318787,0.09680458158254623,HOLD
2412,2025-02-03,2025-02-03T13:30:00+08:00,2025-02-04,125.5,2025-02-06,126.0,0.003984063745019917,-0.0018808854752495607,xgboost,validation,1,0.2591264545917511,0.5905303359031677,0.15034319460391998,HOLD
2412,2025-02-04,2025-02-04T13:30:00+08:00,2025-02-05,126.0,2025-02-07,126.0,0.0,-0.005841675612252684,xgboost,validation,1,0.24681229889392853,0.5585123300552368,0.19467538595199585,HOLD
2412,2025-02-05,2025-02-05T13:30:00+08:00,2025-02-06,126.0,2025-02-10,125.5,-0.003968253968253954,-0.009786748328077022,xgboost,validation,1,0.2939981520175934,0.5173517465591431,0.18865008652210236,HOLD
2412,2025-02-06,2025-02-06T13:30:00+08:00,2025-02-07,125.5,2025-02-11,125.5,0.0,-0.005841675612252573,xgboost,validation,1,0.19014328718185425,0.7467368841171265,0.0631198063492775,HOLD
2412,2025-02-07,2025-02-07T13:30:00+08:00,2025-02-10,125.5,2025-02-12,126.0,0.003984063745019917,-0.0018808854752495607,xgboost,validation,1,0.13585607707500458,0.8262752294540405,0.0378686897456646,HOLD
2412,2025-02-10,2025-02-10T13:30:00+08:00,2025-02-11,125.5,2025-02-13,125.5,0.0,-0.005841675612252573,xgboost,validation,1,0.17809265851974487,0.7328367233276367,0.08907061815261841,HOLD
2412,2025-02-11,2025-02-11T13:30:00+08:00,2025-02-12,126.0,2025-02-14,125.5,-0.003968253968253954,-0.009786748328077022,xgboost,validation,1,0.17896834015846252,0.7288233637809753,0.09220828115940094,HOLD
2412,2025-02-12,2025-02-12T13:30:00+08:00,2025-02-13,126.0,2025-02-17,126.0,0.0,-0.005841675612252684,xgboost,validation,1,0.31504538655281067,0.5954649448394775,0.0894896537065506,HOLD
2412,2025-02-13,2025-02-13T13:30:00+08:00,2025-02-14,126.0,2025-02-18,126.5,0.003968253968253954,-0.0018966028964282344,xgboost,validation,1,0.16453248262405396,0.7148323655128479,0.12063512206077576,HOLD
2412,2025-02-14,2025-02-14T13:30:00+08:00,2025-02-17,126.0,2025-02-19,126.5,0.003968253968253954,-0.0018966028964282344,xgboost,validation,1,0.258823424577713,0.5742866396903992,0.16688992083072662,HOLD
2412,2025-02-17,2025-02-17T13:30:00+08:00,2025-02-18,126.0,2025-02-20,126.5,0.003968253968253954,-0.0018966028964282344,xgboost,validation,1,0.16976898908615112,0.7857786417007446,0.044452372938394547,HOLD
2412,2025-02-18,2025-02-18T13:30:00+08:00,2025-02-19,126.5,2025-02-21,127.0,0.0039525691699604515,-0.0019121960692179973,xgboost,validation,1,0.28201186656951904,0.6432592272758484,0.07472888380289078,HOLD
2412,2025-02-19,2025-02-19T13:30:00+08:00,2025-02-20,126.5,2025-02-24,127.0,0.0039525691699604515,-0.0019121960692179973,xgboost,validation,1,0.2999166250228882,0.5363195538520813,0.16376382112503052,HOLD
2412,2025-02-20,2025-02-20T13:30:00+08:00,2025-02-21,126.5,2025-02-25,126.5,0.0,-0.005841675612252573,xgboost,validation,1,0.14779962599277496,0.8080596923828125,0.04414071887731552,HOLD
2412,2025-02-21,2025-02-21T13:30:00+08:00,2025-02-24,126.5,2025-02-26,127.5,0.007905138339920903,0.002017283473816578,xgboost,validation,1,0.3127872943878174,0.5397381782531738,0.1474745124578476,HOLD
2412,2025-02-24,2025-02-24T13:30:00+08:00,2025-02-25,126.5,2025-02-27,128.0,0.011857707509881354,0.005946763016851264,xgboost,validation,1,0.30333584547042847,0.6135326027870178,0.08313153684139252,HOLD
2412,2025-02-25,2025-02-25T13:30:00+08:00,2025-02-26,126.5,2025-03-03,128.5,0.015810276679841806,0.009876242559885728,xgboost,validation,1,0.3729513883590698,0.4769055247306824,0.1501430869102478,HOLD
2412,2025-02-26,2025-02-26T13:30:00+08:00,2025-02-27,128.0,2025-03-04,127.0,-0.0078125,-0.013608537521531905,xgboost,validation,0,0.3245511054992676,0.5627331137657166,0.11271576583385468,HOLD
2412,2025-02-27,2025-02-27T13:30:00+08:00,2025-03-03,128.0,2025-03-05,127.5,-0.00390625,-0.009725106566892183,xgboost,validation,1,0.3166255056858063,0.5404225587844849,0.14295192062854767,HOLD
2412,2025-03-03,2025-03-03T13:30:00+08:00,2025-03-04,128.5,2025-03-06,128.0,-0.0038910505836575737,-0.009709995940609506,xgboost,validation,1,0.28127971291542053,0.5956134796142578,0.12310683727264404,HOLD
2412,2025-03-04,2025-03-04T13:30:00+08:00,2025-03-05,127.5,2025-03-07,128.0,0.0039215686274509665,-0.0019430155166142438,xgboost,validation,1,0.241338849067688,0.6483374238014221,0.11032372713088989,HOLD
2412,2025-03-05,2025-03-05T13:30:00+08:00,2025-03-06,128.0,2025-03-10,128.0,0.0,-0.005841675612252573,xgboost,validation,1,0.18926559388637543,0.6968979239463806,0.11383644491434097,HOLD
2412,2025-03-06,2025-03-06T13:30:00+08:00,2025-03-07,128.0,2025-03-11,127.5,-0.00390625,-0.009725106566892183,xgboost,validation,1,0.22387166321277618,0.6354720592498779,0.14065630733966827,HOLD
2412,2025-03-07,2025-03-07T13:30:00+08:00,2025-03-10,128.0,2025-03-12,128.0,0.0,-0.005841675612252573,xgboost,validation,1,0.20833668112754822,0.6679947376251221,0.12366857379674911,HOLD
2412,2025-03-10,2025-03-10T13:30:00+08:00,2025-03-11,127.5,2025-03-13,128.5,0.007843137254901933,0.001955644579023863,xgboost,validation,1,0.33898019790649414,0.4218599200248718,0.23915989696979523,HOLD
2412,2025-03-11,2025-03-11T13:30:00+08:00,2025-03-12,127.5,2025-03-14,128.5,0.007843137254901933,0.001955644579023863,xgboost,validation,1,0.23465695977210999,0.6191223859786987,0.14622065424919128,HOLD
2412,2025-03-12,2025-03-12T13:30:00+08:00,2025-03-13,128.5,2025-03-17,128.0,-0.0038910505836575737,-0.009709995940609506,xgboost,validation,1,0.3735467791557312,0.4939279854297638,0.1325252205133438,HOLD
2412,2025-03-13,2025-03-13T13:30:00+08:00,2025-03-14,128.5,2025-03-18,129.0,0.0038910505836575737,-0.001973355283895639,xgboost,validation,1,0.3495821952819824,0.5613229870796204,0.08909479528665543,HOLD
2412,2025-03-14,2025-03-14T13:30:00+08:00,2025-03-17,128.0,2025-03-19,128.5,0.00390625,-0.001958244657612962,xgboost,validation,1,0.251219779253006,0.49191051721572876,0.25686967372894287,HOLD
2412,2025-03-17,2025-03-17T13:30:00+08:00,2025-03-18,128.5,2025-03-20,129.0,0.0038910505836575737,-0.001973355283895639,xgboost,validation,1,0.33993443846702576,0.5195029377937317,0.14056266844272614,HOLD
2412,2025-03-18,2025-03-18T13:30:00+08:00,2025-03-19,129.0,2025-03-21,130.0,0.007751937984496138,0.0018649780651716075,xgboost,validation,1,0.14340248703956604,0.8192518949508667,0.03734555095434189,HOLD
2412,2025-03-19,2025-03-19T13:30:00+08:00,2025-03-20,129.0,2025-03-24,129.0,0.0,-0.005841675612252795,xgboost,validation,1,0.2719373106956482,0.6705102324485779,0.057552486658096313,HOLD
2412,2025-03-20,2025-03-20T13:30:00+08:00,2025-03-21,129.0,2025-03-25,129.0,0.0,-0.005841675612252795,xgboost,validation,1,0.23830881714820862,0.5763140320777893,0.18537719547748566,HOLD
2412,2025-03-21,2025-03-21T13:30:00+08:00,2025-03-24,130.0,2025-03-26,129.0,-0.007692307692307665,-0.013489047338312243,xgboost,validation,0,0.2628372311592102,0.586686372756958,0.15047647058963776,HOLD
2412,2025-03-24,2025-03-24T13:30:00+08:00,2025-03-25,129.5,2025-03-27,130.0,0.0038610038610038533,-0.0020032264833423907,xgboost,validation,1,0.20927530527114868,0.5473359227180481,0.2433888167142868,HOLD
2412,2025-03-25,2025-03-25T13:30:00+08:00,2025-03-26,129.5,2025-03-28,130.0,0.0038610038610038533,-0.0020032264833423907,xgboost,validation,1,0.20098961889743805,0.7077108025550842,0.09129954874515533,HOLD
2412,2025-03-26,2025-03-26T13:30:00+08:00,2025-03-27,129.0,2025-03-31,128.5,-0.003875968992248069,-0.009695002450964885,xgboost,validation,1,0.2414133995771408,0.6326294541358948,0.12595714628696442,HOLD
2412,2025-03-27,2025-03-27T13:30:00+08:00,2025-03-28,129.5,2025-04-01,130.0,0.0038610038610038533,-0.0020032264833423907,xgboost,validation,1,0.18722398579120636,0.729276716709137,0.08349930495023727,HOLD
2412,2025-03-28,2025-03-28T13:30:00+08:00,2025-03-31,129.0,2025-04-02,130.0,0.007751937984496138,0.0018649780651716075,xgboost,validation,1,0.26348578929901123,0.5618574619293213,0.17465677857398987,HOLD
2412,2025-03-31,2025-03-31T13:30:00+08:00,2025-04-01,129.0,2025-04-07,124.0,-0.03875968992248058,-0.04437494399937458,xgboost,validation,0,0.19025151431560516,0.5473612546920776,0.2623872756958008,HOLD
2412,2025-04-01,2025-04-01T13:30:00+08:00,2025-04-02,129.5,2025-04-08,127.0,-0.019305019305019266,-0.025033921256803704,xgboost,validation,0,0.28162845969200134,0.38118329644203186,0.3371882736682892,HOLD
2412,2025-04-02,2025-04-02T13:30:00+08:00,2025-04-07,123.0,2025-04-09,126.0,0.024390243902439046,0.01840608839720459,xgboost,validation,2,0.34737130999565125,0.47805559635162354,0.17457306385040283,HOLD
2412,2025-04-07,2025-04-07T13:30:00+08:00,2025-04-08,125.5,2025-04-10,127.0,0.01195219123505975,0.006040694798756352,xgboost,validation,1,0.43686750531196594,0.4700603783130646,0.09307213872671127,HOLD
2412,2025-04-08,2025-04-08T13:30:00+08:00,2025-04-09,126.0,2025-04-11,128.5,0.01984126984126977,0.01388368796686934,xgboost,validation,2,0.4030715823173523,0.32256293296813965,0.27436554431915283,SELL
2412,2025-04-09,2025-04-09T13:30:00+08:00,2025-04-10,129.0,2025-04-14,127.5,-0.011627906976744207,-0.017401656128389287,xgboost,validation,0,0.38662827014923096,0.4027775228023529,0.21059419214725494,HOLD
2412,2025-04-10,2025-04-10T13:30:00+08:00,2025-04-11,127.5,2025-04-15,129.0,0.0117647058823529,0.00585430467466197,xgboost,validation,1,0.3013460636138916,0.6223104000091553,0.07634354382753372,HOLD
2412,2025-04-11,2025-04-11T13:30:00+08:00,2025-04-14,128.0,2025-04-16,128.5,0.00390625,-0.001958244657612962,xgboost,validation,1,0.3816303014755249,0.45361682772636414,0.16475284099578857,HOLD
2412,2025-04-14,2025-04-14T13:30:00+08:00,2025-04-15,128.0,2025-04-17,128.0,0.0,-0.005841675612252573,xgboost,validation,1,0.3450862467288971,0.46243348717689514,0.19248031079769135,HOLD
2412,2025-04-15,2025-04-15T13:30:00+08:00,2025-04-16,128.5,2025-04-18,128.0,-0.0038910505836575737,-0.009709995940609506,xgboost,validation,1,0.28967857360839844,0.4802875518798828,0.23003387451171875,HOLD
2412,2025-04-17,2025-04-17T13:30:00+08:00,2025-04-18,129.0,2025-04-22,128.0,-0.007751937984496138,-0.013548329289677086,xgboost,validation,0,0.32166561484336853,0.5136348009109497,0.16469958424568176,HOLD
2412,2025-04-18,2025-04-18T13:30:00+08:00,2025-04-21,128.0,2025-04-23,127.5,-0.00390625,-0.009725106566892183,xgboost,validation,1,0.23270046710968018,0.660532534122467,0.10676697641611099,HOLD
2412,2025-04-21,2025-04-21T13:30:00+08:00,2025-04-22,128.0,2025-04-24,127.0,-0.0078125,-0.013608537521531905,xgboost,validation,0,0.3576127588748932,0.512812614440918,0.12957465648651123,HOLD
2412,2025-04-22,2025-04-22T13:30:00+08:00,2025-04-23,128.5,2025-04-25,126.5,-0.015564202334630295,-0.021314956925680528,xgboost,validation,0,0.25201496481895447,0.6167603135108948,0.13122475147247314,HOLD
2412,2025-04-23,2025-04-23T13:30:00+08:00,2025-04-24,127.5,2025-04-28,128.0,0.0039215686274509665,-0.0019430155166142438,xgboost,validation,1,0.4419969618320465,0.3924788236618042,0.1655241996049881,SELL
2412,2025-04-24,2025-04-24T13:30:00+08:00,2025-04-25,127.0,2025-04-29,129.0,0.015748031496062964,0.009814360992278726,xgboost,validation,1,0.2920907139778137,0.6189412474632263,0.08896800875663757,HOLD
2412,2025-04-25,2025-04-25T13:30:00+08:00,2025-04-28,127.0,2025-04-30,129.5,0.019685039370078705,0.013728370143411661,xgboost,validation,2,0.3183349668979645,0.6098237037658691,0.07184134423732758,HOLD
2412,2025-04-28,2025-04-28T13:30:00+08:00,2025-04-29,128.0,2025-05-02,128.5,0.00390625,-0.001958244657612962,xgboost,validation,1,0.3422399163246155,0.5521528124809265,0.1056072786450386,HOLD
2412,2025-04-29,2025-04-29T13:30:00+08:00,2025-04-30,129.0,2025-05-05,129.5,0.003875968992248069,-0.0019883487735403715,xgboost,validation,1,0.24720071256160736,0.6330519914627075,0.11974728852510452,HOLD
2412,2025-04-30,2025-04-30T13:30:00+08:00,2025-05-02,129.5,2025-05-06,130.0,0.0038610038610038533,-0.0020032264833423907,xgboost,validation,1,0.3742964565753937,0.4232484698295593,0.202455073595047,HOLD
2412,2025-05-02,2025-05-02T13:30:00+08:00,2025-05-05,129.0,2025-05-07,131.0,0.015503875968992276,0.00957163174259601,xgboost,validation,1,0.27531537413597107,0.5693227648735046,0.1553618311882019,HOLD
2412,2025-05-05,2025-05-05T13:30:00+08:00,2025-05-06,129.5,2025-05-08,129.5,0.0,-0.005841675612252573,xgboost,validation,1,0.2578495442867279,0.6817253828048706,0.060425084084272385,HOLD
2412,2025-05-06,2025-05-06T13:30:00+08:00,2025-05-07,130.5,2025-05-09,131.0,0.003831417624521105,-0.0020326398866289397,xgboost,validation,1,0.2628536820411682,0.6536287069320679,0.08351761847734451,HOLD
2412,2025-05-07,2025-05-07T13:30:00+08:00,2025-05-08,131.0,2025-05-12,131.0,0.0,-0.005841675612252684,xgboost,validation,1,0.296305388212204,0.619382917881012,0.08431171625852585,HOLD
2412,2025-05-08,2025-05-08T13:30:00+08:00,2025-05-09,129.5,2025-05-13,130.0,0.0038610038610038533,-0.0020032264833423907,xgboost,validation,1,0.33656546473503113,0.4769391417503357,0.1864953637123108,HOLD
2412,2025-05-09,2025-05-09T13:30:00+08:00,2025-05-12,131.0,2025-05-14,129.5,-0.011450381679389277,-0.017225167876234404,xgboost,validation,0,0.2371569275856018,0.6403230428695679,0.12252003699541092,HOLD
2412,2025-05-13,2025-05-13T13:30:00+08:00,2025-05-14,130.5,2025-05-16,131.0,0.003831417624521105,-0.0020326398866289397,xgboost,validation,1,0.3777381181716919,0.36695921421051025,0.25530269742012024,SELL
2412,2025-05-14,2025-05-14T13:30:00+08:00,2025-05-15,129.5,2025-05-19,131.0,0.01158301158301156,0.005673671774478084,xgboost,validation,1,0.33360493183135986,0.5058135390281677,0.1605815589427948,HOLD
2412,2025-05-15,2025-05-15T13:30:00+08:00,2025-05-16,131.0,2025-05-20,131.5,0.003816793893129722,-0.0020471781909252584,xgboost,validation,1,0.32580241560935974,0.4795689582824707,0.19462861120700836,HOLD
2412,2025-05-16,2025-05-16T13:30:00+08:00,2025-05-19,131.0,2025-05-21,132.5,0.011450381679389388,0.00554181665172937,xgboost,validation,1,0.43801432847976685,0.4421481490135193,0.11983756721019745,HOLD
2412,2025-05-19,2025-05-19T13:30:00+08:00,2025-05-20,131.5,2025-05-22,133.0,0.011406844106463865,0.005498533411181894,xgboost,validation,1,0.4765278100967407,0.3918624222278595,0.1316097229719162,SELL
2412,2025-05-20,2025-05-20T13:30:00+08:00,2025-05-21,132.0,2025-05-23,133.0,0.007575757575757569,0.0016898268452303356,xgboost,validation,1,0.3709653615951538,0.39791053533554077,0.23112405836582184,HOLD
2412,2025-05-21,2025-05-21T13:30:00+08:00,2025-05-22,132.0,2025-05-26,133.0,0.007575757575757569,0.0016898268452303356,xgboost,validation,1,0.33919021487236023,0.4857666492462158,0.17504318058490753,HOLD
2412,2025-05-22,2025-05-22T13:30:00+08:00,2025-05-23,133.0,2025-05-27,131.5,-0.011278195488721776,-0.01705398754143761,xgboost,validation,0,0.32405149936676025,0.5177849531173706,0.15816356241703033,HOLD
2412,2025-05-23,2025-05-23T13:30:00+08:00,2025-05-26,133.0,2025-05-28,132.0,-0.007518796992481258,-0.013316550231709412,xgboost,validation,0,0.3482969403266907,0.38708218932151794,0.26462090015411377,HOLD
2412,2025-05-26,2025-05-26T13:30:00+08:00,2025-05-27,133.0,2025-05-29,129.5,-0.02631578947368418,-0.03200373678035118,xgboost,validation,0,0.31546249985694885,0.531467616558075,0.1530698984861374,HOLD
2412,2025-05-27,2025-05-27T13:30:00+08:00,2025-05-28,131.5,2025-06-02,131.5,0.0,-0.005841675612252462,xgboost,validation,1,0.37642720341682434,0.5270060896873474,0.09656669199466705,HOLD
2412,2025-05-28,2025-05-28T13:30:00+08:00,2025-05-29,132.5,2025-06-03,130.0,-0.018867924528301883,-0.024599379845983815,xgboost,validation,0,0.4042181372642517,0.33952534198760986,0.2562565803527832,SELL
2412,2025-05-29,2025-05-29T13:30:00+08:00,2025-06-02,130.0,2025-06-04,129.5,-0.0038461538461538325,-0.009665361475282297,xgboost,validation,1,0.38290727138519287,0.3333730697631836,0.28371965885162354,SELL
2412,2025-06-02,2025-06-02T13:30:00+08:00,2025-06-03,131.5,2025-06-05,130.0,-0.011406844106463865,-0.01718188463568704,xgboost,validation,0,0.28922900557518005,0.6096372604370117,0.10113373398780823,HOLD
2412,2025-06-03,2025-06-03T13:30:00+08:00,2025-06-04,130.5,2025-06-06,130.0,-0.003831417624521105,-0.009650711337876094,xgboost,validation,1,0.26530730724334717,0.38334399461746216,0.3513486683368683,HOLD
2412,2025-06-04,2025-06-04T13:30:00+08:00,2025-06-05,129.5,2025-06-09,132.5,0.02316602316602312,0.01718901916120874,xgboost,validation,2,0.5039644837379456,0.38249537348747253,0.1135401725769043,SELL
2412,2025-06-05,2025-06-05T13:30:00+08:00,2025-06-06,130.5,2025-06-10,133.0,0.019157088122605304,0.013203503015865259,xgboost,validation,2,0.2770247161388397,0.6128372550010681,0.11013801395893097,HOLD
2412,2025-06-06,2025-06-06T13:30:00+08:00,2025-06-09,130.0,2025-06-11,133.0,0.023076923076922995,0.017100439565926218,xgboost,validation,2,0.37976518273353577,0.4428834319114685,0.17735141515731812,HOLD
2412,2025-06-09,2025-06-09T13:30:00+08:00,2025-06-10,132.0,2025-06-12,134.0,0.015151515151515138,0.009221329302713466,xgboost,validation,1,0.2648712396621704,0.3841935992240906,0.3509351909160614,HOLD
2412,2025-06-10,2025-06-10T13:30:00+08:00,2025-06-11,132.5,2025-06-13,135.0,0.018867924528301883,0.012916028621478448,xgboost,validation,2,0.28695687651634216,0.48081785440444946,0.23222525417804718,HOLD
2412,2025-06-11,2025-06-11T13:30:00+08:00,2025-06-12,133.0,2025-06-16,136.0,0.022556390977443552,0.016582948246117724,xgboost,validation,2,0.404684841632843,0.4965696632862091,0.09874547272920609,HOLD
2412,2025-06-12,2025-06-12T13:30:00+08:00,2025-06-13,133.0,2025-06-17,136.5,0.026315789473684292,0.020320385555846032,xgboost,validation,2,0.34455376863479614,0.4162193238735199,0.23922689259052277,HOLD
2412,2025-06-13,2025-06-13T13:30:00+08:00,2025-06-16,135.0,2025-06-18,137.0,0.014814814814814836,0.008886595860158497,xgboost,validation,1,0.4316759705543518,0.39298784732818604,0.17533616721630096,SELL
2412,2025-06-16,2025-06-16T13:30:00+08:00,2025-06-17,136.0,2025-06-19,136.5,0.003676470588235281,-0.0021866817725918475,xgboost,validation,1,0.5364775061607361,0.34607407450675964,0.11744840443134308,SELL
2412,2025-06-17,2025-06-17T13:30:00+08:00,2025-06-18,136.0,2025-06-20,136.5,0.003676470588235281,-0.0021866817725918475,xgboost,validation,1,0.42817384004592896,0.3354487121105194,0.23637744784355164,SELL
2412,2025-06-18,2025-06-18T13:30:00+08:00,2025-06-19,136.0,2025-06-23,136.5,0.003676470588235281,-0.0021866817725918475,xgboost,validation,1,0.2681168019771576,0.5517362952232361,0.18014691770076752,HOLD
2412,2025-06-19,2025-06-19T13:30:00+08:00,2025-06-20,136.0,2025-06-24,135.5,-0.003676470588235281,-0.00949666945191352,xgboost,validation,1,0.3533848524093628,0.4602084159851074,0.18640673160552979,HOLD
2412,2025-06-20,2025-06-20T13:30:00+08:00,2025-06-23,136.0,2025-06-25,137.0,0.007352941176470562,0.0014683120670690997,xgboost,validation,1,0.3598373532295227,0.5487607717514038,0.09140187501907349,HOLD
2412,2025-06-23,2025-06-23T13:30:00+08:00,2025-06-24,136.5,2025-06-26,137.0,0.00366300366300365,-0.0022000700284146024,xgboost,validation,1,0.41484251618385315,0.45856502652168274,0.12659244239330292,HOLD
2412,2025-06-24,2025-06-24T13:30:00+08:00,2025-06-25,136.5,2025-06-27,136.5,0.0,-0.005841675612252684,xgboost,validation,1,0.5394189357757568,0.4014011025428772,0.05917995423078537,SELL
2412,2025-06-25,2025-06-25T13:30:00+08:00,2025-06-26,136.5,2025-06-30,135.0,-0.01098901098901095,-0.01676649236376626,xgboost,validation,0,0.28160855174064636,0.5197165608406067,0.19867484271526337,HOLD
2881,2025-01-02,2025-01-02T13:30:00+08:00,2025-01-03,90.9,2025-01-07,91.9,0.011001100110010986,0.005095159639537883,xgboost,validation,1,0.3355969190597534,0.47995084524154663,0.18445226550102234,HOLD
2881,2025-01-03,2025-01-03T13:30:00+08:00,2025-01-06,91.3,2025-01-08,91.1,-0.0021905805038335835,-0.008019459455380296,xgboost,validation,1,0.4076218903064728,0.3492951989173889,0.2430829554796219,SELL
2881,2025-01-06,2025-01-06T13:30:00+08:00,2025-01-07,92.1,2025-01-09,91.1,-0.010857763300760048,-0.016636011381935045,xgboost,validation,0,0.3061695992946625,0.35468024015426636,0.33915016055107117,HOLD
2881,2025-01-07,2025-01-07T13:30:00+08:00,2025-01-08,91.8,2025-01-10,89.9,-0.020697167755991175,-0.026417937228120802,xgboost,validation,0,0.24366183578968048,0.3976423144340515,0.3586958646774292,HOLD
2881,2025-01-08,2025-01-08T13:30:00+08:00,2025-01-09,91.3,2025-01-13,89.8,-0.01642935377875132,-0.022175054435709662,xgboost,validation,0,0.3413083851337433,0.19998130202293396,0.45871031284332275,BUY
2881,2025-01-09,2025-01-09T13:30:00+08:00,2025-01-10,91.1,2025-01-14,90.8,-0.003293084522502765,-0.009115523003211168,xgboost,validation,1,0.38170990347862244,0.28042277693748474,0.33786725997924805,SELL
2881,2025-01-10,2025-01-10T13:30:00+08:00,2025-01-13,90.2,2025-01-15,90.4,0.0022172949002217113,-0.0036373334295745074,xgboost,validation,1,0.31638211011886597,0.2504298686981201,0.43318796157836914,BUY
2881,2025-01-13,2025-01-13T13:30:00+08:00,2025-01-14,90.1,2025-01-16,91.6,0.01664816870144281,0.010709239888098354,xgboost,validation,2,0.34946033358573914,0.19712434709072113,0.4534153342247009,BUY
2881,2025-01-14,2025-01-14T13:30:00+08:00,2025-01-15,91.0,2025-01-17,91.0,0.0,-0.005841675612252684,xgboost,validation,1,0.38436299562454224,0.2643584609031677,0.3512785732746124,SELL
2881,2025-01-15,2025-01-15T13:30:00+08:00,2025-01-16,91.5,2025-01-20,90.5,-0.010928961748633892,-0.01670679391157215,xgboost,validation,0,0.518220067024231,0.18889524042606354,0.2928846478462219,SELL
2881,2025-01-16,2025-01-16T13:30:00+08:00,2025-01-17,91.6,2025-01-21,91.5,-0.0010917030567685337,-0.00692700129389856,xgboost,validation,1,0.46801477670669556,0.27836522459983826,0.2536199986934662,SELL
2881,2025-01-17,2025-01-17T13:30:00+08:00,2025-01-20,91.2,2025-01-22,92.8,0.01754385964912264,0.011599698499813238,xgboost,validation,2,0.3496621549129486,0.32638248801231384,0.32395532727241516,SELL
2881,2025-01-20,2025-01-20T13:30:00+08:00,2025-01-21,90.8,2025-02-03,91.4,0.006607929515418665,0.0007276525224684249,xgboost,validation,1,0.3644396960735321,0.38871341943740845,0.24684688448905945,HOLD
2881,2025-01-21,2025-01-21T13:30:00+08:00,2025-01-22,92.2,2025-02-04,90.3,-0.020607375271149753,-0.026328669281848294,xgboost,validation,0,0.3618512749671936,0.29033488035202026,0.34781381487846375,SELL
2881,2025-01-22,2025-01-22T13:30:00+08:00,2025-02-03,91.5,2025-02-05,91.8,0.003278688524590123,-0.002582140122456722,xgboost,validation,1,0.4176855981349945,0.3440414369106293,0.23827297985553741,SELL
2881,2025-02-03,2025-02-03T13:30:00+08:00,2025-02-04,92.0,2025-02-06,93.0,0.010869565217391353,0.004964393131092537,xgboost,validation,1,0.22887766361236572,0.4076440930366516,0.3634781837463379,HOLD
2881,2025-02-04,2025-02-04T13:30:00+08:00,2025-02-05,91.5,2025-02-07,92.3,0.008743169398907069,0.002850419027203177,xgboost,validation,1,0.3082106113433838,0.19368669390678406,0.49810269474983215,BUY
2881,2025-02-05,2025-02-05T13:30:00+08:00,2025-02-06,92.0,2025-02-10,93.4,0.01521739130434785,0.009286820628430448,xgboost,validation,1,0.33847033977508545,0.3818485736846924,0.27968111634254456,HOLD
2881,2025-02-06,2025-02-06T13:30:00+08:00,2025-02-07,92.6,2025-02-11,93.8,0.012958963282937441,0.007041585610914725,xgboost,validation,1,0.2666650116443634,0.3865298330783844,0.3468051552772522,HOLD
2881,2025-02-07,2025-02-07T13:30:00+08:00,2025-02-10,92.0,2025-02-12,93.4,0.01521739130434785,0.009286820628430448,xgboost,validation,1,0.40121108293533325,0.3450372517108917,0.2537516951560974,SELL
2881,2025-02-10,2025-02-10T13:30:00+08:00,2025-02-11,93.6,2025-02-13,93.4,-0.002136752136752018,-0.007965945536157926,xgboost,validation,1,0.4171285033226013,0.20726661384105682,0.37560489773750305,SELL
2881,2025-02-11,2025-02-11T13:30:00+08:00,2025-02-12,93.3,2025-02-14,93.1,-0.002143622722400873,-0.007972775986074154,xgboost,validation,1,0.3214344084262848,0.2436981201171875,0.43486741185188293,BUY
2881,2025-02-12,2025-02-12T13:30:00+08:00,2025-02-13,93.0,2025-02-17,94.0,0.010752688172043001,0.004848198843529827,xgboost,validation,1,0.39074501395225525,0.28770169615745544,0.3215532898902893,SELL
2881,2025-02-13,2025-02-13T13:30:00+08:00,2025-02-14,93.2,2025-02-18,94.3,0.011802575107296098,0.005891952679877521,xgboost,validation,1,0.41662245988845825,0.20558463037014008,0.37779295444488525,SELL
2881,2025-02-14,2025-02-14T13:30:00+08:00,2025-02-17,93.5,2025-02-19,92.4,-0.0117647058823529,-0.017537655899167337,xgboost,validation,0,0.351582407951355,0.2623215317726135,0.3860960602760315,BUY
2881,2025-02-17,2025-02-17T13:30:00+08:00,2025-02-18,93.7,2025-02-20,92.0,-0.018143009605122717,-0.02387869964063216,xgboost,validation,0,0.5195581316947937,0.27530109882354736,0.20514078438282013,SELL
2881,2025-02-18,2025-02-18T13:30:00+08:00,2025-02-19,93.9,2025-02-21,92.6,-0.013844515441959637,-0.01960531588599157,xgboost,validation,0,0.39601969718933105,0.2760281562805176,0.3279520869255066,SELL
2881,2025-02-19,2025-02-19T13:30:00+08:00,2025-02-20,92.3,2025-02-24,91.6,-0.007583965330444253,-0.013381337877381827,xgboost,validation,0,0.3861735761165619,0.16932573914527893,0.4445006251335144,BUY
2881,2025-02-20,2025-02-20T13:30:00+08:00,2025-02-21,92.0,2025-02-25,91.7,-0.003260869565217317,-0.009083496235256061,xgboost,validation,1,0.39164999127388,0.30590158700942993,0.30244845151901245,SELL
2881,2025-02-21,2025-02-21T13:30:00+08:00,2025-02-24,91.9,2025-02-26,92.8,0.009793253536452662,0.0038943689138515314,xgboost,validation,1,0.43167218565940857,0.3430063724517822,0.22532141208648682,SELL
2881,2025-02-24,2025-02-24T13:30:00+08:00,2025-02-25,91.3,2025-02-27,92.3,0.010952902519167473,0.005047243603385265,xgboost,validation,1,0.41467535495758057,0.29829493165016174,0.2870296835899353,SELL
2881,2025-02-25,2025-02-25T13:30:00+08:00,2025-02-26,91.3,2025-03-03,92.8,0.016429353778751432,0.010491703211204406,xgboost,validation,2,0.3810349702835083,0.3542632758617401,0.2647017240524292,SELL
2881,2025-02-26,2025-02-26T13:30:00+08:00,2025-02-27,92.6,2025-03-04,91.2,-0.015118790496760126,-0.020872147039281086,xgboost,validation,0,0.4997643232345581,0.1964886486530304,0.3037470281124115,SELL
2881,2025-02-27,2025-02-27T13:30:00+08:00,2025-03-03,92.0,2025-03-05,91.8,-0.0021739130434782483,-0.008002889360921639,xgboost,validation,1,0.4831068813800812,0.17002041637897491,0.3468727469444275,SELL
2881,2025-03-03,2025-03-03T13:30:00+08:00,2025-03-04,91.5,2025-03-06,92.5,0.010928961748633892,0.0050234426870672255,xgboost,validation,1,0.24143873155117035,0.4970366656780243,0.26152461767196655,HOLD
2881,2025-03-04,2025-03-04T13:30:00+08:00,2025-03-05,91.2,2025-03-07,90.9,-0.003289473684210509,-0.00911193325826476,xgboost,validation,1,0.4562966227531433,0.2538132965564728,0.2898901104927063,SELL
2881,2025-03-05,2025-03-05T13:30:00+08:00,2025-03-06,91.5,2025-03-10,90.7,-0.008743169398907069,-0.014533770251708211,xgboost,validation,0,0.29748597741127014,0.3616238534450531,0.34089019894599915,HOLD
2881,2025-03-06,2025-03-06T13:30:00+08:00,2025-03-07,91.8,2025-03-11,89.7,-0.02287581699346397,-0.028583859503475417,xgboost,validation,0,0.36611291766166687,0.4056413769721985,0.22824572026729584,HOLD
2881,2025-03-07,2025-03-07T13:30:00+08:00,2025-03-10,91.3,2025-03-12,89.5,-0.019715224534501585,-0.02544173020040097,xgboost,validation,0,0.5213330984115601,0.18953438103199005,0.28913256525993347,SELL
2881,2025-03-10,2025-03-10T13:30:00+08:00,2025-03-11,89.8,2025-03-13,89.0,-0.008908685968819552,-0.014698319927510917,xgboost,validation,0,0.19216741621494293,0.3295612931251526,0.4782712459564209,BUY
2881,2025-03-11,2025-03-11T13:30:00+08:00,2025-03-12,89.8,2025-03-14,88.2,-0.017817371937639104,-0.02355496424276926,xgboost,validation,0,0.23052816092967987,0.4381404519081116,0.33133143186569214,HOLD
2881,2025-03-12,2025-03-12T13:30:00+08:00,2025-03-13,90.1,2025-03-17,90.0,-0.0011098779134294245,-0.00694506997894262,xgboost,validation,1,0.2749146521091461,0.3703354299068451,0.3547499179840088,HOLD
2881,2025-03-13,2025-03-13T13:30:00+08:00,2025-03-14,89.0,2025-03-18,90.4,0.01573033707865168,0.009796769939914407,xgboost,validation,1,0.2804518938064575,0.2952868342399597,0.4242612421512604,BUY
2881,2025-03-14,2025-03-14T13:30:00+08:00,2025-03-17,88.8,2025-03-19,89.0,0.0022522522522523403,-0.0036025802870550683,xgboost,validation,1,0.22240681946277618,0.19071394205093384,0.5868791937828064,BUY
2881,2025-03-17,2025-03-17T13:30:00+08:00,2025-03-18,90.4,2025-03-20,89.9,-0.00553097345132747,-0.011340338910857395,xgboost,validation,0,0.42656126618385315,0.2697552740573883,0.30368345975875854,SELL
2881,2025-03-18,2025-03-18T13:30:00+08:00,2025-03-19,90.2,2025-03-21,89.0,-0.013303769401330379,-0.019067728708320186,xgboost,validation,0,0.3331218361854553,0.36389610171318054,0.30298203229904175,HOLD
2881,2025-03-19,2025-03-19T13:30:00+08:00,2025-03-20,89.7,2025-03-24,89.0,-0.0078037904124861335,-0.01359987881260305,xgboost,validation,0,0.2725381851196289,0.3993631601333618,0.3280986547470093,HOLD
2881,2025-03-20,2025-03-20T13:30:00+08:00,2025-03-21,89.9,2025-03-25,89.7,-0.0022246941045606095,-0.008053373775517847,xgboost,validation,1,0.33311179280281067,0.41545405983924866,0.25143417716026306,HOLD
2881,2025-03-21,2025-03-21T13:30:00+08:00,2025-03-24,89.2,2025-03-26,89.9,0.007847533632286963,0.0019600152741983123,xgboost,validation,1,0.36635473370552063,0.33411329984664917,0.2995319962501526,SELL
2881,2025-03-24,2025-03-24T13:30:00+08:00,2025-03-25,89.5,2025-03-27,89.9,0.004469273743016755,-0.0013985099166647919,xgboost,validation,1,0.2691425085067749,0.23079486191272736,0.5000626444816589,BUY
2881,2025-03-25,2025-03-25T13:30:00+08:00,2025-03-26,89.7,2025-03-28,88.2,-0.01672240802675584,-0.022466396755860485,xgboost,validation,0,0.3038906157016754,0.3995791971683502,0.29653018712997437,HOLD
2881,2025-03-26,2025-03-26T13:30:00+08:00,2025-03-27,89.5,2025-03-31,85.3,-0.04692737430167604,-0.05249491541592344,xgboost,validation,0,0.448901504278183,0.29631251096725464,0.25478595495224,SELL
2881,2025-03-27,2025-03-27T13:30:00+08:00,2025-03-28,89.3,2025-04-01,87.4,-0.02127659574468077,-0.026993980386459837,xgboost,validation,0,0.34976205229759216,0.3222772181034088,0.3279607594013214,SELL
2881,2025-03-28,2025-03-28T13:30:00+08:00,2025-03-31,86.5,2025-04-02,87.6,0.012716763005780285,0.006800800189210143,xgboost,validation,1,0.23705296218395233,0.21462059020996094,0.5483264327049255,BUY
2881,2025-03-31,2025-03-31T13:30:00+08:00,2025-04-01,85.8,2025-04-07,78.9,-0.0804195804195803,-0.08579147093014816,xgboost,validation,0,0.25542157888412476,0.2733112871646881,0.47126713395118713,BUY
2881,2025-04-01,2025-04-01T13:30:00+08:00,2025-04-02,86.9,2025-04-08,77.9,-0.10356731875719216,-0.1088039876892345,xgboost,validation,0,0.3014087677001953,0.22511029243469238,0.4734809994697571,BUY
2881,2025-04-02,2025-04-02T13:30:00+08:00,2025-04-07,78.9,2025-04-09,72.1,-0.08618504435994945,-0.09152325490042346,xgboost,validation,0,0.2579241394996643,0.48913609981536865,0.25293979048728943,HOLD
2881,2025-04-08,2025-04-08T13:30:00+08:00,2025-04-09,79.0,2025-04-11,80.4,0.017721518987341867,0.01177632000980866,xgboost,validation,2,0.27131086587905884,0.2459806203842163,0.48270857334136963,BUY
2881,2025-04-09,2025-04-09T13:30:00+08:00,2025-04-10,79.3,2025-04-14,80.9,0.020176544766708826,0.014217004324952986,xgboost,validation,2,0.4592508375644684,0.33331573009490967,0.20743341743946075,SELL
2881,2025-04-11,2025-04-11T13:30:00+08:00,2025-04-14,80.8,2025-04-16,80.1,-0.008663366336633671,-0.014454433373037534,xgboost,validation,0,0.1870306134223938,0.43283945322036743,0.38012993335723877,HOLD
2881,2025-04-14,2025-04-14T13:30:00+08:00,2025-04-15,81.3,2025-04-17,79.6,-0.02091020910209107,-0.026629734055784948,xgboost,validation,0,0.3629628121852875,0.35590487718582153,0.2811323404312134,SELL
2881,2025-04-15,2025-04-15T13:30:00+08:00,2025-04-16,81.5,2025-04-18,79.5,-0.024539877300613466,-0.03023819891011148,xgboost,validation,0,0.49892863631248474,0.25788649916648865,0.24318483471870422,SELL
2881,2025-04-16,2025-04-16T13:30:00+08:00,2025-04-17,80.1,2025-04-21,79.0,-0.013732833957552981,-0.019494286808588557,xgboost,validation,0,0.4131848216056824,0.3176112174987793,0.2692039906978607,SELL
2881,2025-04-17,2025-04-17T13:30:00+08:00,2025-04-18,80.0,2025-04-22,77.3,-0.03375000000000006,-0.039394519060339084,xgboost,validation,0,0.33833667635917664,0.31228014826774597,0.349383145570755,BUY
2881,2025-04-18,2025-04-18T13:30:00+08:00,2025-04-21,79.5,2025-04-23,79.3,-0.002515723270440251,-0.00834270284341676,xgboost,validation,1,0.4123111963272095,0.3142496943473816,0.27343910932540894,SELL
2881,2025-04-21,2025-04-21T13:30:00+08:00,2025-04-22,77.6,2025-04-24,78.3,0.009020618556700999,0.0031262474170183907,xgboost,validation,1,0.28161048889160156,0.41252169013023376,0.30586785078048706,HOLD
2881,2025-04-22,2025-04-22T13:30:00+08:00,2025-04-23,78.3,2025-04-25,79.4,0.014048531289910793,0.00812478871503397,xgboost,validation,1,0.28963640332221985,0.3568241596221924,0.3535394072532654,HOLD
2881,2025-04-23,2025-04-23T13:30:00+08:00,2025-04-24,79.2,2025-04-28,79.2,0.0,-0.005841675612252462,xgboost,validation,1,0.2853032648563385,0.2149360626935959,0.4997606873512268,BUY
2881,2025-04-24,2025-04-24T13:30:00+08:00,2025-04-25,79.3,2025-04-29,81.4,0.02648171500630525,0.020485341805329682,xgboost,validation,2,0.2579940855503082,0.21615217626094818,0.5258537530899048,BUY
2881,2025-04-25,2025-04-25T13:30:00+08:00,2025-04-28,79.9,2025-04-30,84.3,0.05506883604505619,0.048905466156284216,xgboost,validation,2,0.31594035029411316,0.30055689811706543,0.3835027515888214,BUY
2881,2025-04-28,2025-04-28T13:30:00+08:00,2025-04-29,79.5,2025-05-02,85.0,0.0691823899371069,0.06293657324476154,xgboost,validation,2,0.3796388804912567,0.3182412087917328,0.3021199107170105,SELL
2881,2025-04-29,2025-04-29T13:30:00+08:00,2025-04-30,82.5,2025-05-05,80.0,-0.030303030303030276,-0.035967685442184316,xgboost,validation,0,0.3492136001586914,0.39207398891448975,0.25871244072914124,HOLD
2881,2025-04-30,2025-04-30T13:30:00+08:00,2025-05-02,84.7,2025-05-06,79.0,-0.06729634002361273,-0.07274489224755565,xgboost,validation,0,0.621586799621582,0.15680693089962006,0.22160623967647552,SELL
2881,2025-05-02,2025-05-02T13:30:00+08:00,2025-05-05,80.0,2025-05-07,78.0,-0.025000000000000022,-0.03069563372194628,xgboost,validation,0,0.45605766773223877,0.2364729791879654,0.30746933817863464,SELL
2881,2025-05-05,2025-05-05T13:30:00+08:00,2025-05-06,78.3,2025-05-08,78.1,-0.0025542784163473664,-0.008381032762668217,xgboost,validation,1,0.2655179798603058,0.26222020387649536,0.47226187586784363,BUY
2881,2025-05-06,2025-05-06T13:30:00+08:00,2025-05-07,79.2,2025-05-09,77.4,-0.022727272727272707,-0.028436182984701297,xgboost,validation,0,0.3051583766937256,0.33762529492378235,0.35721632838249207,BUY
2881,2025-05-07,2025-05-07T13:30:00+08:00,2025-05-08,78.0,2025-05-12,78.1,0.0012820512820512775,-0.004567113657909183,xgboost,validation,1,0.49249619245529175,0.17200596630573273,0.33549782633781433,SELL
2881,2025-05-08,2025-05-08T13:30:00+08:00,2025-05-09,77.2,2025-05-13,79.0,0.023316062176165664,0.017338181692124977,xgboost,validation,2,0.2678123414516449,0.40863165259361267,0.32355597615242004,HOLD
2881,2025-05-09,2025-05-09T13:30:00+08:00,2025-05-12,77.6,2025-05-14,80.0,0.030927835051546504,0.024905489059533492,xgboost,validation,2,0.25926193594932556,0.30049434304237366,0.4402437210083008,BUY
2881,2025-05-12,2025-05-12T13:30:00+08:00,2025-05-13,78.8,2025-05-15,80.5,0.021573604060913798,0.015605902451950149,xgboost,validation,2,0.24674293398857117,0.2666187882423401,0.48663824796676636,BUY
2881,2025-05-13,2025-05-13T13:30:00+08:00,2025-05-14,79.6,2025-05-16,81.9,0.028894472361809198,0.022884004615031817,xgboost,validation,2,0.2929266095161438,0.18526974320411682,0.5218036770820618,BUY
2881,2025-05-14,2025-05-14T13:30:00+08:00,2025-05-15,80.4,2025-05-19,79.8,-0.007462686567164312,-0.013260767585295596,xgboost,validation,0,0.34246039390563965,0.29492250084877014,0.3626171052455902,BUY
2881,2025-05-15,2025-05-15T13:30:00+08:00,2025-05-16,80.2,2025-05-20,80.7,0.006234413965087171,0.00035631892881826666,xgboost,validation,1,0.32436707615852356,0.2797113060951233,0.39592161774635315,BUY
2881,2025-05-16,2025-05-16T13:30:00+08:00,2025-05-19,81.1,2025-05-21,81.5,0.004932182490752224,-0.0009383053316716072,xgboost,validation,1,0.3391222059726715,0.2818823754787445,0.378995418548584,BUY
2881,2025-05-19,2025-05-19T13:30:00+08:00,2025-05-20,80.7,2025-05-22,81.9,0.014869888475836479,0.008941347798717691,xgboost,validation,1,0.2084931880235672,0.32647424936294556,0.4650326073169708,BUY
2881,2025-05-20,2025-05-20T13:30:00+08:00,2025-05-21,80.5,2025-05-23,81.5,0.012422360248447228,0.006508117237284727,xgboost,validation,1,0.28624358773231506,0.24339599907398224,0.4703604280948639,BUY
2881,2025-05-21,2025-05-21T13:30:00+08:00,2025-05-22,80.5,2025-05-26,80.9,0.00496894409937898,-0.0009017584724375638,xgboost,validation,1,0.22978411614894867,0.4375818967819214,0.332633912563324,HOLD
2881,2025-05-22,2025-05-22T13:30:00+08:00,2025-05-23,81.7,2025-05-27,80.3,-0.017135862913096767,-0.022877436372874982,xgboost,validation,0,0.23517273366451263,0.3048076629638672,0.46001964807510376,BUY
2881,2025-05-23,2025-05-23T13:30:00+08:00,2025-05-26,81.3,2025-05-28,79.5,-0.022140221402213944,-0.027852561023051337,xgboost,validation,0,0.31372252106666565,0.3504073917865753,0.33587008714675903,HOLD
2881,2025-05-26,2025-05-26T13:30:00+08:00,2025-05-27,80.7,2025-05-29,79.6,-0.01363073110285018,-0.019392780405642074,xgboost,validation,0,0.37421461939811707,0.341698557138443,0.28408685326576233,SELL
2881,2025-05-27,2025-05-27T13:30:00+08:00,2025-05-28,80.7,2025-06-02,81.8,0.013630731102850069,0.007709429181136818,xgboost,validation,1,0.2830365300178528,0.344823956489563,0.372139573097229,BUY
2881,2025-05-28,2025-05-28T13:30:00+08:00,2025-05-29,80.0,2025-06-03,83.6,0.04499999999999993,0.038895448985196035,xgboost,validation,2,0.30362468957901,0.18898512423038483,0.5073901414871216,BUY
2881,2025-05-29,2025-05-29T13:30:00+08:00,2025-06-02,79.6,2025-06-04,87.1,0.0942211055276383,0.08782902078106547,xgboost,validation,2,0.3313990533351898,0.25645193457603455,0.41214901208877563,BUY
2881,2025-06-02,2025-06-02T13:30:00+08:00,2025-06-03,81.8,2025-06-05,87.1,0.06479217603911969,0.05857200555223474,xgboost,validation,2,0.4973702132701874,0.24235346913337708,0.2602763772010803,SELL
2881,2025-06-03,2025-06-03T13:30:00+08:00,2025-06-04,83.9,2025-06-06,87.8,0.04648390941597125,0.04037068988372128,xgboost,validation,2,0.333221435546875,0.24517175555229187,0.42160677909851074,BUY
2881,2025-06-04,2025-06-04T13:30:00+08:00,2025-06-05,86.4,2025-06-09,88.5,0.02430555555555558,0.01832189477217172,xgboost,validation,2,0.3546654284000397,0.336267352104187,0.3090672492980957,SELL
2881,2025-06-05,2025-06-05T13:30:00+08:00,2025-06-06,87.0,2025-06-10,87.7,0.008045977011494232,0.0021572994115568456,xgboost,validation,1,0.41349247097969055,0.3854501247406006,0.20105738937854767,SELL
2881,2025-06-06,2025-06-06T13:30:00+08:00,2025-06-09,87.8,2025-06-11,90.1,0.026195899772209597,0.020201196211116823,xgboost,validation,2,0.44236645102500916,0.38519489765167236,0.17243868112564087,SELL
2881,2025-06-09,2025-06-09T13:30:00+08:00,2025-06-10,88.2,2025-06-12,87.5,-0.00793650793650802,-0.01373182104390136,xgboost,validation,0,0.3238244950771332,0.461803138256073,0.21437235176563263,HOLD
2881,2025-06-10,2025-06-10T13:30:00+08:00,2025-06-11,87.1,2025-06-13,86.5,-0.006888633754305373,-0.012690068202753535,xgboost,validation,0,0.2791411876678467,0.5996238589286804,0.1212349683046341,HOLD
2881,2025-06-11,2025-06-11T13:30:00+08:00,2025-06-12,87.8,2025-06-16,86.0,-0.02050113895216399,-0.026223053560976206,xgboost,validation,0,0.2787952721118927,0.4047091007232666,0.3164956569671631,HOLD
2881,2025-06-12,2025-06-12T13:30:00+08:00,2025-06-13,86.5,2025-06-17,85.8,-0.008092485549133,-0.013886887485910604,xgboost,validation,0,0.3969278037548065,0.20737192034721375,0.39570027589797974,SELL
2881,2025-06-13,2025-06-13T13:30:00+08:00,2025-06-16,86.5,2025-06-18,87.4,0.010404624277456698,0.004502168225307912,xgboost,validation,1,0.41153982281684875,0.37857693433761597,0.20988327264785767,SELL
2881,2025-06-16,2025-06-16T13:30:00+08:00,2025-06-17,86.3,2025-06-19,86.7,0.004634994206257348,-0.0012337575386128785,xgboost,validation,1,0.3332403898239136,0.3667285740375519,0.30003103613853455,HOLD
2881,2025-06-17,2025-06-17T13:30:00+08:00,2025-06-18,86.2,2025-06-20,84.9,-0.015081206496519672,-0.020834782592578094,xgboost,validation,0,0.25819891691207886,0.4544928967952728,0.2873081564903259,HOLD
2881,2025-06-18,2025-06-18T13:30:00+08:00,2025-06-19,86.6,2025-06-23,84.7,-0.021939953810623414,-0.027653463329766592,xgboost,validation,0,0.4393349885940552,0.20640768110752106,0.3542573153972626,SELL
2881,2025-06-19,2025-06-19T13:30:00+08:00,2025-06-20,86.1,2025-06-24,86.1,0.0,-0.005841675612252573,xgboost,validation,1,0.45854952931404114,0.19726619124412537,0.3441842794418335,SELL
2881,2025-06-20,2025-06-20T13:30:00+08:00,2025-06-23,84.2,2025-06-25,85.7,0.017814726840855055,0.011868983373277464,xgboost,validation,2,0.365387886762619,0.2282256782054901,0.4063863754272461,BUY
2881,2025-06-23,2025-06-23T13:30:00+08:00,2025-06-24,85.2,2025-06-26,86.1,0.010563380281690016,0.0046599968284630755,xgboost,validation,1,0.3055843412876129,0.2631983458995819,0.4312172830104828,BUY
2881,2025-06-24,2025-06-24T13:30:00+08:00,2025-06-25,86.5,2025-06-27,86.1,-0.0046242774566475076,-0.010438939540057257,xgboost,validation,0,0.38316506147384644,0.25423580408096313,0.3625991642475128,SELL
2881,2025-06-25,2025-06-25T13:30:00+08:00,2025-06-26,86.0,2025-06-30,87.3,0.015116279069767424,0.009186299058725034,xgboost,validation,1,0.24765005707740784,0.34985092282295227,0.4024990499019623,BUY
2882,2025-01-02,2025-01-02T13:30:00+08:00,2025-01-03,68.1,2025-01-07,69.1,0.014684287812041008,0.00875683135379357,xgboost,validation,1,0.389328271150589,0.3523443639278412,0.25832733511924744,SELL
2882,2025-01-03,2025-01-03T13:30:00+08:00,2025-01-06,68.3,2025-01-08,68.8,0.007320644216691097,0.0014362037756519008,xgboost,validation,1,0.4209180176258087,0.18935967981815338,0.3897222876548767,SELL
2882,2025-01-06,2025-01-06T13:30:00+08:00,2025-01-07,69.1,2025-01-09,68.3,-0.011577424023154759,-0.01735146807983856,xgboost,validation,0,0.32182690501213074,0.3435223400592804,0.3346507251262665,HOLD
2882,2025-01-07,2025-01-07T13:30:00+08:00,2025-01-08,68.8,2025-01-10,65.1,-0.053779069767441956,-0.05930658549938428,xgboost,validation,0,0.4205615818500519,0.22228673100471497,0.35715168714523315,SELL
2882,2025-01-08,2025-01-08T13:30:00+08:00,2025-01-09,68.6,2025-01-13,64.2,-0.06413994169096193,-0.06960693257006723,xgboost,validation,0,0.2575881779193878,0.22741778194904327,0.5149940848350525,BUY
2882,2025-01-09,2025-01-09T13:30:00+08:00,2025-01-10,67.5,2025-01-14,65.5,-0.029629629629629672,-0.03529821855707471,xgboost,validation,0,0.35105380415916443,0.3094851076602936,0.3394611179828644,SELL
2882,2025-01-10,2025-01-10T13:30:00+08:00,2025-01-13,65.0,2025-01-15,64.7,-0.004615384615384577,-0.010430098647888242,xgboost,validation,0,0.4153808653354645,0.26401254534721375,0.3206065595149994,SELL
2882,2025-01-13,2025-01-13T13:30:00+08:00,2025-01-14,64.5,2025-01-16,65.5,0.015503875968992276,0.00957163174259601,xgboost,validation,1,0.2589637339115143,0.3161792755126953,0.4248570203781128,BUY
2882,2025-01-14,2025-01-14T13:30:00+08:00,2025-01-15,65.5,2025-01-17,65.5,0.0,-0.005841675612252684,xgboost,validation,1,0.3267718553543091,0.27408337593078613,0.39914482831954956,BUY
2882,2025-01-15,2025-01-15T13:30:00+08:00,2025-01-16,65.6,2025-01-20,65.1,-0.007621951219512146,-0.013419101865207894,xgboost,validation,0,0.452600359916687,0.32567569613456726,0.22172392904758453,SELL
2882,2025-01-16,2025-01-16T13:30:00+08:00,2025-01-17,65.8,2025-01-21,65.9,0.001519756838905817,-0.00433079669980907,xgboost,validation,1,0.36919403076171875,0.4286566376686096,0.20214930176734924,HOLD
2882,2025-01-17,2025-01-17T13:30:00+08:00,2025-01-20,65.7,2025-01-22,66.8,0.016742770167427645,0.01080328872300651,xgboost,validation,2,0.398319810628891,0.3928769826889038,0.2088032364845276,SELL
2882,2025-01-20,2025-01-20T13:30:00+08:00,2025-01-21,65.3,2025-02-03,66.0,0.010719754977029039,0.004815458033557984,xgboost,validation,1,0.3048105239868164,0.33394160866737366,0.36124783754348755,BUY
2882,2025-01-21,2025-01-21T13:30:00+08:00,2025-01-22,66.5,2025-02-04,65.2,-0.019548872180451093,-0.02527634962284009,xgboost,validation,0,0.36719945073127747,0.33091431856155396,0.3018862009048462,SELL
2882,2025-01-22,2025-01-22T13:30:00+08:00,2025-02-03,65.1,2025-02-05,66.5,0.021505376344086002,0.015538073299312005,xgboost,validation,2,0.35148704051971436,0.37268492579460144,0.2758280336856842,HOLD
2882,2025-02-03,2025-02-03T13:30:00+08:00,2025-02-04,66.5,2025-02-06,66.9,0.00601503759398514,0.00013822408331298774,xgboost,validation,1,0.2967289984226227,0.40195754170417786,0.3013134002685547,HOLD
2882,2025-02-04,2025-02-04T13:30:00+08:00,2025-02-05,65.9,2025-02-07,66.9,0.015174506828528056,0.00924418666980742,xgboost,validation,1,0.34905558824539185,0.3216058313846588,0.32933855056762695,SELL
2882,2025-02-05,2025-02-05T13:30:00+08:00,2025-02-06,66.8,2025-02-10,67.4,0.008982035928143839,0.0030878901756614674,xgboost,validation,1,0.3734486997127533,0.32415419816970825,0.30239710211753845,SELL
2882,2025-02-06,2025-02-06T13:30:00+08:00,2025-02-07,66.6,2025-02-11,68.5,0.028528528528528607,0.022520198506917666,xgboost,validation,2,0.35515061020851135,0.2973274290561676,0.34752196073532104,SELL
2882,2025-02-07,2025-02-07T13:30:00+08:00,2025-02-10,66.7,2025-02-12,68.7,0.02998500749625177,0.02396816919697531,xgboost,validation,2,0.4951375722885132,0.19699667394161224,0.3078657388687134,SELL
2882,2025-02-10,2025-02-10T13:30:00+08:00,2025-02-11,68.1,2025-02-13,68.7,0.008810572687224738,0.002917428567375424,xgboost,validation,1,0.5041532516479492,0.2176990509033203,0.27814772725105286,SELL
2882,2025-02-11,2025-02-11T13:30:00+08:00,2025-02-12,68.6,2025-02-14,68.7,0.001457725947521915,-0.004392465226847553,xgboost,validation,1,0.31672534346580505,0.3659760057926178,0.31729865074157715,HOLD
2882,2025-02-12,2025-02-12T13:30:00+08:00,2025-02-13,68.6,2025-02-17,69.0,0.005830903790087438,-4.483407063293754e-05,xgboost,validation,1,0.3584040403366089,0.34967875480651855,0.29191717505455017,SELL
2882,2025-02-13,2025-02-13T13:30:00+08:00,2025-02-14,68.7,2025-02-18,69.2,0.00727802037845704,0.0013938289320540864,xgboost,validation,1,0.4340780973434448,0.34114840626716614,0.22477352619171143,SELL
2882,2025-02-14,2025-02-14T13:30:00+08:00,2025-02-17,68.9,2025-02-19,68.7,-0.002902757619738794,-0.008727476263595824,xgboost,validation,1,0.33450818061828613,0.4106883108615875,0.25480353832244873,HOLD
2882,2025-02-17,2025-02-17T13:30:00+08:00,2025-02-18,68.7,2025-02-20,68.8,0.0014556040756912303,-0.00439457470339133,xgboost,validation,1,0.2884322702884674,0.3835080862045288,0.32805967330932617,HOLD
2882,2025-02-18,2025-02-18T13:30:00+08:00,2025-02-19,69.0,2025-02-21,68.9,-0.0014492753623187582,-0.00728248477803195,xgboost,validation,1,0.25748589634895325,0.3274138271808624,0.41510024666786194,BUY
2882,2025-02-19,2025-02-19T13:30:00+08:00,2025-02-20,68.7,2025-02-24,68.7,0.0,-0.005841675612252462,xgboost,validation,1,0.2727755010128021,0.3454328179359436,0.3817916512489319,BUY
2882,2025-02-20,2025-02-20T13:30:00+08:00,2025-02-21,68.6,2025-02-25,68.7,0.001457725947521915,-0.004392465226847553,xgboost,validation,1,0.2722298502922058,0.3509387671947479,0.37683141231536865,BUY
2882,2025-02-21,2025-02-21T13:30:00+08:00,2025-02-24,68.4,2025-02-26,69.2,0.011695906432748426,0.005785907129124412,xgboost,validation,1,0.27938008308410645,0.34185895323753357,0.37876096367836,BUY
2882,2025-02-24,2025-02-24T13:30:00+08:00,2025-02-25,68.2,2025-02-27,68.4,0.0029325513196480912,-0.00292625530613011,xgboost,validation,1,0.2081817090511322,0.44888919591903687,0.3429291546344757,HOLD
2882,2025-02-25,2025-02-25T13:30:00+08:00,2025-02-26,68.5,2025-03-03,68.8,0.004379562043795637,-0.0014876975492404965,xgboost,validation,1,0.31767404079437256,0.27398189902305603,0.408344030380249,BUY
2882,2025-02-26,2025-02-26T13:30:00+08:00,2025-02-27,69.0,2025-03-04,67.7,-0.018840579710144856,-0.024572194767383926,xgboost,validation,0,0.31481513381004333,0.273602694272995,0.4115821421146393,BUY
2882,2025-02-27,2025-02-27T13:30:00+08:00,2025-03-03,68.7,2025-03-05,68.2,-0.00727802037845704,-0.013077180156559232,xgboost,validation,0,0.3061652183532715,0.298427551984787,0.39540722966194153,BUY
2882,2025-03-03,2025-03-03T13:30:00+08:00,2025-03-04,67.8,2025-03-06,68.7,0.013274336283185972,0.007355116304399223,xgboost,validation,1,0.2900371551513672,0.4161015748977661,0.2938612699508667,HOLD
2882,2025-03-04,2025-03-04T13:30:00+08:00,2025-03-05,67.9,2025-03-07,67.3,-0.008836524300441906,-0.014626579804191464,xgboost,validation,0,0.33261969685554504,0.35588982701301575,0.3114904761314392,HOLD
2882,2025-03-05,2025-03-05T13:30:00+08:00,2025-03-06,68.0,2025-03-10,67.3,-0.010294117647058898,-0.016075658363303047,xgboost,validation,0,0.2865145206451416,0.3942077159881592,0.31927770376205444,HOLD
2882,2025-03-06,2025-03-06T13:30:00+08:00,2025-03-07,68.3,2025-03-11,65.9,-0.03513909224011702,-0.04077549667419378,xgboost,validation,0,0.3511015772819519,0.37238967418670654,0.2765086889266968,HOLD
2882,2025-03-07,2025-03-07T13:30:00+08:00,2025-03-10,67.2,2025-03-12,66.5,-0.01041666666666674,-0.016197491491291682,xgboost,validation,0,0.2873348593711853,0.13063250482082367,0.5820326209068298,BUY
2882,2025-03-10,2025-03-10T13:30:00+08:00,2025-03-11,66.0,2025-03-13,65.9,-0.0015151515151514694,-0.007347976103748932,xgboost,validation,1,0.2671760022640228,0.24757178127765656,0.4852522611618042,BUY
2882,2025-03-11,2025-03-11T13:30:00+08:00,2025-03-12,66.0,2025-03-14,66.0,0.0,-0.005841675612252573,xgboost,validation,1,0.2454775869846344,0.4800693392753601,0.2744530439376831,HOLD
2882,2025-03-12,2025-03-12T13:30:00+08:00,2025-03-13,66.8,2025-03-17,66.0,-0.0119760479041916,-0.017747763329471145,xgboost,validation,0,0.29084479808807373,0.3718424439430237,0.33731281757354736,HOLD
2882,2025-03-13,2025-03-13T13:30:00+08:00,2025-03-14,66.6,2025-03-18,66.5,-0.0015015015015014122,-0.007334405829050872,xgboost,validation,1,0.2600856125354767,0.3573334813117981,0.3825809359550476,BUY
2882,2025-03-14,2025-03-14T13:30:00+08:00,2025-03-17,65.8,2025-03-19,65.3,-0.0075987841945288626,-0.013396070174469643,xgboost,validation,0,0.33786725997924805,0.43560028076171875,0.226532444357872,HOLD
2882,2025-03-17,2025-03-17T13:30:00+08:00,2025-03-18,66.3,2025-03-20,65.9,-0.006033182503770607,-0.011839614220926498,xgboost,validation,0,0.4010283648967743,0.3131340742111206,0.2858375608921051,SELL
2882,2025-03-18,2025-03-18T13:30:00+08:00,2025-03-19,66.3,2025-03-21,65.1,-0.018099547511312264,-0.023835491438275014,xgboost,validation,0,0.5284721851348877,0.24734041094779968,0.22418737411499023,SELL
2882,2025-03-19,2025-03-19T13:30:00+08:00,2025-03-20,65.8,2025-03-24,65.0,-0.012158054711246202,-0.017928706911799708,xgboost,validation,0,0.20637540519237518,0.4127669334411621,0.3808576166629791,HOLD
2882,2025-03-20,2025-03-20T13:30:00+08:00,2025-03-21,65.6,2025-03-25,65.0,-0.009146341463414531,-0.01493458711579898,xgboost,validation,0,0.21037857234477997,0.36028677225112915,0.4293346405029297,BUY
2882,2025-03-21,2025-03-21T13:30:00+08:00,2025-03-24,65.3,2025-03-26,65.4,0.0015313935681471325,-0.004319227948565207,xgboost,validation,1,0.2913045883178711,0.2899801731109619,0.418715238571167,BUY
2882,2025-03-24,2025-03-24T13:30:00+08:00,2025-03-25,65.4,2025-03-27,65.3,-0.00152905198776776,-0.007361795374313473,xgboost,validation,1,0.31327903270721436,0.2263183742761612,0.46040260791778564,BUY
2882,2025-03-25,2025-03-25T13:30:00+08:00,2025-03-26,65.5,2025-03-28,64.0,-0.022900763358778664,-0.028608660140216347,xgboost,validation,0,0.3422276973724365,0.40608951449394226,0.2516828179359436,HOLD
2882,2025-03-26,2025-03-26T13:30:00+08:00,2025-03-27,65.1,2025-03-31,61.2,-0.05990783410138234,-0.06539954758018185,xgboost,validation,0,0.2430930733680725,0.2604888081550598,0.4964180886745453,BUY
2882,2025-03-27,2025-03-27T13:30:00+08:00,2025-03-28,65.0,2025-04-01,61.6,-0.05230769230769228,-0.05784380334945771,xgboost,validation,0,0.19801326096057892,0.3523769974708557,0.4496097266674042,BUY
2882,2025-03-28,2025-03-28T13:30:00+08:00,2025-03-31,62.8,2025-04-02,61.6,-0.019108280254776955,-0.024838331492273102,xgboost,validation,0,0.24390468001365662,0.18334273993968964,0.5727525949478149,BUY
2882,2025-03-31,2025-03-31T13:30:00+08:00,2025-04-01,61.5,2025-04-07,55.5,-0.09756097560975607,-0.10283273165008155,xgboost,validation,0,0.3851490020751953,0.17817425727844238,0.43667668104171753,BUY
2882,2025-04-01,2025-04-01T13:30:00+08:00,2025-04-02,61.6,2025-04-08,54.1,-0.12175324675324672,-0.1268836793932283,xgboost,validation,0,0.24513448774814606,0.36885806918144226,0.38600748777389526,BUY
2882,2025-04-02,2025-04-02T13:30:00+08:00,2025-04-07,55.5,2025-04-09,49.5,-0.10810810810810811,-0.11331825122173877,xgboost,validation,0,0.3248332738876343,0.3896789252758026,0.2854878306388855,HOLD
2882,2025-04-08,2025-04-08T13:30:00+08:00,2025-04-09,53.5,2025-04-11,54.2,0.013084112149532867,0.007166003398428433,xgboost,validation,1,0.5278477668762207,0.1628110706806183,0.3093412220478058,SELL
2882,2025-04-09,2025-04-09T13:30:00+08:00,2025-04-10,54.4,2025-04-14,54.5,0.0018382352941177516,-0.0040141786924221545,xgboost,validation,1,0.5328503847122192,0.19631147384643555,0.2708381712436676,SELL
2882,2025-04-11,2025-04-11T13:30:00+08:00,2025-04-14,54.4,2025-04-16,54.8,0.007352941176470562,0.0014683120670690997,xgboost,validation,1,0.32746726274490356,0.29798510670661926,0.3745476305484772,BUY
2882,2025-04-14,2025-04-14T13:30:00+08:00,2025-04-15,54.8,2025-04-17,53.9,-0.01642335766423353,-0.022169093348547664,xgboost,validation,0,0.5329260230064392,0.21322886645793915,0.25384509563446045,SELL
2882,2025-04-15,2025-04-15T13:30:00+08:00,2025-04-16,55.1,2025-04-18,53.6,-0.02722323049001818,-0.03290587682063051,xgboost,validation,0,0.37380021810531616,0.2763778269290924,0.3498219847679138,SELL
2882,2025-04-16,2025-04-16T13:30:00+08:00,2025-04-17,54.5,2025-04-21,54.1,-0.007339449541284404,-0.013138250470144275,xgboost,validation,0,0.2416059672832489,0.450154185295105,0.3082398474216461,HOLD
2882,2025-04-17,2025-04-17T13:30:00+08:00,2025-04-18,53.6,2025-04-22,52.5,-0.020522388059701524,-0.026244178538120555,xgboost,validation,0,0.3479452431201935,0.29332563281059265,0.35872918367385864,BUY
2882,2025-04-18,2025-04-18T13:30:00+08:00,2025-04-21,53.8,2025-04-23,53.6,-0.0037174721189590088,-0.009537431464995083,xgboost,validation,1,0.43277156352996826,0.4447770416736603,0.12245140969753265,HOLD
2882,2025-04-21,2025-04-21T13:30:00+08:00,2025-04-22,53.1,2025-04-24,53.5,0.007532956685499137,0.0016472759838885853,xgboost,validation,1,0.4036285877227783,0.32426050305366516,0.2721109688282013,SELL
2882,2025-04-22,2025-04-22T13:30:00+08:00,2025-04-23,53.6,2025-04-25,54.1,0.009328358208955168,0.003432189354050985,xgboost,validation,1,0.412897527217865,0.3332938849925995,0.25380852818489075,SELL
2882,2025-04-23,2025-04-23T13:30:00+08:00,2025-04-24,53.7,2025-04-28,54.6,0.016759776536312776,0.0108201957462013,xgboost,validation,2,0.4966183602809906,0.27983924746513367,0.22354236245155334,SELL
2882,2025-04-24,2025-04-24T13:30:00+08:00,2025-04-25,54.0,2025-04-29,55.7,0.031481481481481444,0.025455901266620895,xgboost,validation,2,0.3881836235523224,0.2510695457458496,0.3607468605041504,SELL
2882,2025-04-25,2025-04-25T13:30:00+08:00,2025-04-28,54.8,2025-04-30,58.5,0.0675182481751826,0.061282152859182926,xgboost,validation,2,0.3804353177547455,0.3561905324459076,0.2633741497993469,SELL
2882,2025-04-28,2025-04-28T13:30:00+08:00,2025-04-29,54.6,2025-05-02,58.7,0.07509157509157505,0.06881123885642437,xgboost,validation,2,0.37273353338241577,0.2891975939273834,0.3380688726902008,SELL
2882,2025-04-29,2025-04-29T13:30:00+08:00,2025-04-30,58.4,2025-05-05,54.7,-0.06335616438356162,-0.06882773383544871,xgboost,validation,0,0.3078966438770294,0.3419119119644165,0.35019147396087646,BUY
2882,2025-04-30,2025-04-30T13:30:00+08:00,2025-05-02,58.5,2025-05-06,55.9,-0.04444444444444451,-0.05002649002948578,xgboost,validation,0,0.32026106119155884,0.3810027539730072,0.29873621463775635,HOLD
2882,2025-05-02,2025-05-02T13:30:00+08:00,2025-05-05,55.1,2025-05-07,56.2,0.019963702359346636,0.014005405273891158,xgboost,validation,2,0.28928953409194946,0.3463822603225708,0.36432817578315735,BUY
2882,2025-05-05,2025-05-05T13:30:00+08:00,2025-05-06,53.9,2025-05-08,55.2,0.024118738404452778,0.018136168946264464,xgboost,validation,2,0.2561122477054596,0.2932123839855194,0.450675368309021,BUY
2882,2025-05-06,2025-05-06T13:30:00+08:00,2025-05-07,55.7,2025-05-09,55.2,-0.008976660682226245,-0.014765897554691931,xgboost,validation,0,0.3807554543018341,0.21848882734775543,0.40075570344924927,BUY
2882,2025-05-07,2025-05-07T13:30:00+08:00,2025-05-08,55.1,2025-05-12,56.1,0.01814882032667886,0.012201125193332496,xgboost,validation,2,0.29519417881965637,0.41827571392059326,0.286530077457428,HOLD
2882,2025-05-08,2025-05-08T13:30:00+08:00,2025-05-09,54.6,2025-05-13,57.9,0.06043956043956045,0.054244816521072714,xgboost,validation,2,0.33074378967285156,0.47270116209983826,0.1965550184249878,HOLD
2882,2025-05-09,2025-05-09T13:30:00+08:00,2025-05-12,55.0,2025-05-14,58.8,0.06909090909090909,0.06284562679999173,xgboost,validation,2,0.2778562009334564,0.5111016631126404,0.211042121052742,HOLD
2882,2025-05-12,2025-05-12T13:30:00+08:00,2025-05-13,57.3,2025-05-15,59.6,0.04013961605584648,0.03406345782739528,xgboost,validation,2,0.3427641689777374,0.488645076751709,0.16859079897403717,HOLD
2882,2025-05-13,2025-05-13T13:30:00+08:00,2025-05-14,58.6,2025-05-16,63.0,0.07508532423208192,0.06880502451242454,xgboost,validation,2,0.21839787065982819,0.5011613368988037,0.2804408073425293,HOLD
2882,2025-05-14,2025-05-14T13:30:00+08:00,2025-05-15,59.3,2025-05-19,60.5,0.02023608768971341,0.014276199417516455,xgboost,validation,2,0.2901988923549652,0.4116542935371399,0.2981468141078949,HOLD
2882,2025-05-15,2025-05-15T13:30:00+08:00,2025-05-16,59.9,2025-05-20,61.5,0.026711185308848195,0.02071347161680248,xgboost,validation,2,0.24732130765914917,0.6106870770454407,0.14199163019657135,HOLD
2882,2025-05-16,2025-05-16T13:30:00+08:00,2025-05-19,61.5,2025-05-21,63.5,0.03252032520325199,0.026488676400357125,xgboost,validation,2,0.38606759905815125,0.26283806562423706,0.3510943055152893,SELL
2882,2025-05-19,2025-05-19T13:30:00+08:00,2025-05-20,60.8,2025-05-22,65.6,0.07894736842105265,0.07264450789204324,xgboost,validation,2,0.449981153011322,0.2623913288116455,0.28762751817703247,SELL
2882,2025-05-20,2025-05-20T13:30:00+08:00,2025-05-21,61.7,2025-05-23,65.7,0.06482982171799034,0.05860943131726115,xgboost,validation,2,0.407565712928772,0.3115832805633545,0.28085100650787354,SELL
2882,2025-05-21,2025-05-21T13:30:00+08:00,2025-05-22,62.2,2025-05-26,63.0,0.012861736334405016,0.006944926630676473,xgboost,validation,1,0.40848302841186523,0.36547592282295227,0.2260410487651825,SELL
2882,2025-05-22,2025-05-22T13:30:00+08:00,2025-05-23,65.0,2025-05-27,62.2,-0.04307692307692301,-0.04866695727818626,xgboost,validation,0,0.5164247155189514,0.18981370329856873,0.29376155138015747,SELL
2882,2025-05-23,2025-05-23T13:30:00+08:00,2025-05-26,65.4,2025-05-28,61.2,-0.06422018348623859,-0.06968670561880508,xgboost,validation,0,0.3175433278083801,0.30484312772750854,0.3776135742664337,BUY
2882,2025-05-26,2025-05-26T13:30:00+08:00,2025-05-27,62.6,2025-05-29,59.8,-0.04472843450479236,-0.05030882111202406,xgboost,validation,0,0.40748462080955505,0.35571932792663574,0.23679600656032562,SELL
2882,2025-05-27,2025-05-27T13:30:00+08:00,2025-05-28,62.6,2025-06-02,60.4,-0.03514376996805113,-0.0407801470763588,xgboost,validation,0,0.3150422275066376,0.4505581557750702,0.23439964652061462,HOLD
2882,2025-05-28,2025-05-28T13:30:00+08:00,2025-05-29,61.6,2025-06-03,63.9,0.037337662337662225,0.031277872213913316,xgboost,validation,2,0.37903067469596863,0.1912562996149063,0.42971301078796387,BUY
2882,2025-05-29,2025-05-29T13:30:00+08:00,2025-06-02,59.7,2025-06-04,64.7,0.08375209380234505,0.07742116562625223,xgboost,validation,2,0.2035873830318451,0.2761613428592682,0.5202512145042419,BUY
2882,2025-06-02,2025-06-02T13:30:00+08:00,2025-06-03,60.1,2025-06-05,66.1,0.09983361064891838,0.09340873946805495,xgboost,validation,2,0.41944122314453125,0.21152301132678986,0.3690357208251953,SELL
2882,2025-06-03,2025-06-03T13:30:00+08:00,2025-06-04,63.0,2025-06-06,66.3,0.05238095238095242,0.04623328423662931,xgboost,validation,2,0.29891473054885864,0.21653905510902405,0.4845461845397949,BUY
2882,2025-06-04,2025-06-04T13:30:00+08:00,2025-06-05,64.3,2025-06-09,67.7,0.05287713841368591,0.046726571711516396,xgboost,validation,2,0.4242079257965088,0.1717878133058548,0.40400430560112,SELL
2882,2025-06-05,2025-06-05T13:30:00+08:00,2025-06-06,64.9,2025-06-10,66.0,0.016949152542372836,0.011008465479064977,xgboost,validation,2,0.39363035559654236,0.3431931734085083,0.26317650079727173,SELL
2882,2025-06-06,2025-06-06T13:30:00+08:00,2025-06-09,66.5,2025-06-11,68.4,0.028571428571428692,0.022562847941683062,xgboost,validation,2,0.3879223167896271,0.35116466879844666,0.26091301441192627,SELL
2882,2025-06-09,2025-06-09T13:30:00+08:00,2025-06-10,67.7,2025-06-12,68.5,0.011816838995568624,0.00590613324314182,xgboost,validation,1,0.43660858273506165,0.31212201714515686,0.2512693405151367,SELL
2882,2025-06-10,2025-06-10T13:30:00+08:00,2025-06-11,66.4,2025-06-13,69.0,0.03915662650602392,0.03308621058365313,xgboost,validation,2,0.3881243169307709,0.3941813111305237,0.21769437193870544,HOLD
2882,2025-06-11,2025-06-11T13:30:00+08:00,2025-06-12,67.1,2025-06-16,67.3,0.0029806259314455463,-0.002878461530619991,xgboost,validation,1,0.297805517911911,0.24470601975917816,0.45748844742774963,BUY
2882,2025-06-12,2025-06-12T13:30:00+08:00,2025-06-13,67.5,2025-06-17,65.7,-0.026666666666666616,-0.032352564262592476,xgboost,validation,0,0.5219652056694031,0.2442983239889145,0.23373650014400482,SELL
2882,2025-06-13,2025-06-13T13:30:00+08:00,2025-06-16,68.7,2025-06-18,67.3,-0.02037845705967989,-0.02610108833631164,xgboost,validation,0,0.24441391229629517,0.44286850094795227,0.31271761655807495,HOLD
2882,2025-06-16,2025-06-16T13:30:00+08:00,2025-06-17,67.3,2025-06-19,66.2,-0.01634472511144125,-0.022090920141621173,xgboost,validation,0,0.3407440185546875,0.4308747351169586,0.22838126122951508,HOLD
2882,2025-06-17,2025-06-17T13:30:00+08:00,2025-06-18,66.3,2025-06-20,65.6,-0.010558069381598867,-0.01633806817743233,xgboost,validation,0,0.5045803189277649,0.24798788130283356,0.24743179976940155,SELL
2882,2025-06-18,2025-06-18T13:30:00+08:00,2025-06-19,66.5,2025-06-23,65.9,-0.009022556390977376,-0.01481152515560058,xgboost,validation,0,0.40894386172294617,0.22410304844379425,0.3669531047344208,SELL
2882,2025-06-19,2025-06-19T13:30:00+08:00,2025-06-20,66.2,2025-06-24,66.5,0.004531722054380571,-0.001336426408078517,xgboost,validation,1,0.4679889380931854,0.2961522936820984,0.2358587235212326,SELL
2882,2025-06-20,2025-06-20T13:30:00+08:00,2025-06-23,65.0,2025-06-25,66.5,0.023076923076922995,0.017100439565926218,xgboost,validation,2,0.26867160201072693,0.4493362307548523,0.2819921672344208,HOLD
2882,2025-06-23,2025-06-23T13:30:00+08:00,2025-06-24,66.2,2025-06-26,66.7,0.007552870090634434,0.0016670730613710383,xgboost,validation,1,0.4571078419685364,0.2559380531311035,0.2869541049003601,SELL
2882,2025-06-24,2025-06-24T13:30:00+08:00,2025-06-25,66.9,2025-06-27,67.9,0.014947683109117982,0.009018687980987261,xgboost,validation,1,0.23027560114860535,0.25646838545799255,0.5132560133934021,BUY
2882,2025-06-25,2025-06-25T13:30:00+08:00,2025-06-26,66.4,2025-06-30,62.8,-0.05421686746987964,-0.05974182572966069,xgboost,validation,0,0.17537334561347961,0.5308719873428345,0.2937546670436859,HOLD
2002,2026-01-02,2026-01-02T13:30:00+08:00,2026-01-05,18.8,2026-01-07,19.45,0.034574468085106336,0.02853081964583426,xgboost,test,2,0.5678794980049133,0.23480336368083954,0.19731716811656952,SELL
2002,2026-01-05,2026-01-05T13:30:00+08:00,2026-01-06,18.7,2026-01-08,19.15,0.024064171122994527,0.01808192042916379,xgboost,test,2,0.3807838261127472,0.4354305565357208,0.1837855577468872,HOLD
2002,2026-01-06,2026-01-06T13:30:00+08:00,2026-01-07,18.65,2026-01-09,19.0,0.018766756032171594,0.012815451118884935,xgboost,test,2,0.3688896894454956,0.20073315501213074,0.43037721514701843,BUY
2002,2026-01-07,2026-01-07T13:30:00+08:00,2026-01-08,19.7,2026-01-12,19.55,-0.0076142131979695105,-0.013411409046676925,xgboost,test,0,0.5440264940261841,0.22994022071361542,0.2260333001613617,SELL
2002,2026-01-08,2026-01-08T13:30:00+08:00,2026-01-09,19.15,2026-01-13,19.45,0.015665796344647598,0.009732606231941832,xgboost,test,1,0.4063538610935211,0.2432832419872284,0.3503628671169281,SELL
2002,2026-01-09,2026-01-09T13:30:00+08:00,2026-01-12,19.0,2026-01-14,19.4,0.021052631578947212,0.015087973322226222,xgboost,test,2,0.3637371361255646,0.3841456472873688,0.25211721658706665,HOLD
2002,2026-01-12,2026-01-12T13:30:00+08:00,2026-01-13,19.75,2026-01-15,19.45,-0.0151898734177216,-0.020942814716876756,xgboost,test,0,0.3592277467250824,0.4191912114620209,0.22158107161521912,HOLD
2002,2026-01-13,2026-01-13T13:30:00+08:00,2026-01-14,19.5,2026-01-16,19.25,-0.012820512820512775,-0.018587295155685246,xgboost,test,0,0.3223086893558502,0.3943895399570465,0.2833017408847809,HOLD
2002,2026-01-14,2026-01-14T13:30:00+08:00,2026-01-15,19.5,2026-01-19,19.65,0.007692307692307665,0.0018056961138070982,xgboost,test,1,0.5469223260879517,0.3696686327457428,0.08340909332036972,SELL
2002,2026-01-15,2026-01-15T13:30:00+08:00,2026-01-16,19.55,2026-01-20,19.15,-0.020460358056266115,-0.02618251089384338,xgboost,test,0,0.5218006372451782,0.2843174636363983,0.19388185441493988,SELL
2002,2026-01-16,2026-01-16T13:30:00+08:00,2026-01-19,19.25,2026-01-21,18.95,-0.01558441558441559,-0.021335052096217444,xgboost,test,0,0.5220246315002441,0.24478758871555328,0.23318779468536377,SELL
2002,2026-01-19,2026-01-19T13:30:00+08:00,2026-01-20,19.65,2026-01-22,19.0,-0.03307888040712459,-0.03872731993042211,xgboost,test,0,0.2550036311149597,0.48529863357543945,0.25969767570495605,HOLD
2002,2026-01-20,2026-01-20T13:30:00+08:00,2026-01-21,19.1,2026-01-23,19.15,0.002617801047120283,-0.0032391669096668574,xgboost,test,1,0.3756900131702423,0.3360282778739929,0.28828170895576477,SELL
2002,2026-01-21,2026-01-21T13:30:00+08:00,2026-01-22,19.15,2026-01-26,19.65,0.02610966057441244,0.02011546079473825,xgboost,test,2,0.47980234026908875,0.41322311758995056,0.1069745197892189,SELL
2002,2026-01-22,2026-01-22T13:30:00+08:00,2026-01-23,19.1,2026-01-27,19.35,0.01308900523560208,0.0071708679006761145,xgboost,test,1,0.5804780721664429,0.20309695601463318,0.21642500162124634,SELL
2002,2026-01-23,2026-01-23T13:30:00+08:00,2026-01-26,19.2,2026-01-28,19.6,0.02083333333333348,0.014869956145825647,xgboost,test,2,0.44995927810668945,0.3486361503601074,0.20140452682971954,SELL
2002,2026-01-26,2026-01-26T13:30:00+08:00,2026-01-27,19.75,2026-01-29,20.7,0.048101265822784844,0.041978598219056806,xgboost,test,2,0.45258116722106934,0.2940669059753418,0.2533518970012665,SELL
2002,2026-01-27,2026-01-27T13:30:00+08:00,2026-01-28,19.35,2026-01-30,20.75,0.07235142118863047,0.06608709204370822,xgboost,test,2,0.2946573495864868,0.307674765586853,0.39766791462898254,BUY
2002,2026-01-28,2026-01-28T13:30:00+08:00,2026-01-29,19.85,2026-02-02,21.1,0.06297229219143574,0.05676275287564092,xgboost,test,2,0.4586797058582306,0.3175349831581116,0.22378528118133545,SELL
2002,2026-01-29,2026-01-29T13:30:00+08:00,2026-01-30,20.8,2026-02-03,20.65,-0.007211538461538547,-0.013011086605433486,xgboost,test,0,0.5557367205619812,0.2629939615726471,0.1812693178653717,SELL
2002,2026-01-30,2026-01-30T13:30:00+08:00,2026-02-02,21.05,2026-02-04,20.95,-0.004750593824228044,-0.010564518008393975,xgboost,test,0,0.5355823040008545,0.28295478224754333,0.18146292865276337,SELL
2002,2026-02-02,2026-02-02T13:30:00+08:00,2026-02-03,21.4,2026-02-05,20.95,-0.02102803738317749,-0.02674687402227538,xgboost,test,0,0.520379900932312,0.3518068194389343,0.12781332433223724,SELL
2002,2026-02-03,2026-02-03T13:30:00+08:00,2026-02-04,20.65,2026-02-06,20.4,-0.01210653753026636,-0.01787749067747957,xgboost,test,0,0.486067533493042,0.25647130608558655,0.25746119022369385,SELL
2002,2026-02-04,2026-02-04T13:30:00+08:00,2026-02-05,21.15,2026-02-09,20.35,-0.03782505910165468,-0.04344577298862107,xgboost,test,0,0.5220680832862854,0.25909537076950073,0.21883651614189148,SELL
2002,2026-02-05,2026-02-05T13:30:00+08:00,2026-02-06,20.8,2026-02-10,20.5,-0.014423076923076983,-0.02018049759861429,xgboost,test,0,0.3692324161529541,0.4879603385925293,0.14280731976032257,HOLD
2002,2026-02-06,2026-02-06T13:30:00+08:00,2026-02-09,20.6,2026-02-11,20.9,0.014563106796116276,0.00863635823805442,xgboost,test,1,0.42134782671928406,0.34812039136886597,0.23053178191184998,SELL
2002,2026-02-09,2026-02-09T13:30:00+08:00,2026-02-10,20.45,2026-02-23,20.45,0.0,-0.005841675612252462,xgboost,test,1,0.4985711872577667,0.36184874176979065,0.13958010077476501,SELL
2002,2026-02-10,2026-02-10T13:30:00+08:00,2026-02-11,20.6,2026-02-24,20.7,0.004854368932038833,-0.0010156643288168343,xgboost,test,1,0.3604357838630676,0.3694658875465393,0.27009835839271545,HOLD
2002,2026-02-11,2026-02-11T13:30:00+08:00,2026-02-23,20.75,2026-02-25,21.25,0.024096385542168752,0.018113946662150937,xgboost,test,2,0.43522369861602783,0.3353627920150757,0.22941350936889648,SELL
2002,2026-02-23,2026-02-23T13:30:00+08:00,2026-02-24,20.6,2026-02-26,20.75,0.007281553398058138,0.0013973413129009238,xgboost,test,1,0.424398273229599,0.38480108976364136,0.19080062210559845,SELL
2002,2026-02-24,2026-02-24T13:30:00+08:00,2026-02-25,20.7,2026-03-02,20.25,-0.021739130434782594,-0.02745381309894268,xgboost,test,0,0.46473416686058044,0.32842859625816345,0.20683728158473969,SELL
2002,2026-02-25,2026-02-25T13:30:00+08:00,2026-02-26,21.25,2026-03-03,20.05,-0.05647058823529405,-0.061982380989442976,xgboost,test,0,0.4047137200832367,0.271091103553772,0.32419511675834656,SELL
2002,2026-02-26,2026-02-26T13:30:00+08:00,2026-03-02,20.4,2026-03-04,19.2,-0.05882352941176472,-0.06432157704682584,xgboost,test,0,0.4518519639968872,0.37154334783554077,0.17660467326641083,SELL
2002,2026-03-02,2026-03-02T13:30:00+08:00,2026-03-03,20.1,2026-03-05,19.3,-0.03980099502487566,-0.04541016613514803,xgboost,test,0,0.5577396154403687,0.347544401884079,0.09471599757671356,SELL
2002,2026-03-03,2026-03-03T13:30:00+08:00,2026-03-04,19.8,2026-03-06,19.9,0.005050505050504972,-0.0008206739739307078,xgboost,test,1,0.3495502769947052,0.4621603488922119,0.1882893592119217,HOLD
2002,2026-03-04,2026-03-04T13:30:00+08:00,2026-03-05,19.6,2026-03-09,19.15,-0.022959183673469497,-0.028666739182379608,xgboost,test,0,0.44520601630210876,0.4167881906032562,0.13800586760044098,SELL
2002,2026-03-05,2026-03-05T13:30:00+08:00,2026-03-06,19.1,2026-03-10,19.2,0.005235602094240788,-0.0006366582070810312,xgboost,test,1,0.4013103246688843,0.2669464945793152,0.33174318075180054,SELL
2002,2026-03-06,2026-03-06T13:30:00+08:00,2026-03-09,19.15,2026-03-11,19.5,0.018276762402088753,0.012328319872640936,xgboost,test,2,0.4106517732143402,0.4933817684650421,0.09596646577119827,HOLD
2002,2026-03-09,2026-03-09T13:30:00+08:00,2026-03-10,19.4,2026-03-12,19.35,-0.002577319587628746,-0.008403939334901245,xgboost,test,1,0.3370146155357361,0.34986424446105957,0.31312116980552673,HOLD
2002,2026-03-10,2026-03-10T13:30:00+08:00,2026-03-11,19.25,2026-03-13,19.1,-0.007792207792207684,-0.013588363854234897,xgboost,test,0,0.37139570713043213,0.3657158613204956,0.26288846135139465,SELL
2002,2026-03-11,2026-03-11T13:30:00+08:00,2026-03-12,19.3,2026-03-16,19.15,-0.00777202072538874,-0.013568294713711793,xgboost,test,0,0.4343080520629883,0.37534308433532715,0.19034887850284576,SELL
2002,2026-03-12,2026-03-12T13:30:00+08:00,2026-03-13,19.3,2026-03-17,19.25,-0.002590673575129543,-0.00841721531273909,xgboost,test,1,0.32441630959510803,0.404562771320343,0.27102091908454895,HOLD
2002,2026-03-13,2026-03-13T13:30:00+08:00,2026-03-16,19.2,2026-03-18,19.3,0.005208333333333481,-0.0006637676727330177,xgboost,test,1,0.38749849796295166,0.35020822286605835,0.2622932493686676,SELL
2002,2026-03-16,2026-03-16T13:30:00+08:00,2026-03-17,19.25,2026-03-19,18.8,-0.023376623376623384,-0.02908174033819988,xgboost,test,0,0.5097237229347229,0.28061074018478394,0.20966552197933197,SELL
2002,2026-03-17,2026-03-17T13:30:00+08:00,2026-03-18,19.4,2026-03-20,19.45,0.002577319587628857,-0.0032794118896037894,xgboost,test,1,0.3719574213027954,0.2588005065917969,0.3692420721054077,SELL
2002,2026-03-18,2026-03-18T13:30:00+08:00,2026-03-19,19.0,2026-03-23,19.05,0.0026315789473685403,-0.0032254694954426677,xgboost,test,1,0.5095363855361938,0.30910640954971313,0.18135717511177063,SELL
2002,2026-03-19,2026-03-19T13:30:00+08:00,2026-03-20,19.1,2026-03-24,19.2,0.005235602094240788,-0.0006366582070810312,xgboost,test,1,0.458357572555542,0.38997671008110046,0.15166574716567993,SELL
2002,2026-03-20,2026-03-20T13:30:00+08:00,2026-03-23,19.8,2026-03-25,19.3,-0.025252525252525304,-0.03094668380386234,xgboost,test,0,0.4675787091255188,0.3170938491821289,0.2153274267911911,SELL
2002,2026-03-23,2026-03-23T13:30:00+08:00,2026-03-24,19.35,2026-03-26,19.75,0.02067183462532296,0.014709400860879018,xgboost,test,2,0.4994780421257019,0.3408011198043823,0.15972085297107697,SELL
2002,2026-03-24,2026-03-24T13:30:00+08:00,2026-03-25,19.5,2026-03-27,19.6,0.00512820512820511,-0.0007434277948793477,xgboost,test,1,0.37346234917640686,0.34614166617393494,0.2803959846496582,SELL
2002,2026-03-25,2026-03-25T13:30:00+08:00,2026-03-26,19.45,2026-03-30,19.15,-0.015424164524421635,-0.021175737170932574,xgboost,test,0,0.5401649475097656,0.2834470570087433,0.1763879954814911,SELL
2002,2026-03-26,2026-03-26T13:30:00+08:00,2026-03-27,19.75,2026-03-31,18.9,-0.04303797468354442,-0.04862823640868741,xgboost,test,0,0.5816203355789185,0.23007865250110626,0.1883009523153305,SELL
2002,2026-03-27,2026-03-27T13:30:00+08:00,2026-03-30,19.25,2026-04-01,19.5,0.01298701298701288,0.0070694714577181905,xgboost,test,1,0.5327095985412598,0.165011465549469,0.30227890610694885,SELL
2002,2026-03-30,2026-03-30T13:30:00+08:00,2026-03-31,19.0,2026-04-02,19.5,0.026315789473684292,0.020320385555846032,xgboost,test,2,0.38433152437210083,0.3806104362010956,0.23505806922912598,SELL
2002,2026-03-31,2026-03-31T13:30:00+08:00,2026-04-01,19.25,2026-04-07,19.5,0.01298701298701288,0.0070694714577181905,xgboost,test,1,0.5482545495033264,0.26571476459503174,0.18603073060512543,SELL
2002,2026-04-01,2026-04-01T13:30:00+08:00,2026-04-02,19.6,2026-04-08,19.95,0.017857142857142794,0.01191115160895695,xgboost,test,2,0.33530130982398987,0.306974858045578,0.3577238619327545,BUY
2002,2026-04-02,2026-04-02T13:30:00+08:00,2026-04-07,19.5,2026-04-09,20.2,0.03589743589743577,0.029846059109359002,xgboost,test,2,0.5039442181587219,0.2385820597410202,0.2574736773967743,SELL
2002,2026-04-07,2026-04-07T13:30:00+08:00,2026-04-08,19.8,2026-04-10,20.05,0.012626262626262541,0.006710828483552422,xgboost,test,1,0.3917228877544403,0.3719877302646637,0.23628942668437958,SELL
2002,2026-04-08,2026-04-08T13:30:00+08:00,2026-04-09,20.0,2026-04-13,20.2,0.010000000000000009,0.004099907631624822,xgboost,test,1,0.4371773898601532,0.2891514003276825,0.2736711800098419,SELL
2002,2026-04-09,2026-04-09T13:30:00+08:00,2026-04-10,20.3,2026-04-14,20.5,0.009852216748768461,0.003952987682207976,xgboost,test,1,0.36537399888038635,0.3553178608417511,0.27930814027786255,SELL
2002,2026-04-10,2026-04-10T13:30:00+08:00,2026-04-13,20.05,2026-04-15,20.1,0.0024937655860348684,-0.0033624777958242147,xgboost,test,1,0.4043983519077301,0.2715945243835449,0.324007123708725,SELL
2002,2026-04-13,2026-04-13T13:30:00+08:00,2026-04-14,20.2,2026-04-16,19.95,-0.012376237623762387,-0.018145615270516724,xgboost,test,0,0.3250085413455963,0.4198843836784363,0.2551071345806122,HOLD
2002,2026-04-14,2026-04-14T13:30:00+08:00,2026-04-15,20.5,2026-04-17,20.1,-0.019512195121951126,-0.02523988681981837,xgboost,test,0,0.3417324721813202,0.36700308322906494,0.29126444458961487,HOLD
2002,2026-04-15,2026-04-15T13:30:00+08:00,2026-04-16,20.25,2026-04-20,19.85,-0.01975308641975304,-0.02547937090880048,xgboost,test,0,0.48370251059532166,0.3289162218570709,0.18738128244876862,SELL
2002,2026-04-16,2026-04-16T13:30:00+08:00,2026-04-17,20.05,2026-04-21,19.75,-0.014962593516209544,-0.020716862510822276,xgboost,test,0,0.4453394114971161,0.2995260953903198,0.25513455271720886,SELL
2002,2026-04-17,2026-04-17T13:30:00+08:00,2026-04-20,20.15,2026-04-22,19.55,-0.02977667493796521,-0.03544440487441869,xgboost,test,0,0.471835196018219,0.36796998977661133,0.1601947695016861,SELL
2002,2026-04-20,2026-04-20T13:30:00+08:00,2026-04-21,19.9,2026-04-23,19.15,-0.03768844221105527,-0.04330995416957961,xgboost,test,0,0.39383724331855774,0.32077914476394653,0.2853836119174957,SELL
2002,2026-04-21,2026-04-21T13:30:00+08:00,2026-04-22,19.75,2026-04-24,19.0,-0.03797468354430378,-0.04359452337381253,xgboost,test,0,0.2810084819793701,0.5369439125061035,0.18204756081104279,HOLD
2002,2026-04-22,2026-04-22T13:30:00+08:00,2026-04-23,19.4,2026-04-27,18.75,-0.03350515463917514,-0.0391511040066872,xgboost,test,0,0.4105777144432068,0.3968947231769562,0.19252754747867584,SELL
2002,2026-04-23,2026-04-23T13:30:00+08:00,2026-04-24,19.15,2026-04-28,18.75,-0.02088772845952991,-0.026607384737845075,xgboost,test,0,0.6091884970664978,0.22809581458568573,0.16271567344665527,SELL
2002,2026-04-24,2026-04-24T13:30:00+08:00,2026-04-27,18.8,2026-04-29,19.0,0.010638297872340496,0.004734476774851171,xgboost,test,1,0.4289173185825348,0.31691843271255493,0.2541642487049103,SELL
2002,2026-04-27,2026-04-27T13:30:00+08:00,2026-04-28,18.75,2026-04-30,18.75,0.0,-0.005841675612252573,xgboost,test,1,0.36488184332847595,0.4484618902206421,0.18665626645088196,HOLD
2002,2026-04-28,2026-04-28T13:30:00+08:00,2026-04-29,18.75,2026-05-04,18.6,-0.007999999999999896,-0.013794942207354555,xgboost,test,0,0.4001045227050781,0.3104848563671112,0.28941062092781067,SELL
2002,2026-04-29,2026-04-29T13:30:00+08:00,2026-04-30,18.9,2026-05-05,18.6,-0.015873015873015706,-0.021621966475550147,xgboost,test,0,0.37377598881721497,0.3637026846408844,0.262521356344223,SELL
2002,2026-04-30,2026-04-30T13:30:00+08:00,2026-05-04,18.8,2026-05-06,18.8,0.0,-0.005841675612252684,xgboost,test,1,0.4978981614112854,0.28784632682800293,0.21425548195838928,SELL
2002,2026-05-04,2026-05-04T13:30:00+08:00,2026-05-05,18.6,2026-05-07,18.85,0.013440860215053752,0.007520667457475261,xgboost,test,1,0.388694167137146,0.49752914905548096,0.11377675086259842,HOLD
2002,2026-05-05,2026-05-05T13:30:00+08:00,2026-05-06,18.6,2026-05-08,18.75,0.008064516129032251,0.002175730229584172,xgboost,test,1,0.3828960061073303,0.31457334756851196,0.3025306165218353,SELL
2002,2026-05-06,2026-05-06T13:30:00+08:00,2026-05-07,18.8,2026-05-11,18.6,-0.010638297872340385,-0.016417827999356427,xgboost,test,0,0.18975107371807098,0.3264195919036865,0.4838293492794037,BUY
2002,2026-05-07,2026-05-07T13:30:00+08:00,2026-05-08,18.85,2026-05-12,18.5,-0.018567639257294544,-0.02430084874412053,xgboost,test,0,0.4299548268318176,0.3813253343105316,0.18871983885765076,SELL
2002,2026-05-08,2026-05-08T13:30:00+08:00,2026-05-11,18.85,2026-05-13,18.4,-0.023872679045092937,-0.02957489821036874,xgboost,test,0,0.385909765958786,0.42309272289276123,0.19099751114845276,HOLD
2002,2026-05-11,2026-05-11T13:30:00+08:00,2026-05-12,18.8,2026-05-14,18.3,-0.02659574468085102,-0.03228205658001182,xgboost,test,0,0.39419275522232056,0.4357074797153473,0.17009979486465454,HOLD
2002,2026-05-12,2026-05-12T13:30:00+08:00,2026-05-13,18.5,2026-05-15,18.15,-0.018918918918918948,-0.02465007634391292,xgboost,test,0,0.4135630130767822,0.31660759449005127,0.2698293626308441,SELL
2002,2026-05-13,2026-05-13T13:30:00+08:00,2026-05-14,18.5,2026-05-18,18.2,-0.016216216216216273,-0.021963161953675647,xgboost,test,0,0.3430630564689636,0.36018186807632446,0.2967551350593567,HOLD
2002,2026-05-14,2026-05-14T13:30:00+08:00,2026-05-15,18.3,2026-05-19,18.2,-0.005464480874317057,-0.011274234761912472,xgboost,test,0,0.4359927475452423,0.26397988200187683,0.3000273108482361,SELL
2002,2026-05-15,2026-05-15T13:30:00+08:00,2026-05-18,18.15,2026-05-20,18.1,-0.0027548209366389242,-0.008580403778609691,xgboost,test,1,0.3248275816440582,0.38624271750450134,0.28892970085144043,HOLD
2002,2026-05-18,2026-05-18T13:30:00+08:00,2026-05-19,18.35,2026-05-21,18.2,-0.008174386920981047,-0.013968310416512253,xgboost,test,0,0.4139426350593567,0.33790817856788635,0.24814921617507935,SELL
2002,2026-05-19,2026-05-19T13:30:00+08:00,2026-05-20,18.25,2026-05-22,18.15,-0.005479452054794609,-0.011289118485610317,xgboost,test,0,0.25910958647727966,0.5801876187324524,0.16070275008678436,HOLD
2002,2026-05-20,2026-05-20T13:30:00+08:00,2026-05-21,18.3,2026-05-25,19.95,0.0901639344262295,0.08379555035713437,xgboost,test,2,0.5211167335510254,0.37939128279685974,0.09949196875095367,SELL
2002,2026-05-21,2026-05-21T13:30:00+08:00,2026-05-22,18.25,2026-05-26,19.5,0.06849315068493156,0.06225136030471634,xgboost,test,2,0.39395442605018616,0.4376842975616455,0.16836132109165192,HOLD
2002,2026-05-22,2026-05-22T13:30:00+08:00,2026-05-25,18.5,2026-05-27,19.1,0.032432432432432545,0.026401297070593355,xgboost,test,2,0.4611738324165344,0.35992521047592163,0.17890092730522156,SELL
2002,2026-05-26,2026-05-26T13:30:00+08:00,2026-05-27,19.65,2026-05-29,19.1,-0.027989821882951516,-0.03366799003531906,xgboost,test,0,0.39332547783851624,0.2668007016181946,0.3398738205432892,SELL
2002,2026-05-27,2026-05-27T13:30:00+08:00,2026-05-28,19.1,2026-06-01,19.1,0.0,-0.005841675612252462,xgboost,test,1,0.5022252202033997,0.26579856872558594,0.2319762110710144,SELL
2002,2026-05-28,2026-05-28T13:30:00+08:00,2026-05-29,19.05,2026-06-02,18.95,-0.005249343832021025,-0.011060354480429746,xgboost,test,0,0.5005536675453186,0.36448049545288086,0.13496579229831696,SELL
2002,2026-05-29,2026-05-29T13:30:00+08:00,2026-06-01,19.2,2026-06-03,19.4,0.01041666666666674,0.004514140266786315,xgboost,test,1,0.40167760848999023,0.2766008675098419,0.32172149419784546,SELL
2002,2026-06-01,2026-06-01T13:30:00+08:00,2026-06-02,19.1,2026-06-04,19.25,0.00785340314136107,0.001965850495504462,xgboost,test,1,0.3352736830711365,0.31813332438468933,0.3465930223464966,BUY
2002,2026-06-02,2026-06-02T13:30:00+08:00,2026-06-03,19.1,2026-06-05,19.3,0.010471204188481575,0.004568359198090288,xgboost,test,1,0.5056795477867126,0.34631258249282837,0.14800788462162018,SELL
2002,2026-06-03,2026-06-03T13:30:00+08:00,2026-06-04,19.45,2026-06-08,18.65,-0.04113110539845766,-0.04673250643539906,xgboost,test,0,0.5086878538131714,0.38953617215156555,0.10177597403526306,SELL
2002,2026-06-04,2026-06-04T13:30:00+08:00,2026-06-05,19.35,2026-06-09,18.75,-0.03100775193798455,-0.03666829032195029,xgboost,test,0,0.5725986361503601,0.23962053656578064,0.18778081238269806,SELL
2002,2026-06-05,2026-06-05T13:30:00+08:00,2026-06-08,18.6,2026-06-10,18.7,0.005376344086021501,-0.0004967383843615947,xgboost,test,1,0.3074442744255066,0.5489965081214905,0.14355921745300293,HOLD
2002,2026-06-08,2026-06-08T13:30:00+08:00,2026-06-09,18.75,2026-06-11,18.55,-0.010666666666666602,-0.0164460310723884,xgboost,test,0,0.29007142782211304,0.5131809115409851,0.19674766063690186,HOLD
2002,2026-06-09,2026-06-09T13:30:00+08:00,2026-06-10,18.75,2026-06-12,18.9,0.008000000000000007,0.0021115909828492985,xgboost,test,1,0.4374651312828064,0.37322479486465454,0.18931010365486145,SELL
2002,2026-06-10,2026-06-10T13:30:00+08:00,2026-06-11,18.7,2026-06-15,19.0,0.016042780748663166,0.010107388415358631,xgboost,test,2,0.5456030368804932,0.3744354248046875,0.07996151596307755,SELL
2002,2026-06-11,2026-06-11T13:30:00+08:00,2026-06-12,18.75,2026-06-16,18.65,-0.005333333333333412,-0.011143853342320709,xgboost,test,0,0.46181362867355347,0.32923439145088196,0.20895196497440338,SELL
2002,2026-06-12,2026-06-12T13:30:00+08:00,2026-06-15,19.2,2026-06-17,18.75,-0.0234375,-0.029142261340090347,xgboost,test,0,0.3915178179740906,0.41655707359313965,0.19192516803741455,HOLD
2002,2026-06-15,2026-06-15T13:30:00+08:00,2026-06-16,19.05,2026-06-18,19.1,0.002624671916010568,-0.003232336178163986,xgboost,test,1,0.3826983869075775,0.3178230822086334,0.29947856068611145,SELL
2002,2026-06-16,2026-06-16T13:30:00+08:00,2026-06-17,18.65,2026-06-22,19.5,0.04557640750670244,0.03946848930622382,xgboost,test,2,0.45787331461906433,0.3336423635482788,0.20848429203033447,SELL
2002,2026-06-17,2026-06-17T13:30:00+08:00,2026-06-18,18.8,2026-06-23,19.2,0.02127659574468077,0.015310629161954692,xgboost,test,2,0.35194888710975647,0.33893346786499023,0.3091176748275757,SELL
2002,2026-06-18,2026-06-18T13:30:00+08:00,2026-06-22,19.25,2026-06-24,19.35,0.0051948051948051965,-0.0006772167842641341,xgboost,test,1,0.34471800923347473,0.4538053274154663,0.20147663354873657,HOLD
2002,2026-06-22,2026-06-22T13:30:00+08:00,2026-06-23,19.75,2026-06-25,19.05,-0.03544303797468351,-0.04107766685637537,xgboost,test,0,0.42516300082206726,0.2637825608253479,0.31105440855026245,SELL
2002,2026-06-23,2026-06-23T13:30:00+08:00,2026-06-24,19.15,2026-06-26,19.0,-0.007832898172323688,-0.013628816534349664,xgboost,test,0,0.41199901700019836,0.2983202636241913,0.28968074917793274,SELL
2002,2026-06-24,2026-06-24T13:30:00+08:00,2026-06-25,19.4,2026-06-29,19.05,-0.018041237113401998,-0.023777521670794277,xgboost,test,0,0.5082471370697021,0.3216550350189209,0.17009778320789337,SELL
2002,2026-06-25,2026-06-25T13:30:00+08:00,2026-06-26,19.0,2026-06-30,18.8,-0.010526315789473606,-0.01630650007949208,xgboost,test,0,0.3115973174571991,0.4180554151535034,0.2703472375869751,HOLD
2303,2026-01-02,2026-01-02T14:30:00+08:00,2026-01-05,48.5,2026-01-07,54.1,0.11546391752577323,0.10894773916241518,xgboost,test,2,0.29727089405059814,0.3101676106452942,0.39256149530410767,BUY
2303,2026-01-05,2026-01-05T14:30:00+08:00,2026-01-06,48.85,2026-01-08,52.8,0.08085977482088014,0.07454574263404412,xgboost,test,2,0.29562926292419434,0.3674933910369873,0.33687734603881836,HOLD
2303,2026-01-06,2026-01-06T14:30:00+08:00,2026-01-07,50.8,2026-01-09,55.1,0.08464566929133865,0.0783095211371041,xgboost,test,2,0.3453875780105591,0.2614137828350067,0.3931986391544342,BUY
2303,2026-01-07,2026-01-07T14:30:00+08:00,2026-01-08,57.0,2026-01-12,55.3,-0.029824561403508865,-0.035492011602764495,xgboost,test,0,0.7745567560195923,0.08785136789083481,0.13759183883666992,SELL
2303,2026-01-08,2026-01-08T14:30:00+08:00,2026-01-09,54.4,2026-01-13,54.9,0.009191176470588314,0.0032958089868995177,xgboost,test,1,0.3061659038066864,0.2862526774406433,0.4075813591480255,BUY
2303,2026-01-09,2026-01-09T13:30:00+08:00,2026-01-12,57.0,2026-01-14,54.0,-0.052631578947368474,-0.05816579794844989,xgboost,test,0,0.2766728699207306,0.42805975675582886,0.29526740312576294,HOLD
2303,2026-01-12,2026-01-12T14:30:00+08:00,2026-01-13,55.5,2026-01-15,54.7,-0.014414414414414378,-0.020171885693517244,xgboost,test,0,0.41998887062072754,0.2890418469905853,0.2909693121910095,SELL
2303,2026-01-13,2026-01-13T14:30:00+08:00,2026-01-14,55.1,2026-01-16,58.5,0.06170598911070768,0.05550384712673728,xgboost,test,2,0.3828549385070801,0.3642675280570984,0.25287753343582153,SELL
2303,2026-01-14,2026-01-14T14:30:00+08:00,2026-01-15,54.7,2026-01-19,62.5,0.14259597806215707,0.13592130300245353,xgboost,test,2,0.3790794610977173,0.45400187373161316,0.16691865026950836,HOLD
2303,2026-01-15,2026-01-15T14:30:00+08:00,2026-01-16,54.8,2026-01-20,67.8,0.23722627737226287,0.22999880280089924,xgboost,test,2,0.2711194157600403,0.4083293080329895,0.3205513060092926,HOLD
2303,2026-01-16,2026-01-16T14:30:00+08:00,2026-01-19,60.3,2026-01-21,68.4,0.1343283582089554,0.1277019799025194,xgboost,test,2,0.20925910770893097,0.4844818115234375,0.30625903606414795,HOLD
2303,2026-01-19,2026-01-19T14:30:00+08:00,2026-01-20,62.4,2026-01-22,67.6,0.08333333333333326,0.07700485142005964,xgboost,test,2,0.30846139788627625,0.4020426869392395,0.28949594497680664,HOLD
2303,2026-01-20,2026-01-20T14:30:00+08:00,2026-01-21,70.9,2026-01-23,64.8,-0.0860366713681242,-0.09137574865548614,xgboost,test,0,0.38571566343307495,0.22665449976921082,0.3876298666000366,BUY
2303,2026-01-21,2026-01-21T14:30:00+08:00,2026-01-22,71.5,2026-01-26,69.3,-0.03076923076923077,-0.036431162516491034,xgboost,test,0,0.7018556594848633,0.15217077732086182,0.1459735929965973,SELL
2303,2026-01-22,2026-01-22T14:30:00+08:00,2026-01-23,68.0,2026-01-27,76.2,0.12058823529411766,0.11404212232862276,xgboost,test,2,0.3526373505592346,0.45617854595184326,0.19118407368659973,HOLD
2303,2026-01-23,2026-01-23T14:30:00+08:00,2026-01-26,66.0,2026-01-28,75.9,0.15000000000000013,0.14328207304590967,xgboost,test,2,0.364786833524704,0.29387006163597107,0.34134310483932495,SELL
2303,2026-01-26,2026-01-26T14:30:00+08:00,2026-01-27,71.1,2026-01-29,68.4,-0.03797468354430367,-0.043594523373812644,xgboost,test,0,0.37949419021606445,0.2585598826408386,0.36194589734077454,SELL
2303,2026-01-27,2026-01-27T14:30:00+08:00,2026-01-28,79.6,2026-01-30,62.4,-0.2160804020100502,-0.22065980600759483,xgboost,test,0,0.42528486251831055,0.2961883842945099,0.27852678298950195,SELL
2303,2026-01-28,2026-01-28T14:30:00+08:00,2026-01-29,70.3,2026-02-02,60.7,-0.13655761024182067,-0.14160156059265605,xgboost,test,0,0.35000845789909363,0.31150078773498535,0.338490754365921,SELL
2303,2026-01-29,2026-01-29T14:30:00+08:00,2026-01-30,65.0,2026-02-03,60.8,-0.06461538461538463,-0.07007959811115327,xgboost,test,0,0.6304463744163513,0.18442416191101074,0.18512944877147675,SELL
2303,2026-01-30,2026-01-30T14:30:00+08:00,2026-02-02,62.3,2026-02-04,61.8,-0.008025682182985605,-0.013820474363358093,xgboost,test,0,0.4102683663368225,0.3748075067996979,0.21492408215999603,SELL
2303,2026-02-02,2026-02-02T14:30:00+08:00,2026-02-03,62.5,2026-02-05,61.5,-0.016000000000000014,-0.021748208802456426,xgboost,test,0,0.39002725481987,0.3288445472717285,0.2811282277107239,SELL
2303,2026-02-03,2026-02-03T14:30:00+08:00,2026-02-04,60.6,2026-02-06,61.9,0.021452145214521323,0.015485153128738771,xgboost,test,2,0.4083542823791504,0.3358922600746155,0.25575345754623413,SELL
2303,2026-02-04,2026-02-04T14:30:00+08:00,2026-02-05,61.8,2026-02-09,62.4,0.009708737864077666,0.003810346954618904,xgboost,test,1,0.48138442635536194,0.40717196464538574,0.11144357919692993,SELL
2303,2026-02-05,2026-02-05T14:30:00+08:00,2026-02-06,61.1,2026-02-10,62.4,0.02127659574468077,0.015310629161954692,xgboost,test,2,0.4363425076007843,0.2643866539001465,0.2992708683013916,SELL
2303,2026-02-06,2026-02-06T14:30:00+08:00,2026-02-09,63.6,2026-02-11,62.8,-0.012578616352201366,-0.01834681176807329,xgboost,test,0,0.4641664922237396,0.20235450565814972,0.33347898721694946,SELL
2303,2026-02-09,2026-02-09T14:30:00+08:00,2026-02-10,62.8,2026-02-23,63.9,0.01751592356687892,0.011571925611099765,xgboost,test,2,0.38224583864212036,0.5261015295982361,0.09165263175964355,HOLD
2303,2026-02-10,2026-02-10T14:30:00+08:00,2026-02-11,62.9,2026-02-24,67.5,0.0731319554848966,0.06686306671181175,xgboost,test,2,0.43526336550712585,0.34471583366394043,0.22002078592777252,SELL
2303,2026-02-11,2026-02-11T14:30:00+08:00,2026-02-23,65.2,2026-02-25,65.5,0.004601226993864893,-0.0012673274939041246,xgboost,test,1,0.25152388215065,0.5788485407829285,0.1696276068687439,HOLD
2303,2026-02-23,2026-02-23T14:30:00+08:00,2026-02-24,64.3,2026-02-26,65.4,0.017107309486780853,0.011165698521908185,xgboost,test,2,0.5074988603591919,0.28321123123168945,0.20928989350795746,SELL
2303,2026-02-24,2026-02-24T14:30:00+08:00,2026-02-25,69.3,2026-03-02,64.5,-0.06926406926406925,-0.0747011266520966,xgboost,test,0,0.5779792666435242,0.23457884788513184,0.1874419003725052,SELL
2303,2026-02-25,2026-02-25T14:30:00+08:00,2026-02-26,66.0,2026-03-03,62.6,-0.051515151515151514,-0.05705589232313646,xgboost,test,0,0.35614338517189026,0.5086128115653992,0.13524378836154938,HOLD
2303,2026-02-26,2026-02-26T14:30:00+08:00,2026-03-02,64.1,2026-03-04,60.0,-0.06396255850234,-0.06943058559649218,xgboost,test,0,0.49325865507125854,0.3897394835948944,0.11700188368558884,SELL
2303,2026-03-02,2026-03-02T14:30:00+08:00,2026-03-03,64.5,2026-03-05,62.1,-0.037209302325581395,-0.04283361326388979,xgboost,test,0,0.3042651414871216,0.23105067014694214,0.4646841287612915,BUY
2303,2026-03-03,2026-03-03T14:30:00+08:00,2026-03-04,61.0,2026-03-06,62.0,0.016393442622950838,0.010456001836727014,xgboost,test,2,0.4518205225467682,0.21114285290241241,0.3370366394519806,SELL
2303,2026-03-04,2026-03-04T14:30:00+08:00,2026-03-05,62.5,2026-03-09,59.7,-0.04479999999999995,-0.05037996854482352,xgboost,test,0,0.4469005763530731,0.27682989835739136,0.2762695848941803,SELL
2303,2026-03-05,2026-03-05T14:30:00+08:00,2026-03-06,62.1,2026-03-10,60.4,-0.027375201288244777,-0.03305695985475143,xgboost,test,0,0.45317572355270386,0.29564791917800903,0.2511763572692871,SELL
2303,2026-03-06,2026-03-06T14:30:00+08:00,2026-03-09,58.3,2026-03-11,62.2,0.0668953687821614,0.06066291212552133,xgboost,test,2,0.36665284633636475,0.32835879921913147,0.304988294839859,SELL
2303,2026-03-09,2026-03-09T14:30:00+08:00,2026-03-10,60.8,2026-03-12,60.6,-0.003289473684210509,-0.00911193325826487,xgboost,test,1,0.39802834391593933,0.4249442219734192,0.17702741920948029,HOLD
2303,2026-03-10,2026-03-10T14:30:00+08:00,2026-03-11,62.2,2026-03-13,59.5,-0.043408360128617374,-0.048996458182138825,xgboost,test,0,0.5088615417480469,0.24652615189552307,0.24461233615875244,SELL
2303,2026-03-11,2026-03-11T14:30:00+08:00,2026-03-12,62.2,2026-03-16,60.5,-0.027331189710610992,-0.033013205378477295,xgboost,test,0,0.3207172155380249,0.41102057695388794,0.26826217770576477,HOLD
2303,2026-03-12,2026-03-12T14:30:00+08:00,2026-03-13,59.8,2026-03-17,60.7,0.015050167224080369,0.00912057341699457,xgboost,test,1,0.45478555560112,0.21833619475364685,0.32687824964523315,SELL
2303,2026-03-13,2026-03-13T14:30:00+08:00,2026-03-16,60.5,2026-03-18,61.1,0.009917355371900749,0.004017745786634164,xgboost,test,1,0.32705873250961304,0.4757290184497833,0.19721221923828125,HOLD
2303,2026-03-16,2026-03-16T14:30:00+08:00,2026-03-17,60.9,2026-03-19,58.7,-0.03612479474548436,-0.04175544102527462,xgboost,test,0,0.36087334156036377,0.37723836302757263,0.2618882954120636,HOLD
2303,2026-03-17,2026-03-17T14:30:00+08:00,2026-03-18,61.3,2026-03-20,57.8,-0.057096247960848334,-0.06260438581383687,xgboost,test,0,0.4491586983203888,0.2778657376766205,0.2729755938053131,SELL
2303,2026-03-18,2026-03-18T14:30:00+08:00,2026-03-19,60.4,2026-03-23,56.7,-0.06125827814569529,-0.06674210276845549,xgboost,test,0,0.43286505341529846,0.35402587056159973,0.2131090760231018,SELL
2303,2026-03-19,2026-03-19T14:30:00+08:00,2026-03-20,58.5,2026-03-24,56.5,-0.03418803418803418,-0.039829994394739665,xgboost,test,0,0.36965399980545044,0.40508589148521423,0.22526009380817413,HOLD
2303,2026-03-20,2026-03-20T14:30:00+08:00,2026-03-23,56.0,2026-03-25,59.1,0.05535714285714288,0.04919208877349779,xgboost,test,2,0.44930022954940796,0.3909726142883301,0.15972715616226196,SELL
2303,2026-03-23,2026-03-23T14:30:00+08:00,2026-03-24,57.5,2026-03-26,58.2,0.012173913043478368,0.00626112138029411,xgboost,test,1,0.30470073223114014,0.3461472690105438,0.34915196895599365,BUY
2303,2026-03-24,2026-03-24T14:30:00+08:00,2026-03-25,58.0,2026-03-27,57.8,-0.0034482758620689724,-0.009269807765313831,xgboost,test,1,0.2841261923313141,0.3715156018733978,0.34435826539993286,HOLD
2303,2026-03-25,2026-03-25T14:30:00+08:00,2026-03-26,59.4,2026-03-30,57.0,-0.04040404040404033,-0.04600968871882827,xgboost,test,0,0.3001396954059601,0.4025617241859436,0.2972986102104187,HOLD
2303,2026-03-26,2026-03-26T14:30:00+08:00,2026-03-27,57.1,2026-03-31,56.5,-0.010507880910682998,-0.01628817289128326,xgboost,test,0,0.5230161547660828,0.23989352583885193,0.2370903193950653,SELL
2303,2026-03-27,2026-03-27T14:30:00+08:00,2026-03-30,56.3,2026-04-01,57.4,0.019538188277087087,0.013582376906868587,xgboost,test,2,0.35084259510040283,0.47958746552467346,0.16956999897956848,HOLD
2303,2026-03-30,2026-03-30T14:30:00+08:00,2026-03-31,55.9,2026-04-02,53.6,-0.041144901610017826,-0.046746222053966724,xgboost,test,0,0.4054540693759918,0.2956477403640747,0.29889819025993347,SELL
2303,2026-03-31,2026-03-31T14:30:00+08:00,2026-04-01,57.5,2026-04-07,58.3,0.013913043478260834,0.007990092379229097,xgboost,test,1,0.38777753710746765,0.49290695786476135,0.11931552737951279,HOLD
2303,2026-04-01,2026-04-01T14:30:00+08:00,2026-04-02,57.5,2026-04-08,60.3,0.04869565217391303,0.04256951235793327,xgboost,test,2,0.37899959087371826,0.2763243317604065,0.34467610716819763,SELL
2303,2026-04-02,2026-04-02T14:30:00+08:00,2026-04-07,54.7,2026-04-09,60.0,0.09689213893967086,0.09048445088235546,xgboost,test,2,0.3476009666919708,0.39558836817741394,0.25681063532829285,HOLD
2303,2026-04-07,2026-04-07T14:30:00+08:00,2026-04-08,59.8,2026-04-10,62.0,0.03678929765886285,0.03073271090368479,xgboost,test,2,0.3252743184566498,0.5239183902740479,0.15080730617046356,HOLD
2303,2026-04-08,2026-04-08T14:30:00+08:00,2026-04-09,60.6,2026-04-13,60.1,-0.008250825082508295,-0.014044302051095303,xgboost,test,0,0.38291218876838684,0.29671528935432434,0.3203725516796112,SELL
2303,2026-04-09,2026-04-09T14:30:00+08:00,2026-04-10,59.7,2026-04-14,59.7,0.0,-0.005841675612252573,xgboost,test,1,0.21588179469108582,0.6106951832771301,0.17342302203178406,HOLD
2303,2026-04-10,2026-04-10T14:30:00+08:00,2026-04-13,61.5,2026-04-15,62.1,0.009756097560975618,0.003857429991530381,xgboost,test,1,0.5106539130210876,0.29826149344444275,0.19108456373214722,SELL
2303,2026-04-13,2026-04-13T14:30:00+08:00,2026-04-14,60.1,2026-04-16,68.3,0.13643926788685512,0.12980055833083437,xgboost,test,2,0.268515408039093,0.34815552830696106,0.3833290934562683,BUY
2303,2026-04-14,2026-04-14T14:30:00+08:00,2026-04-15,60.1,2026-04-17,73.0,0.21464226289517474,0.20754671681040882,xgboost,test,2,0.492515504360199,0.2541792690753937,0.25330519676208496,SELL
2303,2026-04-15,2026-04-15T14:30:00+08:00,2026-04-16,66.5,2026-04-20,76.9,0.1563909774436092,0.14963571647244778,xgboost,test,2,0.5281035900115967,0.24726602435112,0.22463034093379974,SELL
2303,2026-04-17,2026-04-17T14:30:00+08:00,2026-04-20,78.0,2026-04-22,78.6,0.007692307692307665,0.0018056961138070982,xgboost,test,1,0.27983883023262024,0.255638986825943,0.464522123336792,BUY
2303,2026-04-20,2026-04-20T14:30:00+08:00,2026-04-21,78.0,2026-04-23,73.6,-0.05641025641025643,-0.06192240160335638,xgboost,test,0,0.4248909652233124,0.40869686007499695,0.1664121448993683,SELL
2303,2026-04-21,2026-04-21T14:30:00+08:00,2026-04-22,76.5,2026-04-24,74.5,-0.02614379084967322,-0.031832742916507395,xgboost,test,0,0.607434093952179,0.17324282228946686,0.2193230539560318,SELL
2303,2026-04-22,2026-04-22T14:30:00+08:00,2026-04-23,79.5,2026-04-27,72.7,-0.08553459119496853,-0.09087660147183341,xgboost,test,0,0.26790571212768555,0.3245832324028015,0.40751105546951294,BUY
2303,2026-04-23,2026-04-23T14:30:00+08:00,2026-04-24,77.0,2026-04-28,75.1,-0.02467532467532474,-0.030372855045197045,xgboost,test,0,0.3376843333244324,0.41627994179725647,0.24603569507598877,HOLD
2303,2026-04-24,2026-04-24T14:30:00+08:00,2026-04-27,76.0,2026-04-29,74.5,-0.019736842105263164,-0.02546322148832647,xgboost,test,0,0.41927987337112427,0.239821657538414,0.34089842438697815,SELL
2303,2026-04-27,2026-04-27T14:30:00+08:00,2026-04-28,72.3,2026-04-30,77.3,0.06915629322268324,0.06291062897887811,xgboost,test,2,0.28142035007476807,0.39095908403396606,0.32762059569358826,HOLD
2303,2026-04-28,2026-04-28T14:30:00+08:00,2026-04-29,75.3,2026-05-04,81.2,0.07835325365205859,0.07205386374880596,xgboost,test,2,0.47378009557724,0.31427648663520813,0.21194347739219666,SELL
2303,2026-04-29,2026-04-29T14:30:00+08:00,2026-04-30,80.5,2026-05-05,83.1,0.032298136645962705,0.02626778579654432,xgboost,test,2,0.20140396058559418,0.6020304560661316,0.19656558334827423,HOLD
2303,2026-04-30,2026-04-30T14:30:00+08:00,2026-05-04,80.0,2026-05-06,91.4,0.14250000000000007,0.13582588561300146,xgboost,test,2,0.4791654646396637,0.25411659479141235,0.26671797037124634,SELL
2303,2026-05-04,2026-05-04T14:30:00+08:00,2026-05-05,80.8,2026-05-07,96.5,0.19430693069306937,0.18733017702249555,xgboost,test,2,0.4876963198184967,0.2571121156215668,0.25519150495529175,SELL
2303,2026-05-05,2026-05-05T14:30:00+08:00,2026-05-06,88.5,2026-05-08,91.3,0.031638418079096065,0.025611921091540424,xgboost,test,2,0.5056252479553223,0.34398362040519714,0.1503911018371582,SELL
2303,2026-05-06,2026-05-06T14:30:00+08:00,2026-05-07,97.4,2026-05-11,95.0,-0.024640657084188944,-0.030338389970883006,xgboost,test,0,0.39553382992744446,0.2253594547510147,0.37910670042037964,SELL
2303,2026-05-07,2026-05-07T14:30:00+08:00,2026-05-08,96.5,2026-05-12,104.5,0.08290155440414515,0.076575594803312,xgboost,test,2,0.45114684104919434,0.3809039294719696,0.16794922947883606,SELL
2303,2026-05-08,2026-05-08T14:30:00+08:00,2026-05-11,94.7,2026-05-13,98.4,0.03907074973600855,0.03300083547787058,xgboost,test,2,0.5503673553466797,0.23455682396888733,0.21507582068443298,SELL
2303,2026-05-11,2026-05-11T14:30:00+08:00,2026-05-12,96.7,2026-05-14,108.0,0.11685625646328845,0.11033194450751505,xgboost,test,2,0.578143835067749,0.24898263812065125,0.17287352681159973,SELL
2303,2026-05-12,2026-05-12T14:30:00+08:00,2026-05-13,102.0,2026-05-15,110.0,0.07843137254901955,0.07213152630051178,xgboost,test,2,0.4286525249481201,0.289413720369339,0.2819337844848633,SELL
2303,2026-05-13,2026-05-13T14:30:00+08:00,2026-05-14,102.0,2026-05-18,111.0,0.08823529411764697,0.0818781765396075,xgboost,test,2,0.255099356174469,0.4441281855106354,0.30077245831489563,HOLD
2303,2026-05-15,2026-05-15T14:30:00+08:00,2026-05-18,108.5,2026-05-20,108.0,-0.004608294930875556,-0.010423050379016363,xgboost,test,0,0.568387508392334,0.25114569067955017,0.18046680092811584,SELL
2303,2026-05-18,2026-05-18T14:30:00+08:00,2026-05-19,112.5,2026-05-21,116.0,0.03111111111111109,0.02508769447981063,xgboost,test,2,0.40312713384628296,0.32439228892326355,0.2724805772304535,SELL
2303,2026-05-19,2026-05-19T14:30:00+08:00,2026-05-20,114.0,2026-05-22,114.0,0.0,-0.005841675612252684,xgboost,test,1,0.5238912105560303,0.35841038823127747,0.11769843101501465,SELL
2303,2026-05-20,2026-05-20T14:30:00+08:00,2026-05-21,112.5,2026-05-25,125.0,0.11111111111111116,0.10462036043083045,xgboost,test,2,0.4198802709579468,0.3261251747608185,0.25399458408355713,SELL
2303,2026-05-21,2026-05-21T14:30:00+08:00,2026-05-22,119.5,2026-05-26,130.5,0.09205020920502083,0.08567080613055267,xgboost,test,2,0.5388169288635254,0.33995336294174194,0.12122973799705505,SELL
2303,2026-05-22,2026-05-22T14:30:00+08:00,2026-05-25,115.0,2026-05-27,143.5,0.24782608695652164,0.24053669173601522,xgboost,test,2,0.25057196617126465,0.5944612622261047,0.15496674180030823,HOLD
2303,2026-05-26,2026-05-26T14:30:00+08:00,2026-05-27,139.5,2026-05-29,144.5,0.03584229390680993,0.029791239240354983,xgboost,test,2,0.5809633135795593,0.21355067193508148,0.205485999584198,SELL
2303,2026-05-27,2026-05-27T14:30:00+08:00,2026-05-28,145.0,2026-06-01,146.0,0.006896551724137945,0.0010145886938697224,xgboost,test,1,0.558417797088623,0.24470120668411255,0.1968810260295868,SELL
2303,2026-05-28,2026-05-28T14:30:00+08:00,2026-05-29,149.0,2026-06-02,141.5,-0.05033557046979864,-0.05588320200760888,xgboost,test,0,0.4666622579097748,0.3650718629360199,0.16826581954956055,SELL
2303,2026-05-29,2026-05-29T14:30:00+08:00,2026-06-01,143.0,2026-06-03,130.5,-0.0874125874125874,-0.09274362704474792,xgboost,test,0,0.4265926480293274,0.32080674171447754,0.25260064005851746,SELL
2303,2026-06-01,2026-06-01T14:30:00+08:00,2026-06-02,147.0,2026-06-04,125.0,-0.1496598639455783,-0.1546272751804869,xgboost,test,0,0.43046003580093384,0.4824681580066681,0.08707184344530106,HOLD
2303,2026-06-02,2026-06-02T14:30:00+08:00,2026-06-03,141.5,2026-06-05,131.5,-0.07067137809187274,-0.07610021443824178,xgboost,test,0,0.3491268455982208,0.3458937406539917,0.3049794137477875,SELL
2303,2026-06-03,2026-06-03T14:30:00+08:00,2026-06-04,126.5,2026-06-08,121.0,-0.04347826086956519,-0.0490659505856329,xgboost,test,0,0.26098647713661194,0.3367953598499298,0.40221819281578064,BUY
2303,2026-06-04,2026-06-04T14:30:00+08:00,2026-06-05,127.0,2026-06-09,127.5,0.003937007874015741,-0.001927666461119748,xgboost,test,1,0.43733540177345276,0.33240342140197754,0.2302611768245697,SELL
2303,2026-06-05,2026-06-05T14:30:00+08:00,2026-06-08,121.0,2026-06-10,118.5,-0.02066115702479343,-0.02638213685993329,xgboost,test,0,0.39672333002090454,0.23199260234832764,0.37128403782844543,SELL
2303,2026-06-08,2026-06-08T14:30:00+08:00,2026-06-09,124.5,2026-06-11,125.0,0.004016064257028162,-0.0018490718998520617,xgboost,test,1,0.46221327781677246,0.27375471591949463,0.2640320062637329,SELL
2303,2026-06-09,2026-06-09T14:30:00+08:00,2026-06-10,126.5,2026-06-12,133.5,0.05533596837944654,0.0491710379902317,xgboost,test,2,0.39663881063461304,0.33861857652664185,0.2647426128387451,SELL
2303,2026-06-10,2026-06-10T14:30:00+08:00,2026-06-11,119.0,2026-06-15,141.5,0.18907563025210083,0.18212943614173338,xgboost,test,2,0.38458189368247986,0.2721421420574188,0.34327593445777893,SELL
2303,2026-06-11,2026-06-11T14:30:00+08:00,2026-06-12,134.0,2026-06-16,141.0,0.052238805970149294,0.046091968199047484,xgboost,test,2,0.17317847907543182,0.5501255989074707,0.2766959071159363,HOLD
2303,2026-06-12,2026-06-12T14:30:00+08:00,2026-06-15,139.5,2026-06-17,140.0,0.0035842293906809264,-0.0022783841269917726,xgboost,test,1,0.3822088837623596,0.29686248302459717,0.3209286332130432,SELL
2303,2026-06-15,2026-06-15T14:30:00+08:00,2026-06-16,144.0,2026-06-18,145.5,0.01041666666666674,0.004514140266786537,xgboost,test,1,0.305677592754364,0.5036908388137817,0.19063162803649902,HOLD
2303,2026-06-16,2026-06-16T14:30:00+08:00,2026-06-17,138.5,2026-06-22,160.0,0.15523465703971118,0.14848615091725348,xgboost,test,2,0.46203330159187317,0.30011457204818726,0.23785218596458435,SELL
2303,2026-06-17,2026-06-17T14:30:00+08:00,2026-06-18,141.0,2026-06-23,170.0,0.2056737588652482,0.19863060387175202,xgboost,test,2,0.3862254321575165,0.34698736667633057,0.26678726077079773,SELL
2303,2026-06-18,2026-06-18T14:30:00+08:00,2026-06-22,160.0,2026-06-24,178.0,0.11250000000000004,0.10600113588136884,xgboost,test,2,0.6067914366722107,0.255048006772995,0.1381605714559555,SELL
2303,2026-06-23,2026-06-23T14:30:00+08:00,2026-06-24,172.0,2026-06-26,164.0,-0.046511627906976716,-0.052081597676798874,xgboost,test,0,0.3311164379119873,0.41249892115592957,0.25638455152511597,HOLD
2303,2026-06-24,2026-06-24T14:30:00+08:00,2026-06-25,183.5,2026-06-29,164.0,-0.10626702997275206,-0.11148792806762631,xgboost,test,0,0.43414244055747986,0.35569527745246887,0.21016232669353485,SELL
2303,2026-06-25,2026-06-25T14:30:00+08:00,2026-06-26,175.0,2026-06-30,164.5,-0.06000000000000005,-0.0654911750755175,xgboost,test,0,0.36038538813591003,0.16371691226959229,0.4758976697921753,BUY
2330,2026-01-02,2026-01-02T14:30:00+08:00,2026-01-05,1630.0,2026-01-07,1675.0,0.027607361963190247,0.02160441309783856,xgboost,test,2,0.26730069518089294,0.45342493057250977,0.2792743146419525,HOLD
2330,2026-01-05,2026-01-05T14:30:00+08:00,2026-01-06,1645.0,2026-01-08,1685.0,0.024316109422492405,0.018332386986841698,xgboost,test,2,0.4036485552787781,0.4582483470439911,0.13810311257839203,HOLD
2330,2026-01-06,2026-01-06T14:30:00+08:00,2026-01-07,1665.0,2026-01-09,1680.0,0.009009009009008917,0.003114705688538111,xgboost,test,1,0.48361751437187195,0.4024161100387573,0.11396642029285431,SELL
2330,2026-01-07,2026-01-07T14:30:00+08:00,2026-01-08,1660.0,2026-01-12,1690.0,0.01807228915662651,0.01212504109355006,xgboost,test,2,0.4496036469936371,0.4050239324569702,0.14537237584590912,SELL
2330,2026-01-08,2026-01-08T14:30:00+08:00,2026-01-09,1665.0,2026-01-13,1710.0,0.027027027027026973,0.021027468290119034,xgboost,test,2,0.3953949213027954,0.3510590195655823,0.2535460293292999,SELL
2330,2026-01-09,2026-01-09T13:30:00+08:00,2026-01-12,1700.0,2026-01-14,1710.0,0.00588235294117645,6.314531204809626e-06,xgboost,test,1,0.4291760325431824,0.3118000626564026,0.25902390480041504,SELL
2330,2026-01-12,2026-01-12T14:30:00+08:00,2026-01-13,1720.0,2026-01-15,1690.0,-0.01744186046511631,-0.023181646386457477,xgboost,test,0,0.4904480576515198,0.3384821116924286,0.17106984555721283,SELL
2330,2026-01-13,2026-01-13T14:30:00+08:00,2026-01-14,1705.0,2026-01-16,1740.0,0.02052785923753664,0.014566266530604555,xgboost,test,2,0.37678295373916626,0.41860759258270264,0.2046094387769699,HOLD
2330,2026-01-14,2026-01-14T14:30:00+08:00,2026-01-15,1685.0,2026-01-19,1760.0,0.04451038575667665,0.03840869490945731,xgboost,test,2,0.49217644333839417,0.42476755380630493,0.08305604755878448,SELL
2330,2026-01-15,2026-01-15T14:30:00+08:00,2026-01-16,1735.0,2026-01-20,1775.0,0.023054755043227626,0.01707840103069258,xgboost,test,2,0.3098796010017395,0.5312827229499817,0.1588376760482788,HOLD
2330,2026-01-16,2026-01-16T14:30:00+08:00,2026-01-19,1725.0,2026-01-21,1740.0,0.008695652173912993,0.0028031793824234708,xgboost,test,1,0.25218939781188965,0.5333866477012634,0.21442395448684692,HOLD
2330,2026-01-19,2026-01-19T14:30:00+08:00,2026-01-20,1740.0,2026-01-22,1760.0,0.011494252873563315,0.005585431564618215,xgboost,test,1,0.22082416713237762,0.4908430576324463,0.2883327901363373,HOLD
2330,2026-01-20,2026-01-20T14:30:00+08:00,2026-01-21,1745.0,2026-01-23,1770.0,0.014326647564469885,0.008401280324534799,xgboost,test,1,0.3542829155921936,0.24625007808208466,0.39946702122688293,BUY
2330,2026-01-21,2026-01-21T14:30:00+08:00,2026-01-22,1765.0,2026-01-26,1755.0,-0.005665722379603388,-0.01147430067960531,xgboost,test,0,0.28589457273483276,0.5211525559425354,0.19295287132263184,HOLD
2330,2026-01-22,2026-01-22T14:30:00+08:00,2026-01-23,1770.0,2026-01-27,1780.0,0.005649717514124353,-0.00022496191514664865,xgboost,test,1,0.39384838938713074,0.4321684241294861,0.1739831566810608,HOLD
2330,2026-01-23,2026-01-23T14:30:00+08:00,2026-01-26,1765.0,2026-01-28,1820.0,0.031161473087818692,0.025137762258187202,xgboost,test,2,0.47056612372398376,0.36765071749687195,0.16178320348262787,SELL
2330,2026-01-26,2026-01-26T14:30:00+08:00,2026-01-27,1760.0,2026-01-29,1805.0,0.02556818181818188,0.019577145181752353,xgboost,test,2,0.5054594874382019,0.3554193675518036,0.13912111520767212,SELL
2330,2026-01-27,2026-01-27T14:30:00+08:00,2026-01-28,1790.0,2026-01-30,1775.0,-0.008379888268156388,-0.01417261129147962,xgboost,test,0,0.4621829092502594,0.39534223079681396,0.14247490465641022,SELL
2330,2026-01-28,2026-01-28T14:30:00+08:00,2026-01-29,1830.0,2026-02-02,1765.0,-0.03551912568306015,-0.04115331008504142,xgboost,test,0,0.5798196196556091,0.2450672835111618,0.17511312663555145,SELL
2330,2026-01-29,2026-01-29T14:30:00+08:00,2026-01-30,1790.0,2026-02-03,1800.0,0.005586592178770999,-0.00028771849276798545,xgboost,test,1,0.42587703466415405,0.42084893584251404,0.15327398478984833,SELL
2330,2026-01-30,2026-01-30T14:30:00+08:00,2026-02-02,1750.0,2026-02-04,1785.0,0.020000000000000018,0.014041490875502438,xgboost,test,2,0.45128944516181946,0.30135980248451233,0.2473507970571518,SELL
2330,2026-02-02,2026-02-02T14:30:00+08:00,2026-02-03,1810.0,2026-02-05,1765.0,-0.024861878453038666,-0.030558319036257275,xgboost,test,0,0.3941059112548828,0.3968870937824249,0.20900699496269226,HOLD
2330,2026-02-03,2026-02-03T14:30:00+08:00,2026-02-04,1785.0,2026-02-06,1780.0,-0.0028011204481792618,-0.008626432823422792,xgboost,test,1,0.4411605894565582,0.3564040958881378,0.20243529975414276,SELL
2330,2026-02-04,2026-02-04T14:30:00+08:00,2026-02-05,1765.0,2026-02-09,1815.0,0.028328611898017053,0.022321449724510778,xgboost,test,2,0.5156626105308533,0.38579797744750977,0.09853940457105637,SELL
2330,2026-02-05,2026-02-05T14:30:00+08:00,2026-02-06,1745.0,2026-02-10,1880.0,0.0773638968481376,0.07107028644639835,xgboost,test,2,0.27001529932022095,0.4406397044658661,0.2893449664115906,HOLD
2330,2026-02-06,2026-02-06T14:30:00+08:00,2026-02-09,1830.0,2026-02-11,1915.0,0.04644808743169393,0.04033507715985585,xgboost,test,2,0.4331222474575043,0.3299664556980133,0.23691123723983765,SELL
2330,2026-02-09,2026-02-09T14:30:00+08:00,2026-02-10,1845.0,2026-02-23,1900.0,0.02981029810298108,0.023794480399306428,xgboost,test,2,0.46006420254707336,0.4356374442577362,0.1042984127998352,SELL
2330,2026-02-10,2026-02-10T14:30:00+08:00,2026-02-11,1880.0,2026-02-24,1965.0,0.04521276595744683,0.039106972032938225,xgboost,test,2,0.36495888233184814,0.3897101581096649,0.24533092975616455,HOLD
2330,2026-02-11,2026-02-11T14:30:00+08:00,2026-02-23,1900.0,2026-02-25,2015.0,0.06052631578947376,0.05433106507437424,xgboost,test,2,0.35876742005348206,0.39759179949760437,0.24364079535007477,HOLD
2330,2026-02-23,2026-02-23T14:30:00+08:00,2026-02-24,1915.0,2026-02-26,1995.0,0.04177545691906004,0.03568974263893265,xgboost,test,2,0.4559697210788727,0.3781728148460388,0.16585753858089447,SELL
2330,2026-02-24,2026-02-24T14:30:00+08:00,2026-02-25,1995.0,2026-03-02,1975.0,-0.010025062656641603,-0.015808175104861655,xgboost,test,0,0.4554813802242279,0.31005245447158813,0.23446621000766754,SELL
2330,2026-02-25,2026-02-25T14:30:00+08:00,2026-02-26,2000.0,2026-03-03,1935.0,-0.03249999999999997,-0.03815182115485427,xgboost,test,0,0.28038039803504944,0.538604736328125,0.18101488053798676,HOLD
2330,2026-02-26,2026-02-26T14:30:00+08:00,2026-03-02,1940.0,2026-03-04,1865.0,-0.03865979381443296,-0.0442756314519851,xgboost,test,0,0.40834924578666687,0.38530394434928894,0.206346794962883,SELL
2330,2026-03-02,2026-03-02T14:30:00+08:00,2026-03-03,1970.0,2026-03-05,1900.0,-0.035532994923857864,-0.04116709830623344,xgboost,test,0,0.5120314955711365,0.3539736270904541,0.133994922041893,SELL
2330,2026-03-03,2026-03-03T14:30:00+08:00,2026-03-04,1895.0,2026-03-06,1890.0,-0.0026385224274406704,-0.008464784647576495,xgboost,test,1,0.6338322162628174,0.21261318027973175,0.15355464816093445,SELL
2330,2026-03-04,2026-03-04T14:30:00+08:00,2026-03-05,1940.0,2026-03-09,1810.0,-0.0670103092783505,-0.07246053240112227,xgboost,test,0,0.48448804020881653,0.37344908714294434,0.1420629322528839,SELL
2330,2026-03-05,2026-03-05T14:30:00+08:00,2026-03-06,1880.0,2026-03-10,1850.0,-0.015957446808510634,-0.021705904192908076,xgboost,test,0,0.4586828649044037,0.3132306635379791,0.228086456656456,SELL
2330,2026-03-06,2026-03-06T14:30:00+08:00,2026-03-09,1775.0,2026-03-11,1940.0,0.09295774647887334,0.08657304186604509,xgboost,test,2,0.3888203799724579,0.47993823885917664,0.13124144077301025,HOLD
2330,2026-03-09,2026-03-09T14:30:00+08:00,2026-03-10,1870.0,2026-03-12,1885.0,0.008021390374331583,0.0021328564015530294,xgboost,test,1,0.41921380162239075,0.2730812132358551,0.30770498514175415,SELL
2330,2026-03-10,2026-03-10T14:30:00+08:00,2026-03-11,1885.0,2026-03-13,1865.0,-0.010610079575596787,-0.016389774544748548,xgboost,test,0,0.5143845677375793,0.39068007469177246,0.0949353352189064,SELL
2330,2026-03-11,2026-03-11T14:30:00+08:00,2026-03-12,1900.0,2026-03-16,1845.0,-0.02894736842105261,-0.03461994289716097,xgboost,test,0,0.3788436949253082,0.28795793652534485,0.3331983685493469,SELL
2330,2026-03-12,2026-03-12T14:30:00+08:00,2026-03-13,1840.0,2026-03-17,1870.0,0.016304347826086918,0.010367427502764981,xgboost,test,2,0.40482738614082336,0.30549103021621704,0.289681613445282,SELL
2330,2026-03-13,2026-03-13T14:30:00+08:00,2026-03-16,1875.0,2026-03-18,1905.0,0.016000000000000014,0.010064857577951392,xgboost,test,2,0.32065629959106445,0.580207884311676,0.09913578629493713,HOLD
2330,2026-03-16,2026-03-16T14:30:00+08:00,2026-03-17,1875.0,2026-03-19,1850.0,-0.013333333333333308,-0.01909711993742247,xgboost,test,0,0.35201433300971985,0.46558666229248047,0.18239904940128326,HOLD
2330,2026-03-17,2026-03-17T14:30:00+08:00,2026-03-18,1900.0,2026-03-20,1840.0,-0.03157894736842104,-0.037236149013970876,xgboost,test,0,0.5541491508483887,0.27689290046691895,0.16895796358585358,SELL
2330,2026-03-18,2026-03-18T14:30:00+08:00,2026-03-19,1875.0,2026-03-23,1810.0,-0.03466666666666662,-0.04030583085769446,xgboost,test,0,0.2685225307941437,0.40957364439964294,0.321903795003891,HOLD
2330,2026-03-19,2026-03-19T14:30:00+08:00,2026-03-20,1860.0,2026-03-24,1810.0,-0.026881720430107503,-0.03256636175170813,xgboost,test,0,0.3040059208869934,0.5942307114601135,0.10176335275173187,HOLD
2330,2026-03-20,2026-03-20T14:30:00+08:00,2026-03-23,1790.0,2026-03-25,1845.0,0.030726256983240274,0.024705088544912712,xgboost,test,2,0.36716899275779724,0.3228705823421478,0.30996042490005493,SELL
2330,2026-03-23,2026-03-23T14:30:00+08:00,2026-03-24,1850.0,2026-03-26,1840.0,-0.00540540540540535,-0.011215504392726894,xgboost,test,0,0.31943368911743164,0.41808778047561646,0.2624785006046295,HOLD
2330,2026-03-24,2026-03-24T14:30:00+08:00,2026-03-25,1865.0,2026-03-27,1820.0,-0.024128686327077764,-0.029829409980857702,xgboost,test,0,0.26813870668411255,0.531055748462677,0.20080557465553284,HOLD
2330,2026-03-25,2026-03-25T14:30:00+08:00,2026-03-26,1850.0,2026-03-30,1780.0,-0.037837837837837784,-0.04345847707557282,xgboost,test,0,0.2581195831298828,0.4634281396865845,0.2784523069858551,HOLD
2330,2026-03-26,2026-03-26T14:30:00+08:00,2026-03-27,1805.0,2026-03-31,1760.0,-0.024930747922437657,-0.030626786192556432,xgboost,test,0,0.44852912425994873,0.3489592671394348,0.20251159369945526,SELL
2330,2026-03-27,2026-03-27T14:30:00+08:00,2026-03-30,1780.0,2026-04-01,1855.0,0.042134831460674205,0.036047017831051464,xgboost,test,2,0.33650854229927063,0.38919785618782043,0.2742936313152313,HOLD
2330,2026-03-30,2026-03-30T14:30:00+08:00,2026-03-31,1775.0,2026-04-02,1810.0,0.019718309859154903,0.0137614462770832,xgboost,test,2,0.5224556922912598,0.30174627900123596,0.17579801380634308,SELL
2330,2026-03-31,2026-03-31T14:30:00+08:00,2026-04-01,1840.0,2026-04-07,1860.0,0.010869565217391353,0.004964393131092537,xgboost,test,1,0.46667659282684326,0.39364561438560486,0.13967779278755188,SELL
2330,2026-04-01,2026-04-01T14:30:00+08:00,2026-04-02,1865.0,2026-04-08,1950.0,0.04557640750670244,0.03946848930622382,xgboost,test,2,0.39873436093330383,0.4761188328266144,0.12514686584472656,HOLD
2330,2026-04-02,2026-04-02T14:30:00+08:00,2026-04-07,1850.0,2026-04-09,1955.0,0.05675675675675684,0.05058352658272769,xgboost,test,2,0.5225996971130371,0.2701614797115326,0.2072388082742691,SELL
2330,2026-04-07,2026-04-07T14:30:00+08:00,2026-04-08,1935.0,2026-04-10,2000.0,0.03359173126614978,0.02755382365658643,xgboost,test,2,0.5474257469177246,0.2555680572986603,0.19700616598129272,SELL
2330,2026-04-08,2026-04-08T14:30:00+08:00,2026-04-09,1945.0,2026-04-13,1990.0,0.023136246786632286,0.017159416725767374,xgboost,test,2,0.505097508430481,0.29333528876304626,0.2015671730041504,SELL
2330,2026-04-09,2026-04-09T14:30:00+08:00,2026-04-10,1975.0,2026-04-14,2055.0,0.040506329113924044,0.03442802866674488,xgboost,test,2,0.5710188746452332,0.2865602970123291,0.14242079854011536,SELL
2330,2026-04-10,2026-04-10T14:30:00+08:00,2026-04-13,1985.0,2026-04-15,2080.0,0.04785894206549113,0.041737690038546216,xgboost,test,2,0.3152618706226349,0.5040988922119141,0.18063926696777344,HOLD
2330,2026-04-13,2026-04-13T14:30:00+08:00,2026-04-14,2015.0,2026-04-16,2085.0,0.03473945409429291,0.0286948418602746,xgboost,test,2,0.42005378007888794,0.4379813075065613,0.1419648975133896,HOLD
2330,2026-04-14,2026-04-14T14:30:00+08:00,2026-04-15,2065.0,2026-04-17,2030.0,-0.016949152542372836,-0.022691816703570455,xgboost,test,0,0.49660301208496094,0.2921788692474365,0.21121808886528015,SELL
2330,2026-04-15,2026-04-15T14:30:00+08:00,2026-04-16,2080.0,2026-04-20,2025.0,-0.02644230769230771,-0.03212951592058233,xgboost,test,0,0.3978981673717499,0.27400144934654236,0.32810038328170776,SELL
2330,2026-04-16,2026-04-16T14:30:00+08:00,2026-04-17,2055.0,2026-04-21,2050.0,-0.0024330900243308973,-0.008260552313925862,xgboost,test,1,0.29114004969596863,0.45267683267593384,0.25618308782577515,HOLD
2330,2026-04-17,2026-04-17T14:30:00+08:00,2026-04-20,2030.0,2026-04-22,2050.0,0.009852216748768461,0.003952987682207976,xgboost,test,1,0.37225133180618286,0.46133437752723694,0.1664142906665802,HOLD
2330,2026-04-20,2026-04-20T14:30:00+08:00,2026-04-21,2050.0,2026-04-23,2080.0,0.014634146341463428,0.008706982793421858,xgboost,test,1,0.4093380272388458,0.4495620131492615,0.1410999745130539,HOLD
2330,2026-04-21,2026-04-21T14:30:00+08:00,2026-04-22,2045.0,2026-04-24,2185.0,0.06845965770171158,0.062218062976639565,xgboost,test,2,0.5060584545135498,0.32356390357017517,0.17037764191627502,SELL
2330,2026-04-22,2026-04-22T14:30:00+08:00,2026-04-23,2090.0,2026-04-27,2265.0,0.08373205741626788,0.07740124628624301,xgboost,test,2,0.27701932191848755,0.5493596196174622,0.1736210584640503,HOLD
2330,2026-04-23,2026-04-23T14:30:00+08:00,2026-04-24,2110.0,2026-04-28,2215.0,0.04976303317535535,0.04363065806581079,xgboost,test,2,0.5916376113891602,0.19374799728393555,0.2146143913269043,SELL
2330,2026-04-24,2026-04-24T14:30:00+08:00,2026-04-27,2280.0,2026-04-29,2180.0,-0.04385964912280704,-0.049445110892416766,xgboost,test,0,0.3372595012187958,0.4172852337360382,0.2454553097486496,HOLD
2330,2026-04-27,2026-04-27T14:30:00+08:00,2026-04-28,2245.0,2026-04-30,2135.0,-0.04899777282850781,-0.05455321934617352,xgboost,test,0,0.39110398292541504,0.2737850546836853,0.33511093258857727,SELL
2330,2026-04-28,2026-04-28T14:30:00+08:00,2026-04-29,2175.0,2026-05-04,2275.0,0.04597701149425282,0.03986675309522991,xgboost,test,2,0.5357075333595276,0.2916649878025055,0.1726275235414505,SELL
2330,2026-04-29,2026-04-29T14:30:00+08:00,2026-04-30,2205.0,2026-05-05,2250.0,0.020408163265306145,0.014447269783415706,xgboost,test,2,0.6063308715820312,0.22566629946231842,0.16800284385681152,SELL
2330,2026-04-30,2026-04-30T14:30:00+08:00,2026-05-04,2200.0,2026-05-06,2250.0,0.022727272727272707,0.016752831760196152,xgboost,test,2,0.33477118611335754,0.30956676602363586,0.3556620180606842,BUY
2330,2026-05-04,2026-05-04T14:30:00+08:00,2026-05-05,2250.0,2026-05-07,2310.0,0.026666666666666616,0.02066921303808722,xgboost,test,2,0.6570772528648376,0.19667653739452362,0.1462462693452835,SELL
2330,2026-05-05,2026-05-05T14:30:00+08:00,2026-05-06,2250.0,2026-05-08,2290.0,0.01777777777777767,0.011832250154640622,xgboost,test,2,0.3453591763973236,0.3902364671230316,0.2644043564796448,HOLD
2330,2026-05-06,2026-05-06T14:30:00+08:00,2026-05-07,2335.0,2026-05-11,2235.0,-0.04282655246252676,-0.04841804924770199,xgboost,test,0,0.4628292918205261,0.37703195214271545,0.16013872623443604,SELL
2330,2026-05-07,2026-05-07T14:30:00+08:00,2026-05-08,2300.0,2026-05-12,2255.0,-0.019565217391304346,-0.025292599350273837,xgboost,test,0,0.39151495695114136,0.4071407616138458,0.2013443112373352,HOLD
2330,2026-05-08,2026-05-08T14:30:00+08:00,2026-05-11,2265.0,2026-05-13,2220.0,-0.019867549668874163,-0.02559316550075086,xgboost,test,0,0.41678521037101746,0.42780160903930664,0.15541313588619232,HOLD
2330,2026-05-11,2026-05-11T14:30:00+08:00,2026-05-12,2235.0,2026-05-14,2270.0,0.015659955257270708,0.009726799266302821,xgboost,test,1,0.5100352764129639,0.2890974283218384,0.20086729526519775,SELL
2330,2026-05-12,2026-05-12T14:30:00+08:00,2026-05-13,2205.0,2026-05-15,2265.0,0.027210884353741527,0.021210251581971873,xgboost,test,2,0.26460281014442444,0.5369882583618164,0.19840890169143677,HOLD
2330,2026-05-13,2026-05-13T14:30:00+08:00,2026-05-14,2250.0,2026-05-18,2240.0,-0.004444444444444473,-0.010260157053975871,xgboost,test,0,0.5018202662467957,0.2908450663089752,0.20733463764190674,SELL
2330,2026-05-14,2026-05-14T14:30:00+08:00,2026-05-15,2310.0,2026-05-19,2205.0,-0.045454545454545414,-0.05103069035715013,xgboost,test,0,0.4072227478027344,0.3979851007461548,0.19479216635227203,SELL
2330,2026-05-15,2026-05-15T14:30:00+08:00,2026-05-18,2225.0,2026-05-20,2185.0,-0.017977528089887618,-0.02371418481472909,xgboost,test,0,0.37516260147094727,0.20228661596775055,0.4225507974624634,BUY
2330,2026-05-18,2026-05-18T14:30:00+08:00,2026-05-19,2220.0,2026-05-21,2230.0,0.0045045045045044585,-0.001363484961857231,xgboost,test,1,0.26465973258018494,0.5436695218086243,0.191670760512352,HOLD
2330,2026-05-19,2026-05-19T14:30:00+08:00,2026-05-20,2205.0,2026-05-22,2255.0,0.0226757369614512,0.01670159704960117,xgboost,test,2,0.40731728076934814,0.458816796541214,0.13386589288711548,HOLD
2330,2026-05-20,2026-05-20T14:30:00+08:00,2026-05-21,2240.0,2026-05-25,2310.0,0.03125,0.025225772024864535,xgboost,test,2,0.38571426272392273,0.4487777650356293,0.165507972240448,HOLD
2330,2026-05-21,2026-05-21T14:30:00+08:00,2026-05-22,2245.0,2026-05-26,2270.0,0.011135857461024523,0.00522912978182033,xgboost,test,1,0.5406489372253418,0.2922361493110657,0.16711488366127014,SELL
2330,2026-05-22,2026-05-22T14:30:00+08:00,2026-05-25,2275.0,2026-05-27,2300.0,0.01098901098901095,0.005083141139260894,xgboost,test,1,0.2777549922466278,0.5268640518188477,0.19538098573684692,HOLD
2330,2026-05-25,2026-05-25T14:30:00+08:00,2026-05-26,2320.0,2026-05-28,2295.0,-0.010775862068965525,-0.016554588590568686,xgboost,test,0,0.26203659176826477,0.4573149085044861,0.28064844012260437,HOLD
2330,2026-05-26,2026-05-26T14:30:00+08:00,2026-05-27,2310.0,2026-05-29,2355.0,0.01948051948051943,0.013525044992703572,xgboost,test,2,0.4135923981666565,0.42875444889068604,0.15765319764614105,HOLD
2330,2026-05-27,2026-05-27T14:30:00+08:00,2026-05-28,2350.0,2026-06-01,2355.0,0.0021276595744681437,-0.0037264451348320016,xgboost,test,1,0.3125460743904114,0.5326423048973083,0.15481163561344147,HOLD
2330,2026-05-28,2026-05-28T14:30:00+08:00,2026-05-29,2340.0,2026-06-02,2380.0,0.017094017094017033,0.011152483778990918,xgboost,test,2,0.6372575163841248,0.2418384701013565,0.12090405821800232,SELL
2330,2026-05-29,2026-05-29T14:30:00+08:00,2026-06-01,2355.0,2026-06-03,2425.0,0.02972399150743099,0.023708677978890647,xgboost,test,2,0.390801340341568,0.41666728258132935,0.19253140687942505,HOLD
2330,2026-06-01,2026-06-01T14:30:00+08:00,2026-06-02,2390.0,2026-06-04,2385.0,-0.0020920502092049986,-0.007921504742770757,xgboost,test,1,0.30210208892822266,0.6136729121208191,0.08422498404979706,HOLD
2330,2026-06-02,2026-06-02T14:30:00+08:00,2026-06-03,2425.0,2026-06-05,2365.0,-0.024742268041237137,-0.030439407349681424,xgboost,test,0,0.4553341269493103,0.4051424264907837,0.13952341675758362,SELL
2330,2026-06-03,2026-06-03T14:30:00+08:00,2026-06-04,2385.0,2026-06-08,2295.0,-0.037735849056603765,-0.0433570840797145,xgboost,test,0,0.4067167639732361,0.4185490608215332,0.1747342050075531,HOLD
2330,2026-06-04,2026-06-04T14:30:00+08:00,2026-06-05,2395.0,2026-06-09,2305.0,-0.0375782881002088,-0.0432004435433162,xgboost,test,0,0.3111814856529236,0.5655276775360107,0.12329083681106567,HOLD
2330,2026-06-05,2026-06-05T14:30:00+08:00,2026-06-08,2230.0,2026-06-10,2255.0,0.011210762331838486,0.005303597082677358,xgboost,test,1,0.38803723454475403,0.40138792991638184,0.21057485044002533,HOLD
2330,2026-06-08,2026-06-08T14:30:00+08:00,2026-06-09,2305.0,2026-06-11,2250.0,-0.02386117136659438,-0.029563457755995115,xgboost,test,0,0.47235652804374695,0.4541577398777008,0.07348572462797165,SELL
2330,2026-06-09,2026-06-09T14:30:00+08:00,2026-06-10,2285.0,2026-06-12,2310.0,0.010940919037199182,0.005035330125031434,xgboost,test,1,0.4265581965446472,0.4015269875526428,0.17191481590270996,SELL
2330,2026-06-10,2026-06-10T14:30:00+08:00,2026-06-11,2240.0,2026-06-15,2375.0,0.060267857142857206,0.05407411625933034,xgboost,test,2,0.3858673870563507,0.4088333547115326,0.2052992582321167,HOLD
2330,2026-06-11,2026-06-11T14:30:00+08:00,2026-06-12,2325.0,2026-06-16,2400.0,0.032258064516129004,0.026227947755094183,xgboost,test,2,0.3336074948310852,0.47604289650917053,0.19034962356090546,HOLD
2330,2026-06-12,2026-06-12T14:30:00+08:00,2026-06-15,2360.0,2026-06-17,2385.0,0.010593220338983134,0.004689662569821174,xgboost,test,1,0.39507192373275757,0.45460590720176697,0.15032215416431427,HOLD
2330,2026-06-15,2026-06-15T14:30:00+08:00,2026-06-16,2375.0,2026-06-18,2410.0,0.01473684210526316,0.008809078641882628,xgboost,test,1,0.4554516077041626,0.4054687023162842,0.13907967507839203,SELL
2330,2026-06-16,2026-06-16T14:30:00+08:00,2026-06-17,2355.0,2026-06-22,2510.0,0.06581740976645434,0.059591250196707524,xgboost,test,2,0.2837226688861847,0.39724570512771606,0.31903162598609924,HOLD
2330,2026-06-17,2026-06-17T14:30:00+08:00,2026-06-18,2395.0,2026-06-23,2490.0,0.039665970772442494,0.033592579426092284,xgboost,test,2,0.3021318316459656,0.32693690061569214,0.3709312975406647,BUY
2330,2026-06-18,2026-06-18T14:30:00+08:00,2026-06-22,2455.0,2026-06-24,2390.0,-0.02647657841140527,-0.032163586441256053,xgboost,test,0,0.4454478919506073,0.4399896562099457,0.11456242948770523,SELL
2330,2026-06-22,2026-06-22T14:30:00+08:00,2026-06-23,2510.0,2026-06-25,2390.0,-0.047808764940239,-0.05337115725628838,xgboost,test,0,0.4718465507030487,0.34978359937667847,0.17836984992027283,SELL
2330,2026-06-23,2026-06-23T14:30:00+08:00,2026-06-24,2435.0,2026-06-26,2340.0,-0.03901437371663241,-0.044628140013417306,xgboost,test,0,0.36929333209991455,0.3995770812034607,0.23112952709197998,HOLD
2330,2026-06-24,2026-06-24T14:30:00+08:00,2026-06-25,2410.0,2026-06-29,2370.0,-0.016597510373444035,-0.022342228714124057,xgboost,test,0,0.45688551664352417,0.32773908972740173,0.2153753787279129,SELL
2330,2026-06-25,2026-06-25T14:30:00+08:00,2026-06-26,2360.0,2026-06-30,2410.0,0.021186440677966045,0.015221000751894698,xgboost,test,2,0.3669664263725281,0.5088186860084534,0.12421492487192154,HOLD
2412,2026-01-02,2026-01-02T13:30:00+08:00,2026-01-05,131.5,2026-01-07,133.0,0.011406844106463865,0.005498533411181894,xgboost,test,1,0.552283763885498,0.3577343821525574,0.08998182415962219,SELL
2412,2026-01-05,2026-01-05T13:30:00+08:00,2026-01-06,133.0,2026-01-08,133.5,0.003759398496240518,-0.002104238302524153,xgboost,test,1,0.289699912071228,0.6213849782943726,0.08891507238149643,HOLD
2412,2026-01-06,2026-01-06T13:30:00+08:00,2026-01-07,132.0,2026-01-09,133.5,0.011363636363636465,0.005455578073972012,xgboost,test,1,0.3280256986618042,0.5260541439056396,0.14592017233371735,HOLD
2412,2026-01-07,2026-01-07T13:30:00+08:00,2026-01-08,133.0,2026-01-12,133.5,0.003759398496240518,-0.002104238302524153,xgboost,test,1,0.2874777913093567,0.508987307548523,0.20353491604328156,HOLD
2412,2026-01-08,2026-01-08T13:30:00+08:00,2026-01-09,133.0,2026-01-13,133.5,0.003759398496240518,-0.002104238302524153,xgboost,test,1,0.4862290322780609,0.43070822954177856,0.08306276798248291,SELL
2412,2026-01-09,2026-01-09T13:30:00+08:00,2026-01-12,133.0,2026-01-14,133.0,0.0,-0.005841675612252573,xgboost,test,1,0.3355318605899811,0.4899364709854126,0.17453160881996155,HOLD
2412,2026-01-12,2026-01-12T13:30:00+08:00,2026-01-13,133.5,2026-01-15,133.5,0.0,-0.005841675612252462,xgboost,test,1,0.28131115436553955,0.5647116303443909,0.15397725999355316,HOLD
2412,2026-01-13,2026-01-13T13:30:00+08:00,2026-01-14,133.5,2026-01-16,133.0,-0.0037453183520599342,-0.009565115029435134,xgboost,test,1,0.3698841631412506,0.4892497658729553,0.14086611568927765,HOLD
2412,2026-01-14,2026-01-14T13:30:00+08:00,2026-01-15,133.5,2026-01-19,134.0,0.0037453183520599342,-0.0021182361950699002,xgboost,test,1,0.35924413800239563,0.5226073861122131,0.11814846098423004,HOLD
2412,2026-01-15,2026-01-15T13:30:00+08:00,2026-01-16,133.5,2026-01-20,133.0,-0.0037453183520599342,-0.009565115029435134,xgboost,test,1,0.4818105697631836,0.33949360251426697,0.17869578301906586,SELL
2412,2026-01-16,2026-01-16T13:30:00+08:00,2026-01-19,133.5,2026-01-21,133.0,-0.0037453183520599342,-0.009565115029435134,xgboost,test,1,0.2982061207294464,0.46859458088874817,0.23319925367832184,HOLD
2412,2026-01-19,2026-01-19T13:30:00+08:00,2026-01-20,133.5,2026-01-22,133.0,-0.0037453183520599342,-0.009565115029435134,xgboost,test,1,0.2680245041847229,0.6309394240379333,0.10103604942560196,HOLD
2412,2026-01-20,2026-01-20T13:30:00+08:00,2026-01-21,133.5,2026-01-23,134.0,0.0037453183520599342,-0.0021182361950699002,xgboost,test,1,0.2984064221382141,0.505452036857605,0.19614152610301971,HOLD
2412,2026-01-21,2026-01-21T13:30:00+08:00,2026-01-22,133.0,2026-01-26,134.0,0.007518796992481258,0.0016331990072042668,xgboost,test,1,0.36047953367233276,0.5143964886665344,0.12512394785881042,HOLD
2412,2026-01-22,2026-01-22T13:30:00+08:00,2026-01-23,133.5,2026-01-27,133.0,-0.0037453183520599342,-0.009565115029435134,xgboost,test,1,0.3694537281990051,0.4998730719089508,0.13067322969436646,HOLD
2412,2026-01-23,2026-01-23T13:30:00+08:00,2026-01-26,134.0,2026-01-28,133.5,-0.003731343283582045,-0.009551221598773973,xgboost,test,1,0.3629237711429596,0.5115875005722046,0.125488743185997,HOLD
2412,2026-01-26,2026-01-26T13:30:00+08:00,2026-01-27,134.0,2026-01-29,133.5,-0.003731343283582045,-0.009551221598773973,xgboost,test,1,0.2813599705696106,0.5904309749603271,0.12820903956890106,HOLD
2412,2026-01-27,2026-01-27T13:30:00+08:00,2026-01-28,133.5,2026-01-30,133.5,0.0,-0.005841675612252462,xgboost,test,1,0.45719942450523376,0.4708464443683624,0.0719541534781456,HOLD
2412,2026-01-28,2026-01-28T13:30:00+08:00,2026-01-29,133.5,2026-02-02,133.0,-0.0037453183520599342,-0.009565115029435134,xgboost,test,1,0.5283574461936951,0.3735859990119934,0.09805654734373093,SELL
2412,2026-01-29,2026-01-29T13:30:00+08:00,2026-01-30,133.5,2026-02-03,133.5,0.0,-0.005841675612252462,xgboost,test,1,0.6121330857276917,0.2552763521671295,0.13259056210517883,SELL
2412,2026-01-30,2026-01-30T13:30:00+08:00,2026-02-02,134.0,2026-02-04,133.0,-0.007462686567164201,-0.013260767585295596,xgboost,test,0,0.32125261425971985,0.5131926536560059,0.1655547022819519,HOLD
2412,2026-02-02,2026-02-02T13:30:00+08:00,2026-02-03,133.5,2026-02-05,132.5,-0.0074906367041198685,-0.013288554446617584,xgboost,test,0,0.4840252101421356,0.345304012298584,0.1706707626581192,SELL
2412,2026-02-03,2026-02-03T13:30:00+08:00,2026-02-04,133.5,2026-02-06,133.0,-0.0037453183520599342,-0.009565115029435134,xgboost,test,1,0.34116119146347046,0.581627607345581,0.0772111788392067,HOLD
2412,2026-02-04,2026-02-04T13:30:00+08:00,2026-02-05,133.0,2026-02-09,132.0,-0.007518796992481258,-0.013316550231709412,xgboost,test,0,0.31308844685554504,0.5828472971916199,0.1040642261505127,HOLD
2412,2026-02-05,2026-02-05T13:30:00+08:00,2026-02-06,132.5,2026-02-10,132.5,0.0,-0.005841675612252573,xgboost,test,1,0.31591737270355225,0.5705055594444275,0.11357709020376205,HOLD
2412,2026-02-06,2026-02-06T13:30:00+08:00,2026-02-09,133.0,2026-02-11,133.0,0.0,-0.005841675612252573,xgboost,test,1,0.3578179180622101,0.4952908158302307,0.14689132571220398,HOLD
2412,2026-02-09,2026-02-09T13:30:00+08:00,2026-02-10,132.0,2026-02-23,135.0,0.022727272727272707,0.016752831760196374,xgboost,test,2,0.28974953293800354,0.5093454718589783,0.200904980301857,HOLD
2412,2026-02-10,2026-02-10T13:30:00+08:00,2026-02-11,133.5,2026-02-24,135.5,0.014981273408239737,0.009052082056477673,xgboost,test,1,0.35653162002563477,0.557099461555481,0.08636890351772308,HOLD
2412,2026-02-11,2026-02-11T13:30:00+08:00,2026-02-23,134.0,2026-02-25,136.0,0.014925373134328401,0.008996508333833253,xgboost,test,1,0.30099597573280334,0.453054815530777,0.24594923853874207,HOLD
2412,2026-02-23,2026-02-23T13:30:00+08:00,2026-02-24,134.5,2026-02-26,134.0,-0.0037174721189591198,-0.009537431464995194,xgboost,test,1,0.257561057806015,0.6779307126998901,0.06450828164815903,HOLD
2412,2026-02-24,2026-02-24T13:30:00+08:00,2026-02-25,135.0,2026-03-02,138.0,0.022222222222222143,0.016250731596364032,xgboost,test,2,0.3391346037387848,0.4721534252166748,0.18871191143989563,HOLD
2412,2026-02-25,2026-02-25T13:30:00+08:00,2026-02-26,136.0,2026-03-03,138.0,0.014705882352941124,0.008778299746390772,xgboost,test,1,0.3580428957939148,0.5136058330535889,0.12835128605365753,HOLD
2412,2026-02-26,2026-02-26T13:30:00+08:00,2026-03-02,135.0,2026-03-04,135.5,0.0037037037037037646,-0.002159607744149805,xgboost,test,1,0.4819411635398865,0.35580623149871826,0.16225267946720123,SELL
2412,2026-03-02,2026-03-02T13:30:00+08:00,2026-03-03,137.5,2026-03-05,137.0,-0.0036363636363636598,-0.009456796791844413,xgboost,test,1,0.48753035068511963,0.31548812985420227,0.1969815045595169,SELL
2412,2026-03-03,2026-03-03T13:30:00+08:00,2026-03-04,137.0,2026-03-06,136.5,-0.0036496350364964014,-0.009469990664762618,xgboost,test,1,0.35134240984916687,0.583254873752594,0.06540275365114212,HOLD
2412,2026-03-04,2026-03-04T13:30:00+08:00,2026-03-05,136.5,2026-03-09,136.0,-0.00366300366300365,-0.009483281196090432,xgboost,test,1,0.3962653577327728,0.5086015462875366,0.09513308107852936,HOLD
2412,2026-03-05,2026-03-05T13:30:00+08:00,2026-03-06,136.5,2026-03-10,135.0,-0.01098901098901095,-0.01676649236376626,xgboost,test,0,0.13410668075084686,0.6652875542640686,0.20060579478740692,HOLD
2412,2026-03-06,2026-03-06T13:30:00+08:00,2026-03-09,134.5,2026-03-11,135.5,0.0074349442379182396,0.0015498360932324484,xgboost,test,1,0.28246790170669556,0.5776134133338928,0.13991865515708923,HOLD
2412,2026-03-09,2026-03-09T13:30:00+08:00,2026-03-10,137.0,2026-03-12,136.0,-0.007299270072992692,-0.013098305717272551,xgboost,test,0,0.5093011260032654,0.43147051334381104,0.059228360652923584,SELL
2412,2026-03-10,2026-03-10T13:30:00+08:00,2026-03-11,136.0,2026-03-13,136.0,0.0,-0.005841675612252573,xgboost,test,1,0.5118626356124878,0.27308765053749084,0.21504971385002136,SELL
2412,2026-03-11,2026-03-11T13:30:00+08:00,2026-03-12,135.0,2026-03-16,136.5,0.011111111111111072,0.005204527992055619,xgboost,test,1,0.3795838952064514,0.40406858921051025,0.21634751558303833,HOLD
2412,2026-03-12,2026-03-12T13:30:00+08:00,2026-03-13,136.0,2026-03-17,137.0,0.007352941176470562,0.0014683120670690997,xgboost,test,1,0.44720935821533203,0.40752190351486206,0.1452687829732895,SELL
2412,2026-03-13,2026-03-13T13:30:00+08:00,2026-03-16,136.5,2026-03-18,137.5,0.0073260073260073,0.0014415355554231457,xgboost,test,1,0.4269369840621948,0.46636220812797546,0.10670075565576553,HOLD
2412,2026-03-16,2026-03-16T13:30:00+08:00,2026-03-17,137.0,2026-03-19,135.5,-0.010948905109489093,-0.016726620769782707,xgboost,test,0,0.2918824553489685,0.5339785218238831,0.17413900792598724,HOLD
2412,2026-03-17,2026-03-17T13:30:00+08:00,2026-03-18,137.5,2026-03-20,134.0,-0.025454545454545507,-0.031147523869395344,xgboost,test,0,0.42903780937194824,0.3668428361415863,0.20411932468414307,SELL
2412,2026-03-18,2026-03-18T13:30:00+08:00,2026-03-19,137.0,2026-03-23,134.0,-0.021897810218978075,-0.02761156592731262,xgboost,test,0,0.3499404191970825,0.43286967277526855,0.21718992292881012,HOLD
2412,2026-03-19,2026-03-19T13:30:00+08:00,2026-03-20,136.0,2026-03-24,134.0,-0.014705882352941124,-0.020461650970895917,xgboost,test,0,0.2985091507434845,0.5331971645355225,0.16829369962215424,HOLD
2412,2026-03-20,2026-03-20T13:30:00+08:00,2026-03-23,133.0,2026-03-25,135.0,0.015037593984962516,0.009108073626660884,xgboost,test,1,0.3006709814071655,0.5843529105186462,0.11497613787651062,HOLD
2412,2026-03-23,2026-03-23T13:30:00+08:00,2026-03-24,134.0,2026-03-26,134.5,0.003731343283582156,-0.0021321296257312827,xgboost,test,1,0.18007858097553253,0.6453821659088135,0.1745392084121704,HOLD
2412,2026-03-24,2026-03-24T13:30:00+08:00,2026-03-25,135.5,2026-03-27,134.0,-0.011070110701106972,-0.016847118317651955,xgboost,test,0,0.2929843068122864,0.4840356409549713,0.2229800522327423,HOLD
2412,2026-03-26,2026-03-26T13:30:00+08:00,2026-03-27,134.5,2026-03-31,133.0,-0.01115241635687736,-0.016928943170480326,xgboost,test,0,0.2507767677307129,0.6446455121040344,0.10457772761583328,HOLD
2412,2026-03-27,2026-03-27T13:30:00+08:00,2026-03-30,133.5,2026-04-01,134.0,0.0037453183520599342,-0.0021182361950699002,xgboost,test,1,0.35988375544548035,0.39017874002456665,0.2499375343322754,HOLD
2412,2026-03-30,2026-03-30T13:30:00+08:00,2026-03-31,133.5,2026-04-02,134.0,0.0037453183520599342,-0.0021182361950699002,xgboost,test,1,0.23308615386486053,0.5904437303543091,0.17647014558315277,HOLD
2412,2026-03-31,2026-03-31T13:30:00+08:00,2026-04-01,134.0,2026-04-07,134.0,0.0,-0.005841675612252684,xgboost,test,1,0.3828262686729431,0.4533372223377228,0.16383658349514008,HOLD
2412,2026-04-01,2026-04-01T13:30:00+08:00,2026-04-02,134.5,2026-04-08,134.0,-0.0037174721189591198,-0.009537431464995194,xgboost,test,1,0.3508455753326416,0.48715972900390625,0.16199462115764618,HOLD
2412,2026-04-02,2026-04-02T13:30:00+08:00,2026-04-07,134.0,2026-04-09,135.0,0.00746268656716409,0.0015774163607902292,xgboost,test,1,0.44899651408195496,0.35944586992263794,0.1915576010942459,SELL
2412,2026-04-07,2026-04-07T13:30:00+08:00,2026-04-08,134.5,2026-04-10,135.5,0.0074349442379182396,0.0015498360932324484,xgboost,test,1,0.4561544954776764,0.3843068480491638,0.15953871607780457,SELL
2412,2026-04-08,2026-04-08T13:30:00+08:00,2026-04-09,134.0,2026-04-13,134.5,0.003731343283582156,-0.0021321296257312827,xgboost,test,1,0.1867874562740326,0.39254119992256165,0.42067134380340576,BUY
2412,2026-04-09,2026-04-09T13:30:00+08:00,2026-04-10,135.0,2026-04-14,135.0,0.0,-0.005841675612252573,xgboost,test,1,0.2967938482761383,0.4638296961784363,0.23937642574310303,HOLD
2412,2026-04-10,2026-04-10T13:30:00+08:00,2026-04-13,135.0,2026-04-15,135.5,0.0037037037037037646,-0.002159607744149805,xgboost,test,1,0.4492703080177307,0.3722844123840332,0.17844533920288086,SELL
2412,2026-04-13,2026-04-13T13:30:00+08:00,2026-04-14,135.0,2026-04-16,136.5,0.011111111111111072,0.005204527992055619,xgboost,test,1,0.30758029222488403,0.4271629750728607,0.26525676250457764,HOLD
2412,2026-04-14,2026-04-14T13:30:00+08:00,2026-04-15,135.0,2026-04-17,137.5,0.0185185185185186,0.012568663728261154,xgboost,test,2,0.3590882420539856,0.491107314825058,0.14980445802211761,HOLD
2412,2026-04-15,2026-04-15T13:30:00+08:00,2026-04-16,136.0,2026-04-20,137.0,0.007352941176470562,0.0014683120670690997,xgboost,test,1,0.3916662335395813,0.5029391646385193,0.1053946316242218,HOLD
2412,2026-04-16,2026-04-16T13:30:00+08:00,2026-04-17,137.0,2026-04-21,137.0,0.0,-0.005841675612252462,xgboost,test,1,0.2813377380371094,0.5083945393562317,0.21026767790317535,HOLD
2412,2026-04-17,2026-04-17T13:30:00+08:00,2026-04-20,137.5,2026-04-22,136.5,-0.0072727272727273196,-0.013071917971436364,xgboost,test,0,0.3341074287891388,0.49024856090545654,0.17564399540424347,HOLD
2412,2026-04-20,2026-04-20T13:30:00+08:00,2026-04-21,137.5,2026-04-23,136.0,-0.010909090909090868,-0.016687039151028094,xgboost,test,0,0.36950406432151794,0.45076990127563477,0.1797259896993637,HOLD
2412,2026-04-21,2026-04-21T13:30:00+08:00,2026-04-22,137.5,2026-04-24,135.5,-0.014545454545454528,-0.020302160330619934,xgboost,test,0,0.3647497892379761,0.4096030294895172,0.2256472110748291,HOLD
2412,2026-04-22,2026-04-22T13:30:00+08:00,2026-04-23,136.0,2026-04-27,137.0,0.007352941176470562,0.0014683120670690997,xgboost,test,1,0.34690821170806885,0.39326682686805725,0.2598249912261963,HOLD
2412,2026-04-23,2026-04-23T13:30:00+08:00,2026-04-24,136.0,2026-04-28,137.0,0.007352941176470562,0.0014683120670690997,xgboost,test,1,0.43721362948417664,0.42143315076828003,0.14135318994522095,SELL
2412,2026-04-24,2026-04-24T13:30:00+08:00,2026-04-27,135.0,2026-04-29,136.5,0.011111111111111072,0.005204527992055619,xgboost,test,1,0.43916159868240356,0.46870407462120056,0.0921342596411705,HOLD
2412,2026-04-27,2026-04-27T13:30:00+08:00,2026-04-28,137.5,2026-04-30,136.0,-0.010909090909090868,-0.016687039151028094,xgboost,test,0,0.3171145021915436,0.41833898425102234,0.2645465135574341,HOLD
2412,2026-04-28,2026-04-28T13:30:00+08:00,2026-04-29,137.5,2026-05-04,135.5,-0.014545454545454528,-0.020302160330619934,xgboost,test,0,0.24268391728401184,0.566504716873169,0.19081133604049683,HOLD
2412,2026-04-29,2026-04-29T13:30:00+08:00,2026-04-30,136.0,2026-05-05,136.0,0.0,-0.005841675612252573,xgboost,test,1,0.3819452226161957,0.45107579231262207,0.16697894036769867,HOLD
2412,2026-04-30,2026-04-30T13:30:00+08:00,2026-05-04,137.0,2026-05-06,136.0,-0.007299270072992692,-0.013098305717272551,xgboost,test,0,0.18977506458759308,0.6471722722053528,0.16305269300937653,HOLD
2412,2026-05-04,2026-05-04T13:30:00+08:00,2026-05-05,135.5,2026-05-07,135.5,0.0,-0.005841675612252573,xgboost,test,1,0.38380900025367737,0.45895901322364807,0.15723192691802979,HOLD
2412,2026-05-05,2026-05-05T13:30:00+08:00,2026-05-06,137.0,2026-05-08,136.5,-0.0036496350364964014,-0.009469990664762618,xgboost,test,1,0.3680029511451721,0.514001190662384,0.11799581348896027,HOLD
2412,2026-05-06,2026-05-06T13:30:00+08:00,2026-05-07,135.5,2026-05-11,135.5,0.0,-0.005841675612252573,xgboost,test,1,0.2891927659511566,0.5158596038818359,0.19494765996932983,HOLD
2412,2026-05-07,2026-05-07T13:30:00+08:00,2026-05-08,136.0,2026-05-12,135.5,-0.003676470588235281,-0.00949666945191352,xgboost,test,1,0.45106765627861023,0.4556654691696167,0.09326684474945068,HOLD
2412,2026-05-08,2026-05-08T13:30:00+08:00,2026-05-11,136.5,2026-05-13,137.5,0.0073260073260073,0.0014415355554231457,xgboost,test,1,0.4328394830226898,0.46338117122650146,0.10377927869558334,HOLD
2412,2026-05-11,2026-05-11T13:30:00+08:00,2026-05-12,135.5,2026-05-14,137.5,0.014760147601476037,0.008832247994946751,xgboost,test,1,0.35937830805778503,0.4906564950942993,0.14996522665023804,HOLD
2412,2026-05-12,2026-05-12T13:30:00+08:00,2026-05-13,136.5,2026-05-15,138.0,0.01098901098901095,0.005083141139261116,xgboost,test,1,0.4255460500717163,0.4457440972328186,0.1287098079919815,HOLD
2412,2026-05-13,2026-05-13T13:30:00+08:00,2026-05-14,136.5,2026-05-18,137.0,0.00366300366300365,-0.0022000700284146024,xgboost,test,1,0.22408553957939148,0.5490007400512695,0.22691376507282257,HOLD
2412,2026-05-14,2026-05-14T13:30:00+08:00,2026-05-15,137.5,2026-05-19,142.5,0.036363636363636376,0.030309536183665386,xgboost,test,2,0.32660940289497375,0.4438885748386383,0.22950199246406555,HOLD
2412,2026-05-15,2026-05-15T13:30:00+08:00,2026-05-18,138.0,2026-05-20,139.0,0.007246376811594235,0.0013623702166443152,xgboost,test,1,0.40651530027389526,0.3211570382118225,0.27232763171195984,SELL
2412,2026-05-18,2026-05-18T13:30:00+08:00,2026-05-19,137.0,2026-05-21,137.5,0.0036496350364962904,-0.0022133605597425277,xgboost,test,1,0.33856672048568726,0.4722041189670563,0.18922914564609528,HOLD
2412,2026-05-19,2026-05-19T13:30:00+08:00,2026-05-20,142.5,2026-05-22,137.0,-0.038596491228070184,-0.04421269865879707,xgboost,test,0,0.38834649324417114,0.39615294337272644,0.21550051867961884,HOLD
2412,2026-05-20,2026-05-20T13:30:00+08:00,2026-05-21,139.0,2026-05-25,136.5,-0.017985611510791366,-0.02372222101490984,xgboost,test,0,0.4917796552181244,0.37080660462379456,0.13741376996040344,SELL
2412,2026-05-21,2026-05-21T13:30:00+08:00,2026-05-22,137.5,2026-05-26,136.0,-0.010909090909090868,-0.016687039151028094,xgboost,test,0,0.42098721861839294,0.38871753215789795,0.1902952492237091,SELL
2412,2026-05-22,2026-05-22T13:30:00+08:00,2026-05-25,137.5,2026-05-27,137.0,-0.0036363636363636598,-0.009456796791844413,xgboost,test,1,0.3188438415527344,0.4707592725753784,0.2103969007730484,HOLD
2412,2026-05-25,2026-05-25T13:30:00+08:00,2026-05-26,136.5,2026-05-28,136.5,0.0,-0.005841675612252684,xgboost,test,1,0.25504177808761597,0.5336797833442688,0.21127840876579285,HOLD
2412,2026-05-26,2026-05-26T13:30:00+08:00,2026-05-27,137.0,2026-05-29,137.0,0.0,-0.005841675612252462,xgboost,test,1,0.3331742584705353,0.38491570949554443,0.28191009163856506,HOLD
2412,2026-05-27,2026-05-27T13:30:00+08:00,2026-05-28,137.0,2026-06-01,140.5,0.025547445255474477,0.019556529755317742,xgboost,test,2,0.2660631537437439,0.47300460934638977,0.26093220710754395,HOLD
2412,2026-05-28,2026-05-28T13:30:00+08:00,2026-05-29,137.5,2026-06-02,142.0,0.032727272727272716,0.026694415004073546,xgboost,test,2,0.2702227234840393,0.5135773420333862,0.21619996428489685,HOLD
2412,2026-05-29,2026-05-29T13:30:00+08:00,2026-06-01,137.0,2026-06-03,141.0,0.029197080291970767,0.023184844807827565,xgboost,test,2,0.2751002609729767,0.4840944707393646,0.24080529808998108,HOLD
2412,2026-06-01,2026-06-01T13:30:00+08:00,2026-06-02,140.0,2026-06-04,141.5,0.010714285714285676,0.004810020720473318,xgboost,test,1,0.26978713274002075,0.4194117486476898,0.3108011782169342,HOLD
2412,2026-06-02,2026-06-02T13:30:00+08:00,2026-06-03,142.0,2026-06-05,141.0,-0.007042253521126751,-0.012842790572729745,xgboost,test,0,0.3534197211265564,0.29358452558517456,0.35299572348594666,SELL
2412,2026-06-03,2026-06-03T13:30:00+08:00,2026-06-04,141.0,2026-06-08,138.5,-0.01773049645390068,-0.023468596257425478,xgboost,test,0,0.34273573756217957,0.3805212080478668,0.2767430245876312,HOLD
2412,2026-06-04,2026-06-04T13:30:00+08:00,2026-06-05,141.0,2026-06-09,142.0,0.007092198581560183,0.0012090926458163676,xgboost,test,1,0.4285655617713928,0.3020310401916504,0.2694033980369568,SELL
2412,2026-06-05,2026-06-05T13:30:00+08:00,2026-06-08,139.5,2026-06-10,144.0,0.032258064516129004,0.02622794775509396,xgboost,test,2,0.4006299078464508,0.43761852383613586,0.1617516130208969,HOLD
2412,2026-06-08,2026-06-08T13:30:00+08:00,2026-06-09,138.0,2026-06-11,145.0,0.050724637681159424,0.04458664519002453,xgboost,test,2,0.3180992007255554,0.44893860816955566,0.23296217620372772,HOLD
2412,2026-06-09,2026-06-09T13:30:00+08:00,2026-06-10,141.5,2026-06-12,145.0,0.02473498233215543,0.01874881297684361,xgboost,test,2,0.5741471648216248,0.30418992042541504,0.12166285514831543,SELL
2412,2026-06-10,2026-06-10T13:30:00+08:00,2026-06-11,144.0,2026-06-15,145.5,0.01041666666666674,0.004514140266786537,xgboost,test,1,0.3701741397380829,0.4404318332672119,0.1893940269947052,HOLD
2412,2026-06-11,2026-06-11T13:30:00+08:00,2026-06-12,145.0,2026-06-16,146.5,0.010344827586206806,0.00444272084693087,xgboost,test,1,0.3946686387062073,0.37545907497406006,0.22987231612205505,SELL
2412,2026-06-12,2026-06-12T13:30:00+08:00,2026-06-15,146.0,2026-06-17,145.5,-0.003424657534246589,-0.009246327408101052,xgboost,test,1,0.4248593747615814,0.36667749285697937,0.2084631323814392,SELL
2412,2026-06-15,2026-06-15T13:30:00+08:00,2026-06-16,146.0,2026-06-18,144.0,-0.013698630136986356,-0.01946028279564649,xgboost,test,0,0.38537177443504333,0.5269802212715149,0.08764803409576416,HOLD
2412,2026-06-16,2026-06-16T13:30:00+08:00,2026-06-17,145.5,2026-06-22,144.5,-0.0068728522336769515,-0.012674378872649328,xgboost,test,0,0.33668434619903564,0.40260595083236694,0.2607097625732422,HOLD
2412,2026-06-17,2026-06-17T13:30:00+08:00,2026-06-18,145.0,2026-06-23,144.0,-0.006896551724137945,-0.012697939918374979,xgboost,test,0,0.38135743141174316,0.4141082763671875,0.20453424751758575,HOLD
2412,2026-06-18,2026-06-18T13:30:00+08:00,2026-06-22,144.0,2026-06-24,143.5,-0.00347222222222221,-0.009293614238598757,xgboost,test,1,0.3294466435909271,0.5156562924385071,0.15489709377288818,HOLD
2412,2026-06-22,2026-06-22T13:30:00+08:00,2026-06-23,145.0,2026-06-25,144.0,-0.006896551724137945,-0.012697939918374979,xgboost,test,0,0.3326485753059387,0.4657469689846039,0.20160439610481262,HOLD
2412,2026-06-23,2026-06-23T13:30:00+08:00,2026-06-24,143.5,2026-06-26,143.0,-0.0034843205574912606,-0.009305641899317929,xgboost,test,1,0.2897135019302368,0.36333099007606506,0.34695544838905334,HOLD
2412,2026-06-24,2026-06-24T13:30:00+08:00,2026-06-25,144.0,2026-06-29,142.0,-0.01388888888888884,-0.019649430117637978,xgboost,test,0,0.33433640003204346,0.4127674400806427,0.25289615988731384,HOLD
2412,2026-06-25,2026-06-25T13:30:00+08:00,2026-06-26,144.0,2026-06-30,141.5,-0.01736111111111116,-0.023101368743984163,xgboost,test,0,0.3750491440296173,0.21111714839935303,0.41383370757102966,BUY
2881,2026-01-02,2026-01-02T13:30:00+08:00,2026-01-05,95.6,2026-01-07,96.1,0.0052301255230124966,-0.0006421027859567774,xgboost,test,1,0.3034210503101349,0.25740668177604675,0.43917229771614075,BUY
2881,2026-01-05,2026-01-05T13:30:00+08:00,2026-01-06,97.3,2026-01-08,97.0,-0.0030832476875641834,-0.008906911966993891,xgboost,test,1,0.44453296065330505,0.2123115360736847,0.34315553307533264,SELL
2881,2026-01-06,2026-01-06T13:30:00+08:00,2026-01-07,96.5,2026-01-09,95.5,-0.010362694300518172,-0.0161438344141982,xgboost,test,0,0.40588903427124023,0.2775775194168091,0.3165333867073059,SELL
2881,2026-01-07,2026-01-07T13:30:00+08:00,2026-01-08,96.3,2026-01-12,95.0,-0.01349948078920038,-0.01926229681374858,xgboost,test,0,0.3559674918651581,0.32349658012390137,0.32053595781326294,SELL
2881,2026-01-08,2026-01-08T13:30:00+08:00,2026-01-09,97.0,2026-01-13,94.2,-0.028865979381443307,-0.034539029305919566,xgboost,test,0,0.2701309621334076,0.267261803150177,0.4626072347164154,BUY
2881,2026-01-09,2026-01-09T13:30:00+08:00,2026-01-12,95.6,2026-01-14,93.8,-0.01882845188284521,-0.024560137786917124,xgboost,test,0,0.3066960871219635,0.1533559411764145,0.5399479866027832,BUY
2881,2026-01-12,2026-01-12T13:30:00+08:00,2026-01-13,95.2,2026-01-15,94.1,-0.011554621848739566,-0.017328799108329518,xgboost,test,0,0.27274125814437866,0.3188297748565674,0.40842896699905396,BUY
2881,2026-01-13,2026-01-13T13:30:00+08:00,2026-01-14,94.5,2026-01-16,95.0,0.005291005291005346,-0.0005815786578201587,xgboost,test,1,0.3534785211086273,0.19753125309944153,0.44899025559425354,BUY
2881,2026-01-14,2026-01-14T13:30:00+08:00,2026-01-15,94.6,2026-01-19,95.0,0.0042283298097252064,-0.0016380463336573836,xgboost,test,1,0.3320378363132477,0.3133713901042938,0.3545907735824585,BUY
2881,2026-01-15,2026-01-15T13:30:00+08:00,2026-01-16,94.6,2026-01-20,94.0,-0.006342494714587699,-0.012147119530145134,xgboost,test,0,0.2615087032318115,0.2975330650806427,0.4409582316875458,BUY
2881,2026-01-16,2026-01-16T13:30:00+08:00,2026-01-19,94.4,2026-01-21,93.0,-0.014830508474576343,-0.020585549067155595,xgboost,test,0,0.43661826848983765,0.23417355120182037,0.3292081356048584,SELL
2881,2026-01-19,2026-01-19T13:30:00+08:00,2026-01-20,94.9,2026-01-22,93.0,-0.020021074815595452,-0.025745793803366612,xgboost,test,0,0.24157413840293884,0.35192570090293884,0.4065001904964447,BUY
2881,2026-01-20,2026-01-20T13:30:00+08:00,2026-01-21,93.7,2026-01-23,93.5,-0.002134471718249764,-0.007963678439120714,xgboost,test,1,0.25140053033828735,0.2376849353313446,0.5109145045280457,BUY
2881,2026-01-21,2026-01-21T13:30:00+08:00,2026-01-22,93.7,2026-01-26,93.2,-0.005336179295624355,-0.011146682679422981,xgboost,test,0,0.4344192147254944,0.30123111605644226,0.26434969902038574,SELL
2881,2026-01-22,2026-01-22T13:30:00+08:00,2026-01-23,93.7,2026-01-27,92.4,-0.01387406616862319,-0.019634693986895768,xgboost,test,0,0.4329912066459656,0.2613353729248047,0.30567339062690735,SELL
2881,2026-01-23,2026-01-23T13:30:00+08:00,2026-01-26,93.5,2026-01-28,92.5,-0.010695187165775444,-0.016474384963993227,xgboost,test,0,0.4261303246021271,0.2535540461540222,0.3203155994415283,SELL
2881,2026-01-26,2026-01-26T13:30:00+08:00,2026-01-27,93.5,2026-01-29,92.3,-0.012834224598930466,-0.018600926834341447,xgboost,test,0,0.427712619304657,0.2189788520336151,0.3533085584640503,SELL
2881,2026-01-27,2026-01-27T13:30:00+08:00,2026-01-28,92.9,2026-01-30,90.9,-0.02152852529601723,-0.027244438247080227,xgboost,test,0,0.28579986095428467,0.38485187292099,0.32934823632240295,HOLD
2881,2026-01-28,2026-01-28T13:30:00+08:00,2026-01-29,92.1,2026-02-02,90.5,-0.017372421281215966,-0.02311261284374433,xgboost,test,0,0.4444182515144348,0.2458820641040802,0.309699684381485,SELL
2881,2026-01-29,2026-01-29T13:30:00+08:00,2026-01-30,92.2,2026-02-03,91.8,-0.004338394793926281,-0.010154726911114853,xgboost,test,0,0.3303147256374359,0.2988542318344116,0.37083104252815247,BUY
2881,2026-01-30,2026-01-30T13:30:00+08:00,2026-02-02,91.5,2026-02-04,92.7,0.013114754098360715,0.007196466346931052,xgboost,test,1,0.32535454630851746,0.3441818654537201,0.33046361804008484,HOLD
2881,2026-02-02,2026-02-02T13:30:00+08:00,2026-02-03,91.6,2026-02-05,93.5,0.020742358078602585,0.01477951233902175,xgboost,test,2,0.408145546913147,0.3315868079662323,0.26026761531829834,SELL
2881,2026-02-03,2026-02-03T13:30:00+08:00,2026-02-04,91.7,2026-02-06,92.4,0.007633587786259666,0.0017473192304018337,xgboost,test,1,0.39141955971717834,0.311800479888916,0.29677993059158325,SELL
2881,2026-02-04,2026-02-04T13:30:00+08:00,2026-02-05,92.8,2026-02-09,93.8,0.010775862068965525,0.004871237366063763,xgboost,test,1,0.38070136308670044,0.20312471687793732,0.4161739647388458,BUY
2881,2026-02-05,2026-02-05T13:30:00+08:00,2026-02-06,92.7,2026-02-10,94.5,0.01941747572815533,0.013462369521489936,xgboost,test,2,0.22314424812793732,0.3880396783351898,0.3888160288333893,BUY
2881,2026-02-06,2026-02-06T13:30:00+08:00,2026-02-09,93.0,2026-02-11,95.2,0.023655913978494647,0.017676048190468308,xgboost,test,2,0.2802582085132599,0.31065040826797485,0.40909138321876526,BUY
2881,2026-02-09,2026-02-09T13:30:00+08:00,2026-02-10,94.2,2026-02-23,95.7,0.015923566878981,0.00998887095443135,xgboost,test,1,0.4030286967754364,0.28587907552719116,0.31109219789505005,SELL
2881,2026-02-10,2026-02-10T13:30:00+08:00,2026-02-11,95.0,2026-02-24,94.1,-0.009473684210526412,-0.015260017632768075,xgboost,test,0,0.306771844625473,0.14971554279327393,0.5435126423835754,BUY
2881,2026-02-11,2026-02-11T13:30:00+08:00,2026-02-23,96.5,2026-02-25,92.9,-0.03730569948186524,-0.04292944729925663,xgboost,test,0,0.38939589262008667,0.24352391064167023,0.3670801818370819,SELL
2881,2026-02-23,2026-02-23T13:30:00+08:00,2026-02-24,95.8,2026-02-26,94.2,-0.01670146137787054,-0.02244557247050305,xgboost,test,0,0.4160492420196533,0.3426632583141327,0.2412874549627304,SELL
2881,2026-02-24,2026-02-24T13:30:00+08:00,2026-02-25,94.0,2026-03-02,93.0,-0.010638297872340385,-0.016417827999356205,xgboost,test,0,0.3887785077095032,0.21698978543281555,0.3942316770553589,BUY
2881,2026-02-25,2026-02-25T13:30:00+08:00,2026-02-26,92.9,2026-03-03,93.1,0.002152852529601512,-0.003701399348770007,xgboost,test,1,0.46316197514533997,0.2842678427696228,0.25257015228271484,SELL
2881,2026-02-26,2026-02-26T13:30:00+08:00,2026-03-02,94.2,2026-03-04,89.8,-0.04670912951167738,-0.05227794554119214,xgboost,test,0,0.3320375084877014,0.2079314887523651,0.4600309729576111,BUY
2881,2026-03-02,2026-03-02T13:30:00+08:00,2026-03-03,92.7,2026-03-05,90.5,-0.02373247033441206,-0.02943550855349364,xgboost,test,0,0.444769024848938,0.23518912494182587,0.32004183530807495,SELL
2881,2026-03-03,2026-03-03T13:30:00+08:00,2026-03-04,92.2,2026-03-06,88.8,-0.03687635574837311,-0.04250261165258162,xgboost,test,0,0.49272727966308594,0.1907413750886917,0.31653138995170593,SELL
2881,2026-03-04,2026-03-04T13:30:00+08:00,2026-03-05,90.8,2026-03-09,87.2,-0.03964757709251099,-0.045257644420577336,xgboost,test,0,0.42816513776779175,0.3484773635864258,0.2233574539422989,SELL
2881,2026-03-05,2026-03-05T13:30:00+08:00,2026-03-06,89.8,2026-03-10,88.3,-0.016703786191536785,-0.022447883703361926,xgboost,test,0,0.1804945021867752,0.3576408326625824,0.4618646800518036,BUY
2881,2026-03-06,2026-03-06T13:30:00+08:00,2026-03-09,84.0,2026-03-11,89.2,0.06190476190476191,0.05570145875460808,xgboost,test,2,0.37637439370155334,0.16052104532718658,0.46310457587242126,BUY
2881,2026-03-09,2026-03-09T13:30:00+08:00,2026-03-10,88.7,2026-03-12,89.4,0.007891770011273946,0.002003993238609114,xgboost,test,1,0.4963860809803009,0.19686323404312134,0.30675068497657776,SELL
2881,2026-03-10,2026-03-10T13:30:00+08:00,2026-03-11,88.0,2026-03-13,88.1,0.001136363636363491,-0.004711950243630136,xgboost,test,1,0.3012586534023285,0.4401082396507263,0.2586330771446228,HOLD
2881,2026-03-11,2026-03-11T13:30:00+08:00,2026-03-12,88.0,2026-03-16,88.8,0.009090909090909038,0.003196127336726917,xgboost,test,1,0.2532086968421936,0.2570279836654663,0.4897632896900177,BUY
2881,2026-03-12,2026-03-12T13:30:00+08:00,2026-03-13,88.5,2026-03-17,89.8,0.014689265536723228,0.008761780000222652,xgboost,test,1,0.1818023920059204,0.4216730296611786,0.3965246081352234,HOLD
2881,2026-03-13,2026-03-13T13:30:00+08:00,2026-03-16,89.1,2026-03-18,89.5,0.004489337822671136,-0.0013785630448552855,xgboost,test,1,0.3602832853794098,0.5161516666412354,0.12356502562761307,HOLD
2881,2026-03-16,2026-03-16T13:30:00+08:00,2026-03-17,89.5,2026-03-19,88.2,-0.014525139664804398,-0.02028196412291261,xgboost,test,0,0.28801098465919495,0.24327045679092407,0.4687184989452362,BUY
2881,2026-03-17,2026-03-17T13:30:00+08:00,2026-03-18,90.9,2026-03-20,88.6,-0.025302530253025424,-0.030996396691370554,xgboost,test,0,0.5272177457809448,0.27943041920661926,0.19335180521011353,SELL
2881,2026-03-18,2026-03-18T13:30:00+08:00,2026-03-19,89.0,2026-03-23,86.8,-0.024719101123595544,-0.03041637576565759,xgboost,test,0,0.43916547298431396,0.17213453352451324,0.388700008392334,SELL
2881,2026-03-19,2026-03-19T13:30:00+08:00,2026-03-20,87.5,2026-03-24,87.1,-0.004571428571428671,-0.010386399380882372,xgboost,test,0,0.26483193039894104,0.4784712791442871,0.2566968500614166,HOLD
2881,2026-03-20,2026-03-20T13:30:00+08:00,2026-03-23,85.8,2026-03-25,88.8,0.034965034965035,0.02891910496074579,xgboost,test,2,0.2954481542110443,0.34266722202301025,0.36188459396362305,BUY
2881,2026-03-23,2026-03-23T13:30:00+08:00,2026-03-24,87.3,2026-03-26,88.6,0.014891179839633395,0.0089625147852741,xgboost,test,1,0.18335922062397003,0.3389785587787628,0.47766220569610596,BUY
2881,2026-03-24,2026-03-24T13:30:00+08:00,2026-03-25,89.2,2026-03-27,87.7,-0.01681614349775784,-0.02255958465464747,xgboost,test,0,0.1668318659067154,0.6349580883979797,0.1982099860906601,HOLD
2881,2026-03-25,2026-03-25T13:30:00+08:00,2026-03-26,89.2,2026-03-30,86.4,-0.03139013452914796,-0.037048439158056334,xgboost,test,0,0.33511778712272644,0.29639890789985657,0.3684833347797394,BUY
2881,2026-03-26,2026-03-26T13:30:00+08:00,2026-03-27,87.8,2026-03-31,86.0,-0.02050113895216399,-0.026223053560976206,xgboost,test,0,0.49506014585494995,0.1777496039867401,0.32719019055366516,SELL
2881,2026-03-27,2026-03-27T13:30:00+08:00,2026-03-30,86.2,2026-04-01,87.8,0.01856148491879339,0.012611379132763778,xgboost,test,2,0.32845115661621094,0.3259669244289398,0.34558191895484924,BUY
2881,2026-03-30,2026-03-30T13:30:00+08:00,2026-03-31,85.8,2026-04-02,87.8,0.02331002331002341,0.01733217810307952,xgboost,test,2,0.21022966504096985,0.2819743752479553,0.5077959895133972,BUY
2881,2026-03-31,2026-03-31T13:30:00+08:00,2026-04-01,87.6,2026-04-07,87.7,0.0011415525114155667,-0.00470679168030308,xgboost,test,1,0.2492484748363495,0.3167797029018402,0.4339717924594879,BUY
2881,2026-04-01,2026-04-01T13:30:00+08:00,2026-04-02,88.1,2026-04-08,89.2,0.012485811577752637,0.006571197904507109,xgboost,test,1,0.33821457624435425,0.3012959063053131,0.36048948764801025,BUY
2881,2026-04-02,2026-04-02T13:30:00+08:00,2026-04-07,87.9,2026-04-09,88.5,0.0068259385665527805,0.000944388035445165,xgboost,test,1,0.3487139642238617,0.28508344292640686,0.36620259284973145,BUY
2881,2026-04-07,2026-04-07T13:30:00+08:00,2026-04-08,89.2,2026-04-10,87.6,-0.017937219730941756,-0.023674111924140484,xgboost,test,0,0.3013797402381897,0.3035956621170044,0.3950245976448059,BUY
2881,2026-04-08,2026-04-08T13:30:00+08:00,2026-04-09,89.2,2026-04-13,86.7,-0.028026905829596438,-0.03370485734957729,xgboost,test,0,0.2205355316400528,0.31093692779541016,0.46852749586105347,BUY
2881,2026-04-09,2026-04-09T13:30:00+08:00,2026-04-10,87.5,2026-04-14,87.6,0.0011428571428571122,-0.004705494670095289,xgboost,test,1,0.31555184721946716,0.44564029574394226,0.23880787193775177,HOLD
2881,2026-04-10,2026-04-10T13:30:00+08:00,2026-04-13,87.5,2026-04-15,87.5,0.0,-0.005841675612252573,xgboost,test,1,0.24336077272891998,0.29262635111808777,0.46401289105415344,BUY
2881,2026-04-13,2026-04-13T13:30:00+08:00,2026-04-14,86.7,2026-04-16,87.9,0.01384083044982698,0.007918301195882327,xgboost,test,1,0.27847447991371155,0.31371116638183594,0.4078143835067749,BUY
2881,2026-04-14,2026-04-14T13:30:00+08:00,2026-04-15,88.0,2026-04-17,88.0,0.0,-0.005841675612252462,xgboost,test,1,0.45883190631866455,0.32003334164619446,0.221134752035141,SELL
2881,2026-04-15,2026-04-15T13:30:00+08:00,2026-04-16,87.3,2026-04-20,87.2,-0.001145475372279381,-0.006980459488985402,xgboost,test,1,0.350982129573822,0.296057790517807,0.35296007990837097,BUY
2881,2026-04-16,2026-04-16T13:30:00+08:00,2026-04-17,88.0,2026-04-21,87.7,-0.003409090909090917,-0.009230851718119881,xgboost,test,1,0.2919849753379822,0.3346290588378906,0.3733859360218048,BUY
2881,2026-04-17,2026-04-17T13:30:00+08:00,2026-04-20,87.9,2026-04-22,88.3,0.004550625711035261,-0.0013176331804539698,xgboost,test,1,0.40525758266448975,0.2529968321323395,0.3417455852031708,SELL
2881,2026-04-20,2026-04-20T13:30:00+08:00,2026-04-21,88.1,2026-04-23,88.3,0.002270147559591429,-0.0035847895182961054,xgboost,test,1,0.34347429871559143,0.30653250217437744,0.34999316930770874,BUY
2881,2026-04-21,2026-04-21T13:30:00+08:00,2026-04-22,87.8,2026-04-24,87.8,0.0,-0.005841675612252462,xgboost,test,1,0.28766298294067383,0.338339239358902,0.3739977777004242,BUY
2881,2026-04-22,2026-04-22T13:30:00+08:00,2026-04-23,88.2,2026-04-27,87.9,-0.003401360544217691,-0.009223166511530656,xgboost,test,1,0.27196621894836426,0.3564833998680115,0.3715503513813019,BUY
2881,2026-04-23,2026-04-23T13:30:00+08:00,2026-04-24,88.2,2026-04-28,88.6,0.0045351473922901064,-0.0013330210798819797,xgboost,test,1,0.2931366264820099,0.3062286376953125,0.4006347358226776,BUY
2881,2026-04-24,2026-04-24T13:30:00+08:00,2026-04-27,87.5,2026-04-29,91.3,0.04342857142857137,0.03733320018972952,xgboost,test,2,0.28635188937187195,0.3230645954608917,0.3905835449695587,BUY
2881,2026-04-27,2026-04-27T13:30:00+08:00,2026-04-28,88.5,2026-04-30,90.0,0.016949152542372836,0.0110084654790652,xgboost,test,2,0.3346739709377289,0.35405024886131287,0.31127575039863586,HOLD
2881,2026-04-28,2026-04-28T13:30:00+08:00,2026-04-29,89.4,2026-05-04,91.0,0.017897091722594904,0.011950867106096164,xgboost,test,2,0.35761189460754395,0.25170814990997314,0.3906799554824829,BUY
2881,2026-04-29,2026-04-29T13:30:00+08:00,2026-04-30,90.4,2026-05-05,92.2,0.019911504424778625,0.013953512262724788,xgboost,test,2,0.2838217616081238,0.3820791244506836,0.3340991735458374,HOLD
2881,2026-04-30,2026-04-30T13:30:00+08:00,2026-05-04,91.8,2026-05-06,92.8,0.01089324618736387,0.00498793576452039,xgboost,test,1,0.6456752419471741,0.15634150803089142,0.1979832649230957,SELL
2881,2026-05-04,2026-05-04T13:30:00+08:00,2026-05-05,91.5,2026-05-07,94.5,0.032786885245901676,0.026753679285706378,xgboost,test,2,0.4155034124851227,0.16223809123039246,0.4222584664821625,BUY
2881,2026-05-05,2026-05-05T13:30:00+08:00,2026-05-06,93.0,2026-05-08,96.7,0.03978494623655915,0.033710859874141796,xgboost,test,2,0.4583233594894409,0.2643086612224579,0.2773679792881012,SELL
2881,2026-05-06,2026-05-06T13:30:00+08:00,2026-05-07,93.3,2026-05-11,95.5,0.023579849946409492,0.017600428499784382,xgboost,test,2,0.4053030014038086,0.2544468641281128,0.3402501344680786,SELL
2881,2026-05-07,2026-05-07T13:30:00+08:00,2026-05-08,94.5,2026-05-12,93.7,-0.008465608465608399,-0.014257830739344723,xgboost,test,0,0.2730851173400879,0.4307006299495697,0.2962143123149872,HOLD
2881,2026-05-08,2026-05-08T13:30:00+08:00,2026-05-11,96.7,2026-05-13,94.7,-0.020682523267838704,-0.026403378288317736,xgboost,test,0,0.42531514167785645,0.26372215151786804,0.3109627366065979,SELL
2881,2026-05-11,2026-05-11T13:30:00+08:00,2026-05-12,96.0,2026-05-14,94.6,-0.014583333333333393,-0.02033981784290717,xgboost,test,0,0.3746747374534607,0.31319743394851685,0.3121277987957001,SELL
2881,2026-05-12,2026-05-12T13:30:00+08:00,2026-05-13,93.5,2026-05-15,96.1,0.027807486631016065,0.02180336870227295,xgboost,test,2,0.3199830651283264,0.384488046169281,0.2955288589000702,HOLD
2881,2026-05-13,2026-05-13T13:30:00+08:00,2026-05-14,93.9,2026-05-18,95.2,0.013844515441959526,0.007921964661486092,xgboost,test,1,0.26332396268844604,0.4456845223903656,0.29099151492118835,HOLD
2881,2026-05-14,2026-05-14T13:30:00+08:00,2026-05-15,96.5,2026-05-19,97.2,0.007253886010362809,0.0013698355491094105,xgboost,test,1,0.39793670177459717,0.4032873809337616,0.19877590239048004,HOLD
2881,2026-05-15,2026-05-15T13:30:00+08:00,2026-05-18,96.3,2026-05-20,95.8,-0.005192107995846351,-0.01100345299744332,xgboost,test,0,0.49820196628570557,0.19998382031917572,0.3018142580986023,SELL
2881,2026-05-18,2026-05-18T13:30:00+08:00,2026-05-19,95.7,2026-05-21,96.1,0.004179728317659226,-0.0016863639115723972,xgboost,test,1,0.34957006573677063,0.32567453384399414,0.32475537061691284,SELL
2881,2026-05-19,2026-05-19T13:30:00+08:00,2026-05-20,97.1,2026-05-22,95.1,-0.02059732234809475,-0.026318675084708754,xgboost,test,0,0.44758713245391846,0.23907966911792755,0.3133332431316376,SELL
2881,2026-05-20,2026-05-20T13:30:00+08:00,2026-05-21,96.5,2026-05-25,97.7,0.012435233160621895,0.006520914950082224,xgboost,test,1,0.2622095048427582,0.4549734592437744,0.282817006111145,HOLD
2881,2026-05-21,2026-05-21T13:30:00+08:00,2026-05-22,95.4,2026-05-26,103.5,0.08490566037735836,0.07856799343953713,xgboost,test,2,0.42358723282814026,0.39904364943504333,0.1773691326379776,SELL
2881,2026-05-22,2026-05-22T13:30:00+08:00,2026-05-25,95.4,2026-05-27,110.0,0.1530398322851152,0.14630414761689936,xgboost,test,2,0.4041232168674469,0.42210426926612854,0.17377252876758575,HOLD
2881,2026-05-25,2026-05-25T13:30:00+08:00,2026-05-26,97.8,2026-05-28,110.0,0.12474437627811863,0.11817398448519656,xgboost,test,2,0.2555849254131317,0.23993849754333496,0.5044765472412109,BUY
2881,2026-05-26,2026-05-26T13:30:00+08:00,2026-05-27,104.5,2026-05-29,110.0,0.05263157894736836,0.04648244672394464,xgboost,test,2,0.2880103886127472,0.1688663214445114,0.5431232452392578,BUY
2881,2026-05-27,2026-05-27T13:30:00+08:00,2026-05-28,110.0,2026-06-01,110.5,0.00454545454545463,-0.0013227741377628277,xgboost,test,1,0.5553552508354187,0.198386088013649,0.2462586760520935,SELL
2881,2026-05-28,2026-05-28T13:30:00+08:00,2026-05-29,110.5,2026-06-02,113.5,0.02714932126696823,0.02114904812678131,xgboost,test,2,0.37243589758872986,0.1332685351371765,0.49429550766944885,BUY
2881,2026-05-29,2026-05-29T13:30:00+08:00,2026-06-01,109.5,2026-06-03,113.0,0.03196347031963476,0.02593507448233301,xgboost,test,2,0.5173236727714539,0.3546140491962433,0.12806223332881927,SELL
2881,2026-06-01,2026-06-01T13:30:00+08:00,2026-06-02,110.5,2026-06-04,114.0,0.03167420814479649,0.02564750208328692,xgboost,test,2,0.3042651116847992,0.3922724723815918,0.3034624457359314,HOLD
2881,2026-06-02,2026-06-02T13:30:00+08:00,2026-06-03,115.5,2026-06-05,118.0,0.02164502164502169,0.015676902837698847,xgboost,test,2,0.3769998550415039,0.33863192796707153,0.2843681871891022,SELL
2881,2026-06-03,2026-06-03T13:30:00+08:00,2026-06-04,113.5,2026-06-08,116.0,0.022026431718061623,0.016056084836816753,xgboost,test,2,0.487041175365448,0.20715638995170593,0.30580246448516846,SELL
2881,2026-06-04,2026-06-04T13:30:00+08:00,2026-06-05,114.0,2026-06-09,125.0,0.09649122807017552,0.09008588200410883,xgboost,test,2,0.3695054054260254,0.36158302426338196,0.26891157031059265,SELL
2881,2026-06-05,2026-06-05T13:30:00+08:00,2026-06-08,112.0,2026-06-10,122.5,0.09375,0.08736066729909875,xgboost,test,2,0.3627465069293976,0.3255234658718109,0.3117299973964691,SELL
2881,2026-06-08,2026-06-08T13:30:00+08:00,2026-06-09,115.0,2026-06-11,125.5,0.09130434782608687,0.084929301831846,xgboost,test,2,0.33491051197052,0.238928884267807,0.4261605739593506,BUY
2881,2026-06-09,2026-06-09T13:30:00+08:00,2026-06-10,124.0,2026-06-12,122.0,-0.016129032258064502,-0.02187648729592584,xgboost,test,0,0.4349254071712494,0.3165290355682373,0.2485455870628357,SELL
2881,2026-06-10,2026-06-10T13:30:00+08:00,2026-06-11,125.0,2026-06-15,127.5,0.020000000000000018,0.014041490875502438,xgboost,test,2,0.22289426624774933,0.36892271041870117,0.4081830680370331,BUY
2881,2026-06-11,2026-06-11T13:30:00+08:00,2026-06-12,127.0,2026-06-16,132.0,0.03937007874015741,0.03329841589907612,xgboost,test,2,0.33803221583366394,0.4222594201564789,0.23970834910869598,HOLD
2881,2026-06-12,2026-06-12T13:30:00+08:00,2026-06-15,126.0,2026-06-17,135.5,0.07539682539682535,0.06911470598841074,xgboost,test,2,0.49430301785469055,0.33750489354133606,0.1681920439004898,SELL
2881,2026-06-15,2026-06-15T13:30:00+08:00,2026-06-16,128.5,2026-06-18,138.0,0.07392996108949412,0.0676564106265305,xgboost,test,2,0.18891824781894684,0.6520795822143555,0.15900219976902008,HOLD
2881,2026-06-16,2026-06-16T13:30:00+08:00,2026-06-17,133.0,2026-06-22,138.5,0.041353383458646586,0.03527013479475949,xgboost,test,2,0.38568663597106934,0.42817991971969604,0.186133474111557,HOLD
2881,2026-06-17,2026-06-17T13:30:00+08:00,2026-06-18,137.0,2026-06-23,137.5,0.0036496350364962904,-0.0022133605597425277,xgboost,test,1,0.3469408452510834,0.38054439425468445,0.27251479029655457,HOLD
2881,2026-06-18,2026-06-18T13:30:00+08:00,2026-06-22,139.5,2026-06-24,134.5,-0.03584229390681004,-0.04147459046486013,xgboost,test,0,0.3410569429397583,0.37158453464508057,0.28735852241516113,HOLD
2881,2026-06-22,2026-06-22T13:30:00+08:00,2026-06-23,137.0,2026-06-25,136.0,-0.007299270072992692,-0.013098305717272551,xgboost,test,0,0.3738308548927307,0.4608570635318756,0.16531206667423248,HOLD
2881,2026-06-23,2026-06-23T13:30:00+08:00,2026-06-24,135.5,2026-06-26,134.0,-0.011070110701106972,-0.016847118317651955,xgboost,test,0,0.7089391350746155,0.2128443717956543,0.0782165378332138,SELL
2881,2026-06-24,2026-06-24T13:30:00+08:00,2026-06-25,133.5,2026-06-29,128.5,-0.03745318352059923,-0.0430760697840783,xgboost,test,0,0.44550013542175293,0.3021678328514099,0.25233206152915955,SELL
2881,2026-06-25,2026-06-25T13:30:00+08:00,2026-06-26,136.0,2026-06-30,129.5,-0.047794117647058876,-0.05335659552784344,xgboost,test,0,0.3405904769897461,0.3183916211128235,0.3410179018974304,BUY
2882,2026-01-02,2026-01-02T13:30:00+08:00,2026-01-05,75.0,2026-01-07,75.6,0.008000000000000007,0.0021115909828492985,xgboost,test,1,0.6898433566093445,0.20962537825107574,0.10053122788667679,SELL
2882,2026-01-05,2026-01-05T13:30:00+08:00,2026-01-06,76.1,2026-01-08,76.4,0.003942181340341744,-0.001922523216505656,xgboost,test,1,0.5077683925628662,0.17260195314884186,0.31962963938713074,SELL
2882,2026-01-06,2026-01-06T13:30:00+08:00,2026-01-07,76.5,2026-01-09,75.9,-0.007843137254901933,-0.013638995803529008,xgboost,test,0,0.27963438630104065,0.2291674017906189,0.49119824171066284,BUY
2882,2026-01-07,2026-01-07T13:30:00+08:00,2026-01-08,75.6,2026-01-12,76.1,0.006613756613756516,0.000733445580788139,xgboost,test,1,0.4154205918312073,0.20832818746566772,0.3762512803077698,SELL
2882,2026-01-08,2026-01-08T13:30:00+08:00,2026-01-09,76.5,2026-01-13,77.4,0.011764705882353121,0.005854304674662192,xgboost,test,1,0.35338711738586426,0.26342761516571045,0.3831852376461029,BUY
2882,2026-01-09,2026-01-09T13:30:00+08:00,2026-01-12,76.4,2026-01-14,74.7,-0.022251308900523625,-0.027962999584231096,xgboost,test,0,0.14638811349868774,0.4318615198135376,0.42175036668777466,HOLD
2882,2026-01-12,2026-01-12T13:30:00+08:00,2026-01-13,76.2,2026-01-15,75.2,-0.013123359580052507,-0.018888372782695617,xgboost,test,0,0.48725226521492004,0.25558874011039734,0.2571589946746826,SELL
2882,2026-01-13,2026-01-13T13:30:00+08:00,2026-01-14,77.5,2026-01-16,76.2,-0.01677419354838705,-0.022517879763272908,xgboost,test,0,0.4064425230026245,0.30011898279190063,0.29343855381011963,SELL
2882,2026-01-14,2026-01-14T13:30:00+08:00,2026-01-15,74.9,2026-01-19,77.4,0.03337783711615483,0.027341179006830973,xgboost,test,2,0.28045156598091125,0.22147490084171295,0.4980735182762146,BUY
2882,2026-01-15,2026-01-15T13:30:00+08:00,2026-01-16,75.6,2026-01-20,76.6,0.013227513227513255,0.007308566773828851,xgboost,test,1,0.4608682692050934,0.28452080488204956,0.25461092591285706,SELL
2882,2026-01-16,2026-01-16T13:30:00+08:00,2026-01-19,76.2,2026-01-21,75.7,-0.006561679790026198,-0.012365024197474095,xgboost,test,0,0.3179013729095459,0.27770838141441345,0.40439024567604065,BUY
2882,2026-01-19,2026-01-19T13:30:00+08:00,2026-01-20,76.9,2026-01-22,75.6,-0.016905071521456594,-0.022647993189678917,xgboost,test,0,0.46074649691581726,0.25182807445526123,0.2874254286289215,SELL
2882,2026-01-20,2026-01-20T13:30:00+08:00,2026-01-21,76.6,2026-01-23,76.6,0.0,-0.005841675612252573,xgboost,test,1,0.32751983404159546,0.2335384488105774,0.43894174695014954,BUY
2882,2026-01-21,2026-01-21T13:30:00+08:00,2026-01-22,76.0,2026-01-26,77.1,0.014473684210526194,0.008547458030201627,xgboost,test,1,0.21198953688144684,0.4646000266075134,0.32341039180755615,HOLD
2882,2026-01-22,2026-01-22T13:30:00+08:00,2026-01-23,75.9,2026-01-27,75.9,0.0,-0.005841675612252684,xgboost,test,1,0.3625643849372864,0.2226337045431137,0.4148019254207611,BUY
2882,2026-01-23,2026-01-23T13:30:00+08:00,2026-01-26,76.6,2026-01-28,75.8,-0.010443864229764954,-0.016224530175048768,xgboost,test,0,0.37490972876548767,0.4412693977355957,0.1838209182024002,HOLD
2882,2026-01-26,2026-01-26T13:30:00+08:00,2026-01-27,77.0,2026-01-29,76.4,-0.007792207792207684,-0.013588363854234897,xgboost,test,0,0.4669288694858551,0.25589558482170105,0.27717551589012146,SELL
2882,2026-01-27,2026-01-27T13:30:00+08:00,2026-01-28,76.1,2026-01-30,75.4,-0.009198423127463662,-0.014986364535661378,xgboost,test,0,0.4158270061016083,0.2695906162261963,0.3145824372768402,SELL
2882,2026-01-28,2026-01-28T13:30:00+08:00,2026-01-29,75.4,2026-02-02,74.3,-0.01458885941644572,-0.02034531164443465,xgboost,test,0,0.4170167148113251,0.30960971117019653,0.273373544216156,SELL
2882,2026-01-29,2026-01-29T13:30:00+08:00,2026-01-30,76.1,2026-02-03,74.7,-0.018396846254927657,-0.024131053459070295,xgboost,test,0,0.4457955062389374,0.2951667606830597,0.25903773307800293,SELL
2882,2026-01-30,2026-01-30T13:30:00+08:00,2026-02-02,75.7,2026-02-04,76.2,0.006605019815059343,0.0007247598196347127,xgboost,test,1,0.30387479066848755,0.3889088034629822,0.30721643567085266,HOLD
2882,2026-02-02,2026-02-02T13:30:00+08:00,2026-02-03,74.9,2026-02-05,76.0,0.014686248331108098,0.008758780420144108,xgboost,test,1,0.33034008741378784,0.2584743797779083,0.4111855626106262,BUY
2882,2026-02-03,2026-02-03T13:30:00+08:00,2026-02-04,75.0,2026-02-06,75.7,0.009333333333333416,0.003437135415366388,xgboost,test,1,0.25590676069259644,0.3462522625923157,0.3978410065174103,BUY
2882,2026-02-04,2026-02-04T13:30:00+08:00,2026-02-05,75.8,2026-02-09,77.2,0.018469656992084582,0.012520087635014665,xgboost,test,2,0.3552722632884979,0.2380014806985855,0.40672627091407776,BUY
2882,2026-02-05,2026-02-05T13:30:00+08:00,2026-02-06,75.9,2026-02-10,77.9,0.026350461133069825,0.020354854674644596,xgboost,test,2,0.25810787081718445,0.43572431802749634,0.3061677813529968,HOLD
2882,2026-02-06,2026-02-06T13:30:00+08:00,2026-02-09,76.2,2026-02-11,78.8,0.034120734908136496,0.02807973703089872,xgboost,test,2,0.27153855562210083,0.4854864180088043,0.24297499656677246,HOLD
2882,2026-02-09,2026-02-09T13:30:00+08:00,2026-02-10,77.5,2026-02-23,79.6,0.02709677419354839,0.021096808016318525,xgboost,test,2,0.37146830558776855,0.24783194065093994,0.3806997239589691,BUY
2882,2026-02-10,2026-02-10T13:30:00+08:00,2026-02-11,78.4,2026-02-24,78.2,-0.0025510204081633514,-0.008377793786711218,xgboost,test,1,0.27462050318717957,0.279969185590744,0.44541028141975403,BUY
2882,2026-02-11,2026-02-11T13:30:00+08:00,2026-02-23,81.4,2026-02-25,76.9,-0.055282555282555323,-0.060801288139830656,xgboost,test,0,0.16531072556972504,0.3763974905014038,0.4582917392253876,BUY
2882,2026-02-23,2026-02-23T13:30:00+08:00,2026-02-24,79.2,2026-02-26,79.7,0.0063131313131312705,0.0004345764356499249,xgboost,test,1,0.3468033969402313,0.38624244928359985,0.2669542133808136,HOLD
2882,2026-02-24,2026-02-24T13:30:00+08:00,2026-02-25,78.2,2026-03-02,77.9,-0.0038363171355498826,-0.009655582227550696,xgboost,test,1,0.2751282751560211,0.4297120273113251,0.2951596677303314,HOLD
2882,2026-02-25,2026-02-25T13:30:00+08:00,2026-02-26,77.0,2026-03-03,77.6,0.007792207792207684,0.001905012629729974,xgboost,test,1,0.40186598896980286,0.45094937086105347,0.1471846103668213,HOLD
2882,2026-02-26,2026-02-26T13:30:00+08:00,2026-03-02,79.4,2026-03-04,73.2,-0.07808564231738035,-0.08347116693724044,xgboost,test,0,0.4291742742061615,0.2487795203924179,0.3220461905002594,SELL
2882,2026-03-02,2026-03-02T13:30:00+08:00,2026-03-03,77.3,2026-03-05,73.6,-0.04786545924967667,-0.0534275203759611,xgboost,test,0,0.30758434534072876,0.3586497902870178,0.3337658643722534,HOLD
2882,2026-03-03,2026-03-03T13:30:00+08:00,2026-03-04,76.5,2026-03-06,73.0,-0.04575163398692805,-0.051326043394698595,xgboost,test,0,0.3760615587234497,0.2575555443763733,0.3663828670978546,SELL
2882,2026-03-04,2026-03-04T13:30:00+08:00,2026-03-05,74.3,2026-03-09,70.0,-0.05787348586810226,-0.0633770833493631,xgboost,test,0,0.35500505566596985,0.23296214640140533,0.4120328426361084,BUY
2882,2026-03-05,2026-03-05T13:30:00+08:00,2026-03-06,73.0,2026-03-10,71.1,-0.026027397260274032,-0.03171702926070086,xgboost,test,0,0.29581430554389954,0.4103374779224396,0.2938482463359833,HOLD
2882,2026-03-06,2026-03-06T13:30:00+08:00,2026-03-09,68.3,2026-03-11,71.8,0.051244509516837455,0.0451034801030783,xgboost,test,2,0.35476240515708923,0.30446547269821167,0.3407720625400543,SELL
2882,2026-03-09,2026-03-09T13:30:00+08:00,2026-03-10,71.6,2026-03-12,72.5,0.012569832402234749,0.006654727906587832,xgboost,test,1,0.34376221895217896,0.4331309497356415,0.22310690581798553,HOLD
2882,2026-03-10,2026-03-10T13:30:00+08:00,2026-03-11,71.2,2026-03-13,71.7,0.0070224719101124045,0.00113977329496473,xgboost,test,1,0.25804775953292847,0.26525330543518066,0.47669896483421326,BUY
2882,2026-03-11,2026-03-11T13:30:00+08:00,2026-03-12,72.6,2026-03-16,72.4,-0.0027548209366389242,-0.008580403778609691,xgboost,test,1,0.3959762454032898,0.36023616790771484,0.24378754198551178,SELL
2882,2026-03-12,2026-03-12T13:30:00+08:00,2026-03-13,71.6,2026-03-17,73.2,0.022346368715083997,0.01637415286568622,xgboost,test,2,0.2456858903169632,0.5729934573173523,0.18132063746452332,HOLD
2882,2026-03-13,2026-03-13T13:30:00+08:00,2026-03-16,72.2,2026-03-18,73.4,0.016620498614958512,0.010681731441283482,xgboost,test,2,0.33977463841438293,0.5108679533004761,0.14935745298862457,HOLD
2882,2026-03-16,2026-03-16T13:30:00+08:00,2026-03-17,72.5,2026-03-19,71.6,-0.012413793103448367,-0.01818295136327286,xgboost,test,0,0.24997806549072266,0.3416118621826172,0.40841010212898254,BUY
2882,2026-03-17,2026-03-17T13:30:00+08:00,2026-03-18,74.2,2026-03-20,72.0,-0.02964959568733161,-0.03531806797954429,xgboost,test,0,0.298628568649292,0.32836344838142395,0.37300798296928406,BUY
2882,2026-03-18,2026-03-18T13:30:00+08:00,2026-03-19,73.0,2026-03-23,71.7,-0.017808219178082174,-0.023545864950664575,xgboost,test,0,0.3596937358379364,0.39165934920310974,0.24864691495895386,HOLD
2882,2026-03-19,2026-03-19T13:30:00+08:00,2026-03-20,71.3,2026-03-24,70.8,-0.007012622720897643,-0.012813332866023486,xgboost,test,0,0.3740030825138092,0.3172523081302643,0.3087445795536041,SELL
2882,2026-03-20,2026-03-20T13:30:00+08:00,2026-03-23,70.1,2026-03-25,71.4,0.018544935805991702,0.012594926694510455,xgboost,test,2,0.22032806277275085,0.4688687026500702,0.31080320477485657,HOLD
2882,2026-03-23,2026-03-23T13:30:00+08:00,2026-03-24,71.8,2026-03-26,70.8,-0.013927576601671321,-0.019687891829352044,xgboost,test,0,0.2172437161207199,0.4220230281352997,0.3607332706451416,HOLD
2882,2026-03-24,2026-03-24T13:30:00+08:00,2026-03-25,72.4,2026-03-27,70.6,-0.024861878453038777,-0.030558319036257497,xgboost,test,0,0.4286409914493561,0.31263428926467896,0.25872471928596497,SELL
2882,2026-03-25,2026-03-25T13:30:00+08:00,2026-03-26,71.4,2026-03-30,70.4,-0.014005602240896309,-0.019765461668103335,xgboost,test,0,0.251962810754776,0.39842021465301514,0.3496169447898865,HOLD
2882,2026-03-26,2026-03-26T13:30:00+08:00,2026-03-27,70.4,2026-03-31,70.3,-0.0014204545454546968,-0.007253832323030562,xgboost,test,1,0.25872987508773804,0.2524870038032532,0.4887831509113312,BUY
2882,2026-03-27,2026-03-27T13:30:00+08:00,2026-03-30,69.1,2026-04-01,71.9,0.0405209840810421,0.034442598024299054,xgboost,test,2,0.5222025513648987,0.1752757877111435,0.30252164602279663,SELL
2882,2026-03-30,2026-03-30T13:30:00+08:00,2026-03-31,69.8,2026-04-02,71.8,0.02865329512893977,0.02264423626132195,xgboost,test,2,0.2332545518875122,0.2793617844581604,0.4873836636543274,BUY
2882,2026-03-31,2026-03-31T13:30:00+08:00,2026-04-01,71.6,2026-04-07,71.9,0.0041899441340784715,-0.0016762077726388824,xgboost,test,1,0.3135372996330261,0.27841782569885254,0.40804484486579895,BUY
2882,2026-04-01,2026-04-01T13:30:00+08:00,2026-04-02,72.1,2026-04-08,73.8,0.023578363384188616,0.01759895062157768,xgboost,test,2,0.3778781294822693,0.3327111303806305,0.28941071033477783,SELL
2882,2026-04-02,2026-04-02T13:30:00+08:00,2026-04-07,72.2,2026-04-09,73.6,0.01939058171745134,0.013435632616872528,xgboost,test,2,0.3058781623840332,0.3273427188396454,0.3667791783809662,BUY
2882,2026-04-07,2026-04-07T13:30:00+08:00,2026-04-08,73.6,2026-04-10,72.9,-0.009510869565217184,-0.015296985762679238,xgboost,test,0,0.40461742877960205,0.3294347822666168,0.26594775915145874,SELL
2882,2026-04-08,2026-04-08T13:30:00+08:00,2026-04-09,74.3,2026-04-13,72.0,-0.030955585464333746,-0.03661642858791636,xgboost,test,0,0.27774059772491455,0.3877987563610077,0.33446064591407776,HOLD
2882,2026-04-09,2026-04-09T13:30:00+08:00,2026-04-10,73.9,2026-04-14,72.7,-0.016238159675236896,-0.02198497722612658,xgboost,test,0,0.292877733707428,0.4020143449306488,0.305107980966568,HOLD
2882,2026-04-10,2026-04-10T13:30:00+08:00,2026-04-13,72.6,2026-04-15,72.9,0.004132231404958775,-0.001733583362716118,xgboost,test,1,0.24971015751361847,0.3439817726612091,0.40630802512168884,BUY
2882,2026-04-13,2026-04-13T13:30:00+08:00,2026-04-14,71.5,2026-04-16,74.2,0.03776223776223775,0.03169996740658543,xgboost,test,2,0.2875421345233917,0.24141506850719452,0.47104278206825256,BUY
2882,2026-04-14,2026-04-14T13:30:00+08:00,2026-04-15,72.9,2026-04-17,75.0,0.028806584362139898,0.022796630028546705,xgboost,test,2,0.3671795129776001,0.36301708221435547,0.2698034644126892,SELL
2882,2026-04-15,2026-04-15T13:30:00+08:00,2026-04-16,73.0,2026-04-20,74.6,0.021917808219177992,0.015948095881177293,xgboost,test,2,0.3867497742176056,0.34614771604537964,0.26710253953933716,SELL
2882,2026-04-16,2026-04-16T13:30:00+08:00,2026-04-17,74.2,2026-04-21,75.5,0.017520215633423097,0.011576192604783486,xgboost,test,2,0.44537466764450073,0.21684084832668304,0.33778446912765503,SELL
2882,2026-04-17,2026-04-17T13:30:00+08:00,2026-04-20,74.8,2026-04-22,75.9,0.014705882352941346,0.008778299746390994,xgboost,test,1,0.24961888790130615,0.4463493227958679,0.30403175950050354,HOLD
2882,2026-04-20,2026-04-20T13:30:00+08:00,2026-04-21,75.4,2026-04-23,74.8,-0.007957559681697757,-0.013752749811624665,xgboost,test,0,0.29153478145599365,0.2640347182750702,0.44443055987358093,BUY
2882,2026-04-21,2026-04-21T13:30:00+08:00,2026-04-22,75.5,2026-04-24,74.9,-0.007947019867549643,-0.013742271567651732,xgboost,test,0,0.4116538465023041,0.21777042746543884,0.37057578563690186,SELL
2882,2026-04-22,2026-04-22T13:30:00+08:00,2026-04-23,75.1,2026-04-27,74.5,-0.00798934753661773,-0.013784351972207731,xgboost,test,0,0.3516939878463745,0.37850257754325867,0.2698034346103668,HOLD
2882,2026-04-23,2026-04-23T13:30:00+08:00,2026-04-24,74.5,2026-04-28,74.7,0.0026845637583892135,-0.003172794204500007,xgboost,test,1,0.24390938878059387,0.20054176449775696,0.5555488467216492,BUY
2882,2026-04-24,2026-04-24T13:30:00+08:00,2026-04-27,74.1,2026-04-29,78.6,0.06072874493927127,0.054532311698744396,xgboost,test,2,0.3666614294052124,0.41943997144699097,0.21389862895011902,HOLD
2882,2026-04-27,2026-04-27T13:30:00+08:00,2026-04-28,74.5,2026-04-30,77.2,0.03624161073825505,0.030188223392404234,xgboost,test,2,0.20751723647117615,0.28031423687934875,0.5121685266494751,BUY
2882,2026-04-28,2026-04-28T13:30:00+08:00,2026-04-29,75.9,2026-05-04,76.2,0.0039525691699604515,-0.0019121960692181084,xgboost,test,1,0.4699341356754303,0.1650615781545639,0.3650043308734894,SELL
2882,2026-04-29,2026-04-29T13:30:00+08:00,2026-04-30,78.0,2026-05-05,77.2,-0.01025641025641022,-0.016038171246998578,xgboost,test,0,0.3066882789134979,0.35939255356788635,0.3339191973209381,HOLD
2882,2026-04-30,2026-04-30T13:30:00+08:00,2026-05-04,77.8,2026-05-06,78.7,0.011568123393316254,0.0056588705567575115,xgboost,test,1,0.4845699667930603,0.21668550372123718,0.2987444996833801,SELL
2882,2026-05-04,2026-05-04T13:30:00+08:00,2026-05-05,76.2,2026-05-07,79.0,0.03674540682414684,0.03068907646498742,xgboost,test,2,0.49749189615249634,0.145075261592865,0.35743287205696106,SELL
2882,2026-05-05,2026-05-05T13:30:00+08:00,2026-05-06,77.7,2026-05-08,80.0,0.029601029601029616,0.02358643437605923,xgboost,test,2,0.4473605453968048,0.31457871198654175,0.23806071281433105,SELL
2882,2026-05-06,2026-05-06T13:30:00+08:00,2026-05-07,78.5,2026-05-11,78.4,-0.00127388535031836,-0.007108119337587149,xgboost,test,1,0.28456997871398926,0.22527693212032318,0.49015307426452637,BUY
2882,2026-05-07,2026-05-07T13:30:00+08:00,2026-05-08,79.5,2026-05-12,76.4,-0.03899371069182378,-0.04460759769529676,xgboost,test,0,0.3369969129562378,0.3197941482067108,0.343208909034729,BUY
2882,2026-05-08,2026-05-08T13:30:00+08:00,2026-05-11,79.6,2026-05-13,77.3,-0.028894472361808976,-0.03456735583953652,xgboost,test,0,0.45150354504585266,0.3482959270477295,0.20020054280757904,SELL
2882,2026-05-11,2026-05-11T13:30:00+08:00,2026-05-12,78.7,2026-05-14,76.7,-0.02541296060991105,-0.031106181949933642,xgboost,test,0,0.2989126741886139,0.244638592004776,0.4564487040042877,BUY
2882,2026-05-12,2026-05-12T13:30:00+08:00,2026-05-13,76.6,2026-05-15,77.9,0.016971279373368287,0.011030463052291717,xgboost,test,2,0.28487247228622437,0.2811594307422638,0.43396806716918945,BUY
2882,2026-05-13,2026-05-13T13:30:00+08:00,2026-05-14,76.9,2026-05-18,76.8,-0.0013003901170351995,-0.007134469272054633,xgboost,test,1,0.39979052543640137,0.2718554437160492,0.3283540606498718,SELL
2882,2026-05-14,2026-05-14T13:30:00+08:00,2026-05-15,77.4,2026-05-19,77.8,0.0051679586563306845,-0.0007039064939698969,xgboost,test,1,0.3912494480609894,0.1695658266544342,0.43918469548225403,BUY
2882,2026-05-15,2026-05-15T13:30:00+08:00,2026-05-18,78.0,2026-05-20,77.9,-0.0012820512820511665,-0.007116237566595629,xgboost,test,1,0.5582882761955261,0.31930044293403625,0.12241125106811523,SELL
2882,2026-05-18,2026-05-18T13:30:00+08:00,2026-05-19,77.5,2026-05-21,78.7,0.015483870967742064,0.009551743604073959,xgboost,test,1,0.4321209192276001,0.2735068202018738,0.29437223076820374,SELL
2882,2026-05-19,2026-05-19T13:30:00+08:00,2026-05-20,78.0,2026-05-22,79.7,0.02179487179487194,0.01582587761158316,xgboost,test,2,0.44336235523223877,0.21038106083869934,0.3462565839290619,SELL
2882,2026-05-20,2026-05-20T13:30:00+08:00,2026-05-21,77.8,2026-05-25,81.5,0.04755784061696655,0.04143834752701059,xgboost,test,2,0.31337910890579224,0.24629029631614685,0.4403305649757385,BUY
2882,2026-05-21,2026-05-21T13:30:00+08:00,2026-05-22,78.5,2026-05-26,83.1,0.05859872611464967,0.05241473575314415,xgboost,test,2,0.407076358795166,0.26916182041168213,0.3237617611885071,SELL
2882,2026-05-22,2026-05-22T13:30:00+08:00,2026-05-25,79.9,2026-05-27,85.4,0.06883604505632035,0.06259225159841852,xgboost,test,2,0.2658705711364746,0.31884005665779114,0.41528934240341187,BUY
2882,2026-05-25,2026-05-25T13:30:00+08:00,2026-05-26,80.6,2026-05-28,84.8,0.05210918114143914,0.04596310059653819,xgboost,test,2,0.38152262568473816,0.32678279280662537,0.29169461131095886,SELL
2882,2026-05-26,2026-05-26T13:30:00+08:00,2026-05-27,83.1,2026-05-29,85.7,0.03128760529482566,0.02526315764175635,xgboost,test,2,0.3679976761341095,0.3282547891139984,0.3037475347518921,SELL
2882,2026-05-27,2026-05-27T13:30:00+08:00,2026-05-28,85.4,2026-06-01,88.2,0.032786885245901676,0.026753679285706156,xgboost,test,2,0.46111151576042175,0.19273480772972107,0.3461536467075348,SELL
2882,2026-05-28,2026-05-28T13:30:00+08:00,2026-05-29,85.6,2026-06-02,89.2,0.0420560747663552,0.03596872120779282,xgboost,test,2,0.6454135775566101,0.18739807605743408,0.16718831658363342,SELL
2882,2026-05-29,2026-05-29T13:30:00+08:00,2026-06-01,86.6,2026-06-03,91.8,0.06004618937644346,0.05385374340410176,xgboost,test,2,0.3015111982822418,0.42496463656425476,0.2735241651535034,HOLD
2882,2026-06-01,2026-06-01T13:30:00+08:00,2026-06-02,88.5,2026-06-04,94.4,0.06666666666666665,0.06043554601359724,xgboost,test,2,0.359576940536499,0.2926764488220215,0.3477465808391571,SELL
2882,2026-06-02,2026-06-02T13:30:00+08:00,2026-06-03,89.9,2026-06-05,100.0,0.11234705228031139,0.1058490816326445,xgboost,test,2,0.5145034193992615,0.2572472393512726,0.22824931144714355,SELL
2882,2026-06-03,2026-06-03T13:30:00+08:00,2026-06-04,96.3,2026-06-08,95.0,-0.01349948078920038,-0.01926229681374858,xgboost,test,0,0.5516058802604675,0.278973251581192,0.16942086815834045,SELL
2882,2026-06-04,2026-06-04T13:30:00+08:00,2026-06-05,94.4,2026-06-09,104.0,0.10169491525423724,0.09525917093565406,xgboost,test,2,0.3178708553314209,0.3124963939189911,0.369632750749588,BUY
2882,2026-06-05,2026-06-05T13:30:00+08:00,2026-06-08,97.8,2026-06-10,99.9,0.021472392638036908,0.01550528227337411,xgboost,test,2,0.4455811083316803,0.24159127473831177,0.31282755732536316,SELL
2882,2026-06-08,2026-06-08T13:30:00+08:00,2026-06-09,95.3,2026-06-11,100.5,0.05456453305351516,0.04840410913923021,xgboost,test,2,0.5361654162406921,0.18634407222270966,0.2774905264377594,SELL
2882,2026-06-09,2026-06-09T13:30:00+08:00,2026-06-10,102.0,2026-06-12,100.5,-0.014705882352941124,-0.020461650970895917,xgboost,test,0,0.6269288063049316,0.21003665030002594,0.163034588098526,SELL
2882,2026-06-10,2026-06-10T13:30:00+08:00,2026-06-11,101.0,2026-06-15,104.0,0.02970297029702973,0.023687779567581613,xgboost,test,2,0.37563034892082214,0.242452934384346,0.38191670179367065,BUY
2882,2026-06-11,2026-06-11T13:30:00+08:00,2026-06-12,102.0,2026-06-16,109.5,0.07352941176470584,0.06725820118096415,xgboost,test,2,0.23379747569561005,0.42128488421440125,0.3449175953865051,HOLD
2882,2026-06-12,2026-06-12T13:30:00+08:00,2026-06-15,105.0,2026-06-17,113.5,0.08095238095238089,0.07463780779056495,xgboost,test,2,0.543778121471405,0.21453656256198883,0.24168534576892853,SELL
2882,2026-06-15,2026-06-15T13:30:00+08:00,2026-06-16,104.5,2026-06-18,115.5,0.10526315789473695,0.09880656906014207,xgboost,test,2,0.3572106659412384,0.28000974655151367,0.3627795875072479,BUY
2882,2026-06-16,2026-06-16T13:30:00+08:00,2026-06-17,110.0,2026-06-22,113.0,0.027272727272727337,0.021271733234685897,xgboost,test,2,0.49407970905303955,0.15804024040699005,0.3478800654411316,SELL
2882,2026-06-17,2026-06-17T13:30:00+08:00,2026-06-18,115.0,2026-06-23,113.5,-0.013043478260869601,-0.01880895810426675,xgboost,test,0,0.47367623448371887,0.43820104002952576,0.08812274038791656,SELL
2882,2026-06-18,2026-06-18T13:30:00+08:00,2026-06-22,117.0,2026-06-24,110.0,-0.05982905982905984,-0.0653212334816049,xgboost,test,0,0.25243207812309265,0.36751115322113037,0.38005682826042175,BUY
2882,2026-06-22,2026-06-22T13:30:00+08:00,2026-06-23,113.0,2026-06-25,111.5,-0.013274336283185861,-0.019038467528904035,xgboost,test,0,0.34841227531433105,0.4605894684791565,0.19099821150302887,HOLD
2882,2026-06-23,2026-06-23T13:30:00+08:00,2026-06-24,110.5,2026-06-26,106.0,-0.040723981900452455,-0.04632776122080329,xgboost,test,0,0.31387460231781006,0.4527099132537842,0.23341546952724457,HOLD
2882,2026-06-24,2026-06-24T13:30:00+08:00,2026-06-25,110.0,2026-06-29,101.5,-0.07727272727272727,-0.08266300067857857,xgboost,test,0,0.5150344371795654,0.3186429440975189,0.16632258892059326,SELL
2882,2026-06-25,2026-06-25T13:30:00+08:00,2026-06-26,110.5,2026-06-30,98.3,-0.11040723981900458,-0.11560395215099029,xgboost,test,0,0.37628239393234253,0.35907095670700073,0.26464664936065674,SELL
2002,2025-01-02,2025-01-02T13:30:00+08:00,2025-01-03,19.25,2025-01-07,18.95,-0.01558441558441559,-0.021335052096217444,gru,validation,0,0.33488497138023376,0.4220793843269348,0.24303574860095978,HOLD
2002,2025-01-03,2025-01-03T13:30:00+08:00,2025-01-06,19.0,2025-01-08,18.9,-0.0052631578947369695,-0.011074087845872382,gru,validation,0,0.31299030780792236,0.40802866220474243,0.2789810597896576,HOLD
2002,2025-01-06,2025-01-06T13:30:00+08:00,2025-01-07,19.25,2025-01-09,18.6,-0.033766233766233666,-0.03941065799417642,gru,validation,0,0.33676543831825256,0.43771079182624817,0.22552376985549927,HOLD
2002,2025-01-07,2025-01-07T13:30:00+08:00,2025-01-08,18.95,2025-01-10,18.3,-0.03430079155672816,-0.03994209307146268,gru,validation,0,0.3271024227142334,0.38579651713371277,0.287101149559021,HOLD
2002,2025-01-08,2025-01-08T13:30:00+08:00,2025-01-09,18.85,2025-01-13,18.1,-0.039787798408488007,-0.04539704660911248,gru,validation,0,0.2608893811702728,0.355695515871048,0.3834150731563568,BUY
2002,2025-01-09,2025-01-09T13:30:00+08:00,2025-01-10,18.55,2025-01-14,18.35,-0.010781671159029615,-0.016560363745813045,gru,validation,0,0.30612486600875854,0.38006657361984253,0.3138085603713989,HOLD
2002,2025-01-10,2025-01-10T13:30:00+08:00,2025-01-13,18.25,2025-01-15,18.7,0.024657534246575352,0.018671817317856165,gru,validation,2,0.34469345211982727,0.3893849849700928,0.26592153310775757,HOLD
2002,2025-01-13,2025-01-13T13:30:00+08:00,2025-01-14,18.1,2025-01-16,18.9,0.044198895027624197,0.03809902380820018,gru,validation,2,0.24822470545768738,0.5053231120109558,0.246452197432518,HOLD
2002,2025-01-14,2025-01-14T13:30:00+08:00,2025-01-15,18.35,2025-01-17,19.55,0.06539509536784727,0.05917140282182354,gru,validation,2,0.26641884446144104,0.4932040572166443,0.24037708342075348,HOLD
2002,2025-01-15,2025-01-15T13:30:00+08:00,2025-01-16,19.0,2025-01-20,19.55,0.02894736842105261,0.022936591672656048,gru,validation,2,0.31883272528648376,0.4308736324310303,0.25029370188713074,HOLD
2002,2025-01-16,2025-01-16T13:30:00+08:00,2025-01-17,19.1,2025-01-21,20.1,0.05235602094240832,0.046208498439461954,gru,validation,2,0.3040996193885803,0.4232017695903778,0.27269867062568665,HOLD
2002,2025-01-17,2025-01-17T13:30:00+08:00,2025-01-20,19.6,2025-01-22,20.15,0.028061224489795755,0.02205562430679109,gru,validation,2,0.2531093955039978,0.42373108863830566,0.32315942645072937,HOLD
2002,2025-01-20,2025-01-20T13:30:00+08:00,2025-01-21,19.7,2025-02-03,20.0,0.015228426395939021,0.009297791256596355,gru,validation,1,0.2840476930141449,0.48141419887542725,0.2345380336046219,HOLD
2002,2025-01-21,2025-01-21T13:30:00+08:00,2025-01-22,20.3,2025-02-04,19.6,-0.03448275862068961,-0.04012299714286449,gru,validation,0,0.2996463179588318,0.4338981807231903,0.2664555311203003,HOLD
2002,2025-01-22,2025-01-22T13:30:00+08:00,2025-02-03,19.95,2025-02-05,19.6,-0.01754385964912275,-0.02328304972431816,gru,validation,0,0.31628912687301636,0.36213257908821106,0.3215782642364502,HOLD
2002,2025-02-03,2025-02-03T13:30:00+08:00,2025-02-04,20.15,2025-02-06,19.9,-0.012406947890818865,-0.018176146138155214,gru,validation,0,0.34274089336395264,0.4139937460422516,0.24326539039611816,HOLD
2002,2025-02-04,2025-02-04T13:30:00+08:00,2025-02-05,19.8,2025-02-07,19.65,-0.00757575757575768,-0.01337317806973548,gru,validation,0,0.302267849445343,0.4005446434020996,0.29718753695487976,HOLD
2002,2025-02-05,2025-02-05T13:30:00+08:00,2025-02-06,19.9,2025-02-10,20.05,0.007537688442211143,0.0016519800992131906,gru,validation,1,0.330989807844162,0.3093675374984741,0.3596426844596863,BUY
2002,2025-02-06,2025-02-06T13:30:00+08:00,2025-02-07,19.9,2025-02-11,19.9,0.0,-0.005841675612252573,gru,validation,1,0.33373892307281494,0.4336400032043457,0.23262104392051697,HOLD
2002,2025-02-07,2025-02-07T13:30:00+08:00,2025-02-10,19.65,2025-02-12,20.1,0.022900763358778775,0.016925308915711312,gru,validation,2,0.2886938154697418,0.433655321598053,0.2776508629322052,HOLD
2002,2025-02-10,2025-02-10T13:30:00+08:00,2025-02-11,20.15,2025-02-13,21.9,0.08684863523573205,0.08049961806906536,gru,validation,2,0.31871497631073,0.41662460565567017,0.26466038823127747,HOLD
2002,2025-02-11,2025-02-11T13:30:00+08:00,2025-02-12,20.0,2025-02-14,23.25,0.1625000000000001,0.15570905210075647,gru,validation,2,0.2923404276371002,0.4070335328578949,0.3006260097026825,HOLD
2002,2025-02-12,2025-02-12T13:30:00+08:00,2025-02-13,20.2,2025-02-17,22.85,0.1311881188118813,0.12458008476534821,gru,validation,2,0.3469442129135132,0.3668724596500397,0.28618332743644714,HOLD
2002,2025-02-13,2025-02-13T13:30:00+08:00,2025-02-14,22.0,2025-02-18,22.4,0.018181818181818077,0.012233930285706407,gru,validation,2,0.14993508160114288,0.5606620907783508,0.2894027829170227,HOLD
2002,2025-02-14,2025-02-14T13:30:00+08:00,2025-02-17,23.4,2025-02-19,22.35,-0.04487179487179471,-0.050451344014266764,gru,validation,0,0.40305712819099426,0.3462589681148529,0.25068390369415283,SELL
2002,2025-02-17,2025-02-17T13:30:00+08:00,2025-02-18,22.65,2025-02-20,22.65,0.0,-0.005841675612252462,gru,validation,1,0.35036030411720276,0.32853323221206665,0.3211064338684082,SELL
2002,2025-02-18,2025-02-18T13:30:00+08:00,2025-02-19,22.45,2025-02-21,23.0,0.024498886414253906,0.0185140962547079,gru,validation,2,0.3365056812763214,0.316164493560791,0.3473297953605652,BUY
2002,2025-02-19,2025-02-19T13:30:00+08:00,2025-02-20,22.6,2025-02-24,23.2,0.0265486725663715,0.020551908221050352,gru,validation,2,0.28178825974464417,0.4278281629085541,0.29038360714912415,HOLD
2002,2025-02-20,2025-02-20T13:30:00+08:00,2025-02-21,22.8,2025-02-25,23.9,0.048245614035087536,0.04212210319592824,gru,validation,2,0.31275680661201477,0.3598923981189728,0.32735082507133484,HOLD
2002,2025-02-21,2025-02-21T13:30:00+08:00,2025-02-24,22.95,2025-02-26,23.8,0.0370370370370372,0.0309790030687751,gru,validation,2,0.3252943456172943,0.30064743757247925,0.37405818700790405,BUY
2002,2025-02-24,2025-02-24T13:30:00+08:00,2025-02-25,23.1,2025-02-27,24.35,0.054112554112554,0.04795477051262553,gru,validation,2,0.2389051467180252,0.5370758175849915,0.22401900589466095,HOLD
2002,2025-02-25,2025-02-25T13:30:00+08:00,2025-02-26,23.95,2025-03-03,24.0,0.0020876826722338038,-0.003766188504971235,gru,validation,1,0.254705548286438,0.36519813537597656,0.38009631633758545,BUY
2002,2025-02-26,2025-02-26T13:30:00+08:00,2025-02-27,23.9,2025-03-04,23.6,-0.012552301255229992,-0.018320650395362237,gru,validation,0,0.28988686203956604,0.3237341344356537,0.3863790035247803,BUY
2002,2025-02-27,2025-02-27T13:30:00+08:00,2025-03-03,23.6,2025-03-05,24.1,0.021186440677966045,0.015221000751894698,gru,validation,2,0.4195312559604645,0.25783875584602356,0.32262998819351196,SELL
2002,2025-03-03,2025-03-03T13:30:00+08:00,2025-03-04,23.75,2025-03-06,24.25,0.021052631578947434,0.015087973322226444,gru,validation,2,0.4240811765193939,0.3348180651664734,0.24110080301761627,SELL
2002,2025-03-04,2025-03-04T13:30:00+08:00,2025-03-05,23.6,2025-03-07,24.25,0.02754237288135597,0.021539803661138723,gru,validation,2,0.32415902614593506,0.3963564336299896,0.2794845402240753,HOLD
2002,2025-03-05,2025-03-05T13:30:00+08:00,2025-03-06,24.2,2025-03-10,24.7,0.02066115702479343,0.014698785635428147,gru,validation,2,0.352030485868454,0.40449944138526917,0.24347013235092163,HOLD
2002,2025-03-06,2025-03-06T13:30:00+08:00,2025-03-07,24.15,2025-03-11,24.3,0.006211180124223725,0.0003332208125161884,gru,validation,1,0.33895254135131836,0.36615297198295593,0.29489442706108093,HOLD
2002,2025-03-07,2025-03-07T13:30:00+08:00,2025-03-10,24.35,2025-03-12,24.15,-0.008213552361396426,-0.014007247065129347,gru,validation,0,0.3738209009170532,0.3136266767978668,0.3125525414943695,SELL
2002,2025-03-10,2025-03-10T13:30:00+08:00,2025-03-11,24.45,2025-03-13,23.7,-0.030674846625766916,-0.03633732973457604,gru,validation,0,0.3569263219833374,0.3373493254184723,0.3057244122028351,SELL
2002,2025-03-11,2025-03-11T13:30:00+08:00,2025-03-12,24.4,2025-03-14,24.3,-0.004098360655737654,-0.009916094974497414,gru,validation,1,0.24381186068058014,0.36217615008354187,0.39401206374168396,BUY
2002,2025-03-12,2025-03-12T13:30:00+08:00,2025-03-13,24.15,2025-03-17,24.1,-0.0020703933747411307,-0.007899974420508604,gru,validation,1,0.3653326630592346,0.3328585624694824,0.3018087148666382,SELL
2002,2025-03-13,2025-03-13T13:30:00+08:00,2025-03-14,23.8,2025-03-18,24.15,0.014705882352941124,0.008778299746390772,gru,validation,1,0.3625558912754059,0.3245224356651306,0.3129216730594635,SELL
2002,2025-03-14,2025-03-14T13:30:00+08:00,2025-03-17,24.2,2025-03-19,24.1,-0.004132231404958553,-0.009949767861788583,gru,validation,1,0.36208879947662354,0.34823867678642273,0.2896726131439209,SELL
2002,2025-03-17,2025-03-17T13:30:00+08:00,2025-03-18,24.15,2025-03-20,24.35,0.008281573498964967,0.002391519620772442,gru,validation,1,0.3274109959602356,0.42748621106147766,0.24510271847248077,HOLD
2002,2025-03-18,2025-03-18T13:30:00+08:00,2025-03-19,24.0,2025-03-21,23.8,-0.008333333333333304,-0.01412632831548366,gru,validation,0,0.3701421320438385,0.366291344165802,0.2635665237903595,SELL
2002,2025-03-19,2025-03-19T13:30:00+08:00,2025-03-20,24.3,2025-03-24,23.7,-0.024691358024691468,-0.030388794732937652,gru,validation,0,0.31204307079315186,0.4041392207145691,0.28381767868995667,HOLD
2002,2025-03-20,2025-03-20T13:30:00+08:00,2025-03-21,24.35,2025-03-25,23.1,-0.05133470225872694,-0.05687649719273247,gru,validation,0,0.3170718848705292,0.4511564373970032,0.23177164793014526,HOLD
2002,2025-03-21,2025-03-21T13:30:00+08:00,2025-03-24,23.8,2025-03-26,23.2,-0.025210084033613467,-0.0309044905127841,gru,validation,0,0.3790850341320038,0.25906211137771606,0.36185285449028015,SELL
2002,2025-03-24,2025-03-24T13:30:00+08:00,2025-03-25,23.9,2025-03-27,23.45,-0.01882845188284521,-0.024560137786917124,gru,validation,0,0.30558115243911743,0.4886256456375122,0.20579321682453156,HOLD
2002,2025-03-25,2025-03-25T13:30:00+08:00,2025-03-26,23.1,2025-03-28,23.0,-0.0043290043290044045,-0.01014539130224279,gru,validation,0,0.3481459319591522,0.30843934416770935,0.3434147536754608,SELL
2002,2025-03-26,2025-03-26T13:30:00+08:00,2025-03-27,23.1,2025-03-31,22.4,-0.030303030303030387,-0.035967685442184316,gru,validation,0,0.35171785950660706,0.3610641658306122,0.2872179448604584,HOLD
2002,2025-03-27,2025-03-27T13:30:00+08:00,2025-03-28,23.55,2025-04-01,22.95,-0.025477707006369532,-0.03117055011894687,gru,validation,0,0.3524552881717682,0.302382230758667,0.34516242146492004,SELL
2002,2025-03-28,2025-03-28T13:30:00+08:00,2025-03-31,22.65,2025-04-02,22.85,0.008830022075055233,0.0029367643381914554,gru,validation,1,0.2794843018054962,0.4237033724784851,0.29681238532066345,HOLD
2002,2025-03-31,2025-03-31T13:30:00+08:00,2025-04-01,22.5,2025-04-07,20.6,-0.08444444444444443,-0.08979282300499558,gru,validation,0,0.28568771481513977,0.4243175685405731,0.2899947464466095,HOLD
2002,2025-04-01,2025-04-01T13:30:00+08:00,2025-04-02,23.0,2025-04-08,20.45,-0.11086956521739133,-0.1160635767943724,gru,validation,0,0.26160693168640137,0.41024550795555115,0.3281475305557251,HOLD
2002,2025-04-02,2025-04-02T13:30:00+08:00,2025-04-07,20.6,2025-04-09,19.0,-0.07766990291262144,-0.08305785614722316,gru,validation,0,0.3733828365802765,0.29512807726860046,0.33148908615112305,SELL
2002,2025-04-08,2025-04-08T13:30:00+08:00,2025-04-09,19.9,2025-04-11,20.45,0.027638190954773822,0.021635061996454263,gru,validation,2,0.34557926654815674,0.27708324790000916,0.3773375451564789,BUY
2002,2025-04-09,2025-04-09T13:30:00+08:00,2025-04-10,20.9,2025-04-14,21.15,0.011961722488038173,0.006050170373246955,gru,validation,1,0.2944466769695282,0.39717772603034973,0.30837562680244446,HOLD
2002,2025-04-11,2025-04-11T13:30:00+08:00,2025-04-14,20.9,2025-04-16,20.9,0.0,-0.005841675612252462,gru,validation,1,0.3318847417831421,0.47885259985923767,0.18926267325878143,HOLD
2002,2025-04-14,2025-04-14T13:30:00+08:00,2025-04-15,21.2,2025-04-17,20.5,-0.03301886792452824,-0.0386676580212818,gru,validation,0,0.39545679092407227,0.30347323417663574,0.3010700047016144,SELL
2002,2025-04-15,2025-04-15T13:30:00+08:00,2025-04-16,21.05,2025-04-18,20.4,-0.030878859857482288,-0.036540151187171244,gru,validation,0,0.2983646094799042,0.3755905032157898,0.3260449469089508,HOLD
2002,2025-04-16,2025-04-16T13:30:00+08:00,2025-04-17,20.9,2025-04-21,20.0,-0.04306220095693769,-0.04865232116005014,gru,validation,0,0.2963910400867462,0.28397053480148315,0.419638454914093,BUY
2002,2025-04-17,2025-04-17T13:30:00+08:00,2025-04-18,20.55,2025-04-22,20.2,-0.017031630170316392,-0.022773812523966153,gru,validation,0,0.3060482144355774,0.3187063932418823,0.3752453327178955,BUY
2002,2025-04-18,2025-04-18T13:30:00+08:00,2025-04-21,20.4,2025-04-23,20.65,0.01225490196078427,0.006341637186616955,gru,validation,1,0.325006365776062,0.41027864813804626,0.26471495628356934,HOLD
2002,2025-04-21,2025-04-21T13:30:00+08:00,2025-04-22,19.95,2025-04-24,20.5,0.027568922305764465,0.02156619799242221,gru,validation,2,0.3067842125892639,0.3449721336364746,0.34824368357658386,BUY
2002,2025-04-22,2025-04-22T13:30:00+08:00,2025-04-23,20.4,2025-04-25,20.3,-0.004901960784313597,-0.010715000731800317,gru,validation,0,0.3086428940296173,0.4424542188644409,0.24890291690826416,HOLD
2002,2025-04-23,2025-04-23T13:30:00+08:00,2025-04-24,20.6,2025-04-28,20.45,-0.00728155339805836,-0.013080692537406069,gru,validation,0,0.42418089509010315,0.3185757100582123,0.2572433650493622,SELL
2002,2025-04-24,2025-04-24T13:30:00+08:00,2025-04-25,20.55,2025-04-29,20.65,0.0048661800486617945,-0.001003922208905994,gru,validation,1,0.32157275080680847,0.4163041114807129,0.2621230483055115,HOLD
2002,2025-04-25,2025-04-25T13:30:00+08:00,2025-04-28,20.4,2025-04-30,20.65,0.01225490196078427,0.006341637186616955,gru,validation,1,0.31767627596855164,0.3986667990684509,0.28365689516067505,HOLD
2002,2025-04-28,2025-04-28T13:30:00+08:00,2025-04-29,20.5,2025-05-02,20.7,0.009756097560975618,0.003857429991530381,gru,validation,1,0.34332919120788574,0.3933604061603546,0.26331037282943726,HOLD
2002,2025-04-29,2025-04-29T13:30:00+08:00,2025-04-30,20.45,2025-05-05,21.15,0.03422982885085579,0.02818819368219372,gru,validation,2,0.293014258146286,0.4648738205432892,0.242111936211586,HOLD
2002,2025-04-30,2025-04-30T13:30:00+08:00,2025-05-02,20.65,2025-05-06,21.9,0.060532687651331685,0.054337399713882295,gru,validation,2,0.35585853457450867,0.42206475138664246,0.2220766544342041,HOLD
2002,2025-05-02,2025-05-02T13:30:00+08:00,2025-05-05,20.9,2025-05-07,21.55,0.031100478468899517,0.02507712395004602,gru,validation,2,0.35005515813827515,0.3706074059009552,0.27933746576309204,HOLD
2002,2025-05-05,2025-05-05T13:30:00+08:00,2025-05-06,21.5,2025-05-08,21.25,-0.011627906976744207,-0.017401656128389176,gru,validation,0,0.2857173681259155,0.46144261956214905,0.2528400719165802,HOLD
2002,2025-05-06,2025-05-06T13:30:00+08:00,2025-05-07,21.95,2025-05-09,21.3,-0.029612756264236872,-0.03528144376040887,gru,validation,0,0.3691600561141968,0.3791600465774536,0.2516798973083496,HOLD
2002,2025-05-07,2025-05-07T13:30:00+08:00,2025-05-08,21.55,2025-05-12,21.35,-0.009280742459396696,-0.015068202984760526,gru,validation,0,0.3512124717235565,0.293170303106308,0.3556171655654907,BUY
2002,2025-05-08,2025-05-08T13:30:00+08:00,2025-05-09,21.2,2025-05-13,21.4,0.00943396226415083,0.0035371765046128267,gru,validation,1,0.29633980989456177,0.3336218297481537,0.37003836035728455,BUY
2002,2025-05-09,2025-05-09T13:30:00+08:00,2025-05-12,21.4,2025-05-14,21.5,0.004672897196261738,-0.0011960759655808006,gru,validation,1,0.3144085109233856,0.3574071526527405,0.3281843960285187,HOLD
2002,2025-05-12,2025-05-12T13:30:00+08:00,2025-05-13,21.45,2025-05-15,21.3,-0.006993006993006978,-0.012793831726852112,gru,validation,0,0.3252284526824951,0.3926001787185669,0.2821713984012604,HOLD
2002,2025-05-13,2025-05-13T13:30:00+08:00,2025-05-14,21.5,2025-05-16,21.0,-0.023255813953488413,-0.02896163664452578,gru,validation,0,0.31788814067840576,0.374340295791626,0.30777159333229065,HOLD
2002,2025-05-14,2025-05-14T13:30:00+08:00,2025-05-15,21.4,2025-05-19,21.1,-0.014018691588784882,-0.019778474552267666,gru,validation,0,0.32915279269218445,0.30582571029663086,0.3650214672088623,BUY
2002,2025-05-15,2025-05-15T13:30:00+08:00,2025-05-16,21.0,2025-05-20,21.65,0.030952380952380842,0.024929891571177754,gru,validation,2,0.31174159049987793,0.3860292136669159,0.3022291660308838,HOLD
2002,2025-05-16,2025-05-16T13:30:00+08:00,2025-05-19,21.0,2025-05-21,21.05,0.0023809523809523725,-0.00347463198275777,gru,validation,1,0.33230987191200256,0.35376453399658203,0.3139256238937378,HOLD
2002,2025-05-19,2025-05-19T13:30:00+08:00,2025-05-20,21.2,2025-05-22,20.45,-0.035377358490566,-0.041012371050498264,gru,validation,0,0.3864556849002838,0.28589001297950745,0.32765433192253113,SELL
2002,2025-05-20,2025-05-20T13:30:00+08:00,2025-05-21,21.55,2025-05-23,20.3,-0.058004640371229654,-0.06350747169042814,gru,validation,0,0.4241845905780792,0.31565070152282715,0.26016467809677124,SELL
2002,2025-05-21,2025-05-21T13:30:00+08:00,2025-05-22,21.05,2025-05-26,20.2,-0.040380047505938266,-0.045985835979453826,gru,validation,0,0.2943929433822632,0.4068945348262787,0.29871243238449097,HOLD
2002,2025-05-22,2025-05-22T13:30:00+08:00,2025-05-23,20.5,2025-05-27,20.0,-0.024390243902439046,-0.030089439621709735,gru,validation,0,0.300382137298584,0.3240191340446472,0.3755987882614136,BUY
2002,2025-05-23,2025-05-23T13:30:00+08:00,2025-05-26,20.3,2025-05-28,20.05,-0.012315270935960632,-0.018085004730328258,gru,validation,0,0.4010792076587677,0.26530638337135315,0.33361440896987915,SELL
2002,2025-05-26,2025-05-26T13:30:00+08:00,2025-05-27,20.1,2025-05-29,19.75,-0.017412935323383172,-0.023152890216019406,gru,validation,0,0.30362287163734436,0.39332693815231323,0.30305016040802,HOLD
2002,2025-05-27,2025-05-27T13:30:00+08:00,2025-05-28,20.2,2025-06-02,19.2,-0.04950495049504955,-0.05505743424530929,gru,validation,0,0.31281960010528564,0.33902662992477417,0.3481537401676178,BUY
2002,2025-05-28,2025-05-28T13:30:00+08:00,2025-05-29,20.15,2025-06-03,19.25,-0.04466501240694787,-0.05024576950550186,gru,validation,0,0.3712419867515564,0.27887287735939026,0.34988513588905334,SELL
2002,2025-05-29,2025-05-29T13:30:00+08:00,2025-06-02,19.7,2025-06-04,19.2,-0.025380710659898442,-0.031074120393667415,gru,validation,0,0.3119143843650818,0.3905336558818817,0.2975519597530365,HOLD
2002,2025-06-02,2025-06-02T13:30:00+08:00,2025-06-03,19.2,2025-06-05,19.4,0.01041666666666674,0.004514140266786315,gru,validation,1,0.26629725098609924,0.4997989237308502,0.2339038848876953,HOLD
2002,2025-06-03,2025-06-03T13:30:00+08:00,2025-06-04,19.35,2025-06-06,19.55,0.010335917312661369,0.004433862624313223,gru,validation,1,0.2896190285682678,0.456270694732666,0.25411027669906616,HOLD
2002,2025-06-04,2025-06-04T13:30:00+08:00,2025-06-05,19.3,2025-06-09,19.35,0.002590673575129543,-0.003266135911766166,gru,validation,1,0.3291546702384949,0.3452152609825134,0.3256301283836365,HOLD
2002,2025-06-05,2025-06-05T13:30:00+08:00,2025-06-06,19.45,2025-06-10,19.4,-0.0025706940874036244,-0.008397352538699221,gru,validation,1,0.31714537739753723,0.3388368487358093,0.34401771426200867,BUY
2002,2025-06-06,2025-06-06T13:30:00+08:00,2025-06-09,19.75,2025-06-11,19.5,-0.012658227848101222,-0.018425958199439374,gru,validation,0,0.3258109986782074,0.4375676214694977,0.2366214096546173,HOLD
2002,2025-06-09,2025-06-09T13:30:00+08:00,2025-06-10,19.4,2025-06-12,19.45,0.002577319587628857,-0.0032794118896037894,gru,validation,1,0.28207963705062866,0.3162299394607544,0.40169045329093933,BUY
2002,2025-06-10,2025-06-10T13:30:00+08:00,2025-06-11,19.45,2025-06-13,19.2,-0.01285347043701801,-0.018620060244485814,gru,validation,0,0.33933788537979126,0.4634697139263153,0.19719238579273224,HOLD
2002,2025-06-11,2025-06-11T13:30:00+08:00,2025-06-12,19.5,2025-06-16,19.2,-0.015384615384615441,-0.021136419064371692,gru,validation,0,0.33825573325157166,0.4000118672847748,0.26173239946365356,HOLD
2002,2025-06-12,2025-06-12T13:30:00+08:00,2025-06-13,19.25,2025-06-17,19.1,-0.007792207792207684,-0.013588363854234897,gru,validation,0,0.287516713142395,0.5109602808952332,0.20152297616004944,HOLD
2002,2025-06-13,2025-06-13T13:30:00+08:00,2025-06-16,19.2,2025-06-18,19.1,-0.005208333333333259,-0.011019583551772016,gru,validation,0,0.27853941917419434,0.43146419525146484,0.28999635577201843,HOLD
2002,2025-06-16,2025-06-16T13:30:00+08:00,2025-06-17,19.2,2025-06-19,18.95,-0.01302083333333337,-0.01878644546105135,gru,validation,0,0.3192657232284546,0.4223821461200714,0.2583521604537964,HOLD
2002,2025-06-17,2025-06-17T13:30:00+08:00,2025-06-18,19.1,2025-06-20,18.65,-0.023560209424083878,-0.02926425393552423,gru,validation,0,0.32360005378723145,0.3650238811969757,0.31137600541114807,HOLD
2002,2025-06-18,2025-06-18T13:30:00+08:00,2025-06-19,19.1,2025-06-23,18.45,-0.034031413612565564,-0.03967428874586709,gru,validation,0,0.31805723905563354,0.4218766987323761,0.26006603240966797,HOLD
2002,2025-06-19,2025-06-19T13:30:00+08:00,2025-06-20,18.95,2025-06-24,18.9,-0.0026385224274406704,-0.008464784647576384,gru,validation,1,0.2826128602027893,0.4227781593799591,0.2946089208126068,HOLD
2002,2025-06-20,2025-06-20T13:30:00+08:00,2025-06-23,18.5,2025-06-25,18.75,0.013513513513513598,0.0075928963389331194,gru,validation,1,0.29729488492012024,0.32112815976142883,0.38157692551612854,BUY
2002,2025-06-23,2025-06-23T13:30:00+08:00,2025-06-24,18.7,2025-06-26,19.0,0.016042780748663166,0.010107388415358631,gru,validation,2,0.2937238812446594,0.43928998708724976,0.26698604226112366,HOLD
2002,2025-06-24,2025-06-24T13:30:00+08:00,2025-06-25,19.0,2025-06-27,19.1,0.0052631578947368585,-0.0006092633786327628,gru,validation,1,0.3300386369228363,0.4299856424331665,0.2399756759405136,HOLD
2002,2025-06-25,2025-06-25T13:30:00+08:00,2025-06-26,18.85,2025-06-30,18.8,-0.0026525198938992522,-0.008478700345376677,gru,validation,1,0.3305494785308838,0.41701939702033997,0.25243109464645386,HOLD
2303,2025-01-02,2025-01-02T13:30:00+08:00,2025-01-03,43.95,2025-01-07,42.35,-0.0364050056882822,-0.04203401506664162,gru,validation,0,0.34133946895599365,0.3548143804073334,0.3038461208343506,HOLD
2303,2025-01-03,2025-01-03T13:30:00+08:00,2025-01-06,43.6,2025-01-08,42.7,-0.020642201834862317,-0.026363292400072957,gru,validation,0,0.3338773846626282,0.29468846321105957,0.37143412232398987,BUY
2303,2025-01-06,2025-01-06T13:30:00+08:00,2025-01-07,43.65,2025-01-09,41.6,-0.04696449026345928,-0.05253181455829792,gru,validation,0,0.3553558886051178,0.30267637968063354,0.3419676721096039,SELL
2303,2025-01-07,2025-01-07T13:30:00+08:00,2025-01-08,42.4,2025-01-10,41.3,-0.025943396226415172,-0.031633518933632865,gru,validation,0,0.31239742040634155,0.27533596754074097,0.41226670145988464,BUY
2303,2025-01-08,2025-01-08T13:30:00+08:00,2025-01-09,42.7,2025-01-13,40.9,-0.042154566744730726,-0.04774998905248551,gru,validation,0,0.35034650564193726,0.37056824564933777,0.27908527851104736,HOLD
2303,2025-01-09,2025-01-09T13:30:00+08:00,2025-01-10,41.25,2025-01-14,42.25,0.024242424242424176,0.018259132251692733,gru,validation,2,0.3282850980758667,0.3063105344772339,0.365404337644577,BUY
2303,2025-01-10,2025-01-10T13:30:00+08:00,2025-01-13,41.0,2025-01-15,41.45,0.01097560975609757,0.00506981819200325,gru,validation,1,0.2766319811344147,0.2939521372318268,0.42941591143608093,BUY
2303,2025-01-13,2025-01-13T13:30:00+08:00,2025-01-14,41.2,2025-01-16,41.55,0.00849514563106779,0.002603844133759914,gru,validation,1,0.283830463886261,0.4033282399177551,0.3128412365913391,HOLD
2303,2025-01-14,2025-01-14T13:30:00+08:00,2025-01-15,42.05,2025-01-17,41.2,-0.02021403091557661,-0.02593762271640432,gru,validation,0,0.3172248303890228,0.29628628492355347,0.3864889442920685,BUY
2303,2025-01-15,2025-01-15T13:30:00+08:00,2025-01-16,41.9,2025-01-20,42.75,0.020286396181384392,0.014326214023298478,gru,validation,2,0.3430483937263489,0.26461565494537354,0.3923359215259552,BUY
2303,2025-01-16,2025-01-16T13:30:00+08:00,2025-01-17,41.4,2025-01-21,42.95,0.037439613526570215,0.031379227837047274,gru,validation,2,0.348530113697052,0.28884464502334595,0.36262527108192444,BUY
2303,2025-01-17,2025-01-17T13:30:00+08:00,2025-01-20,41.55,2025-01-22,40.2,-0.032490974729241784,-0.038142848606800284,gru,validation,0,0.3083130419254303,0.39438554644584656,0.29730141162872314,HOLD
2303,2025-01-20,2025-01-20T13:30:00+08:00,2025-01-21,42.75,2025-02-03,40.5,-0.052631578947368474,-0.05816579794844967,gru,validation,0,0.3644803464412689,0.2897227108478546,0.34579694271087646,SELL
2303,2025-01-21,2025-01-21T13:30:00+08:00,2025-01-22,39.7,2025-02-04,40.1,0.010075566750629594,0.004175032945810342,gru,validation,1,0.327819287776947,0.30800026655197144,0.36418041586875916,BUY
2303,2025-01-22,2025-01-22T13:30:00+08:00,2025-02-03,40.2,2025-02-05,40.1,-0.0024875621890547706,-0.00831470626993347,gru,validation,1,0.31829240918159485,0.2990369498729706,0.38267064094543457,BUY
2303,2025-02-03,2025-02-03T13:30:00+08:00,2025-02-04,40.95,2025-02-06,40.1,-0.020757020757020794,-0.026477440587334033,gru,validation,0,0.3062480390071869,0.41322433948516846,0.28052762150764465,HOLD
2303,2025-02-04,2025-02-04T13:30:00+08:00,2025-02-05,40.4,2025-02-07,40.15,-0.006188118811881194,-0.011993645441384593,gru,validation,0,0.3116249144077301,0.33044925332069397,0.35792580246925354,BUY
2303,2025-02-05,2025-02-05T13:30:00+08:00,2025-02-06,40.3,2025-02-10,40.2,-0.002481389578163684,-0.0083085697174331,gru,validation,1,0.3207671642303467,0.3037444055080414,0.37548843026161194,BUY
2303,2025-02-06,2025-02-06T13:30:00+08:00,2025-02-07,40.1,2025-02-11,40.4,0.007481296758104605,0.00159591783703239,gru,validation,1,0.3252555727958679,0.3342181146144867,0.3405263423919678,BUY
2303,2025-02-07,2025-02-07T13:30:00+08:00,2025-02-10,40.15,2025-02-12,40.1,-0.001245330012453194,-0.007079730810742868,gru,validation,1,0.3103480041027069,0.28786930441856384,0.40178272128105164,BUY
2303,2025-02-10,2025-02-10T13:30:00+08:00,2025-02-11,40.3,2025-02-13,41.4,0.027295285359801635,0.021294159544733127,gru,validation,2,0.32350799441337585,0.4137997031211853,0.26269233226776123,HOLD
2303,2025-02-11,2025-02-11T13:30:00+08:00,2025-02-12,40.4,2025-02-14,41.4,0.024752475247524774,0.018766203704275952,gru,validation,2,0.3339415490627289,0.42192158102989197,0.24413685500621796,HOLD
2303,2025-02-12,2025-02-12T13:30:00+08:00,2025-02-13,40.25,2025-02-17,42.0,0.04347826086956519,0.037382599361127866,gru,validation,2,0.33326640725135803,0.25412702560424805,0.4126065969467163,BUY
2303,2025-02-13,2025-02-13T13:30:00+08:00,2025-02-14,41.5,2025-02-18,41.95,0.010843373493975905,0.00493835441122914,gru,validation,1,0.32504981756210327,0.36102718114852905,0.3139229714870453,HOLD
2303,2025-02-14,2025-02-14T13:30:00+08:00,2025-02-17,41.5,2025-02-19,42.55,0.025301204819277112,0.01931172777587098,gru,validation,2,0.34478577971458435,0.273513525724411,0.38170066475868225,BUY
2303,2025-02-17,2025-02-17T13:30:00+08:00,2025-02-18,42.05,2025-02-20,43.0,0.022592152199762294,0.01661850056297598,gru,validation,2,0.3330721855163574,0.32089900970458984,0.34602880477905273,BUY
2303,2025-02-18,2025-02-18T13:30:00+08:00,2025-02-19,42.2,2025-02-21,43.6,0.033175355450236976,0.027139880173122855,gru,validation,2,0.3273773789405823,0.3558897078037262,0.31673291325569153,HOLD
2303,2025-02-19,2025-02-19T13:30:00+08:00,2025-02-20,43.0,2025-02-24,43.55,0.012790697674418539,0.006874302955497624,gru,validation,1,0.33491218090057373,0.3375965654850006,0.32749131321907043,HOLD
2303,2025-02-20,2025-02-20T13:30:00+08:00,2025-02-21,43.35,2025-02-25,43.3,-0.0011534025374856371,-0.006988340346263944,gru,validation,1,0.3343748450279236,0.24694429337978363,0.4186807870864868,BUY
2303,2025-02-21,2025-02-21T13:30:00+08:00,2025-02-24,43.05,2025-02-26,43.6,0.012775842044134844,0.006859534106987031,gru,validation,1,0.35147953033447266,0.28812459111213684,0.3603959083557129,BUY
2303,2025-02-24,2025-02-24T13:30:00+08:00,2025-02-25,43.05,2025-02-27,43.7,0.015098722415795685,0.009168844965030676,gru,validation,1,0.3343481123447418,0.3456017076969147,0.32005012035369873,HOLD
2303,2025-02-25,2025-02-25T13:30:00+08:00,2025-02-26,43.1,2025-03-03,43.6,0.011600928074245953,0.005691483603382563,gru,validation,1,0.3223131597042084,0.32177913188934326,0.35590770840644836,BUY
2303,2025-02-26,2025-02-26T13:30:00+08:00,2025-02-27,44.0,2025-03-04,43.6,-0.009090909090909038,-0.014879478561232062,gru,validation,0,0.31336140632629395,0.24165892601013184,0.4449796974658966,BUY
2303,2025-02-27,2025-02-27T13:30:00+08:00,2025-03-03,43.1,2025-03-05,44.0,0.02088167053364276,0.01491801097589085,gru,validation,2,0.3942435681819916,0.3153704106807709,0.2903860807418823,SELL
2303,2025-03-03,2025-03-03T13:30:00+08:00,2025-03-04,42.95,2025-03-06,44.0,0.024447031431897415,0.018462544192337393,gru,validation,2,0.34042590856552124,0.2997882068157196,0.3597858250141144,BUY
2303,2025-03-04,2025-03-04T13:30:00+08:00,2025-03-05,44.1,2025-03-07,44.15,0.0011337868480725266,-0.004714511979159952,gru,validation,1,0.25513774156570435,0.45996788144111633,0.28489434719085693,HOLD
2303,2025-03-05,2025-03-05T13:30:00+08:00,2025-03-06,44.3,2025-03-10,45.05,0.016930022573363512,0.01098944726112916,gru,validation,2,0.3393450677394867,0.3037983179092407,0.3568565547466278,BUY
2303,2025-03-06,2025-03-06T13:30:00+08:00,2025-03-07,44.0,2025-03-11,44.85,0.01931818181818179,0.013363655654329065,gru,validation,2,0.31766873598098755,0.28479474782943726,0.3975365161895752,BUY
2303,2025-03-07,2025-03-07T13:30:00+08:00,2025-03-10,44.55,2025-03-12,44.8,0.0056116722783390305,-0.0002627849030059082,gru,validation,1,0.330931156873703,0.28015628457069397,0.3889125883579254,BUY
2303,2025-03-10,2025-03-10T13:30:00+08:00,2025-03-11,44.3,2025-03-13,43.7,-0.013544018058690654,-0.019306573910957803,gru,validation,0,0.31179216504096985,0.2821965217590332,0.40601131319999695,BUY
2303,2025-03-11,2025-03-11T13:30:00+08:00,2025-03-12,44.7,2025-03-14,44.9,0.004474272930648615,-0.001393539932665555,gru,validation,1,0.24979789555072784,0.39812329411506653,0.3520788550376892,HOLD
2303,2025-03-12,2025-03-12T13:30:00+08:00,2025-03-13,44.7,2025-03-17,44.1,-0.01342281879194629,-0.019186082651014402,gru,validation,0,0.2862122058868408,0.3040716350078583,0.4097161889076233,BUY
2303,2025-03-13,2025-03-13T13:30:00+08:00,2025-03-14,43.55,2025-03-18,44.5,0.021814006888633886,0.015844900924334437,gru,validation,2,0.348472535610199,0.2549491226673126,0.39657828211784363,BUY
2303,2025-03-14,2025-03-14T13:30:00+08:00,2025-03-17,45.0,2025-03-19,44.3,-0.015555555555555656,-0.021306360658284174,gru,validation,0,0.240342378616333,0.44784829020500183,0.31180933117866516,HOLD
2303,2025-03-17,2025-03-17T13:30:00+08:00,2025-03-18,44.2,2025-03-20,45.15,0.02149321266968318,0.015525980681149187,gru,validation,2,0.33344766497612,0.28842049837112427,0.3781318962574005,BUY
2303,2025-03-18,2025-03-18T13:30:00+08:00,2025-03-19,44.5,2025-03-21,45.0,0.011235955056179803,0.005328642639295111,gru,validation,1,0.2979505658149719,0.4720498025417328,0.22999966144561768,HOLD
2303,2025-03-19,2025-03-19T13:30:00+08:00,2025-03-20,44.7,2025-03-24,44.85,0.003355704697986628,-0.002505573852562226,gru,validation,1,0.3278373181819916,0.2684899866580963,0.4036726653575897,BUY
2303,2025-03-20,2025-03-20T13:30:00+08:00,2025-03-21,45.0,2025-03-25,44.85,-0.0033333333333332993,-0.009155536693544963,gru,validation,1,0.36596858501434326,0.2847858667373657,0.349245548248291,SELL
2303,2025-03-21,2025-03-21T13:30:00+08:00,2025-03-24,45.0,2025-03-26,44.55,-0.010000000000000009,-0.015783258856129967,gru,validation,0,0.3497929573059082,0.36917999386787415,0.2810271084308624,HOLD
2303,2025-03-24,2025-03-24T13:30:00+08:00,2025-03-25,45.0,2025-03-27,44.8,-0.004444444444444473,-0.010260157053975871,gru,validation,0,0.37171465158462524,0.28591659665107727,0.3423687517642975,SELL
2303,2025-03-25,2025-03-25T13:30:00+08:00,2025-03-26,44.75,2025-03-28,44.55,-0.004469273743016866,-0.010284841307840353,gru,validation,0,0.3206346333026886,0.34426653385162354,0.3350987434387207,HOLD
2303,2025-03-26,2025-03-26T13:30:00+08:00,2025-03-27,44.1,2025-03-31,44.65,0.012471655328798015,0.00655712435176703,gru,validation,1,0.3341161906719208,0.21920768916606903,0.4466761350631714,BUY
2303,2025-03-27,2025-03-27T13:30:00+08:00,2025-03-28,44.6,2025-04-01,45.95,0.030269058295964157,0.024250560664058174,gru,validation,2,0.2818407714366913,0.34284380078315735,0.37531545758247375,BUY
2303,2025-03-28,2025-03-28T13:30:00+08:00,2025-03-31,43.55,2025-04-02,45.25,0.039035591274397374,0.032965882400587176,gru,validation,2,0.35811179876327515,0.3216411769390106,0.32024699449539185,SELL
2303,2025-03-31,2025-03-31T13:30:00+08:00,2025-04-01,47.2,2025-04-07,40.75,-0.13665254237288138,-0.1416959381610019,gru,validation,0,0.23247461020946503,0.3027588129043579,0.4647665023803711,BUY
2303,2025-04-01,2025-04-01T13:30:00+08:00,2025-04-02,45.8,2025-04-08,41.7,-0.08951965065502177,-0.09483838150722557,gru,validation,0,0.37910136580467224,0.2545086741447449,0.3663899600505829,SELL
2303,2025-04-02,2025-04-02T13:30:00+08:00,2025-04-07,40.75,2025-04-09,39.9,-0.020858895705521463,-0.026578720415432744,gru,validation,0,0.34482288360595703,0.2610797584056854,0.39409729838371277,BUY
2303,2025-04-08,2025-04-08T13:30:00+08:00,2025-04-09,40.55,2025-04-11,44.1,0.08754623921085081,0.08119314686805579,gru,validation,2,0.33910876512527466,0.2796628475189209,0.38122835755348206,BUY
2303,2025-04-09,2025-04-09T13:30:00+08:00,2025-04-10,43.85,2025-04-14,44.3,0.010262257696693089,0.004360633303927219,gru,validation,1,0.3406843841075897,0.3877648115158081,0.271550714969635,HOLD
2303,2025-04-10,2025-04-10T13:30:00+08:00,2025-04-11,42.7,2025-04-15,44.7,0.04683840749414525,0.040723117099117356,gru,validation,2,0.3151249885559082,0.1882452368736267,0.4966296851634979,BUY
2303,2025-04-11,2025-04-11T13:30:00+08:00,2025-04-14,44.8,2025-04-16,44.95,0.0033482142857144126,-0.0025130205082755097,gru,validation,1,0.3627694845199585,0.30545151233673096,0.3317790925502777,SELL
2303,2025-04-14,2025-04-14T13:30:00+08:00,2025-04-15,44.5,2025-04-17,44.1,-0.008988764044943753,-0.01477793021349072,gru,validation,0,0.29603612422943115,0.33867183327674866,0.3652920722961426,BUY
2303,2025-04-15,2025-04-15T13:30:00+08:00,2025-04-16,44.2,2025-04-18,44.3,0.002262443438913797,-0.0035924486339997674,gru,validation,1,0.33207279443740845,0.35262545943260193,0.31530171632766724,HOLD
2303,2025-04-16,2025-04-16T13:30:00+08:00,2025-04-17,44.85,2025-04-21,43.65,-0.026755852842809458,-0.03244122944202521,gru,validation,0,0.3072318732738495,0.30330172181129456,0.38946637511253357,BUY
2303,2025-04-17,2025-04-17T13:30:00+08:00,2025-04-18,44.45,2025-04-22,44.3,-0.003374578177727905,-0.00919654059893793,gru,validation,1,0.3170933425426483,0.23907221853733063,0.44383445382118225,BUY
2303,2025-04-18,2025-04-18T13:30:00+08:00,2025-04-21,44.35,2025-04-23,45.1,0.016910935738444266,0.01097047192530809,gru,validation,2,0.3584848642349243,0.2685598134994507,0.3729553520679474,BUY
2303,2025-04-21,2025-04-21T13:30:00+08:00,2025-04-22,43.6,2025-04-24,43.4,-0.004587155963302836,-0.010402034898435053,gru,validation,0,0.31284672021865845,0.2927335500717163,0.39441975951194763,BUY
2303,2025-04-22,2025-04-22T13:30:00+08:00,2025-04-23,44.95,2025-04-25,44.65,-0.006674082313681939,-0.012476770102048396,gru,validation,0,0.2971060276031494,0.2747102677822113,0.42818376421928406,BUY
2303,2025-04-23,2025-04-23T13:30:00+08:00,2025-04-24,44.75,2025-04-28,44.9,0.003351955307262511,-0.0025093013405619313,gru,validation,1,0.4308378994464874,0.20545250177383423,0.36370959877967834,SELL
2303,2025-04-24,2025-04-24T13:30:00+08:00,2025-04-25,44.1,2025-04-29,44.95,0.01927437641723362,0.013320106150322975,gru,validation,2,0.2946951687335968,0.2690275311470032,0.4362773299217224,BUY
2303,2025-04-25,2025-04-25T13:30:00+08:00,2025-04-28,44.55,2025-04-30,45.2,0.014590347923681302,0.008663440231788666,gru,validation,1,0.3496057987213135,0.334682434797287,0.3157117962837219,SELL
2303,2025-04-28,2025-04-28T13:30:00+08:00,2025-04-29,44.7,2025-05-02,45.65,0.021252796420581532,0.015286968865786621,gru,validation,2,0.3883773684501648,0.2622619867324829,0.3493606448173523,SELL
2303,2025-04-29,2025-04-29T13:30:00+08:00,2025-04-30,44.75,2025-05-05,45.05,0.006703910614525022,0.000823072931128932,gru,validation,1,0.3357449173927307,0.2724645137786865,0.39179056882858276,BUY
2303,2025-04-30,2025-04-30T13:30:00+08:00,2025-05-02,45.2,2025-05-06,45.4,0.004424778761061843,-0.0014427449733689368,gru,validation,1,0.4110087752342224,0.2495461106300354,0.3394450843334198,SELL
2303,2025-05-02,2025-05-02T13:30:00+08:00,2025-05-05,45.75,2025-05-07,45.75,0.0,-0.005841675612252573,gru,validation,1,0.41740182042121887,0.2393721044063568,0.3432261049747467,SELL
2303,2025-05-05,2025-05-05T13:30:00+08:00,2025-05-06,45.0,2025-05-08,45.3,0.006666666666666599,0.000786046550332431,gru,validation,1,0.3183053731918335,0.3878386318683624,0.29385608434677124,HOLD
2303,2025-05-06,2025-05-06T13:30:00+08:00,2025-05-07,45.6,2025-05-09,45.55,-0.0010964912280703176,-0.006931761494256783,gru,validation,1,0.3483397364616394,0.2987455129623413,0.3529147505760193,BUY
2303,2025-05-07,2025-05-07T13:30:00+08:00,2025-05-08,45.4,2025-05-12,46.45,0.023127753303964882,0.017150972859270253,gru,validation,2,0.3383374810218811,0.35616225004196167,0.3055002689361572,HOLD
2303,2025-05-08,2025-05-08T13:30:00+08:00,2025-05-09,45.2,2025-05-13,46.55,0.02986725663716805,0.023851106200213135,gru,validation,2,0.3363277316093445,0.28266313672065735,0.3810091018676758,BUY
2303,2025-05-09,2025-05-09T13:30:00+08:00,2025-05-12,45.75,2025-05-14,47.0,0.02732240437158473,0.02132112013604659,gru,validation,2,0.3664664924144745,0.2965777814388275,0.3369556963443756,SELL
2303,2025-05-12,2025-05-12T13:30:00+08:00,2025-05-13,46.65,2025-05-15,47.5,0.018220793140407254,0.012272677565230428,gru,validation,2,0.23921334743499756,0.33490774035453796,0.42587894201278687,BUY
2303,2025-05-13,2025-05-13T13:30:00+08:00,2025-05-14,46.9,2025-05-16,47.8,0.019189765458422103,0.013235989461286346,gru,validation,2,0.3970608711242676,0.23905989527702332,0.3638792634010315,SELL
2303,2025-05-14,2025-05-14T13:30:00+08:00,2025-05-15,46.95,2025-05-19,47.75,0.017039403620873195,0.011098189340041253,gru,validation,2,0.3822542130947113,0.2126552313566208,0.4050905704498291,BUY
2303,2025-05-15,2025-05-15T13:30:00+08:00,2025-05-16,47.6,2025-05-20,47.85,0.005252100840336116,-0.0006202558413085368,gru,validation,1,0.39298373460769653,0.3167566955089569,0.29025956988334656,SELL
2303,2025-05-16,2025-05-16T13:30:00+08:00,2025-05-19,47.6,2025-05-21,49.55,0.0409663865546217,0.03488539860111084,gru,validation,2,0.3482944667339325,0.2882324755191803,0.3634730279445648,BUY
2303,2025-05-19,2025-05-19T13:30:00+08:00,2025-05-20,47.95,2025-05-22,49.45,0.031282586027111536,0.02525816769497613,gru,validation,2,0.3277915120124817,0.38133880496025085,0.29086968302726746,HOLD
2303,2025-05-20,2025-05-20T13:30:00+08:00,2025-05-21,48.0,2025-05-23,48.05,0.0010416666666666075,-0.004806094024348617,gru,validation,1,0.4395448565483093,0.24049708247184753,0.31995806097984314,SELL
2303,2025-05-21,2025-05-21T13:30:00+08:00,2025-05-22,49.45,2025-05-26,47.1,-0.04752275025278063,-0.05308681337385446,gru,validation,0,0.2704523503780365,0.33560970425605774,0.39393797516822815,BUY
2303,2025-05-22,2025-05-22T13:30:00+08:00,2025-05-23,48.1,2025-05-27,46.0,-0.04365904365904372,-0.04924567730069895,gru,validation,0,0.290258526802063,0.28984081745147705,0.41990065574645996,BUY
2303,2025-05-23,2025-05-23T13:30:00+08:00,2025-05-26,47.8,2025-05-28,47.05,-0.01569037656903771,-0.021440394091139736,gru,validation,0,0.31300076842308044,0.23067355155944824,0.45632559061050415,BUY
2303,2025-05-26,2025-05-26T13:30:00+08:00,2025-05-27,47.1,2025-05-29,46.75,-0.007430997876857748,-0.013229264010038433,gru,validation,0,0.30295678973197937,0.23403865098953247,0.46300455927848816,BUY
2303,2025-05-27,2025-05-27T13:30:00+08:00,2025-05-28,46.4,2025-06-02,46.95,0.0118534482758621,0.005942528663895441,gru,validation,1,0.3044901192188263,0.3341226577758789,0.3613871932029724,BUY
2303,2025-05-28,2025-05-28T13:30:00+08:00,2025-05-29,47.4,2025-06-03,47.25,-0.0031645569620253333,-0.0089877462590493,gru,validation,1,0.3441653847694397,0.2859312891960144,0.3699033856391907,BUY
2303,2025-05-29,2025-05-29T13:30:00+08:00,2025-06-02,46.8,2025-06-04,45.95,-0.018162393162392987,-0.023897969965448684,gru,validation,0,0.33663371205329895,0.25303685665130615,0.4103294610977173,BUY
2303,2025-06-02,2025-06-02T13:30:00+08:00,2025-06-03,46.7,2025-06-05,45.3,-0.029978586723768852,-0.0356451371570673,gru,validation,0,0.3564876317977905,0.2755693197250366,0.3679429888725281,BUY
2303,2025-06-03,2025-06-03T13:30:00+08:00,2025-06-04,47.1,2025-06-06,45.0,-0.04458598726114649,-0.05016720599896751,gru,validation,0,0.29407551884651184,0.4239955544471741,0.2819289565086365,HOLD
2303,2025-06-04,2025-06-04T13:30:00+08:00,2025-06-05,45.65,2025-06-09,45.65,0.0,-0.005841675612252684,gru,validation,1,0.32318902015686035,0.2656320035457611,0.4111790359020233,BUY
2303,2025-06-05,2025-06-05T13:30:00+08:00,2025-06-06,45.3,2025-06-10,46.4,0.02428256070640189,0.018299034251467727,gru,validation,2,0.34321892261505127,0.319232314825058,0.33754873275756836,SELL
2303,2025-06-06,2025-06-06T13:30:00+08:00,2025-06-09,45.0,2025-06-11,47.25,0.050000000000000044,0.04386624060713484,gru,validation,2,0.31817948818206787,0.32598644495010376,0.35583409667015076,BUY
2303,2025-06-09,2025-06-09T13:30:00+08:00,2025-06-10,45.85,2025-06-12,47.3,0.0316248636859322,0.025598445878744824,gru,validation,2,0.40973961353302,0.25421342253685,0.33604696393013,SELL
2303,2025-06-10,2025-06-10T13:30:00+08:00,2025-06-11,46.55,2025-06-13,47.45,0.019334049409237553,0.01337943055206492,gru,validation,2,0.4537115693092346,0.20114310085773468,0.3451453447341919,SELL
2303,2025-06-11,2025-06-11T13:30:00+08:00,2025-06-12,47.25,2025-06-16,48.0,0.015873015873015817,0.009938615251045002,gru,validation,1,0.3556354343891144,0.3547661602497101,0.28959840536117554,SELL
2303,2025-06-12,2025-06-12T13:30:00+08:00,2025-06-13,46.8,2025-06-17,47.5,0.014957264957265126,0.009028213855085454,gru,validation,1,0.38581857085227966,0.3093724846839905,0.3048088848590851,SELL
2303,2025-06-13,2025-06-13T13:30:00+08:00,2025-06-16,47.35,2025-06-18,48.3,0.020063357972544882,0.014104478731324255,gru,validation,2,0.3193318247795105,0.2842240333557129,0.39644408226013184,BUY
2303,2025-06-16,2025-06-16T13:30:00+08:00,2025-06-17,48.25,2025-06-19,47.75,-0.010362694300518172,-0.0161438344141982,gru,validation,0,0.35109028220176697,0.2889622747898102,0.3599475026130676,BUY
2303,2025-06-17,2025-06-17T13:30:00+08:00,2025-06-18,47.7,2025-06-20,47.65,-0.0010482180293501786,-0.006883770291904345,gru,validation,1,0.2597292363643646,0.29151198267936707,0.4487587511539459,BUY
2303,2025-06-18,2025-06-18T13:30:00+08:00,2025-06-19,48.4,2025-06-23,47.0,-0.02892561983471076,-0.034598321359005535,gru,validation,0,0.3184327185153961,0.28918322920799255,0.39238402247428894,BUY
2303,2025-06-19,2025-06-19T13:30:00+08:00,2025-06-20,47.3,2025-06-24,45.35,-0.04122621564482021,-0.046827061078554943,gru,validation,0,0.33849990367889404,0.2909967005252838,0.37050342559814453,BUY
2303,2025-06-20,2025-06-20T13:30:00+08:00,2025-06-23,46.5,2025-06-25,43.8,-0.058064516129032295,-0.06356699767347662,gru,validation,0,0.2733413875102997,0.35660481452941895,0.37005382776260376,BUY
2303,2025-06-23,2025-06-23T13:30:00+08:00,2025-06-24,42.5,2025-06-26,43.25,0.01764705882352935,0.011702294818119352,gru,validation,2,0.38606950640678406,0.23989926278591156,0.3740312159061432,SELL
2303,2025-06-24,2025-06-24T13:30:00+08:00,2025-06-25,45.45,2025-06-27,44.3,-0.025302530253025424,-0.030996396691370554,gru,validation,0,0.29493448138237,0.26962852478027344,0.4354369640350342,BUY
2303,2025-06-25,2025-06-25T13:30:00+08:00,2025-06-26,43.8,2025-06-30,44.2,0.009132420091324311,0.0032373958433433714,gru,validation,1,0.3023664653301239,0.3109878897666931,0.38664570450782776,BUY
2330,2025-01-02,2025-01-02T13:30:00+08:00,2025-01-03,1080.0,2025-01-07,1130.0,0.04629629629629628,0.040184172739031965,gru,validation,2,0.35858479142189026,0.4551445543766022,0.18627068400382996,HOLD
2330,2025-01-03,2025-01-03T13:30:00+08:00,2025-01-06,1100.0,2025-01-08,1105.0,0.00454545454545463,-0.0013227741377629387,gru,validation,1,0.2675122320652008,0.5402851104736328,0.19220270216464996,HOLD
2330,2025-01-06,2025-01-06T13:30:00+08:00,2025-01-07,1150.0,2025-01-09,1100.0,-0.04347826086956519,-0.04906595058563301,gru,validation,0,0.316927433013916,0.43327227234840393,0.24980026483535767,HOLD
2330,2025-01-07,2025-01-07T13:30:00+08:00,2025-01-08,1110.0,2025-01-10,1100.0,-0.009009009009009028,-0.014798056913043145,gru,validation,0,0.2965337038040161,0.36808332800865173,0.33538299798965454,HOLD
2330,2025-01-08,2025-01-08T13:30:00+08:00,2025-01-09,1100.0,2025-01-13,1075.0,-0.022727272727272707,-0.02843618298470152,gru,validation,0,0.22302472591400146,0.5900166630744934,0.18695859611034393,HOLD
2330,2025-01-09,2025-01-09T13:30:00+08:00,2025-01-10,1100.0,2025-01-14,1090.0,-0.009090909090909038,-0.014879478561232062,gru,validation,0,0.3196086287498474,0.46817833185195923,0.21221297979354858,HOLD
2330,2025-01-10,2025-01-10T13:30:00+08:00,2025-01-13,1110.0,2025-01-15,1065.0,-0.04054054054054057,-0.04614539146580998,gru,validation,0,0.29584378004074097,0.4225150942802429,0.28164106607437134,HOLD
2330,2025-01-13,2025-01-13T13:30:00+08:00,2025-01-14,1085.0,2025-01-16,1105.0,0.018433179723502224,0.01248382345480259,gru,validation,2,0.2786378562450409,0.51069176197052,0.21067026257514954,HOLD
2330,2025-01-14,2025-01-14T13:30:00+08:00,2025-01-15,1085.0,2025-01-17,1120.0,0.032258064516129004,0.026227947755094183,gru,validation,2,0.2607176601886749,0.5267927050590515,0.21248966455459595,HOLD
2330,2025-01-15,2025-01-15T13:30:00+08:00,2025-01-16,1095.0,2025-01-20,1120.0,0.022831050228310446,0.016856003026737287,gru,validation,2,0.22190137207508087,0.6401562094688416,0.13794244825839996,HOLD
2330,2025-01-16,2025-01-16T13:30:00+08:00,2025-01-17,1125.0,2025-01-21,1120.0,-0.004444444444444473,-0.010260157053975871,gru,validation,0,0.34043195843696594,0.4649945795536041,0.19457346200942993,HOLD
2330,2025-01-17,2025-01-17T13:30:00+08:00,2025-01-20,1125.0,2025-01-22,1135.0,0.008888888888888946,0.002995287271194025,gru,validation,1,0.34361159801483154,0.48432043194770813,0.17206799983978271,HOLD
2330,2025-01-20,2025-01-20T13:30:00+08:00,2025-01-21,1115.0,2025-02-03,1070.0,-0.04035874439461884,-0.045964657314000235,gru,validation,0,0.28670740127563477,0.5479872226715088,0.16530540585517883,HOLD
2330,2025-01-21,2025-01-21T13:30:00+08:00,2025-01-22,1140.0,2025-02-04,1095.0,-0.03947368421052633,-0.04508476736440048,gru,validation,0,0.29572561383247375,0.48203033208847046,0.22224411368370056,HOLD
2330,2025-01-22,2025-01-22T13:30:00+08:00,2025-02-03,1065.0,2025-02-05,1110.0,0.04225352112676051,0.03616501415061002,gru,validation,2,0.27981820702552795,0.5300269722938538,0.1901547759771347,HOLD
2330,2025-02-03,2025-02-03T13:30:00+08:00,2025-02-04,1085.0,2025-02-06,1115.0,0.02764976958525356,0.021646572988330393,gru,validation,2,0.2718500792980194,0.5618554949760437,0.1662944257259369,HOLD
2330,2025-02-04,2025-02-04T13:30:00+08:00,2025-02-05,1110.0,2025-02-07,1125.0,0.013513513513513598,0.0075928963389331194,gru,validation,1,0.3322172462940216,0.369671493768692,0.2981111705303192,HOLD
2330,2025-02-05,2025-02-05T13:30:00+08:00,2025-02-06,1120.0,2025-02-10,1105.0,-0.013392857142857095,-0.019156296028159936,gru,validation,0,0.31036272644996643,0.4794369637966156,0.21020030975341797,HOLD
2330,2025-02-06,2025-02-06T13:30:00+08:00,2025-02-07,1110.0,2025-02-11,1110.0,0.0,-0.005841675612252573,gru,validation,1,0.3416067361831665,0.3598920404911041,0.2985011637210846,HOLD
2330,2025-02-07,2025-02-07T13:30:00+08:00,2025-02-10,1125.0,2025-02-12,1100.0,-0.022222222222222254,-0.027934082820869288,gru,validation,0,0.2665083110332489,0.4696483016014099,0.26384344696998596,HOLD
2330,2025-02-10,2025-02-10T13:30:00+08:00,2025-02-11,1110.0,2025-02-13,1090.0,-0.018018018018018056,-0.023754438213833495,gru,validation,0,0.2977631092071533,0.49811893701553345,0.20411790907382965,HOLD
2330,2025-02-11,2025-02-11T13:30:00+08:00,2025-02-12,1110.0,2025-02-14,1060.0,-0.04504504504504503,-0.0506235821162051,gru,validation,0,0.32397666573524475,0.5141834616661072,0.1618397980928421,HOLD
2330,2025-02-12,2025-02-12T13:30:00+08:00,2025-02-13,1090.0,2025-02-17,1085.0,-0.004587155963302725,-0.01040203489843472,gru,validation,0,0.30500662326812744,0.5191980600357056,0.17579533159732819,HOLD
2330,2025-02-13,2025-02-13T13:30:00+08:00,2025-02-14,1065.0,2025-02-18,1100.0,0.032863849765258246,0.026830194203307123,gru,validation,2,0.2510223686695099,0.6023379564285278,0.14663973450660706,HOLD
2330,2025-02-14,2025-02-14T13:30:00+08:00,2025-02-17,1065.0,2025-02-19,1090.0,0.023474178403755763,0.01749537425600467,gru,validation,2,0.29674461483955383,0.49152371287345886,0.2117316573858261,HOLD
2330,2025-02-17,2025-02-17T13:30:00+08:00,2025-02-18,1085.0,2025-02-20,1080.0,-0.004608294930875556,-0.010423050379016363,gru,validation,0,0.30058953166007996,0.5454189777374268,0.15399150550365448,HOLD
2330,2025-02-18,2025-02-18T13:30:00+08:00,2025-02-19,1090.0,2025-02-21,1095.0,0.004587155963302836,-0.0012813163260702032,gru,validation,1,0.29222890734672546,0.3772006928920746,0.33057036995887756,HOLD
2330,2025-02-19,2025-02-19T13:30:00+08:00,2025-02-20,1080.0,2025-02-24,1075.0,-0.00462962962962965,-0.010444260447381004,gru,validation,0,0.2524316906929016,0.5878843069076538,0.15968404710292816,HOLD
2330,2025-02-20,2025-02-20T13:30:00+08:00,2025-02-21,1085.0,2025-02-25,1055.0,-0.027649769585253448,-0.03332992421283543,gru,validation,0,0.22208023071289062,0.6074660420417786,0.170453742146492,HOLD
2330,2025-02-21,2025-02-21T13:30:00+08:00,2025-02-24,1080.0,2025-02-26,1060.0,-0.01851851851851849,-0.0242520149527663,gru,validation,0,0.319169819355011,0.4502619504928589,0.23056824505329132,HOLD
2330,2025-02-24,2025-02-24T13:30:00+08:00,2025-02-25,1055.0,2025-02-27,1040.0,-0.014218009478673022,-0.01997662809169931,gru,validation,0,0.21880988776683807,0.6233289837837219,0.15786112844944,HOLD
2330,2025-02-25,2025-02-25T13:30:00+08:00,2025-02-26,1045.0,2025-03-03,1020.0,-0.02392344497607657,-0.029625367583251405,gru,validation,0,0.2431250363588333,0.6374838352203369,0.11939109861850739,HOLD
2330,2025-02-26,2025-02-26T13:30:00+08:00,2025-02-27,1065.0,2025-03-04,1000.0,-0.06103286384976525,-0.06651800526972074,gru,validation,0,0.2955871820449829,0.5588706135749817,0.14554227888584137,HOLD
2330,2025-02-27,2025-02-27T13:30:00+08:00,2025-03-03,1000.0,2025-03-05,1020.0,0.020000000000000018,0.014041490875502438,gru,validation,2,0.31653687357902527,0.4229731261730194,0.26048994064331055,HOLD
2330,2025-03-03,2025-03-03T13:30:00+08:00,2025-03-04,996.0,2025-03-06,1005.0,0.009036144578313143,0.0031416827406487435,gru,validation,1,0.2900565266609192,0.505105197429657,0.20483830571174622,HOLD
2330,2025-03-04,2025-03-04T13:30:00+08:00,2025-03-05,1020.0,2025-03-07,1005.0,-0.014705882352941124,-0.020461650970895917,gru,validation,0,0.32900214195251465,0.46100372076034546,0.20999418199062347,HOLD
2330,2025-03-05,2025-03-05T13:30:00+08:00,2025-03-06,1020.0,2025-03-10,998.0,-0.021568627450980427,-0.027284306138262715,gru,validation,0,0.2815793752670288,0.5446844696998596,0.17373614013195038,HOLD
2330,2025-03-06,2025-03-06T13:30:00+08:00,2025-03-07,1005.0,2025-03-11,971.0,-0.03383084577114426,-0.03947489255671377,gru,validation,0,0.28019022941589355,0.4725731313228607,0.2472366988658905,HOLD
2330,2025-03-07,2025-03-07T13:30:00+08:00,2025-03-10,1005.0,2025-03-12,988.0,-0.01691542288557213,-0.022658284084483116,gru,validation,0,0.2552866041660309,0.5525849461555481,0.19212844967842102,HOLD
2330,2025-03-10,2025-03-10T13:30:00+08:00,2025-03-11,969.0,2025-03-13,965.0,-0.0041279669762641635,-0.00994552834450324,gru,validation,1,0.3518029451370239,0.2583726644515991,0.38982442021369934,BUY
2330,2025-03-11,2025-03-11T13:30:00+08:00,2025-03-12,980.0,2025-03-14,959.0,-0.021428571428571463,-0.027145068277704243,gru,validation,0,0.3496135473251343,0.2886967658996582,0.3616896867752075,BUY
2330,2025-03-12,2025-03-12T13:30:00+08:00,2025-03-13,1000.0,2025-03-17,970.0,-0.030000000000000027,-0.03566642534388487,gru,validation,0,0.4271950125694275,0.2120332568883896,0.36077171564102173,SELL
2330,2025-03-13,2025-03-13T13:30:00+08:00,2025-03-14,965.0,2025-03-18,971.0,0.006217616580310947,0.0003396196689147146,gru,validation,1,0.29202109575271606,0.2262452393770218,0.48173367977142334,BUY
2330,2025-03-14,2025-03-14T13:30:00+08:00,2025-03-17,977.0,2025-03-19,952.0,-0.025588536335721557,-0.03128073201930859,gru,validation,0,0.3208399713039398,0.24209560453891754,0.43706440925598145,BUY
2330,2025-03-17,2025-03-17T13:30:00+08:00,2025-03-18,976.0,2025-03-20,985.0,0.009221311475409832,0.0033257679527984862,gru,validation,1,0.3340357542037964,0.3025754690170288,0.3633887767791748,BUY
2330,2025-03-18,2025-03-18T13:30:00+08:00,2025-03-19,965.0,2025-03-21,972.0,0.007253886010362587,0.0013698355491094105,gru,validation,1,0.37999942898750305,0.28339388966560364,0.3366066813468933,SELL
2330,2025-03-19,2025-03-19T13:30:00+08:00,2025-03-20,978.0,2025-03-24,972.0,-0.006134969325153339,-0.011940806436717244,gru,validation,0,0.318072110414505,0.2396610975265503,0.4422667920589447,BUY
2330,2025-03-20,2025-03-20T13:30:00+08:00,2025-03-21,985.0,2025-03-25,990.0,0.0050761421319796,-0.0007951866559696708,gru,validation,1,0.33565589785575867,0.28946104645729065,0.37488308548927307,BUY
2330,2025-03-21,2025-03-21T13:30:00+08:00,2025-03-24,986.0,2025-03-26,980.0,-0.006085192697768749,-0.011891320588242826,gru,validation,0,0.31918907165527344,0.28675201535224915,0.39405888319015503,BUY
2330,2025-03-24,2025-03-24T13:30:00+08:00,2025-03-25,989.0,2025-03-27,958.0,-0.03134479271991908,-0.03700336222096856,gru,validation,0,0.3332062065601349,0.26009637117385864,0.40669748187065125,BUY
2330,2025-03-25,2025-03-25T13:30:00+08:00,2025-03-26,995.0,2025-03-28,952.0,-0.04321608040201008,-0.048805301691321024,gru,validation,0,0.31674763560295105,0.2677706778049469,0.41548165678977966,BUY
2330,2025-03-26,2025-03-26T13:30:00+08:00,2025-03-27,961.0,2025-03-31,910.0,-0.05306971904266389,-0.05860137857143577,gru,validation,0,0.3195762634277344,0.26153111457824707,0.41889262199401855,BUY
2330,2025-03-27,2025-03-27T13:30:00+08:00,2025-03-28,946.0,2025-04-01,944.0,-0.0021141649048626032,-0.007943490251550167,gru,validation,1,0.32570940256118774,0.23774075508117676,0.4365498423576355,BUY
2330,2025-03-28,2025-03-28T13:30:00+08:00,2025-03-31,920.0,2025-04-02,942.0,0.023913043478260843,0.01793167562310649,gru,validation,2,0.3108360767364502,0.26076579093933105,0.42839813232421875,BUY
2330,2025-03-31,2025-03-31T13:30:00+08:00,2025-04-01,929.0,2025-04-07,848.0,-0.08719052744886979,-0.0925228642833048,gru,validation,0,0.30753225088119507,0.19066472351551056,0.5018031001091003,BUY
2330,2025-04-01,2025-04-01T13:30:00+08:00,2025-04-02,949.0,2025-04-08,816.0,-0.1401475237091675,-0.14517050295005074,gru,validation,0,0.32415759563446045,0.2760597765445709,0.3997826874256134,BUY
2330,2025-04-02,2025-04-02T13:30:00+08:00,2025-04-07,848.0,2025-04-09,785.0,-0.0742924528301887,-0.07970013603256865,gru,validation,0,0.3752463459968567,0.23714514076709747,0.3876085579395294,BUY
2330,2025-04-08,2025-04-08T13:30:00+08:00,2025-04-09,809.0,2025-04-11,889.0,0.09888751545117436,0.09246817105155447,gru,validation,2,0.32325151562690735,0.3630391061306,0.3137093484401703,HOLD
2330,2025-04-09,2025-04-09T13:30:00+08:00,2025-04-10,863.0,2025-04-14,865.0,0.002317497103128563,-0.003537716575432781,gru,validation,1,0.32288721203804016,0.4522629380226135,0.2248498797416687,HOLD
2330,2025-04-11,2025-04-11T13:30:00+08:00,2025-04-14,895.0,2025-04-16,855.0,-0.04469273743016755,-0.0502733325681296,gru,validation,0,0.34197619557380676,0.3293704092502594,0.32865339517593384,SELL
2330,2025-04-14,2025-04-14T13:30:00+08:00,2025-04-15,874.0,2025-04-17,847.0,-0.03089244851258577,-0.03655366046175956,gru,validation,0,0.3276778757572174,0.24478542804718018,0.4275367558002472,BUY
2330,2025-04-15,2025-04-15T13:30:00+08:00,2025-04-16,867.0,2025-04-18,850.0,-0.019607843137254943,-0.025334976090443773,gru,validation,0,0.34717604517936707,0.27711716294288635,0.3757067620754242,BUY
2330,2025-04-16,2025-04-16T13:30:00+08:00,2025-04-17,849.0,2025-04-21,835.0,-0.01648998822143699,-0.022235334671650064,gru,validation,0,0.30378201603889465,0.29323074221611023,0.4029872417449951,BUY
2330,2025-04-17,2025-04-17T13:30:00+08:00,2025-04-18,853.0,2025-04-22,816.0,-0.04337631887456039,-0.0489646041026941,gru,validation,0,0.3166489899158478,0.3045194447040558,0.3788316249847412,BUY
2330,2025-04-18,2025-04-18T13:30:00+08:00,2025-04-21,844.0,2025-04-23,873.0,0.034360189573459765,0.028317792879743564,gru,validation,2,0.340920090675354,0.29127994179725647,0.3678000271320343,BUY
2330,2025-04-21,2025-04-21T13:30:00+08:00,2025-04-22,826.0,2025-04-24,864.0,0.04600484261501214,0.039894421635609856,gru,validation,2,0.36570388078689575,0.2894570231437683,0.3448391258716583,SELL
2330,2025-04-22,2025-04-22T13:30:00+08:00,2025-04-23,853.0,2025-04-25,888.0,0.041031652989449,0.03495028377059772,gru,validation,2,0.30128225684165955,0.306853711605072,0.39186403155326843,BUY
2330,2025-04-23,2025-04-23T13:30:00+08:00,2025-04-24,886.0,2025-04-28,897.0,0.01241534988713311,0.006501147828227305,gru,validation,1,0.29890355467796326,0.2724049687385559,0.4286915063858032,BUY
2330,2025-04-24,2025-04-24T13:30:00+08:00,2025-04-25,900.0,2025-04-29,902.0,0.0022222222222221255,-0.0036324348913908677,gru,validation,1,0.3985130786895752,0.2610132098197937,0.34047362208366394,SELL
2330,2025-04-25,2025-04-25T13:30:00+08:00,2025-04-28,898.0,2025-04-30,908.0,0.011135857461024523,0.00522912978182033,gru,validation,1,0.33298054337501526,0.32978376746177673,0.3372357189655304,BUY
2330,2025-04-28,2025-04-28T13:30:00+08:00,2025-04-29,897.0,2025-05-02,950.0,0.059085841694537455,0.05289900576182838,gru,validation,2,0.38924139738082886,0.26358023285865784,0.34717845916748047,SELL
2330,2025-04-29,2025-04-29T13:30:00+08:00,2025-04-30,901.0,2025-05-05,938.0,0.04106548279689237,0.03498391595527983,gru,validation,2,0.36337682604789734,0.25794312357902527,0.3786800801753998,BUY
2330,2025-04-30,2025-04-30T13:30:00+08:00,2025-05-02,938.0,2025-05-06,920.0,-0.019189765458422214,-0.02491934068579138,gru,validation,0,0.3581767976284027,0.29521122574806213,0.34661194682121277,SELL
2330,2025-05-02,2025-05-02T13:30:00+08:00,2025-05-05,956.0,2025-05-07,928.0,-0.029288702928870314,-0.034959283439508715,gru,validation,0,0.35249412059783936,0.21280978620052338,0.43469610810279846,BUY
2330,2025-05-05,2025-05-05T13:30:00+08:00,2025-05-06,916.0,2025-05-08,918.0,0.0021834061135370675,-0.003671024248960486,gru,validation,1,0.3375804126262665,0.3459663689136505,0.31645315885543823,HOLD
2330,2025-05-06,2025-05-06T13:30:00+08:00,2025-05-07,925.0,2025-05-09,949.0,0.025945945945945903,0.019952702534024036,gru,validation,2,0.3359828591346741,0.2620977759361267,0.401919424533844,BUY
2330,2025-05-07,2025-05-07T13:30:00+08:00,2025-05-08,933.0,2025-05-12,957.0,0.025723472668810254,0.019731528873605964,gru,validation,2,0.40280038118362427,0.3072732090950012,0.28992635011672974,SELL
2330,2025-05-08,2025-05-08T13:30:00+08:00,2025-05-09,938.0,2025-05-13,969.0,0.03304904051172697,0.027014303125508787,gru,validation,2,0.270307719707489,0.2100757509469986,0.5196166038513184,BUY
2330,2025-05-09,2025-05-09T13:30:00+08:00,2025-05-12,954.0,2025-05-14,999.0,0.04716981132075482,0.04105258497207509,gru,validation,2,0.38485342264175415,0.2789919078350067,0.33615463972091675,SELL
2330,2025-05-12,2025-05-12T13:30:00+08:00,2025-05-13,990.0,2025-05-15,993.0,0.003030303030302939,-0.0028290746292594093,gru,validation,1,0.3469199240207672,0.2685620188713074,0.3845180869102478,BUY
2330,2025-05-13,2025-05-13T13:30:00+08:00,2025-05-14,990.0,2025-05-16,998.0,0.008080808080808133,0.0021919270090626775,gru,validation,1,0.31472131609916687,0.26318687200546265,0.4220918118953705,BUY
2330,2025-05-14,2025-05-14T13:30:00+08:00,2025-05-15,1000.0,2025-05-19,984.0,-0.016000000000000014,-0.021748208802456426,gru,validation,0,0.3309181332588196,0.2363714575767517,0.4327104091644287,BUY
2330,2025-05-15,2025-05-15T13:30:00+08:00,2025-05-16,991.0,2025-05-20,978.0,-0.013118062563067578,-0.018883106709165598,gru,validation,0,0.33996284008026123,0.22649845480918884,0.4335387051105499,BUY
2330,2025-05-16,2025-05-16T13:30:00+08:00,2025-05-19,993.0,2025-05-21,990.0,-0.0030211480362537513,-0.008845175081702017,gru,validation,1,0.38261428475379944,0.23628929257392883,0.38109642267227173,SELL
2330,2025-05-19,2025-05-19T13:30:00+08:00,2025-05-20,991.0,2025-05-22,982.0,-0.00908173562058523,-0.014870358679346163,gru,validation,0,0.38026827573776245,0.23556193709373474,0.3841697573661804,BUY
2330,2025-05-20,2025-05-20T13:30:00+08:00,2025-05-21,986.0,2025-05-23,984.0,-0.0020283975659228792,-0.00785822393758262,gru,validation,1,0.3009408712387085,0.29262790083885193,0.4064311981201172,BUY
2330,2025-05-21,2025-05-21T13:30:00+08:00,2025-05-22,988.0,2025-05-26,976.0,-0.012145748987854255,-0.01791647307445199,gru,validation,0,0.32181093096733093,0.23457859456539154,0.4436104893684387,BUY
2330,2025-05-22,2025-05-22T13:30:00+08:00,2025-05-23,993.0,2025-05-27,965.0,-0.028197381671701938,-0.033874337327113535,gru,validation,0,0.3500370383262634,0.26140034198760986,0.3885625898838043,BUY
2330,2025-05-23,2025-05-23T13:30:00+08:00,2025-05-26,975.0,2025-05-28,967.0,-0.008205128205128198,-0.013998872120049466,gru,validation,0,0.4237198829650879,0.2061268836259842,0.3701532483100891,SELL
2330,2025-05-26,2025-05-26T13:30:00+08:00,2025-05-27,971.0,2025-05-29,967.0,-0.004119464469618972,-0.009937075506743831,gru,validation,1,0.32191336154937744,0.2746196687221527,0.40346693992614746,BUY
2330,2025-05-27,2025-05-27T13:30:00+08:00,2025-05-28,984.0,2025-06-02,946.0,-0.03861788617886175,-0.044233968627226505,gru,validation,0,0.3585053086280823,0.24502305686473846,0.39647167921066284,BUY
2330,2025-05-28,2025-05-28T13:30:00+08:00,2025-05-29,986.0,2025-06-03,950.0,-0.0365111561866126,-0.04213954546819465,gru,validation,0,0.30932387709617615,0.2294803112745285,0.46119582653045654,BUY
2330,2025-05-29,2025-05-29T13:30:00+08:00,2025-06-02,958.0,2025-06-04,990.0,0.03340292275574108,0.027366118104248383,gru,validation,2,0.3506256341934204,0.3053520917892456,0.344022274017334,SELL
2330,2025-06-02,2025-06-02T13:30:00+08:00,2025-06-03,960.0,2025-06-05,998.0,0.039583333333333304,0.033510424728095733,gru,validation,2,0.30030062794685364,0.2844904065132141,0.41520896553993225,BUY
2330,2025-06-03,2025-06-03T13:30:00+08:00,2025-06-04,974.0,2025-06-06,995.0,0.021560574948665368,0.015592949451548987,gru,validation,2,0.315822958946228,0.25033751130104065,0.4338395595550537,BUY
2330,2025-06-04,2025-06-04T13:30:00+08:00,2025-06-05,1000.0,2025-06-09,1005.0,0.004999999999999893,-0.0008708839903137644,gru,validation,1,0.35463079810142517,0.2565529942512512,0.3888162076473236,BUY
2330,2025-06-05,2025-06-05T13:30:00+08:00,2025-06-06,997.0,2025-06-10,1045.0,0.0481444332998997,0.042021513525773324,gru,validation,2,0.40590372681617737,0.28974488377571106,0.3043513894081116,SELL
2330,2025-06-06,2025-06-06T13:30:00+08:00,2025-06-09,1005.0,2025-06-11,1065.0,0.05970149253731338,0.05351106017209051,gru,validation,2,0.37268689274787903,0.26354554295539856,0.3637675940990448,SELL
2330,2025-06-09,2025-06-09T13:30:00+08:00,2025-06-10,1025.0,2025-06-12,1045.0,0.019512195121951237,0.013556535595313335,gru,validation,2,0.2378435581922531,0.6235911250114441,0.1385653018951416,HOLD
2330,2025-06-10,2025-06-10T13:30:00+08:00,2025-06-11,1065.0,2025-06-13,1030.0,-0.032863849765258246,-0.03851354542781227,gru,validation,0,0.30514538288116455,0.5394843220710754,0.1553703397512436,HOLD
2330,2025-06-11,2025-06-11T13:30:00+08:00,2025-06-12,1055.0,2025-06-16,1025.0,-0.028436018957345932,-0.03411158057114583,gru,validation,0,0.27855873107910156,0.5819827914237976,0.13945847749710083,HOLD
2330,2025-06-12,2025-06-12T13:30:00+08:00,2025-06-13,1040.0,2025-06-17,1045.0,0.004807692307692291,-0.0010620682834653339,gru,validation,1,0.2640044689178467,0.5992043614387512,0.1367911547422409,HOLD
2330,2025-06-13,2025-06-13T13:30:00+08:00,2025-06-16,1030.0,2025-06-18,1055.0,0.024271844660194164,0.018288380804925897,gru,validation,2,0.2536304295063019,0.5552645325660706,0.19110512733459473,HOLD
2330,2025-06-16,2025-06-16T13:30:00+08:00,2025-06-17,1040.0,2025-06-19,1035.0,-0.004807692307692291,-0.0106212829410397,gru,validation,0,0.27911850810050964,0.5820488333702087,0.1388326734304428,HOLD
2330,2025-06-17,2025-06-17T13:30:00+08:00,2025-06-18,1040.0,2025-06-20,1055.0,0.014423076923076872,0.008497146374109255,gru,validation,1,0.3158222436904907,0.4921378195285797,0.19203996658325195,HOLD
2330,2025-06-18,2025-06-18T13:30:00+08:00,2025-06-19,1045.0,2025-06-23,1020.0,-0.02392344497607657,-0.029625367583251405,gru,validation,0,0.3069237172603607,0.5351850986480713,0.1578911542892456,HOLD
2330,2025-06-19,2025-06-19T13:30:00+08:00,2025-06-20,1030.0,2025-06-24,1050.0,0.01941747572815533,0.013462369521490158,gru,validation,2,0.2783251404762268,0.584754228591919,0.13692058622837067,HOLD
2330,2025-06-20,2025-06-20T13:30:00+08:00,2025-06-23,1025.0,2025-06-25,1070.0,0.04390243902439028,0.0378042996047705,gru,validation,2,0.3226724863052368,0.3798638582229614,0.29746365547180176,HOLD
2330,2025-06-23,2025-06-23T13:30:00+08:00,2025-06-24,1045.0,2025-06-26,1075.0,0.028708133971291794,0.022698754752945804,gru,validation,2,0.25352588295936584,0.5083228349685669,0.23815125226974487,HOLD
2330,2025-06-24,2025-06-24T13:30:00+08:00,2025-06-25,1060.0,2025-06-27,1080.0,0.018867924528301883,0.012916028621478448,gru,validation,2,0.30780893564224243,0.5248434543609619,0.1673475205898285,HOLD
2330,2025-06-25,2025-06-25T13:30:00+08:00,2025-06-26,1075.0,2025-06-30,1060.0,-0.013953488372092981,-0.019713652231616252,gru,validation,0,0.2842387557029724,0.5591185688972473,0.1566426157951355,HOLD
2412,2025-01-02,2025-01-02T13:30:00+08:00,2025-01-03,123.0,2025-01-07,123.0,0.0,-0.005841675612252573,gru,validation,1,0.2986299991607666,0.4674040973186493,0.23396587371826172,HOLD
2412,2025-01-03,2025-01-03T13:30:00+08:00,2025-01-06,123.0,2025-01-08,123.5,0.004065040650406582,-0.0018003816106763049,gru,validation,1,0.25977855920791626,0.5670155882835388,0.1732059121131897,HOLD
2412,2025-01-06,2025-01-06T13:30:00+08:00,2025-01-07,124.0,2025-01-09,123.0,-0.008064516129032251,-0.013859081454089206,gru,validation,0,0.28465908765792847,0.4932781457901001,0.22206281125545502,HOLD
2412,2025-01-07,2025-01-07T13:30:00+08:00,2025-01-08,123.5,2025-01-10,123.0,-0.004048582995951455,-0.009866608099652341,gru,validation,1,0.23728139698505402,0.558053731918335,0.20466484129428864,HOLD
2412,2025-01-08,2025-01-08T13:30:00+08:00,2025-01-09,123.5,2025-01-13,123.0,-0.004048582995951455,-0.009866608099652341,gru,validation,1,0.3130374252796173,0.4813521206378937,0.2056104838848114,HOLD
2412,2025-01-09,2025-01-09T13:30:00+08:00,2025-01-10,123.0,2025-01-14,123.5,0.004065040650406582,-0.0018003816106763049,gru,validation,1,0.2926223576068878,0.566356897354126,0.1410207450389862,HOLD
2412,2025-01-10,2025-01-10T13:30:00+08:00,2025-01-13,122.5,2025-01-15,123.5,0.008163265306122547,0.0022739025460147833,gru,validation,1,0.2928776144981384,0.5061001181602478,0.20102226734161377,HOLD
2412,2025-01-13,2025-01-13T13:30:00+08:00,2025-01-14,123.0,2025-01-16,124.0,0.008130081300812941,0.002240912390899963,gru,validation,1,0.27588480710983276,0.5663144588470459,0.15780067443847656,HOLD
2412,2025-01-14,2025-01-14T13:30:00+08:00,2025-01-15,123.5,2025-01-17,124.0,0.004048582995951344,-0.0018167431248528043,gru,validation,1,0.2687004804611206,0.5544338822364807,0.1768656075000763,HOLD
2412,2025-01-15,2025-01-15T13:30:00+08:00,2025-01-16,123.5,2025-01-20,123.5,0.0,-0.005841675612252573,gru,validation,1,0.28041785955429077,0.540256679058075,0.1793253868818283,HOLD
2412,2025-01-16,2025-01-16T13:30:00+08:00,2025-01-17,123.5,2025-01-21,123.5,0.0,-0.005841675612252573,gru,validation,1,0.29934120178222656,0.5386284589767456,0.16203033924102783,HOLD
2412,2025-01-17,2025-01-17T13:30:00+08:00,2025-01-20,124.0,2025-01-22,124.5,0.0040322580645162365,-0.0018329726913340894,gru,validation,1,0.3215392529964447,0.5265875458717346,0.1518731564283371,HOLD
2412,2025-01-20,2025-01-20T13:30:00+08:00,2025-01-21,123.5,2025-02-03,125.5,0.0161943319838056,0.0102580543373465,gru,validation,2,0.29803091287612915,0.49417442083358765,0.20779460668563843,HOLD
2412,2025-01-21,2025-01-21T13:30:00+08:00,2025-01-22,124.0,2025-02-04,125.0,0.008064516129032251,0.002175730229584172,gru,validation,1,0.33672037720680237,0.4571283459663391,0.20615121722221375,HOLD
2412,2025-01-22,2025-01-22T13:30:00+08:00,2025-02-03,124.5,2025-02-05,126.0,0.012048192771084265,0.006136135524949182,gru,validation,1,0.26088571548461914,0.5360811948776245,0.20303313434123993,HOLD
2412,2025-02-03,2025-02-03T13:30:00+08:00,2025-02-04,125.5,2025-02-06,126.0,0.003984063745019917,-0.0018808854752495607,gru,validation,1,0.2871876657009125,0.47851499915122986,0.23429737985134125,HOLD
2412,2025-02-04,2025-02-04T13:30:00+08:00,2025-02-05,126.0,2025-02-07,126.0,0.0,-0.005841675612252684,gru,validation,1,0.23458987474441528,0.6107835173606873,0.15462665259838104,HOLD
2412,2025-02-05,2025-02-05T13:30:00+08:00,2025-02-06,126.0,2025-02-10,125.5,-0.003968253968253954,-0.009786748328077022,gru,validation,1,0.28536298871040344,0.5063773393630981,0.20825964212417603,HOLD
2412,2025-02-06,2025-02-06T13:30:00+08:00,2025-02-07,125.5,2025-02-11,125.5,0.0,-0.005841675612252573,gru,validation,1,0.29080909490585327,0.5306998491287231,0.1784910410642624,HOLD
2412,2025-02-07,2025-02-07T13:30:00+08:00,2025-02-10,125.5,2025-02-12,126.0,0.003984063745019917,-0.0018808854752495607,gru,validation,1,0.32223716378211975,0.42441868782043457,0.25334426760673523,HOLD
2412,2025-02-10,2025-02-10T13:30:00+08:00,2025-02-11,125.5,2025-02-13,125.5,0.0,-0.005841675612252573,gru,validation,1,0.2683606743812561,0.5583958029747009,0.17324355244636536,HOLD
2412,2025-02-11,2025-02-11T13:30:00+08:00,2025-02-12,126.0,2025-02-14,125.5,-0.003968253968253954,-0.009786748328077022,gru,validation,1,0.2580457627773285,0.5767449140548706,0.16520927846431732,HOLD
2412,2025-02-12,2025-02-12T13:30:00+08:00,2025-02-13,126.0,2025-02-17,126.0,0.0,-0.005841675612252684,gru,validation,1,0.29824548959732056,0.5455030798912048,0.15625138580799103,HOLD
2412,2025-02-13,2025-02-13T13:30:00+08:00,2025-02-14,126.0,2025-02-18,126.5,0.003968253968253954,-0.0018966028964282344,gru,validation,1,0.30014556646347046,0.5296849608421326,0.17016951739788055,HOLD
2412,2025-02-14,2025-02-14T13:30:00+08:00,2025-02-17,126.0,2025-02-19,126.5,0.003968253968253954,-0.0018966028964282344,gru,validation,1,0.2873104512691498,0.5192552804946899,0.19343425333499908,HOLD
2412,2025-02-17,2025-02-17T13:30:00+08:00,2025-02-18,126.0,2025-02-20,126.5,0.003968253968253954,-0.0018966028964282344,gru,validation,1,0.27993473410606384,0.5226427912712097,0.19742242991924286,HOLD
2412,2025-02-18,2025-02-18T13:30:00+08:00,2025-02-19,126.5,2025-02-21,127.0,0.0039525691699604515,-0.0019121960692179973,gru,validation,1,0.280626505613327,0.5237346887588501,0.1956387758255005,HOLD
2412,2025-02-19,2025-02-19T13:30:00+08:00,2025-02-20,126.5,2025-02-24,127.0,0.0039525691699604515,-0.0019121960692179973,gru,validation,1,0.36958348751068115,0.42859408259391785,0.2018224596977234,HOLD
2412,2025-02-20,2025-02-20T13:30:00+08:00,2025-02-21,126.5,2025-02-25,126.5,0.0,-0.005841675612252573,gru,validation,1,0.26662716269493103,0.5580068230628967,0.17536604404449463,HOLD
2412,2025-02-21,2025-02-21T13:30:00+08:00,2025-02-24,126.5,2025-02-26,127.5,0.007905138339920903,0.002017283473816578,gru,validation,1,0.27208253741264343,0.5420801043510437,0.18583741784095764,HOLD
2412,2025-02-24,2025-02-24T13:30:00+08:00,2025-02-25,126.5,2025-02-27,128.0,0.011857707509881354,0.005946763016851264,gru,validation,1,0.3157483637332916,0.504632294178009,0.17961932718753815,HOLD
2412,2025-02-25,2025-02-25T13:30:00+08:00,2025-02-26,126.5,2025-03-03,128.5,0.015810276679841806,0.009876242559885728,gru,validation,1,0.2564705014228821,0.577130913734436,0.16639862954616547,HOLD
2412,2025-02-26,2025-02-26T13:30:00+08:00,2025-02-27,128.0,2025-03-04,127.0,-0.0078125,-0.013608537521531905,gru,validation,0,0.36967602372169495,0.36408907175064087,0.2662348747253418,SELL
2412,2025-02-27,2025-02-27T13:30:00+08:00,2025-03-03,128.0,2025-03-05,127.5,-0.00390625,-0.009725106566892183,gru,validation,1,0.27195465564727783,0.5244460105895996,0.20359927415847778,HOLD
2412,2025-03-03,2025-03-03T13:30:00+08:00,2025-03-04,128.5,2025-03-06,128.0,-0.0038910505836575737,-0.009709995940609506,gru,validation,1,0.32574284076690674,0.46674448251724243,0.20751266181468964,HOLD
2412,2025-03-04,2025-03-04T13:30:00+08:00,2025-03-05,127.5,2025-03-07,128.0,0.0039215686274509665,-0.0019430155166142438,gru,validation,1,0.26867422461509705,0.44254347681999207,0.2887822985649109,HOLD
2412,2025-03-05,2025-03-05T13:30:00+08:00,2025-03-06,128.0,2025-03-10,128.0,0.0,-0.005841675612252573,gru,validation,1,0.26032698154449463,0.553684413433075,0.18598854541778564,HOLD
2412,2025-03-06,2025-03-06T13:30:00+08:00,2025-03-07,128.0,2025-03-11,127.5,-0.00390625,-0.009725106566892183,gru,validation,1,0.34433960914611816,0.42447611689567566,0.2311842441558838,HOLD
2412,2025-03-07,2025-03-07T13:30:00+08:00,2025-03-10,128.0,2025-03-12,128.0,0.0,-0.005841675612252573,gru,validation,1,0.2627093493938446,0.5526554584503174,0.184635192155838,HOLD
2412,2025-03-10,2025-03-10T13:30:00+08:00,2025-03-11,127.5,2025-03-13,128.5,0.007843137254901933,0.001955644579023863,gru,validation,1,0.2853185534477234,0.4546271860599518,0.26005423069000244,HOLD
2412,2025-03-11,2025-03-11T13:30:00+08:00,2025-03-12,127.5,2025-03-14,128.5,0.007843137254901933,0.001955644579023863,gru,validation,1,0.24693459272384644,0.41621044278144836,0.33685502409935,HOLD
2412,2025-03-12,2025-03-12T13:30:00+08:00,2025-03-13,128.5,2025-03-17,128.0,-0.0038910505836575737,-0.009709995940609506,gru,validation,1,0.3096887767314911,0.4601396918296814,0.23017148673534393,HOLD
2412,2025-03-13,2025-03-13T13:30:00+08:00,2025-03-14,128.5,2025-03-18,129.0,0.0038910505836575737,-0.001973355283895639,gru,validation,1,0.24884629249572754,0.5894446969032288,0.16170895099639893,HOLD
2412,2025-03-14,2025-03-14T13:30:00+08:00,2025-03-17,128.0,2025-03-19,128.5,0.00390625,-0.001958244657612962,gru,validation,1,0.257876992225647,0.5955926775932312,0.14653034508228302,HOLD
2412,2025-03-17,2025-03-17T13:30:00+08:00,2025-03-18,128.5,2025-03-20,129.0,0.0038910505836575737,-0.001973355283895639,gru,validation,1,0.2396658957004547,0.6160699725151062,0.14426422119140625,HOLD
2412,2025-03-18,2025-03-18T13:30:00+08:00,2025-03-19,129.0,2025-03-21,130.0,0.007751937984496138,0.0018649780651716075,gru,validation,1,0.31060564517974854,0.5189729928970337,0.17042133212089539,HOLD
2412,2025-03-19,2025-03-19T13:30:00+08:00,2025-03-20,129.0,2025-03-24,129.0,0.0,-0.005841675612252795,gru,validation,1,0.3112240433692932,0.4862144887447357,0.2025614082813263,HOLD
2412,2025-03-20,2025-03-20T13:30:00+08:00,2025-03-21,129.0,2025-03-25,129.0,0.0,-0.005841675612252795,gru,validation,1,0.3524918556213379,0.4032781720161438,0.24422992765903473,HOLD
2412,2025-03-21,2025-03-21T13:30:00+08:00,2025-03-24,130.0,2025-03-26,129.0,-0.007692307692307665,-0.013489047338312243,gru,validation,0,0.33930039405822754,0.4085101783275604,0.25218936800956726,HOLD
2412,2025-03-24,2025-03-24T13:30:00+08:00,2025-03-25,129.5,2025-03-27,130.0,0.0038610038610038533,-0.0020032264833423907,gru,validation,1,0.27512383460998535,0.45910781621932983,0.2657683491706848,HOLD
2412,2025-03-25,2025-03-25T13:30:00+08:00,2025-03-26,129.5,2025-03-28,130.0,0.0038610038610038533,-0.0020032264833423907,gru,validation,1,0.28123655915260315,0.4580095112323761,0.26075392961502075,HOLD
2412,2025-03-26,2025-03-26T13:30:00+08:00,2025-03-27,129.0,2025-03-31,128.5,-0.003875968992248069,-0.009695002450964885,gru,validation,1,0.3047948479652405,0.5177531242370605,0.17745204269886017,HOLD
2412,2025-03-27,2025-03-27T13:30:00+08:00,2025-03-28,129.5,2025-04-01,130.0,0.0038610038610038533,-0.0020032264833423907,gru,validation,1,0.2543833553791046,0.5438913106918335,0.2017252892255783,HOLD
2412,2025-03-28,2025-03-28T13:30:00+08:00,2025-03-31,129.0,2025-04-02,130.0,0.007751937984496138,0.0018649780651716075,gru,validation,1,0.3481852114200592,0.4210337698459625,0.23078100383281708,HOLD
2412,2025-03-31,2025-03-31T13:30:00+08:00,2025-04-01,129.0,2025-04-07,124.0,-0.03875968992248058,-0.04437494399937458,gru,validation,0,0.24899043142795563,0.48051339387893677,0.270496129989624,HOLD
2412,2025-04-01,2025-04-01T13:30:00+08:00,2025-04-02,129.5,2025-04-08,127.0,-0.019305019305019266,-0.025033921256803704,gru,validation,0,0.297117680311203,0.4958849549293518,0.20699727535247803,HOLD
2412,2025-04-02,2025-04-02T13:30:00+08:00,2025-04-07,123.0,2025-04-09,126.0,0.024390243902439046,0.01840608839720459,gru,validation,2,0.31604480743408203,0.44585981965065,0.23809535801410675,HOLD
2412,2025-04-07,2025-04-07T13:30:00+08:00,2025-04-08,125.5,2025-04-10,127.0,0.01195219123505975,0.006040694798756352,gru,validation,1,0.3279711604118347,0.39664819836616516,0.2753806412220001,HOLD
2412,2025-04-08,2025-04-08T13:30:00+08:00,2025-04-09,126.0,2025-04-11,128.5,0.01984126984126977,0.01388368796686934,gru,validation,2,0.27923381328582764,0.365166574716568,0.35559967160224915,HOLD
2412,2025-04-09,2025-04-09T13:30:00+08:00,2025-04-10,129.0,2025-04-14,127.5,-0.011627906976744207,-0.017401656128389287,gru,validation,0,0.32601630687713623,0.40167006850242615,0.27231365442276,HOLD
2412,2025-04-10,2025-04-10T13:30:00+08:00,2025-04-11,127.5,2025-04-15,129.0,0.0117647058823529,0.00585430467466197,gru,validation,1,0.25761887431144714,0.37922346591949463,0.363157719373703,HOLD
2412,2025-04-11,2025-04-11T13:30:00+08:00,2025-04-14,128.0,2025-04-16,128.5,0.00390625,-0.001958244657612962,gru,validation,1,0.26726359128952026,0.48599523305892944,0.24674123525619507,HOLD
2412,2025-04-14,2025-04-14T13:30:00+08:00,2025-04-15,128.0,2025-04-17,128.0,0.0,-0.005841675612252573,gru,validation,1,0.32785317301750183,0.4816247224807739,0.19052216410636902,HOLD
2412,2025-04-15,2025-04-15T13:30:00+08:00,2025-04-16,128.5,2025-04-18,128.0,-0.0038910505836575737,-0.009709995940609506,gru,validation,1,0.3167325258255005,0.428372323513031,0.25489509105682373,HOLD
2412,2025-04-17,2025-04-17T13:30:00+08:00,2025-04-18,129.0,2025-04-22,128.0,-0.007751937984496138,-0.013548329289677086,gru,validation,0,0.2725497782230377,0.5368496775627136,0.19060058891773224,HOLD
2412,2025-04-18,2025-04-18T13:30:00+08:00,2025-04-21,128.0,2025-04-23,127.5,-0.00390625,-0.009725106566892183,gru,validation,1,0.34724941849708557,0.4108720123767853,0.24187858402729034,HOLD
2412,2025-04-21,2025-04-21T13:30:00+08:00,2025-04-22,128.0,2025-04-24,127.0,-0.0078125,-0.013608537521531905,gru,validation,0,0.2807002663612366,0.4216296970844269,0.2976699471473694,HOLD
2412,2025-04-22,2025-04-22T13:30:00+08:00,2025-04-23,128.5,2025-04-25,126.5,-0.015564202334630295,-0.021314956925680528,gru,validation,0,0.3048507571220398,0.3980565667152405,0.2970927059650421,HOLD
2412,2025-04-23,2025-04-23T13:30:00+08:00,2025-04-24,127.5,2025-04-28,128.0,0.0039215686274509665,-0.0019430155166142438,gru,validation,1,0.2919935882091522,0.48824143409729004,0.21976497769355774,HOLD
2412,2025-04-24,2025-04-24T13:30:00+08:00,2025-04-25,127.0,2025-04-29,129.0,0.015748031496062964,0.009814360992278726,gru,validation,1,0.3141051232814789,0.4987137019634247,0.18718108534812927,HOLD
2412,2025-04-25,2025-04-25T13:30:00+08:00,2025-04-28,127.0,2025-04-30,129.5,0.019685039370078705,0.013728370143411661,gru,validation,2,0.3010181486606598,0.5182826519012451,0.1806991547346115,HOLD
2412,2025-04-28,2025-04-28T13:30:00+08:00,2025-04-29,128.0,2025-05-02,128.5,0.00390625,-0.001958244657612962,gru,validation,1,0.2683616578578949,0.4438958168029785,0.28774258494377136,HOLD
2412,2025-04-29,2025-04-29T13:30:00+08:00,2025-04-30,129.0,2025-05-05,129.5,0.003875968992248069,-0.0019883487735403715,gru,validation,1,0.30957913398742676,0.504900336265564,0.18552054464817047,HOLD
2412,2025-04-30,2025-04-30T13:30:00+08:00,2025-05-02,129.5,2025-05-06,130.0,0.0038610038610038533,-0.0020032264833423907,gru,validation,1,0.2866000533103943,0.5496441125869751,0.1637558937072754,HOLD
2412,2025-05-02,2025-05-02T13:30:00+08:00,2025-05-05,129.0,2025-05-07,131.0,0.015503875968992276,0.00957163174259601,gru,validation,1,0.3031756579875946,0.4992063641548157,0.19761790335178375,HOLD
2412,2025-05-05,2025-05-05T13:30:00+08:00,2025-05-06,129.5,2025-05-08,129.5,0.0,-0.005841675612252573,gru,validation,1,0.3527258634567261,0.43879541754722595,0.20847876369953156,HOLD
2412,2025-05-06,2025-05-06T13:30:00+08:00,2025-05-07,130.5,2025-05-09,131.0,0.003831417624521105,-0.0020326398866289397,gru,validation,1,0.29559770226478577,0.5087822079658508,0.1956201195716858,HOLD
2412,2025-05-07,2025-05-07T13:30:00+08:00,2025-05-08,131.0,2025-05-12,131.0,0.0,-0.005841675612252684,gru,validation,1,0.31439194083213806,0.4812837839126587,0.20432420074939728,HOLD
2412,2025-05-08,2025-05-08T13:30:00+08:00,2025-05-09,129.5,2025-05-13,130.0,0.0038610038610038533,-0.0020032264833423907,gru,validation,1,0.3220907151699066,0.4512347877025604,0.22667449712753296,HOLD
2412,2025-05-09,2025-05-09T13:30:00+08:00,2025-05-12,131.0,2025-05-14,129.5,-0.011450381679389277,-0.017225167876234404,gru,validation,0,0.2963000535964966,0.4524925947189331,0.2512073218822479,HOLD
2412,2025-05-13,2025-05-13T13:30:00+08:00,2025-05-14,130.5,2025-05-16,131.0,0.003831417624521105,-0.0020326398866289397,gru,validation,1,0.2699492573738098,0.5733863711357117,0.15666435658931732,HOLD
2412,2025-05-14,2025-05-14T13:30:00+08:00,2025-05-15,129.5,2025-05-19,131.0,0.01158301158301156,0.005673671774478084,gru,validation,1,0.295486718416214,0.4694643020629883,0.23504893481731415,HOLD
2412,2025-05-15,2025-05-15T13:30:00+08:00,2025-05-16,131.0,2025-05-20,131.5,0.003816793893129722,-0.0020471781909252584,gru,validation,1,0.35240960121154785,0.38097238540649414,0.2666179835796356,HOLD
2412,2025-05-16,2025-05-16T13:30:00+08:00,2025-05-19,131.0,2025-05-21,132.5,0.011450381679389388,0.00554181665172937,gru,validation,1,0.2442372590303421,0.5284351706504822,0.22732754051685333,HOLD
2412,2025-05-19,2025-05-19T13:30:00+08:00,2025-05-20,131.5,2025-05-22,133.0,0.011406844106463865,0.005498533411181894,gru,validation,1,0.2917335331439972,0.5157078504562378,0.19255860149860382,HOLD
2412,2025-05-20,2025-05-20T13:30:00+08:00,2025-05-21,132.0,2025-05-23,133.0,0.007575757575757569,0.0016898268452303356,gru,validation,1,0.34281063079833984,0.39816200733184814,0.2590273320674896,HOLD
2412,2025-05-21,2025-05-21T13:30:00+08:00,2025-05-22,132.0,2025-05-26,133.0,0.007575757575757569,0.0016898268452303356,gru,validation,1,0.3942298889160156,0.3604559898376465,0.24531416594982147,SELL
2412,2025-05-22,2025-05-22T13:30:00+08:00,2025-05-23,133.0,2025-05-27,131.5,-0.011278195488721776,-0.01705398754143761,gru,validation,0,0.2957617938518524,0.46810445189476013,0.23613376915454865,HOLD
2412,2025-05-23,2025-05-23T13:30:00+08:00,2025-05-26,133.0,2025-05-28,132.0,-0.007518796992481258,-0.013316550231709412,gru,validation,0,0.30124953389167786,0.501924455165863,0.19682598114013672,HOLD
2412,2025-05-26,2025-05-26T13:30:00+08:00,2025-05-27,133.0,2025-05-29,129.5,-0.02631578947368418,-0.03200373678035118,gru,validation,0,0.25911015272140503,0.5462386608123779,0.19465111196041107,HOLD
2412,2025-05-27,2025-05-27T13:30:00+08:00,2025-05-28,131.5,2025-06-02,131.5,0.0,-0.005841675612252462,gru,validation,1,0.2984124422073364,0.4801369905471802,0.2214505523443222,HOLD
2412,2025-05-28,2025-05-28T13:30:00+08:00,2025-05-29,132.5,2025-06-03,130.0,-0.018867924528301883,-0.024599379845983815,gru,validation,0,0.34866833686828613,0.45597919821739197,0.1953524947166443,HOLD
2412,2025-05-29,2025-05-29T13:30:00+08:00,2025-06-02,130.0,2025-06-04,129.5,-0.0038461538461538325,-0.009665361475282297,gru,validation,1,0.30212607979774475,0.49223166704177856,0.20564234256744385,HOLD
2412,2025-06-02,2025-06-02T13:30:00+08:00,2025-06-03,131.5,2025-06-05,130.0,-0.011406844106463865,-0.01718188463568704,gru,validation,0,0.2942543625831604,0.3937670886516571,0.31197845935821533,HOLD
2412,2025-06-03,2025-06-03T13:30:00+08:00,2025-06-04,130.5,2025-06-06,130.0,-0.003831417624521105,-0.009650711337876094,gru,validation,1,0.3088756501674652,0.44904443621635437,0.2420799285173416,HOLD
2412,2025-06-04,2025-06-04T13:30:00+08:00,2025-06-05,129.5,2025-06-09,132.5,0.02316602316602312,0.01718901916120874,gru,validation,2,0.22966726124286652,0.599647045135498,0.17068569362163544,HOLD
2412,2025-06-05,2025-06-05T13:30:00+08:00,2025-06-06,130.5,2025-06-10,133.0,0.019157088122605304,0.013203503015865259,gru,validation,2,0.3397004008293152,0.4417010545730591,0.21859854459762573,HOLD
2412,2025-06-06,2025-06-06T13:30:00+08:00,2025-06-09,130.0,2025-06-11,133.0,0.023076923076922995,0.017100439565926218,gru,validation,2,0.28817424178123474,0.4803548753261566,0.23147083818912506,HOLD
2412,2025-06-09,2025-06-09T13:30:00+08:00,2025-06-10,132.0,2025-06-12,134.0,0.015151515151515138,0.009221329302713466,gru,validation,1,0.2770436406135559,0.5104697346687317,0.2124866098165512,HOLD
2412,2025-06-10,2025-06-10T13:30:00+08:00,2025-06-11,132.5,2025-06-13,135.0,0.018867924528301883,0.012916028621478448,gru,validation,2,0.31816262006759644,0.45356351137161255,0.22827386856079102,HOLD
2412,2025-06-11,2025-06-11T13:30:00+08:00,2025-06-12,133.0,2025-06-16,136.0,0.022556390977443552,0.016582948246117724,gru,validation,2,0.27202433347702026,0.5324215292930603,0.19555409252643585,HOLD
2412,2025-06-12,2025-06-12T13:30:00+08:00,2025-06-13,133.0,2025-06-17,136.5,0.026315789473684292,0.020320385555846032,gru,validation,2,0.2706194818019867,0.44733402132987976,0.28204649686813354,HOLD
2412,2025-06-13,2025-06-13T13:30:00+08:00,2025-06-16,135.0,2025-06-18,137.0,0.014814814814814836,0.008886595860158497,gru,validation,1,0.3392065763473511,0.41411489248275757,0.246678426861763,HOLD
2412,2025-06-16,2025-06-16T13:30:00+08:00,2025-06-17,136.0,2025-06-19,136.5,0.003676470588235281,-0.0021866817725918475,gru,validation,1,0.368856281042099,0.455774188041687,0.17536956071853638,HOLD
2412,2025-06-17,2025-06-17T13:30:00+08:00,2025-06-18,136.0,2025-06-20,136.5,0.003676470588235281,-0.0021866817725918475,gru,validation,1,0.3968149721622467,0.3989593982696533,0.20422565937042236,HOLD
2412,2025-06-18,2025-06-18T13:30:00+08:00,2025-06-19,136.0,2025-06-23,136.5,0.003676470588235281,-0.0021866817725918475,gru,validation,1,0.24372844398021698,0.5727024674415588,0.18356913328170776,HOLD
2412,2025-06-19,2025-06-19T13:30:00+08:00,2025-06-20,136.0,2025-06-24,135.5,-0.003676470588235281,-0.00949666945191352,gru,validation,1,0.25556403398513794,0.587868332862854,0.15656758844852448,HOLD
2412,2025-06-20,2025-06-20T13:30:00+08:00,2025-06-23,136.0,2025-06-25,137.0,0.007352941176470562,0.0014683120670690997,gru,validation,1,0.3367007374763489,0.4850934147834778,0.17820580303668976,HOLD
2412,2025-06-23,2025-06-23T13:30:00+08:00,2025-06-24,136.5,2025-06-26,137.0,0.00366300366300365,-0.0022000700284146024,gru,validation,1,0.3417702615261078,0.44947946071624756,0.20875023305416107,HOLD
2412,2025-06-24,2025-06-24T13:30:00+08:00,2025-06-25,136.5,2025-06-27,136.5,0.0,-0.005841675612252684,gru,validation,1,0.3070998787879944,0.48802340030670166,0.20487669110298157,HOLD
2412,2025-06-25,2025-06-25T13:30:00+08:00,2025-06-26,136.5,2025-06-30,135.0,-0.01098901098901095,-0.01676649236376626,gru,validation,0,0.2758896052837372,0.5267035365104675,0.19740676879882812,HOLD
2881,2025-01-02,2025-01-02T13:30:00+08:00,2025-01-03,90.9,2025-01-07,91.9,0.011001100110010986,0.005095159639537883,gru,validation,1,0.40550386905670166,0.27193814516067505,0.32255807518959045,SELL
2881,2025-01-03,2025-01-03T13:30:00+08:00,2025-01-06,91.3,2025-01-08,91.1,-0.0021905805038335835,-0.008019459455380296,gru,validation,1,0.3484479784965515,0.27245011925697327,0.37910187244415283,BUY
2881,2025-01-06,2025-01-06T13:30:00+08:00,2025-01-07,92.1,2025-01-09,91.1,-0.010857763300760048,-0.016636011381935045,gru,validation,0,0.3682909309864044,0.2702639698982239,0.3614451289176941,SELL
2881,2025-01-07,2025-01-07T13:30:00+08:00,2025-01-08,91.8,2025-01-10,89.9,-0.020697167755991175,-0.026417937228120802,gru,validation,0,0.29831963777542114,0.3615318536758423,0.3401485085487366,HOLD
2881,2025-01-08,2025-01-08T13:30:00+08:00,2025-01-09,91.3,2025-01-13,89.8,-0.01642935377875132,-0.022175054435709662,gru,validation,0,0.3069268465042114,0.3075030744075775,0.38557010889053345,BUY
2881,2025-01-09,2025-01-09T13:30:00+08:00,2025-01-10,91.1,2025-01-14,90.8,-0.003293084522502765,-0.009115523003211168,gru,validation,1,0.31671929359436035,0.2584366500377655,0.4248441159725189,BUY
2881,2025-01-10,2025-01-10T13:30:00+08:00,2025-01-13,90.2,2025-01-15,90.4,0.0022172949002217113,-0.0036373334295745074,gru,validation,1,0.28309327363967896,0.2679707705974579,0.44893595576286316,BUY
2881,2025-01-13,2025-01-13T13:30:00+08:00,2025-01-14,90.1,2025-01-16,91.6,0.01664816870144281,0.010709239888098354,gru,validation,2,0.297954797744751,0.2817379832267761,0.4203071892261505,BUY
2881,2025-01-14,2025-01-14T13:30:00+08:00,2025-01-15,91.0,2025-01-17,91.0,0.0,-0.005841675612252684,gru,validation,1,0.3271966576576233,0.32954835891723633,0.3432549834251404,BUY
2881,2025-01-15,2025-01-15T13:30:00+08:00,2025-01-16,91.5,2025-01-20,90.5,-0.010928961748633892,-0.01670679391157215,gru,validation,0,0.3524317145347595,0.2480163425207138,0.3995519280433655,BUY
2881,2025-01-16,2025-01-16T13:30:00+08:00,2025-01-17,91.6,2025-01-21,91.5,-0.0010917030567685337,-0.00692700129389856,gru,validation,1,0.38094621896743774,0.2665460705757141,0.35250768065452576,SELL
2881,2025-01-17,2025-01-17T13:30:00+08:00,2025-01-20,91.2,2025-01-22,92.8,0.01754385964912264,0.011599698499813238,gru,validation,2,0.32728028297424316,0.29869142174720764,0.3740282952785492,BUY
2881,2025-01-20,2025-01-20T13:30:00+08:00,2025-01-21,90.8,2025-02-03,91.4,0.006607929515418665,0.0007276525224684249,gru,validation,1,0.31807029247283936,0.2514670491218567,0.43046262860298157,BUY
2881,2025-01-21,2025-01-21T13:30:00+08:00,2025-01-22,92.2,2025-02-04,90.3,-0.020607375271149753,-0.026328669281848294,gru,validation,0,0.30469611287117004,0.27454710006713867,0.4207567572593689,BUY
2881,2025-01-22,2025-01-22T13:30:00+08:00,2025-02-03,91.5,2025-02-05,91.8,0.003278688524590123,-0.002582140122456722,gru,validation,1,0.3733745813369751,0.32563111186027527,0.30099430680274963,SELL
2881,2025-02-03,2025-02-03T13:30:00+08:00,2025-02-04,92.0,2025-02-06,93.0,0.010869565217391353,0.004964393131092537,gru,validation,1,0.3128718435764313,0.2764297127723694,0.41069841384887695,BUY
2881,2025-02-04,2025-02-04T13:30:00+08:00,2025-02-05,91.5,2025-02-07,92.3,0.008743169398907069,0.002850419027203177,gru,validation,1,0.31484657526016235,0.2762104570865631,0.4089430272579193,BUY
2881,2025-02-05,2025-02-05T13:30:00+08:00,2025-02-06,92.0,2025-02-10,93.4,0.01521739130434785,0.009286820628430448,gru,validation,1,0.3641946315765381,0.3054175078868866,0.33038783073425293,SELL
2881,2025-02-06,2025-02-06T13:30:00+08:00,2025-02-07,92.6,2025-02-11,93.8,0.012958963282937441,0.007041585610914725,gru,validation,1,0.2912644147872925,0.2768700122833252,0.43186554312705994,BUY
2881,2025-02-07,2025-02-07T13:30:00+08:00,2025-02-10,92.0,2025-02-12,93.4,0.01521739130434785,0.009286820628430448,gru,validation,1,0.33505934476852417,0.2985185980796814,0.36642202734947205,BUY
2881,2025-02-10,2025-02-10T13:30:00+08:00,2025-02-11,93.6,2025-02-13,93.4,-0.002136752136752018,-0.007965945536157926,gru,validation,1,0.3999488949775696,0.2360372096300125,0.3640138506889343,SELL
2881,2025-02-11,2025-02-11T13:30:00+08:00,2025-02-12,93.3,2025-02-14,93.1,-0.002143622722400873,-0.007972775986074154,gru,validation,1,0.320797324180603,0.25018274784088135,0.4290199875831604,BUY
2881,2025-02-12,2025-02-12T13:30:00+08:00,2025-02-13,93.0,2025-02-17,94.0,0.010752688172043001,0.004848198843529827,gru,validation,1,0.32494544982910156,0.27922162413597107,0.39583292603492737,BUY
2881,2025-02-13,2025-02-13T13:30:00+08:00,2025-02-14,93.2,2025-02-18,94.3,0.011802575107296098,0.005891952679877521,gru,validation,1,0.35464489459991455,0.28686612844467163,0.35848894715309143,BUY
2881,2025-02-14,2025-02-14T13:30:00+08:00,2025-02-17,93.5,2025-02-19,92.4,-0.0117647058823529,-0.017537655899167337,gru,validation,0,0.32968229055404663,0.2347593754529953,0.43555834889411926,BUY
2881,2025-02-17,2025-02-17T13:30:00+08:00,2025-02-18,93.7,2025-02-20,92.0,-0.018143009605122717,-0.02387869964063216,gru,validation,0,0.3268929421901703,0.30174556374549866,0.3713614344596863,BUY
2881,2025-02-18,2025-02-18T13:30:00+08:00,2025-02-19,93.9,2025-02-21,92.6,-0.013844515441959637,-0.01960531588599157,gru,validation,0,0.3773987889289856,0.27154287695884705,0.35105836391448975,SELL
2881,2025-02-19,2025-02-19T13:30:00+08:00,2025-02-20,92.3,2025-02-24,91.6,-0.007583965330444253,-0.013381337877381827,gru,validation,0,0.30247393250465393,0.28131717443466187,0.4162088632583618,BUY
2881,2025-02-20,2025-02-20T13:30:00+08:00,2025-02-21,92.0,2025-02-25,91.7,-0.003260869565217317,-0.009083496235256061,gru,validation,1,0.31651613116264343,0.30957502126693726,0.37390878796577454,BUY
2881,2025-02-21,2025-02-21T13:30:00+08:00,2025-02-24,91.9,2025-02-26,92.8,0.009793253536452662,0.0038943689138515314,gru,validation,1,0.3641290068626404,0.26119744777679443,0.3746735155582428,BUY
2881,2025-02-24,2025-02-24T13:30:00+08:00,2025-02-25,91.3,2025-02-27,92.3,0.010952902519167473,0.005047243603385265,gru,validation,1,0.31848543882369995,0.23380118608474731,0.4477134048938751,BUY
2881,2025-02-25,2025-02-25T13:30:00+08:00,2025-02-26,91.3,2025-03-03,92.8,0.016429353778751432,0.010491703211204406,gru,validation,2,0.32383713126182556,0.29023128747940063,0.3859316110610962,BUY
2881,2025-02-26,2025-02-26T13:30:00+08:00,2025-02-27,92.6,2025-03-04,91.2,-0.015118790496760126,-0.020872147039281086,gru,validation,0,0.35703787207603455,0.22987928986549377,0.4130828082561493,BUY
2881,2025-02-27,2025-02-27T13:30:00+08:00,2025-03-03,92.0,2025-03-05,91.8,-0.0021739130434782483,-0.008002889360921639,gru,validation,1,0.3250959813594818,0.27747613191604614,0.39742782711982727,BUY
2881,2025-03-03,2025-03-03T13:30:00+08:00,2025-03-04,91.5,2025-03-06,92.5,0.010928961748633892,0.0050234426870672255,gru,validation,1,0.32655999064445496,0.2673669159412384,0.40607306361198425,BUY
2881,2025-03-04,2025-03-04T13:30:00+08:00,2025-03-05,91.2,2025-03-07,90.9,-0.003289473684210509,-0.00911193325826476,gru,validation,1,0.33609747886657715,0.22596685588359833,0.43793562054634094,BUY
2881,2025-03-05,2025-03-05T13:30:00+08:00,2025-03-06,91.5,2025-03-10,90.7,-0.008743169398907069,-0.014533770251708211,gru,validation,0,0.32901614904403687,0.31096431612968445,0.3600195348262787,BUY
2881,2025-03-06,2025-03-06T13:30:00+08:00,2025-03-07,91.8,2025-03-11,89.7,-0.02287581699346397,-0.028583859503475417,gru,validation,0,0.3600686192512512,0.2654862403869629,0.3744451701641083,BUY
2881,2025-03-07,2025-03-07T13:30:00+08:00,2025-03-10,91.3,2025-03-12,89.5,-0.019715224534501585,-0.02544173020040097,gru,validation,0,0.3232373893260956,0.27787694334983826,0.39888566732406616,BUY
2881,2025-03-10,2025-03-10T13:30:00+08:00,2025-03-11,89.8,2025-03-13,89.0,-0.008908685968819552,-0.014698319927510917,gru,validation,0,0.3172943592071533,0.2935401201248169,0.389165461063385,BUY
2881,2025-03-11,2025-03-11T13:30:00+08:00,2025-03-12,89.8,2025-03-14,88.2,-0.017817371937639104,-0.02355496424276926,gru,validation,0,0.281934916973114,0.2947356402873993,0.4233294725418091,BUY
2881,2025-03-12,2025-03-12T13:30:00+08:00,2025-03-13,90.1,2025-03-17,90.0,-0.0011098779134294245,-0.00694506997894262,gru,validation,1,0.32288533449172974,0.2334194928407669,0.44369515776634216,BUY
2881,2025-03-13,2025-03-13T13:30:00+08:00,2025-03-14,89.0,2025-03-18,90.4,0.01573033707865168,0.009796769939914407,gru,validation,1,0.2859863340854645,0.2998512387275696,0.41416245698928833,BUY
2881,2025-03-14,2025-03-14T13:30:00+08:00,2025-03-17,88.8,2025-03-19,89.0,0.0022522522522523403,-0.0036025802870550683,gru,validation,1,0.3106778562068939,0.23192600905895233,0.4573962092399597,BUY
2881,2025-03-17,2025-03-17T13:30:00+08:00,2025-03-18,90.4,2025-03-20,89.9,-0.00553097345132747,-0.011340338910857395,gru,validation,0,0.3548336923122406,0.32372334599494934,0.32144293189048767,SELL
2881,2025-03-18,2025-03-18T13:30:00+08:00,2025-03-19,90.2,2025-03-21,89.0,-0.013303769401330379,-0.019067728708320186,gru,validation,0,0.3741488754749298,0.294228196144104,0.3316228687763214,SELL
2881,2025-03-19,2025-03-19T13:30:00+08:00,2025-03-20,89.7,2025-03-24,89.0,-0.0078037904124861335,-0.01359987881260305,gru,validation,0,0.32291582226753235,0.2617698609828949,0.41531434655189514,BUY
2881,2025-03-20,2025-03-20T13:30:00+08:00,2025-03-21,89.9,2025-03-25,89.7,-0.0022246941045606095,-0.008053373775517847,gru,validation,1,0.3410439193248749,0.28800973296165466,0.37094637751579285,BUY
2881,2025-03-21,2025-03-21T13:30:00+08:00,2025-03-24,89.2,2025-03-26,89.9,0.007847533632286963,0.0019600152741983123,gru,validation,1,0.33174046874046326,0.2517652213573456,0.41649436950683594,BUY
2881,2025-03-24,2025-03-24T13:30:00+08:00,2025-03-25,89.5,2025-03-27,89.9,0.004469273743016755,-0.0013985099166647919,gru,validation,1,0.3315739631652832,0.24301059544086456,0.4254154562950134,BUY
2881,2025-03-25,2025-03-25T13:30:00+08:00,2025-03-26,89.7,2025-03-28,88.2,-0.01672240802675584,-0.022466396755860485,gru,validation,0,0.3524867594242096,0.296134352684021,0.3513788878917694,SELL
2881,2025-03-26,2025-03-26T13:30:00+08:00,2025-03-27,89.5,2025-03-31,85.3,-0.04692737430167604,-0.05249491541592344,gru,validation,0,0.3495308458805084,0.2585937976837158,0.39187532663345337,BUY
2881,2025-03-27,2025-03-27T13:30:00+08:00,2025-03-28,89.3,2025-04-01,87.4,-0.02127659574468077,-0.026993980386459837,gru,validation,0,0.33966678380966187,0.2596164643764496,0.40071672201156616,BUY
2881,2025-03-28,2025-03-28T13:30:00+08:00,2025-03-31,86.5,2025-04-02,87.6,0.012716763005780285,0.006800800189210143,gru,validation,1,0.2900884449481964,0.2923192083835602,0.417592316865921,BUY
2881,2025-03-31,2025-03-31T13:30:00+08:00,2025-04-01,85.8,2025-04-07,78.9,-0.0804195804195803,-0.08579147093014816,gru,validation,0,0.2910362482070923,0.18463096022605896,0.5243327617645264,BUY
2881,2025-04-01,2025-04-01T13:30:00+08:00,2025-04-02,86.9,2025-04-08,77.9,-0.10356731875719216,-0.1088039876892345,gru,validation,0,0.31580081582069397,0.274414598941803,0.4097846448421478,BUY
2881,2025-04-02,2025-04-02T13:30:00+08:00,2025-04-07,78.9,2025-04-09,72.1,-0.08618504435994945,-0.09152325490042346,gru,validation,0,0.3295100927352905,0.37320676445961,0.2972831726074219,HOLD
2881,2025-04-08,2025-04-08T13:30:00+08:00,2025-04-09,79.0,2025-04-11,80.4,0.017721518987341867,0.01177632000980866,gru,validation,2,0.24395322799682617,0.2712692618370056,0.4847775399684906,BUY
2881,2025-04-09,2025-04-09T13:30:00+08:00,2025-04-10,79.3,2025-04-14,80.9,0.020176544766708826,0.014217004324952986,gru,validation,2,0.3485565483570099,0.2294413447380066,0.4220021367073059,BUY
2881,2025-04-11,2025-04-11T13:30:00+08:00,2025-04-14,80.8,2025-04-16,80.1,-0.008663366336633671,-0.014454433373037534,gru,validation,0,0.28120139241218567,0.3155510425567627,0.40324750542640686,BUY
2881,2025-04-14,2025-04-14T13:30:00+08:00,2025-04-15,81.3,2025-04-17,79.6,-0.02091020910209107,-0.026629734055784948,gru,validation,0,0.3496876060962677,0.3105259835720062,0.3397864103317261,SELL
2881,2025-04-15,2025-04-15T13:30:00+08:00,2025-04-16,81.5,2025-04-18,79.5,-0.024539877300613466,-0.03023819891011148,gru,validation,0,0.32916226983070374,0.30146148800849915,0.3693762421607971,BUY
2881,2025-04-16,2025-04-16T13:30:00+08:00,2025-04-17,80.1,2025-04-21,79.0,-0.013732833957552981,-0.019494286808588557,gru,validation,0,0.28830644488334656,0.26785996556282043,0.4438336193561554,BUY
2881,2025-04-17,2025-04-17T13:30:00+08:00,2025-04-18,80.0,2025-04-22,77.3,-0.03375000000000006,-0.039394519060339084,gru,validation,0,0.33514413237571716,0.2470964938402176,0.41775941848754883,BUY
2881,2025-04-18,2025-04-18T13:30:00+08:00,2025-04-21,79.5,2025-04-23,79.3,-0.002515723270440251,-0.00834270284341676,gru,validation,1,0.34042033553123474,0.2903333306312561,0.3692462742328644,BUY
2881,2025-04-21,2025-04-21T13:30:00+08:00,2025-04-22,77.6,2025-04-24,78.3,0.009020618556700999,0.0031262474170183907,gru,validation,1,0.34937775135040283,0.24804706871509552,0.40257513523101807,BUY
2881,2025-04-22,2025-04-22T13:30:00+08:00,2025-04-23,78.3,2025-04-25,79.4,0.014048531289910793,0.00812478871503397,gru,validation,1,0.33011001348495483,0.3475787341594696,0.3223111927509308,HOLD
2881,2025-04-23,2025-04-23T13:30:00+08:00,2025-04-24,79.2,2025-04-28,79.2,0.0,-0.005841675612252462,gru,validation,1,0.3499688506126404,0.25228211283683777,0.3977490961551666,BUY
2881,2025-04-24,2025-04-24T13:30:00+08:00,2025-04-25,79.3,2025-04-29,81.4,0.02648171500630525,0.020485341805329682,gru,validation,2,0.3580915331840515,0.2221176028251648,0.41979092359542847,BUY
2881,2025-04-25,2025-04-25T13:30:00+08:00,2025-04-28,79.9,2025-04-30,84.3,0.05506883604505619,0.048905466156284216,gru,validation,2,0.3541232943534851,0.27090364694595337,0.37497302889823914,BUY
2881,2025-04-28,2025-04-28T13:30:00+08:00,2025-04-29,79.5,2025-05-02,85.0,0.0691823899371069,0.06293657324476154,gru,validation,2,0.31435921788215637,0.3534683287143707,0.3321724236011505,HOLD
2881,2025-04-29,2025-04-29T13:30:00+08:00,2025-04-30,82.5,2025-05-05,80.0,-0.030303030303030276,-0.035967685442184316,gru,validation,0,0.3298055827617645,0.2656024098396301,0.40459197759628296,BUY
2881,2025-04-30,2025-04-30T13:30:00+08:00,2025-05-02,84.7,2025-05-06,79.0,-0.06729634002361273,-0.07274489224755565,gru,validation,0,0.35217541456222534,0.2589071989059448,0.38891738653182983,BUY
2881,2025-05-02,2025-05-02T13:30:00+08:00,2025-05-05,80.0,2025-05-07,78.0,-0.025000000000000022,-0.03069563372194628,gru,validation,0,0.39032208919525146,0.2832144498825073,0.3264634311199188,SELL
2881,2025-05-05,2025-05-05T13:30:00+08:00,2025-05-06,78.3,2025-05-08,78.1,-0.0025542784163473664,-0.008381032762668217,gru,validation,1,0.32994529604911804,0.3223879337310791,0.34766680002212524,BUY
2881,2025-05-06,2025-05-06T13:30:00+08:00,2025-05-07,79.2,2025-05-09,77.4,-0.022727272727272707,-0.028436182984701297,gru,validation,0,0.30361834168434143,0.3062910735607147,0.39009058475494385,BUY
2881,2025-05-07,2025-05-07T13:30:00+08:00,2025-05-08,78.0,2025-05-12,78.1,0.0012820512820512775,-0.004567113657909183,gru,validation,1,0.3678243160247803,0.26811978220939636,0.36405593156814575,SELL
2881,2025-05-08,2025-05-08T13:30:00+08:00,2025-05-09,77.2,2025-05-13,79.0,0.023316062176165664,0.017338181692124977,gru,validation,2,0.3133969306945801,0.29305464029312134,0.3935483694076538,BUY
2881,2025-05-09,2025-05-09T13:30:00+08:00,2025-05-12,77.6,2025-05-14,80.0,0.030927835051546504,0.024905489059533492,gru,validation,2,0.3142346441745758,0.3183124363422394,0.3674529194831848,BUY
2881,2025-05-12,2025-05-12T13:30:00+08:00,2025-05-13,78.8,2025-05-15,80.5,0.021573604060913798,0.015605902451950149,gru,validation,2,0.32411378622055054,0.27390721440315247,0.401978999376297,BUY
2881,2025-05-13,2025-05-13T13:30:00+08:00,2025-05-14,79.6,2025-05-16,81.9,0.028894472361809198,0.022884004615031817,gru,validation,2,0.3444978594779968,0.2954065799713135,0.3600956201553345,BUY
2881,2025-05-14,2025-05-14T13:30:00+08:00,2025-05-15,80.4,2025-05-19,79.8,-0.007462686567164312,-0.013260767585295596,gru,validation,0,0.3442966938018799,0.25214141607284546,0.40356186032295227,BUY
2881,2025-05-15,2025-05-15T13:30:00+08:00,2025-05-16,80.2,2025-05-20,80.7,0.006234413965087171,0.00035631892881826666,gru,validation,1,0.3453727066516876,0.2525918781757355,0.4020354151725769,BUY
2881,2025-05-16,2025-05-16T13:30:00+08:00,2025-05-19,81.1,2025-05-21,81.5,0.004932182490752224,-0.0009383053316716072,gru,validation,1,0.3781695067882538,0.28537312150001526,0.33645737171173096,SELL
2881,2025-05-19,2025-05-19T13:30:00+08:00,2025-05-20,80.7,2025-05-22,81.9,0.014869888475836479,0.008941347798717691,gru,validation,1,0.30832064151763916,0.2684894800186157,0.42318984866142273,BUY
2881,2025-05-20,2025-05-20T13:30:00+08:00,2025-05-21,80.5,2025-05-23,81.5,0.012422360248447228,0.006508117237284727,gru,validation,1,0.38887840509414673,0.2621745467185974,0.34894707798957825,SELL
2881,2025-05-21,2025-05-21T13:30:00+08:00,2025-05-22,80.5,2025-05-26,80.9,0.00496894409937898,-0.0009017584724375638,gru,validation,1,0.32337236404418945,0.3005655109882355,0.37606215476989746,BUY
2881,2025-05-22,2025-05-22T13:30:00+08:00,2025-05-23,81.7,2025-05-27,80.3,-0.017135862913096767,-0.022877436372874982,gru,validation,0,0.3646334409713745,0.29333317279815674,0.34203335642814636,SELL
2881,2025-05-23,2025-05-23T13:30:00+08:00,2025-05-26,81.3,2025-05-28,79.5,-0.022140221402213944,-0.027852561023051337,gru,validation,0,0.3187074661254883,0.23708021640777588,0.44421228766441345,BUY
2881,2025-05-26,2025-05-26T13:30:00+08:00,2025-05-27,80.7,2025-05-29,79.6,-0.01363073110285018,-0.019392780405642074,gru,validation,0,0.33393195271492004,0.30728599429130554,0.3587820529937744,BUY
2881,2025-05-27,2025-05-27T13:30:00+08:00,2025-05-28,80.7,2025-06-02,81.8,0.013630731102850069,0.007709429181136818,gru,validation,1,0.3447408676147461,0.30084893107414246,0.35441017150878906,BUY
2881,2025-05-28,2025-05-28T13:30:00+08:00,2025-05-29,80.0,2025-06-03,83.6,0.04499999999999993,0.038895448985196035,gru,validation,2,0.2972828149795532,0.2645998001098633,0.4381173849105835,BUY
2881,2025-05-29,2025-05-29T13:30:00+08:00,2025-06-02,79.6,2025-06-04,87.1,0.0942211055276383,0.08782902078106547,gru,validation,2,0.299734503030777,0.2756711542606354,0.42459437251091003,BUY
2881,2025-06-02,2025-06-02T13:30:00+08:00,2025-06-03,81.8,2025-06-05,87.1,0.06479217603911969,0.05857200555223474,gru,validation,2,0.303449422121048,0.4190893769264221,0.2774611711502075,HOLD
2881,2025-06-03,2025-06-03T13:30:00+08:00,2025-06-04,83.9,2025-06-06,87.8,0.04648390941597125,0.04037068988372128,gru,validation,2,0.32015401124954224,0.25320738554000854,0.42663854360580444,BUY
2881,2025-06-04,2025-06-04T13:30:00+08:00,2025-06-05,86.4,2025-06-09,88.5,0.02430555555555558,0.01832189477217172,gru,validation,2,0.2748831808567047,0.40284401178359985,0.32227280735969543,HOLD
2881,2025-06-05,2025-06-05T13:30:00+08:00,2025-06-06,87.0,2025-06-10,87.7,0.008045977011494232,0.0021572994115568456,gru,validation,1,0.30526429414749146,0.3048723340034485,0.38986340165138245,BUY
2881,2025-06-06,2025-06-06T13:30:00+08:00,2025-06-09,87.8,2025-06-11,90.1,0.026195899772209597,0.020201196211116823,gru,validation,2,0.3220200836658478,0.25418737530708313,0.4237924814224243,BUY
2881,2025-06-09,2025-06-09T13:30:00+08:00,2025-06-10,88.2,2025-06-12,87.5,-0.00793650793650802,-0.01373182104390136,gru,validation,0,0.3129913806915283,0.46451348066329956,0.2224951684474945,HOLD
2881,2025-06-10,2025-06-10T13:30:00+08:00,2025-06-11,87.1,2025-06-13,86.5,-0.006888633754305373,-0.012690068202753535,gru,validation,0,0.30948421359062195,0.3144288659095764,0.37608692049980164,BUY
2881,2025-06-11,2025-06-11T13:30:00+08:00,2025-06-12,87.8,2025-06-16,86.0,-0.02050113895216399,-0.026223053560976206,gru,validation,0,0.2757667899131775,0.3144931197166443,0.40974006056785583,BUY
2881,2025-06-12,2025-06-12T13:30:00+08:00,2025-06-13,86.5,2025-06-17,85.8,-0.008092485549133,-0.013886887485910604,gru,validation,0,0.3656617999076843,0.2788885533809662,0.3554496169090271,SELL
2881,2025-06-13,2025-06-13T13:30:00+08:00,2025-06-16,86.5,2025-06-18,87.4,0.010404624277456698,0.004502168225307912,gru,validation,1,0.29829221963882446,0.38993141055107117,0.311776340007782,HOLD
2881,2025-06-16,2025-06-16T13:30:00+08:00,2025-06-17,86.3,2025-06-19,86.7,0.004634994206257348,-0.0012337575386128785,gru,validation,1,0.3243083357810974,0.3726852238178253,0.30300644040107727,HOLD
2881,2025-06-17,2025-06-17T13:30:00+08:00,2025-06-18,86.2,2025-06-20,84.9,-0.015081206496519672,-0.020834782592578094,gru,validation,0,0.3168630301952362,0.41860926151275635,0.26452770829200745,HOLD
2881,2025-06-18,2025-06-18T13:30:00+08:00,2025-06-19,86.6,2025-06-23,84.7,-0.021939953810623414,-0.027653463329766592,gru,validation,0,0.35687705874443054,0.22930830717086792,0.41381460428237915,BUY
2881,2025-06-19,2025-06-19T13:30:00+08:00,2025-06-20,86.1,2025-06-24,86.1,0.0,-0.005841675612252573,gru,validation,1,0.40895381569862366,0.27552878856658936,0.3155173361301422,SELL
2881,2025-06-20,2025-06-20T13:30:00+08:00,2025-06-23,84.2,2025-06-25,85.7,0.017814726840855055,0.011868983373277464,gru,validation,2,0.30447375774383545,0.2442973554134369,0.45122891664505005,BUY
2881,2025-06-23,2025-06-23T13:30:00+08:00,2025-06-24,85.2,2025-06-26,86.1,0.010563380281690016,0.0046599968284630755,gru,validation,1,0.3835807740688324,0.32425975799560547,0.29215943813323975,SELL
2881,2025-06-24,2025-06-24T13:30:00+08:00,2025-06-25,86.5,2025-06-27,86.1,-0.0046242774566475076,-0.010438939540057257,gru,validation,0,0.36443665623664856,0.3151635229587555,0.32039985060691833,SELL
2881,2025-06-25,2025-06-25T13:30:00+08:00,2025-06-26,86.0,2025-06-30,87.3,0.015116279069767424,0.009186299058725034,gru,validation,1,0.2944144010543823,0.24089452624320984,0.46469101309776306,BUY
2882,2025-01-02,2025-01-02T13:30:00+08:00,2025-01-03,68.1,2025-01-07,69.1,0.014684287812041008,0.00875683135379357,gru,validation,1,0.3339672088623047,0.41326904296875,0.25276368856430054,HOLD
2882,2025-01-03,2025-01-03T13:30:00+08:00,2025-01-06,68.3,2025-01-08,68.8,0.007320644216691097,0.0014362037756519008,gru,validation,1,0.3481557071208954,0.2822136878967285,0.3696306347846985,BUY
2882,2025-01-06,2025-01-06T13:30:00+08:00,2025-01-07,69.1,2025-01-09,68.3,-0.011577424023154759,-0.01735146807983856,gru,validation,0,0.4352658987045288,0.2183866649866104,0.3463474214076996,SELL
2882,2025-01-07,2025-01-07T13:30:00+08:00,2025-01-08,68.8,2025-01-10,65.1,-0.053779069767441956,-0.05930658549938428,gru,validation,0,0.3038029968738556,0.29529476165771484,0.40090230107307434,BUY
2882,2025-01-08,2025-01-08T13:30:00+08:00,2025-01-09,68.6,2025-01-13,64.2,-0.06413994169096193,-0.06960693257006723,gru,validation,0,0.3492681086063385,0.30565154552459717,0.3450803756713867,SELL
2882,2025-01-09,2025-01-09T13:30:00+08:00,2025-01-10,67.5,2025-01-14,65.5,-0.029629629629629672,-0.03529821855707471,gru,validation,0,0.3068980574607849,0.2897719740867615,0.403329998254776,BUY
2882,2025-01-10,2025-01-10T13:30:00+08:00,2025-01-13,65.0,2025-01-15,64.7,-0.004615384615384577,-0.010430098647888242,gru,validation,0,0.2854577898979187,0.28918397426605225,0.42535826563835144,BUY
2882,2025-01-13,2025-01-13T13:30:00+08:00,2025-01-14,64.5,2025-01-16,65.5,0.015503875968992276,0.00957163174259601,gru,validation,1,0.26812294125556946,0.3704088032245636,0.3614683151245117,HOLD
2882,2025-01-14,2025-01-14T13:30:00+08:00,2025-01-15,65.5,2025-01-17,65.5,0.0,-0.005841675612252684,gru,validation,1,0.3253727853298187,0.380684494972229,0.29394271969795227,HOLD
2882,2025-01-15,2025-01-15T13:30:00+08:00,2025-01-16,65.6,2025-01-20,65.1,-0.007621951219512146,-0.013419101865207894,gru,validation,0,0.3254051208496094,0.28085485100746155,0.3937399685382843,BUY
2882,2025-01-16,2025-01-16T13:30:00+08:00,2025-01-17,65.8,2025-01-21,65.9,0.001519756838905817,-0.00433079669980907,gru,validation,1,0.36874520778656006,0.34912338852882385,0.28213146328926086,SELL
2882,2025-01-17,2025-01-17T13:30:00+08:00,2025-01-20,65.7,2025-01-22,66.8,0.016742770167427645,0.01080328872300651,gru,validation,2,0.33239221572875977,0.3480314016342163,0.3195764124393463,HOLD
2882,2025-01-20,2025-01-20T13:30:00+08:00,2025-01-21,65.3,2025-02-03,66.0,0.010719754977029039,0.004815458033557984,gru,validation,1,0.31054720282554626,0.31661367416381836,0.37283915281295776,BUY
2882,2025-01-21,2025-01-21T13:30:00+08:00,2025-01-22,66.5,2025-02-04,65.2,-0.019548872180451093,-0.02527634962284009,gru,validation,0,0.3074365556240082,0.31893542408943176,0.37362807989120483,BUY
2882,2025-01-22,2025-01-22T13:30:00+08:00,2025-02-03,65.1,2025-02-05,66.5,0.021505376344086002,0.015538073299312005,gru,validation,2,0.337863028049469,0.3222409784793854,0.339896023273468,BUY
2882,2025-02-03,2025-02-03T13:30:00+08:00,2025-02-04,66.5,2025-02-06,66.9,0.00601503759398514,0.00013822408331298774,gru,validation,1,0.2515414357185364,0.4646719694137573,0.2837865948677063,HOLD
2882,2025-02-04,2025-02-04T13:30:00+08:00,2025-02-05,65.9,2025-02-07,66.9,0.015174506828528056,0.00924418666980742,gru,validation,1,0.3081454932689667,0.33317407965660095,0.35868048667907715,BUY
2882,2025-02-05,2025-02-05T13:30:00+08:00,2025-02-06,66.8,2025-02-10,67.4,0.008982035928143839,0.0030878901756614674,gru,validation,1,0.39721593260765076,0.32602232694625854,0.2767617106437683,SELL
2882,2025-02-06,2025-02-06T13:30:00+08:00,2025-02-07,66.6,2025-02-11,68.5,0.028528528528528607,0.022520198506917666,gru,validation,2,0.3764171600341797,0.27480000257492065,0.34878280758857727,SELL
2882,2025-02-07,2025-02-07T13:30:00+08:00,2025-02-10,66.7,2025-02-12,68.7,0.02998500749625177,0.02396816919697531,gru,validation,2,0.3750303387641907,0.3176300823688507,0.3073396384716034,SELL
2882,2025-02-10,2025-02-10T13:30:00+08:00,2025-02-11,68.1,2025-02-13,68.7,0.008810572687224738,0.002917428567375424,gru,validation,1,0.34592050313949585,0.36292800307273865,0.2911515235900879,HOLD
2882,2025-02-11,2025-02-11T13:30:00+08:00,2025-02-12,68.6,2025-02-14,68.7,0.001457725947521915,-0.004392465226847553,gru,validation,1,0.32476624846458435,0.31699681282043457,0.3582368791103363,BUY
2882,2025-02-12,2025-02-12T13:30:00+08:00,2025-02-13,68.6,2025-02-17,69.0,0.005830903790087438,-4.483407063293754e-05,gru,validation,1,0.38230401277542114,0.2706926763057709,0.34700337052345276,SELL
2882,2025-02-13,2025-02-13T13:30:00+08:00,2025-02-14,68.7,2025-02-18,69.2,0.00727802037845704,0.0013938289320540864,gru,validation,1,0.3312777280807495,0.3883659839630127,0.2803563177585602,HOLD
2882,2025-02-14,2025-02-14T13:30:00+08:00,2025-02-17,68.9,2025-02-19,68.7,-0.002902757619738794,-0.008727476263595824,gru,validation,1,0.32822713255882263,0.263397753238678,0.4083751142024994,BUY
2882,2025-02-17,2025-02-17T13:30:00+08:00,2025-02-18,68.7,2025-02-20,68.8,0.0014556040756912303,-0.00439457470339133,gru,validation,1,0.3204868733882904,0.2700955867767334,0.4094175100326538,BUY
2882,2025-02-18,2025-02-18T13:30:00+08:00,2025-02-19,69.0,2025-02-21,68.9,-0.0014492753623187582,-0.00728248477803195,gru,validation,1,0.3483545482158661,0.3083837628364563,0.34326171875,SELL
2882,2025-02-19,2025-02-19T13:30:00+08:00,2025-02-20,68.7,2025-02-24,68.7,0.0,-0.005841675612252462,gru,validation,1,0.3658086359500885,0.31098106503486633,0.32321029901504517,SELL
2882,2025-02-20,2025-02-20T13:30:00+08:00,2025-02-21,68.6,2025-02-25,68.7,0.001457725947521915,-0.004392465226847553,gru,validation,1,0.32588207721710205,0.3114628493785858,0.36265507340431213,BUY
2882,2025-02-21,2025-02-21T13:30:00+08:00,2025-02-24,68.4,2025-02-26,69.2,0.011695906432748426,0.005785907129124412,gru,validation,1,0.3296678960323334,0.31567466259002686,0.35465747117996216,BUY
2882,2025-02-24,2025-02-24T13:30:00+08:00,2025-02-25,68.2,2025-02-27,68.4,0.0029325513196480912,-0.00292625530613011,gru,validation,1,0.33328887820243835,0.33739086985588074,0.3293202221393585,HOLD
2882,2025-02-25,2025-02-25T13:30:00+08:00,2025-02-26,68.5,2025-03-03,68.8,0.004379562043795637,-0.0014876975492404965,gru,validation,1,0.29855912923812866,0.42716750502586365,0.2742733657360077,HOLD
2882,2025-02-26,2025-02-26T13:30:00+08:00,2025-02-27,69.0,2025-03-04,67.7,-0.018840579710144856,-0.024572194767383926,gru,validation,0,0.32336026430130005,0.27070045471191406,0.40593934059143066,BUY
2882,2025-02-27,2025-02-27T13:30:00+08:00,2025-03-03,68.7,2025-03-05,68.2,-0.00727802037845704,-0.013077180156559232,gru,validation,0,0.350509375333786,0.276952862739563,0.372537761926651,BUY
2882,2025-03-03,2025-03-03T13:30:00+08:00,2025-03-04,67.8,2025-03-06,68.7,0.013274336283185972,0.007355116304399223,gru,validation,1,0.311972051858902,0.3459007143974304,0.3421272039413452,HOLD
2882,2025-03-04,2025-03-04T13:30:00+08:00,2025-03-05,67.9,2025-03-07,67.3,-0.008836524300441906,-0.014626579804191464,gru,validation,0,0.3228794038295746,0.3331666588783264,0.3439539670944214,BUY
2882,2025-03-05,2025-03-05T13:30:00+08:00,2025-03-06,68.0,2025-03-10,67.3,-0.010294117647058898,-0.016075658363303047,gru,validation,0,0.34054651856422424,0.3138250708580017,0.3456284999847412,BUY
2882,2025-03-06,2025-03-06T13:30:00+08:00,2025-03-07,68.3,2025-03-11,65.9,-0.03513909224011702,-0.04077549667419378,gru,validation,0,0.337669312953949,0.37938782572746277,0.28294289112091064,HOLD
2882,2025-03-07,2025-03-07T13:30:00+08:00,2025-03-10,67.2,2025-03-12,66.5,-0.01041666666666674,-0.016197491491291682,gru,validation,0,0.3282085359096527,0.29236599802970886,0.3794255256652832,BUY
2882,2025-03-10,2025-03-10T13:30:00+08:00,2025-03-11,66.0,2025-03-13,65.9,-0.0015151515151514694,-0.007347976103748932,gru,validation,1,0.3133305013179779,0.337165504693985,0.3495039939880371,BUY
2882,2025-03-11,2025-03-11T13:30:00+08:00,2025-03-12,66.0,2025-03-14,66.0,0.0,-0.005841675612252573,gru,validation,1,0.2711585760116577,0.30125609040260315,0.42758530378341675,BUY
2882,2025-03-12,2025-03-12T13:30:00+08:00,2025-03-13,66.8,2025-03-17,66.0,-0.0119760479041916,-0.017747763329471145,gru,validation,0,0.33825990557670593,0.26627475023269653,0.39546534419059753,BUY
2882,2025-03-13,2025-03-13T13:30:00+08:00,2025-03-14,66.6,2025-03-18,66.5,-0.0015015015015014122,-0.007334405829050872,gru,validation,1,0.3082437515258789,0.3021509051322937,0.3896053433418274,BUY
2882,2025-03-14,2025-03-14T13:30:00+08:00,2025-03-17,65.8,2025-03-19,65.3,-0.0075987841945288626,-0.013396070174469643,gru,validation,0,0.3174758553504944,0.30292361974716187,0.37960052490234375,BUY
2882,2025-03-17,2025-03-17T13:30:00+08:00,2025-03-18,66.3,2025-03-20,65.9,-0.006033182503770607,-0.011839614220926498,gru,validation,0,0.319781094789505,0.39429399371147156,0.28592485189437866,HOLD
2882,2025-03-18,2025-03-18T13:30:00+08:00,2025-03-19,66.3,2025-03-21,65.1,-0.018099547511312264,-0.023835491438275014,gru,validation,0,0.31668952107429504,0.42340806126594543,0.2599024176597595,HOLD
2882,2025-03-19,2025-03-19T13:30:00+08:00,2025-03-20,65.8,2025-03-24,65.0,-0.012158054711246202,-0.017928706911799708,gru,validation,0,0.32987844944000244,0.23629117012023926,0.4338303506374359,BUY
2882,2025-03-20,2025-03-20T13:30:00+08:00,2025-03-21,65.6,2025-03-25,65.0,-0.009146341463414531,-0.01493458711579898,gru,validation,0,0.32305705547332764,0.332824170589447,0.34411874413490295,BUY
2882,2025-03-21,2025-03-21T13:30:00+08:00,2025-03-24,65.3,2025-03-26,65.4,0.0015313935681471325,-0.004319227948565207,gru,validation,1,0.3264313340187073,0.25428497791290283,0.41928374767303467,BUY
2882,2025-03-24,2025-03-24T13:30:00+08:00,2025-03-25,65.4,2025-03-27,65.3,-0.00152905198776776,-0.007361795374313473,gru,validation,1,0.30798110365867615,0.2894844114780426,0.40253448486328125,BUY
2882,2025-03-25,2025-03-25T13:30:00+08:00,2025-03-26,65.5,2025-03-28,64.0,-0.022900763358778664,-0.028608660140216347,gru,validation,0,0.3287643492221832,0.2958066463470459,0.3754290044307709,BUY
2882,2025-03-26,2025-03-26T13:30:00+08:00,2025-03-27,65.1,2025-03-31,61.2,-0.05990783410138234,-0.06539954758018185,gru,validation,0,0.3196357190608978,0.23848333954811096,0.44188085198402405,BUY
2882,2025-03-27,2025-03-27T13:30:00+08:00,2025-03-28,65.0,2025-04-01,61.6,-0.05230769230769228,-0.05784380334945771,gru,validation,0,0.2735542058944702,0.3310796618461609,0.3953660726547241,BUY
2882,2025-03-28,2025-03-28T13:30:00+08:00,2025-03-31,62.8,2025-04-02,61.6,-0.019108280254776955,-0.024838331492273102,gru,validation,0,0.28771939873695374,0.32165104150772095,0.3906295597553253,BUY
2882,2025-03-31,2025-03-31T13:30:00+08:00,2025-04-01,61.5,2025-04-07,55.5,-0.09756097560975607,-0.10283273165008155,gru,validation,0,0.31787601113319397,0.3763158917427063,0.3058081269264221,HOLD
2882,2025-04-01,2025-04-01T13:30:00+08:00,2025-04-02,61.6,2025-04-08,54.1,-0.12175324675324672,-0.1268836793932283,gru,validation,0,0.31410256028175354,0.3446270823478699,0.3412702977657318,HOLD
2882,2025-04-02,2025-04-02T13:30:00+08:00,2025-04-07,55.5,2025-04-09,49.5,-0.10810810810810811,-0.11331825122173877,gru,validation,0,0.33413073420524597,0.3403116464614868,0.3255575895309448,HOLD
2882,2025-04-08,2025-04-08T13:30:00+08:00,2025-04-09,53.5,2025-04-11,54.2,0.013084112149532867,0.007166003398428433,gru,validation,1,0.29791104793548584,0.32715263962745667,0.3749362826347351,BUY
2882,2025-04-09,2025-04-09T13:30:00+08:00,2025-04-10,54.4,2025-04-14,54.5,0.0018382352941177516,-0.0040141786924221545,gru,validation,1,0.3653503656387329,0.369503378868103,0.26514631509780884,HOLD
2882,2025-04-11,2025-04-11T13:30:00+08:00,2025-04-14,54.4,2025-04-16,54.8,0.007352941176470562,0.0014683120670690997,gru,validation,1,0.26935702562332153,0.3690836429595947,0.3615593910217285,HOLD
2882,2025-04-14,2025-04-14T13:30:00+08:00,2025-04-15,54.8,2025-04-17,53.9,-0.01642335766423353,-0.022169093348547664,gru,validation,0,0.3288666903972626,0.30084049701690674,0.3702928423881531,BUY
2882,2025-04-15,2025-04-15T13:30:00+08:00,2025-04-16,55.1,2025-04-18,53.6,-0.02722323049001818,-0.03290587682063051,gru,validation,0,0.31695130467414856,0.3759422302246094,0.30710652470588684,HOLD
2882,2025-04-16,2025-04-16T13:30:00+08:00,2025-04-17,54.5,2025-04-21,54.1,-0.007339449541284404,-0.013138250470144275,gru,validation,0,0.29928287863731384,0.28446435928344727,0.41625282168388367,BUY
2882,2025-04-17,2025-04-17T13:30:00+08:00,2025-04-18,53.6,2025-04-22,52.5,-0.020522388059701524,-0.026244178538120555,gru,validation,0,0.3317374289035797,0.3192155361175537,0.3490470349788666,BUY
2882,2025-04-18,2025-04-18T13:30:00+08:00,2025-04-21,53.8,2025-04-23,53.6,-0.0037174721189590088,-0.009537431464995083,gru,validation,1,0.32192057371139526,0.379448801279068,0.29863062500953674,HOLD
2882,2025-04-21,2025-04-21T13:30:00+08:00,2025-04-22,53.1,2025-04-24,53.5,0.007532956685499137,0.0016472759838885853,gru,validation,1,0.32128193974494934,0.41523677110671997,0.2634812593460083,HOLD
2882,2025-04-22,2025-04-22T13:30:00+08:00,2025-04-23,53.6,2025-04-25,54.1,0.009328358208955168,0.003432189354050985,gru,validation,1,0.4242805540561676,0.27036038041114807,0.30535900592803955,SELL
2882,2025-04-23,2025-04-23T13:30:00+08:00,2025-04-24,53.7,2025-04-28,54.6,0.016759776536312776,0.0108201957462013,gru,validation,2,0.39840787649154663,0.3272818922996521,0.27431023120880127,SELL
2882,2025-04-24,2025-04-24T13:30:00+08:00,2025-04-25,54.0,2025-04-29,55.7,0.031481481481481444,0.025455901266620895,gru,validation,2,0.4143434762954712,0.26437699794769287,0.32127949595451355,SELL
2882,2025-04-25,2025-04-25T13:30:00+08:00,2025-04-28,54.8,2025-04-30,58.5,0.0675182481751826,0.061282152859182926,gru,validation,2,0.3341667652130127,0.32832399010658264,0.33750927448272705,BUY
2882,2025-04-28,2025-04-28T13:30:00+08:00,2025-04-29,54.6,2025-05-02,58.7,0.07509157509157505,0.06881123885642437,gru,validation,2,0.3451486825942993,0.3598461449146271,0.2950052320957184,HOLD
2882,2025-04-29,2025-04-29T13:30:00+08:00,2025-04-30,58.4,2025-05-05,54.7,-0.06335616438356162,-0.06882773383544871,gru,validation,0,0.3205830156803131,0.27897536754608154,0.40044161677360535,BUY
2882,2025-04-30,2025-04-30T13:30:00+08:00,2025-05-02,58.5,2025-05-06,55.9,-0.04444444444444451,-0.05002649002948578,gru,validation,0,0.3553950786590576,0.3421435058116913,0.3024614155292511,SELL
2882,2025-05-02,2025-05-02T13:30:00+08:00,2025-05-05,55.1,2025-05-07,56.2,0.019963702359346636,0.014005405273891158,gru,validation,2,0.3695203959941864,0.330733060836792,0.299746572971344,SELL
2882,2025-05-05,2025-05-05T13:30:00+08:00,2025-05-06,53.9,2025-05-08,55.2,0.024118738404452778,0.018136168946264464,gru,validation,2,0.24889031052589417,0.5376937389373779,0.2134159952402115,HOLD
2882,2025-05-06,2025-05-06T13:30:00+08:00,2025-05-07,55.7,2025-05-09,55.2,-0.008976660682226245,-0.014765897554691931,gru,validation,0,0.3887486159801483,0.2983661890029907,0.3128851652145386,SELL
2882,2025-05-07,2025-05-07T13:30:00+08:00,2025-05-08,55.1,2025-05-12,56.1,0.01814882032667886,0.012201125193332496,gru,validation,2,0.2885071337223053,0.37061944603919983,0.3408733904361725,HOLD
2882,2025-05-08,2025-05-08T13:30:00+08:00,2025-05-09,54.6,2025-05-13,57.9,0.06043956043956045,0.054244816521072714,gru,validation,2,0.31422457098960876,0.2854342460632324,0.4003412127494812,BUY
2882,2025-05-09,2025-05-09T13:30:00+08:00,2025-05-12,55.0,2025-05-14,58.8,0.06909090909090909,0.06284562679999173,gru,validation,2,0.2580472528934479,0.39322084188461304,0.3487318754196167,HOLD
2882,2025-05-12,2025-05-12T13:30:00+08:00,2025-05-13,57.3,2025-05-15,59.6,0.04013961605584648,0.03406345782739528,gru,validation,2,0.3267541825771332,0.4268469512462616,0.24639885127544403,HOLD
2882,2025-05-13,2025-05-13T13:30:00+08:00,2025-05-14,58.6,2025-05-16,63.0,0.07508532423208192,0.06880502451242454,gru,validation,2,0.31790608167648315,0.3866402506828308,0.2954536974430084,HOLD
2882,2025-05-14,2025-05-14T13:30:00+08:00,2025-05-15,59.3,2025-05-19,60.5,0.02023608768971341,0.014276199417516455,gru,validation,2,0.29939621686935425,0.3066527843475342,0.3939509093761444,BUY
2882,2025-05-15,2025-05-15T13:30:00+08:00,2025-05-16,59.9,2025-05-20,61.5,0.026711185308848195,0.02071347161680248,gru,validation,2,0.31639957427978516,0.33939865231513977,0.3442017734050751,BUY
2882,2025-05-16,2025-05-16T13:30:00+08:00,2025-05-19,61.5,2025-05-21,63.5,0.03252032520325199,0.026488676400357125,gru,validation,2,0.29622700810432434,0.332660049200058,0.3711129426956177,BUY
2882,2025-05-19,2025-05-19T13:30:00+08:00,2025-05-20,60.8,2025-05-22,65.6,0.07894736842105265,0.07264450789204324,gru,validation,2,0.3362797498703003,0.19432857632637024,0.4693915843963623,BUY
2882,2025-05-20,2025-05-20T13:30:00+08:00,2025-05-21,61.7,2025-05-23,65.7,0.06482982171799034,0.05860943131726115,gru,validation,2,0.3132145404815674,0.39431333541870117,0.2924720346927643,HOLD
2882,2025-05-21,2025-05-21T13:30:00+08:00,2025-05-22,62.2,2025-05-26,63.0,0.012861736334405016,0.006944926630676473,gru,validation,1,0.31076157093048096,0.31236526370048523,0.3768731951713562,BUY
2882,2025-05-22,2025-05-22T13:30:00+08:00,2025-05-23,65.0,2025-05-27,62.2,-0.04307692307692301,-0.04866695727818626,gru,validation,0,0.31831347942352295,0.3027520179748535,0.37893450260162354,BUY
2882,2025-05-23,2025-05-23T13:30:00+08:00,2025-05-26,65.4,2025-05-28,61.2,-0.06422018348623859,-0.06968670561880508,gru,validation,0,0.3223976492881775,0.33206576108932495,0.34553658962249756,BUY
2882,2025-05-26,2025-05-26T13:30:00+08:00,2025-05-27,62.6,2025-05-29,59.8,-0.04472843450479236,-0.05030882111202406,gru,validation,0,0.2549736797809601,0.31957340240478516,0.4254528880119324,BUY
2882,2025-05-27,2025-05-27T13:30:00+08:00,2025-05-28,62.6,2025-06-02,60.4,-0.03514376996805113,-0.0407801470763588,gru,validation,0,0.308254212141037,0.3012107014656067,0.39053502678871155,BUY
2882,2025-05-28,2025-05-28T13:30:00+08:00,2025-05-29,61.6,2025-06-03,63.9,0.037337662337662225,0.031277872213913316,gru,validation,2,0.31343337893486023,0.32688143849372864,0.3596852123737335,BUY
2882,2025-05-29,2025-05-29T13:30:00+08:00,2025-06-02,59.7,2025-06-04,64.7,0.08375209380234505,0.07742116562625223,gru,validation,2,0.18069256842136383,0.27774035930633545,0.5415670871734619,BUY
2882,2025-06-02,2025-06-02T13:30:00+08:00,2025-06-03,60.1,2025-06-05,66.1,0.09983361064891838,0.09340873946805495,gru,validation,2,0.33329522609710693,0.2843494415283203,0.38235530257225037,BUY
2882,2025-06-03,2025-06-03T13:30:00+08:00,2025-06-04,63.0,2025-06-06,66.3,0.05238095238095242,0.04623328423662931,gru,validation,2,0.27761515974998474,0.3433103859424591,0.3790745139122009,BUY
2882,2025-06-04,2025-06-04T13:30:00+08:00,2025-06-05,64.3,2025-06-09,67.7,0.05287713841368591,0.046726571711516396,gru,validation,2,0.35592398047447205,0.2841035723686218,0.35997244715690613,BUY
2882,2025-06-05,2025-06-05T13:30:00+08:00,2025-06-06,64.9,2025-06-10,66.0,0.016949152542372836,0.011008465479064977,gru,validation,2,0.31575533747673035,0.4570709764957428,0.22717365622520447,HOLD
2882,2025-06-06,2025-06-06T13:30:00+08:00,2025-06-09,66.5,2025-06-11,68.4,0.028571428571428692,0.022562847941683062,gru,validation,2,0.2753067910671234,0.21941030025482178,0.5052828788757324,BUY
2882,2025-06-09,2025-06-09T13:30:00+08:00,2025-06-10,67.7,2025-06-12,68.5,0.011816838995568624,0.00590613324314182,gru,validation,1,0.36723875999450684,0.3634372651576996,0.26932400465011597,SELL
2882,2025-06-10,2025-06-10T13:30:00+08:00,2025-06-11,66.4,2025-06-13,69.0,0.03915662650602392,0.03308621058365313,gru,validation,2,0.2836915850639343,0.26382893323898315,0.4524795114994049,BUY
2882,2025-06-11,2025-06-11T13:30:00+08:00,2025-06-12,67.1,2025-06-16,67.3,0.0029806259314455463,-0.002878461530619991,gru,validation,1,0.2507707178592682,0.31338953971862793,0.4358397126197815,BUY
2882,2025-06-12,2025-06-12T13:30:00+08:00,2025-06-13,67.5,2025-06-17,65.7,-0.026666666666666616,-0.032352564262592476,gru,validation,0,0.32860875129699707,0.3800467252731323,0.2913444936275482,HOLD
2882,2025-06-13,2025-06-13T13:30:00+08:00,2025-06-16,68.7,2025-06-18,67.3,-0.02037845705967989,-0.02610108833631164,gru,validation,0,0.285000205039978,0.3441920280456543,0.3708077073097229,BUY
2882,2025-06-16,2025-06-16T13:30:00+08:00,2025-06-17,67.3,2025-06-19,66.2,-0.01634472511144125,-0.022090920141621173,gru,validation,0,0.27182096242904663,0.3693379759788513,0.35884109139442444,HOLD
2882,2025-06-17,2025-06-17T13:30:00+08:00,2025-06-18,66.3,2025-06-20,65.6,-0.010558069381598867,-0.01633806817743233,gru,validation,0,0.2984049320220947,0.36060941219329834,0.3409856855869293,HOLD
2882,2025-06-18,2025-06-18T13:30:00+08:00,2025-06-19,66.5,2025-06-23,65.9,-0.009022556390977376,-0.01481152515560058,gru,validation,0,0.371822714805603,0.29647478461265564,0.3317025303840637,SELL
2882,2025-06-19,2025-06-19T13:30:00+08:00,2025-06-20,66.2,2025-06-24,66.5,0.004531722054380571,-0.001336426408078517,gru,validation,1,0.35448479652404785,0.4060116410255432,0.23950351774692535,HOLD
2882,2025-06-20,2025-06-20T13:30:00+08:00,2025-06-23,65.0,2025-06-25,66.5,0.023076923076922995,0.017100439565926218,gru,validation,2,0.28712454438209534,0.36059412360191345,0.35228127241134644,HOLD
2882,2025-06-23,2025-06-23T13:30:00+08:00,2025-06-24,66.2,2025-06-26,66.7,0.007552870090634434,0.0016670730613710383,gru,validation,1,0.3342314064502716,0.3532562553882599,0.3125123679637909,HOLD
2882,2025-06-24,2025-06-24T13:30:00+08:00,2025-06-25,66.9,2025-06-27,67.9,0.014947683109117982,0.009018687980987261,gru,validation,1,0.289399653673172,0.2893853783607483,0.4212149977684021,BUY
2882,2025-06-25,2025-06-25T13:30:00+08:00,2025-06-26,66.4,2025-06-30,62.8,-0.05421686746987964,-0.05974182572966069,gru,validation,0,0.2873932719230652,0.4226163923740387,0.2899903655052185,HOLD
2002,2026-01-02,2026-01-02T13:30:00+08:00,2026-01-05,18.8,2026-01-07,19.45,0.034574468085106336,0.02853081964583426,gru,test,2,0.3436790108680725,0.3668968379497528,0.28942418098449707,HOLD
2002,2026-01-05,2026-01-05T13:30:00+08:00,2026-01-06,18.7,2026-01-08,19.15,0.024064171122994527,0.01808192042916379,gru,test,2,0.3261323869228363,0.3778059482574463,0.29606175422668457,HOLD
2002,2026-01-06,2026-01-06T13:30:00+08:00,2026-01-07,18.65,2026-01-09,19.0,0.018766756032171594,0.012815451118884935,gru,test,2,0.2900530695915222,0.42543429136276245,0.2845126986503601,HOLD
2002,2026-01-07,2026-01-07T13:30:00+08:00,2026-01-08,19.7,2026-01-12,19.55,-0.0076142131979695105,-0.013411409046676925,gru,test,0,0.3271638751029968,0.39338958263397217,0.2794465720653534,HOLD
2002,2026-01-08,2026-01-08T13:30:00+08:00,2026-01-09,19.15,2026-01-13,19.45,0.015665796344647598,0.009732606231941832,gru,test,1,0.31323006749153137,0.29892697930336,0.38784292340278625,BUY
2002,2026-01-09,2026-01-09T13:30:00+08:00,2026-01-12,19.0,2026-01-14,19.4,0.021052631578947212,0.015087973322226222,gru,test,2,0.32814374566078186,0.35193750262260437,0.319918692111969,HOLD
2002,2026-01-12,2026-01-12T13:30:00+08:00,2026-01-13,19.75,2026-01-15,19.45,-0.0151898734177216,-0.020942814716876756,gru,test,0,0.3534862697124481,0.281755268573761,0.3647584915161133,BUY
2002,2026-01-13,2026-01-13T13:30:00+08:00,2026-01-14,19.5,2026-01-16,19.25,-0.012820512820512775,-0.018587295155685246,gru,test,0,0.3038538694381714,0.42211195826530457,0.27403417229652405,HOLD
2002,2026-01-14,2026-01-14T13:30:00+08:00,2026-01-15,19.5,2026-01-19,19.65,0.007692307692307665,0.0018056961138070982,gru,test,1,0.36053022742271423,0.3793165981769562,0.2601531445980072,HOLD
2002,2026-01-15,2026-01-15T13:30:00+08:00,2026-01-16,19.55,2026-01-20,19.15,-0.020460358056266115,-0.02618251089384338,gru,test,0,0.3668121099472046,0.3305604159832001,0.30262744426727295,SELL
2002,2026-01-16,2026-01-16T13:30:00+08:00,2026-01-19,19.25,2026-01-21,18.95,-0.01558441558441559,-0.021335052096217444,gru,test,0,0.31814369559288025,0.40248891711235046,0.2793673276901245,HOLD
2002,2026-01-19,2026-01-19T13:30:00+08:00,2026-01-20,19.65,2026-01-22,19.0,-0.03307888040712459,-0.03872731993042211,gru,test,0,0.19078674912452698,0.4960825443267822,0.3131306767463684,HOLD
2002,2026-01-20,2026-01-20T13:30:00+08:00,2026-01-21,19.1,2026-01-23,19.15,0.002617801047120283,-0.0032391669096668574,gru,test,1,0.2955875098705292,0.30426639318466187,0.40014615654945374,BUY
2002,2026-01-21,2026-01-21T13:30:00+08:00,2026-01-22,19.15,2026-01-26,19.65,0.02610966057441244,0.02011546079473825,gru,test,2,0.29914358258247375,0.49588271975517273,0.20497368276119232,HOLD
2002,2026-01-22,2026-01-22T13:30:00+08:00,2026-01-23,19.1,2026-01-27,19.35,0.01308900523560208,0.0071708679006761145,gru,test,1,0.33380553126335144,0.44243717193603516,0.2237572968006134,HOLD
2002,2026-01-23,2026-01-23T13:30:00+08:00,2026-01-26,19.2,2026-01-28,19.6,0.02083333333333348,0.014869956145825647,gru,test,2,0.30362749099731445,0.4550175368785858,0.24135491251945496,HOLD
2002,2026-01-26,2026-01-26T13:30:00+08:00,2026-01-27,19.75,2026-01-29,20.7,0.048101265822784844,0.041978598219056806,gru,test,2,0.29214853048324585,0.38617098331451416,0.3216804265975952,HOLD
2002,2026-01-27,2026-01-27T13:30:00+08:00,2026-01-28,19.35,2026-01-30,20.75,0.07235142118863047,0.06608709204370822,gru,test,2,0.32765793800354004,0.33541467785835266,0.3369273543357849,BUY
2002,2026-01-28,2026-01-28T13:30:00+08:00,2026-01-29,19.85,2026-02-02,21.1,0.06297229219143574,0.05676275287564092,gru,test,2,0.332109659910202,0.4679296314716339,0.19996073842048645,HOLD
2002,2026-01-29,2026-01-29T13:30:00+08:00,2026-01-30,20.8,2026-02-03,20.65,-0.007211538461538547,-0.013011086605433486,gru,test,0,0.3398743271827698,0.46140754222869873,0.19871816039085388,HOLD
2002,2026-01-30,2026-01-30T13:30:00+08:00,2026-02-02,21.05,2026-02-04,20.95,-0.004750593824228044,-0.010564518008393975,gru,test,0,0.35918450355529785,0.3843575417995453,0.2564579248428345,HOLD
2002,2026-02-02,2026-02-02T13:30:00+08:00,2026-02-03,21.4,2026-02-05,20.95,-0.02102803738317749,-0.02674687402227538,gru,test,0,0.3127228021621704,0.4825246334075928,0.2047525942325592,HOLD
2002,2026-02-03,2026-02-03T13:30:00+08:00,2026-02-04,20.65,2026-02-06,20.4,-0.01210653753026636,-0.01787749067747957,gru,test,0,0.3178160488605499,0.3905653655529022,0.2916186451911926,HOLD
2002,2026-02-04,2026-02-04T13:30:00+08:00,2026-02-05,21.15,2026-02-09,20.35,-0.03782505910165468,-0.04344577298862107,gru,test,0,0.4061925709247589,0.32646602392196655,0.26734137535095215,SELL
2002,2026-02-05,2026-02-05T13:30:00+08:00,2026-02-06,20.8,2026-02-10,20.5,-0.014423076923076983,-0.02018049759861429,gru,test,0,0.35391759872436523,0.3717534840106964,0.2743288576602936,HOLD
2002,2026-02-06,2026-02-06T13:30:00+08:00,2026-02-09,20.6,2026-02-11,20.9,0.014563106796116276,0.00863635823805442,gru,test,1,0.4037525951862335,0.2961762547492981,0.3000710606575012,SELL
2002,2026-02-09,2026-02-09T13:30:00+08:00,2026-02-10,20.45,2026-02-23,20.45,0.0,-0.005841675612252462,gru,test,1,0.3512675166130066,0.4426190257072449,0.20611339807510376,HOLD
2002,2026-02-10,2026-02-10T13:30:00+08:00,2026-02-11,20.6,2026-02-24,20.7,0.004854368932038833,-0.0010156643288168343,gru,test,1,0.3431246876716614,0.36808905005455017,0.2887863218784332,HOLD
2002,2026-02-11,2026-02-11T13:30:00+08:00,2026-02-23,20.75,2026-02-25,21.25,0.024096385542168752,0.018113946662150937,gru,test,2,0.3546909987926483,0.27448225021362305,0.37082669138908386,BUY
2002,2026-02-23,2026-02-23T13:30:00+08:00,2026-02-24,20.6,2026-02-26,20.75,0.007281553398058138,0.0013973413129009238,gru,test,1,0.3708678185939789,0.37164995074272156,0.25748226046562195,HOLD
2002,2026-02-24,2026-02-24T13:30:00+08:00,2026-02-25,20.7,2026-03-02,20.25,-0.021739130434782594,-0.02745381309894268,gru,test,0,0.36918601393699646,0.3780559301376343,0.25275808572769165,HOLD
2002,2026-02-25,2026-02-25T13:30:00+08:00,2026-02-26,21.25,2026-03-03,20.05,-0.05647058823529405,-0.061982380989442976,gru,test,0,0.31018728017807007,0.38975855708122253,0.300054132938385,HOLD
2002,2026-02-26,2026-02-26T13:30:00+08:00,2026-03-02,20.4,2026-03-04,19.2,-0.05882352941176472,-0.06432157704682584,gru,test,0,0.34927892684936523,0.378050297498703,0.27267083525657654,HOLD
2002,2026-03-02,2026-03-02T13:30:00+08:00,2026-03-03,20.1,2026-03-05,19.3,-0.03980099502487566,-0.04541016613514803,gru,test,0,0.33463528752326965,0.4273434281349182,0.23802131414413452,HOLD
2002,2026-03-03,2026-03-03T13:30:00+08:00,2026-03-04,19.8,2026-03-06,19.9,0.005050505050504972,-0.0008206739739307078,gru,test,1,0.2942250072956085,0.4174131751060486,0.2883618474006653,HOLD
2002,2026-03-04,2026-03-04T13:30:00+08:00,2026-03-05,19.6,2026-03-09,19.15,-0.022959183673469497,-0.028666739182379608,gru,test,0,0.2637256383895874,0.5284937024116516,0.20778067409992218,HOLD
2002,2026-03-05,2026-03-05T13:30:00+08:00,2026-03-06,19.1,2026-03-10,19.2,0.005235602094240788,-0.0006366582070810312,gru,test,1,0.2836996614933014,0.4919098913669586,0.2243904322385788,HOLD
2002,2026-03-06,2026-03-06T13:30:00+08:00,2026-03-09,19.15,2026-03-11,19.5,0.018276762402088753,0.012328319872640936,gru,test,2,0.2771911025047302,0.3822367489337921,0.34057217836380005,HOLD
2002,2026-03-09,2026-03-09T13:30:00+08:00,2026-03-10,19.4,2026-03-12,19.35,-0.002577319587628746,-0.008403939334901245,gru,test,1,0.2949855625629425,0.4041413962841034,0.3008730709552765,HOLD
2002,2026-03-10,2026-03-10T13:30:00+08:00,2026-03-11,19.25,2026-03-13,19.1,-0.007792207792207684,-0.013588363854234897,gru,test,0,0.3270491063594818,0.35943588614463806,0.3135150671005249,HOLD
2002,2026-03-11,2026-03-11T13:30:00+08:00,2026-03-12,19.3,2026-03-16,19.15,-0.00777202072538874,-0.013568294713711793,gru,test,0,0.3269292116165161,0.3726988732814789,0.3003718852996826,HOLD
2002,2026-03-12,2026-03-12T13:30:00+08:00,2026-03-13,19.3,2026-03-17,19.25,-0.002590673575129543,-0.00841721531273909,gru,test,1,0.2987207770347595,0.42545613646507263,0.27582311630249023,HOLD
2002,2026-03-13,2026-03-13T13:30:00+08:00,2026-03-16,19.2,2026-03-18,19.3,0.005208333333333481,-0.0006637676727330177,gru,test,1,0.2836402356624603,0.4707183539867401,0.24564145505428314,HOLD
2002,2026-03-16,2026-03-16T13:30:00+08:00,2026-03-17,19.25,2026-03-19,18.8,-0.023376623376623384,-0.02908174033819988,gru,test,0,0.27801617980003357,0.4619443416595459,0.26003944873809814,HOLD
2002,2026-03-17,2026-03-17T13:30:00+08:00,2026-03-18,19.4,2026-03-20,19.45,0.002577319587628857,-0.0032794118896037894,gru,test,1,0.3044638931751251,0.4176594316959381,0.27787670493125916,HOLD
2002,2026-03-18,2026-03-18T13:30:00+08:00,2026-03-19,19.0,2026-03-23,19.05,0.0026315789473685403,-0.0032254694954426677,gru,test,1,0.31766971945762634,0.36293643712997437,0.3193938136100769,HOLD
2002,2026-03-19,2026-03-19T13:30:00+08:00,2026-03-20,19.1,2026-03-24,19.2,0.005235602094240788,-0.0006366582070810312,gru,test,1,0.3096344470977783,0.44763413071632385,0.24273143708705902,HOLD
2002,2026-03-20,2026-03-20T13:30:00+08:00,2026-03-23,19.8,2026-03-25,19.3,-0.025252525252525304,-0.03094668380386234,gru,test,0,0.3777531385421753,0.3479042947292328,0.2743426561355591,SELL
2002,2026-03-23,2026-03-23T13:30:00+08:00,2026-03-24,19.35,2026-03-26,19.75,0.02067183462532296,0.014709400860879018,gru,test,2,0.31624335050582886,0.3735043406486511,0.31025230884552,HOLD
2002,2026-03-24,2026-03-24T13:30:00+08:00,2026-03-25,19.5,2026-03-27,19.6,0.00512820512820511,-0.0007434277948793477,gru,test,1,0.28085801005363464,0.495571494102478,0.2235705405473709,HOLD
2002,2026-03-25,2026-03-25T13:30:00+08:00,2026-03-26,19.45,2026-03-30,19.15,-0.015424164524421635,-0.021175737170932574,gru,test,0,0.31130897998809814,0.4384705424308777,0.2502204477787018,HOLD
2002,2026-03-26,2026-03-26T13:30:00+08:00,2026-03-27,19.75,2026-03-31,18.9,-0.04303797468354442,-0.04862823640868741,gru,test,0,0.3285472095012665,0.402121365070343,0.2693314254283905,HOLD
2002,2026-03-27,2026-03-27T13:30:00+08:00,2026-03-30,19.25,2026-04-01,19.5,0.01298701298701288,0.0070694714577181905,gru,test,1,0.3463285267353058,0.3658274710178375,0.2878440022468567,HOLD
2002,2026-03-30,2026-03-30T13:30:00+08:00,2026-03-31,19.0,2026-04-02,19.5,0.026315789473684292,0.020320385555846032,gru,test,2,0.30981019139289856,0.4133235514163971,0.27686628699302673,HOLD
2002,2026-03-31,2026-03-31T13:30:00+08:00,2026-04-01,19.25,2026-04-07,19.5,0.01298701298701288,0.0070694714577181905,gru,test,1,0.3481820225715637,0.3699356019496918,0.2818824052810669,HOLD
2002,2026-04-01,2026-04-01T13:30:00+08:00,2026-04-02,19.6,2026-04-08,19.95,0.017857142857142794,0.01191115160895695,gru,test,2,0.3191896080970764,0.3452198803424835,0.3355904817581177,HOLD
2002,2026-04-02,2026-04-02T13:30:00+08:00,2026-04-07,19.5,2026-04-09,20.2,0.03589743589743577,0.029846059109359002,gru,test,2,0.3374771177768707,0.4058024287223816,0.25672051310539246,HOLD
2002,2026-04-07,2026-04-07T13:30:00+08:00,2026-04-08,19.8,2026-04-10,20.05,0.012626262626262541,0.006710828483552422,gru,test,1,0.3191474676132202,0.4446852207183838,0.2361672967672348,HOLD
2002,2026-04-08,2026-04-08T13:30:00+08:00,2026-04-09,20.0,2026-04-13,20.2,0.010000000000000009,0.004099907631624822,gru,test,1,0.3664535880088806,0.3187449872493744,0.3148013949394226,SELL
2002,2026-04-09,2026-04-09T13:30:00+08:00,2026-04-10,20.3,2026-04-14,20.5,0.009852216748768461,0.003952987682207976,gru,test,1,0.33445489406585693,0.3036690354347229,0.36187610030174255,BUY
2002,2026-04-10,2026-04-10T13:30:00+08:00,2026-04-13,20.05,2026-04-15,20.1,0.0024937655860348684,-0.0033624777958242147,gru,test,1,0.34012460708618164,0.36258310079574585,0.2972923219203949,HOLD
2002,2026-04-13,2026-04-13T13:30:00+08:00,2026-04-14,20.2,2026-04-16,19.95,-0.012376237623762387,-0.018145615270516724,gru,test,0,0.2871258854866028,0.42235666513442993,0.29051753878593445,HOLD
2002,2026-04-14,2026-04-14T13:30:00+08:00,2026-04-15,20.5,2026-04-17,20.1,-0.019512195121951126,-0.02523988681981837,gru,test,0,0.3656996190547943,0.29549962282180786,0.3388007581233978,SELL
2002,2026-04-15,2026-04-15T13:30:00+08:00,2026-04-16,20.25,2026-04-20,19.85,-0.01975308641975304,-0.02547937090880048,gru,test,0,0.31467702984809875,0.4270774722099304,0.2582455277442932,HOLD
2002,2026-04-16,2026-04-16T13:30:00+08:00,2026-04-17,20.05,2026-04-21,19.75,-0.014962593516209544,-0.020716862510822276,gru,test,0,0.2968384921550751,0.4844893217086792,0.21867215633392334,HOLD
2002,2026-04-17,2026-04-17T13:30:00+08:00,2026-04-20,20.15,2026-04-22,19.55,-0.02977667493796521,-0.03544440487441869,gru,test,0,0.3370707333087921,0.4270186126232147,0.23591072857379913,HOLD
2002,2026-04-20,2026-04-20T13:30:00+08:00,2026-04-21,19.9,2026-04-23,19.15,-0.03768844221105527,-0.04330995416957961,gru,test,0,0.3001798391342163,0.39042457938194275,0.30939552187919617,HOLD
2002,2026-04-21,2026-04-21T13:30:00+08:00,2026-04-22,19.75,2026-04-24,19.0,-0.03797468354430378,-0.04359452337381253,gru,test,0,0.30856582522392273,0.4349353611469269,0.2564988136291504,HOLD
2002,2026-04-22,2026-04-22T13:30:00+08:00,2026-04-23,19.4,2026-04-27,18.75,-0.03350515463917514,-0.0391511040066872,gru,test,0,0.33277368545532227,0.3929339647293091,0.27429232001304626,HOLD
2002,2026-04-23,2026-04-23T13:30:00+08:00,2026-04-24,19.15,2026-04-28,18.75,-0.02088772845952991,-0.026607384737845075,gru,test,0,0.3313305079936981,0.34911254048347473,0.31955695152282715,HOLD
2002,2026-04-24,2026-04-24T13:30:00+08:00,2026-04-27,18.8,2026-04-29,19.0,0.010638297872340496,0.004734476774851171,gru,test,1,0.3128056526184082,0.37976813316345215,0.3074261546134949,HOLD
2002,2026-04-27,2026-04-27T13:30:00+08:00,2026-04-28,18.75,2026-04-30,18.75,0.0,-0.005841675612252573,gru,test,1,0.3033878803253174,0.480120450258255,0.21649158000946045,HOLD
2002,2026-04-28,2026-04-28T13:30:00+08:00,2026-04-29,18.75,2026-05-04,18.6,-0.007999999999999896,-0.013794942207354555,gru,test,0,0.27424705028533936,0.42565983533859253,0.3000931143760681,HOLD
2002,2026-04-29,2026-04-29T13:30:00+08:00,2026-04-30,18.9,2026-05-05,18.6,-0.015873015873015706,-0.021621966475550147,gru,test,0,0.3055133819580078,0.39156410098075867,0.30292248725891113,HOLD
2002,2026-04-30,2026-04-30T13:30:00+08:00,2026-05-04,18.8,2026-05-06,18.8,0.0,-0.005841675612252684,gru,test,1,0.2795919179916382,0.5020713210105896,0.21833671629428864,HOLD
2002,2026-05-04,2026-05-04T13:30:00+08:00,2026-05-05,18.6,2026-05-07,18.85,0.013440860215053752,0.007520667457475261,gru,test,1,0.2756773829460144,0.46638303995132446,0.25793951749801636,HOLD
2002,2026-05-05,2026-05-05T13:30:00+08:00,2026-05-06,18.6,2026-05-08,18.75,0.008064516129032251,0.002175730229584172,gru,test,1,0.31423619389533997,0.3606579899787903,0.3251056969165802,HOLD
2002,2026-05-06,2026-05-06T13:30:00+08:00,2026-05-07,18.8,2026-05-11,18.6,-0.010638297872340385,-0.016417827999356427,gru,test,0,0.2979821562767029,0.40500372648239136,0.29701411724090576,HOLD
2002,2026-05-07,2026-05-07T13:30:00+08:00,2026-05-08,18.85,2026-05-12,18.5,-0.018567639257294544,-0.02430084874412053,gru,test,0,0.3121406137943268,0.44815319776535034,0.2397061437368393,HOLD
2002,2026-05-08,2026-05-08T13:30:00+08:00,2026-05-11,18.85,2026-05-13,18.4,-0.023872679045092937,-0.02957489821036874,gru,test,0,0.3124983012676239,0.4386352002620697,0.2488664984703064,HOLD
2002,2026-05-11,2026-05-11T13:30:00+08:00,2026-05-12,18.8,2026-05-14,18.3,-0.02659574468085102,-0.03228205658001182,gru,test,0,0.29735076427459717,0.4493849575519562,0.25326430797576904,HOLD
2002,2026-05-12,2026-05-12T13:30:00+08:00,2026-05-13,18.5,2026-05-15,18.15,-0.018918918918918948,-0.02465007634391292,gru,test,0,0.3282327950000763,0.3876160979270935,0.2841510772705078,HOLD
2002,2026-05-13,2026-05-13T13:30:00+08:00,2026-05-14,18.5,2026-05-18,18.2,-0.016216216216216273,-0.021963161953675647,gru,test,0,0.26008743047714233,0.5479002594947815,0.1920122355222702,HOLD
2002,2026-05-14,2026-05-14T13:30:00+08:00,2026-05-15,18.3,2026-05-19,18.2,-0.005464480874317057,-0.011274234761912472,gru,test,0,0.3092857599258423,0.42682215571403503,0.2638920843601227,HOLD
2002,2026-05-15,2026-05-15T13:30:00+08:00,2026-05-18,18.15,2026-05-20,18.1,-0.0027548209366389242,-0.008580403778609691,gru,test,1,0.3214532732963562,0.3823586702346802,0.29618802666664124,HOLD
2002,2026-05-18,2026-05-18T13:30:00+08:00,2026-05-19,18.35,2026-05-21,18.2,-0.008174386920981047,-0.013968310416512253,gru,test,0,0.35450249910354614,0.41757693886756897,0.2279205173254013,HOLD
2002,2026-05-19,2026-05-19T13:30:00+08:00,2026-05-20,18.25,2026-05-22,18.15,-0.005479452054794609,-0.011289118485610317,gru,test,0,0.31365424394607544,0.4263138473033905,0.2600319981575012,HOLD
2002,2026-05-20,2026-05-20T13:30:00+08:00,2026-05-21,18.3,2026-05-25,19.95,0.0901639344262295,0.08379555035713437,gru,test,2,0.3040996193885803,0.4282642602920532,0.26763615012168884,HOLD
2002,2026-05-21,2026-05-21T13:30:00+08:00,2026-05-22,18.25,2026-05-26,19.5,0.06849315068493156,0.06225136030471634,gru,test,2,0.2941441237926483,0.4379309117794037,0.2679249942302704,HOLD
2002,2026-05-22,2026-05-22T13:30:00+08:00,2026-05-25,18.5,2026-05-27,19.1,0.032432432432432545,0.026401297070593355,gru,test,2,0.3236345946788788,0.3646940588951111,0.31167131662368774,HOLD
2002,2026-05-26,2026-05-26T13:30:00+08:00,2026-05-27,19.65,2026-05-29,19.1,-0.027989821882951516,-0.03366799003531906,gru,test,0,0.30112963914871216,0.3201357424259186,0.37873467803001404,BUY
2002,2026-05-27,2026-05-27T13:30:00+08:00,2026-05-28,19.1,2026-06-01,19.1,0.0,-0.005841675612252462,gru,test,1,0.33620208501815796,0.3476056158542633,0.31619229912757874,HOLD
2002,2026-05-28,2026-05-28T13:30:00+08:00,2026-05-29,19.05,2026-06-02,18.95,-0.005249343832021025,-0.011060354480429746,gru,test,0,0.3221455216407776,0.3004063367843628,0.3774481415748596,BUY
2002,2026-05-29,2026-05-29T13:30:00+08:00,2026-06-01,19.2,2026-06-03,19.4,0.01041666666666674,0.004514140266786315,gru,test,1,0.29042279720306396,0.46008971333503723,0.24948740005493164,HOLD
2002,2026-06-01,2026-06-01T13:30:00+08:00,2026-06-02,19.1,2026-06-04,19.25,0.00785340314136107,0.001965850495504462,gru,test,1,0.3200094401836395,0.3860526382923126,0.29393792152404785,HOLD
2002,2026-06-02,2026-06-02T13:30:00+08:00,2026-06-03,19.1,2026-06-05,19.3,0.010471204188481575,0.004568359198090288,gru,test,1,0.34973111748695374,0.346933513879776,0.30333536863327026,SELL
2002,2026-06-03,2026-06-03T13:30:00+08:00,2026-06-04,19.45,2026-06-08,18.65,-0.04113110539845766,-0.04673250643539906,gru,test,0,0.32365208864212036,0.4258902966976166,0.25045767426490784,HOLD
2002,2026-06-04,2026-06-04T13:30:00+08:00,2026-06-05,19.35,2026-06-09,18.75,-0.03100775193798455,-0.03666829032195029,gru,test,0,0.2972860038280487,0.4531269967556,0.2495870292186737,HOLD
2002,2026-06-05,2026-06-05T13:30:00+08:00,2026-06-08,18.6,2026-06-10,18.7,0.005376344086021501,-0.0004967383843615947,gru,test,1,0.280509352684021,0.4832938611507416,0.23619675636291504,HOLD
2002,2026-06-08,2026-06-08T13:30:00+08:00,2026-06-09,18.75,2026-06-11,18.55,-0.010666666666666602,-0.0164460310723884,gru,test,0,0.2741367220878601,0.5038431882858276,0.22202005982398987,HOLD
2002,2026-06-09,2026-06-09T13:30:00+08:00,2026-06-10,18.75,2026-06-12,18.9,0.008000000000000007,0.0021115909828492985,gru,test,1,0.32521817088127136,0.40570417046546936,0.2690776586532593,HOLD
2002,2026-06-10,2026-06-10T13:30:00+08:00,2026-06-11,18.7,2026-06-15,19.0,0.016042780748663166,0.010107388415358631,gru,test,2,0.3294987082481384,0.3691503405570984,0.30135098099708557,HOLD
2002,2026-06-11,2026-06-11T13:30:00+08:00,2026-06-12,18.75,2026-06-16,18.65,-0.005333333333333412,-0.011143853342320709,gru,test,0,0.35883936285972595,0.39059093594551086,0.25056973099708557,HOLD
2002,2026-06-12,2026-06-12T13:30:00+08:00,2026-06-15,19.2,2026-06-17,18.75,-0.0234375,-0.029142261340090347,gru,test,0,0.3489636778831482,0.3898230195045471,0.2612132728099823,HOLD
2002,2026-06-15,2026-06-15T13:30:00+08:00,2026-06-16,19.05,2026-06-18,19.1,0.002624671916010568,-0.003232336178163986,gru,test,1,0.41092514991760254,0.3160070478916168,0.273067831993103,SELL
2002,2026-06-16,2026-06-16T13:30:00+08:00,2026-06-17,18.65,2026-06-22,19.5,0.04557640750670244,0.03946848930622382,gru,test,2,0.32386326789855957,0.4233706593513489,0.25276604294776917,HOLD
2002,2026-06-17,2026-06-17T13:30:00+08:00,2026-06-18,18.8,2026-06-23,19.2,0.02127659574468077,0.015310629161954692,gru,test,2,0.31572556495666504,0.4027668237686157,0.281507670879364,HOLD
2002,2026-06-18,2026-06-18T13:30:00+08:00,2026-06-22,19.25,2026-06-24,19.35,0.0051948051948051965,-0.0006772167842641341,gru,test,1,0.32895079255104065,0.4653836488723755,0.20566561818122864,HOLD
2002,2026-06-22,2026-06-22T13:30:00+08:00,2026-06-23,19.75,2026-06-25,19.05,-0.03544303797468351,-0.04107766685637537,gru,test,0,0.3514738976955414,0.34490329027175903,0.3036228120326996,SELL
2002,2026-06-23,2026-06-23T13:30:00+08:00,2026-06-24,19.15,2026-06-26,19.0,-0.007832898172323688,-0.013628816534349664,gru,test,0,0.3091602325439453,0.4480665624141693,0.24277319014072418,HOLD
2002,2026-06-24,2026-06-24T13:30:00+08:00,2026-06-25,19.4,2026-06-29,19.05,-0.018041237113401998,-0.023777521670794277,gru,test,0,0.33873093128204346,0.3805732727050781,0.28069576621055603,HOLD
2002,2026-06-25,2026-06-25T13:30:00+08:00,2026-06-26,19.0,2026-06-30,18.8,-0.010526315789473606,-0.01630650007949208,gru,test,0,0.3365035951137543,0.3384783864021301,0.3250180184841156,HOLD
2303,2026-01-02,2026-01-02T14:30:00+08:00,2026-01-05,48.5,2026-01-07,54.1,0.11546391752577323,0.10894773916241518,gru,test,2,0.3524407744407654,0.2765316963195801,0.37102752923965454,BUY
2303,2026-01-05,2026-01-05T14:30:00+08:00,2026-01-06,48.85,2026-01-08,52.8,0.08085977482088014,0.07454574263404412,gru,test,2,0.3472644090652466,0.40482449531555176,0.2479110211133957,HOLD
2303,2026-01-06,2026-01-06T14:30:00+08:00,2026-01-07,50.8,2026-01-09,55.1,0.08464566929133865,0.0783095211371041,gru,test,2,0.3888264298439026,0.31568747758865356,0.29548609256744385,SELL
2303,2026-01-07,2026-01-07T14:30:00+08:00,2026-01-08,57.0,2026-01-12,55.3,-0.029824561403508865,-0.035492011602764495,gru,test,0,0.27408984303474426,0.2612808346748352,0.46462929248809814,BUY
2303,2026-01-08,2026-01-08T14:30:00+08:00,2026-01-09,54.4,2026-01-13,54.9,0.009191176470588314,0.0032958089868995177,gru,test,1,0.31677693128585815,0.3349672853946686,0.3482557237148285,BUY
2303,2026-01-09,2026-01-09T13:30:00+08:00,2026-01-12,57.0,2026-01-14,54.0,-0.052631578947368474,-0.05816579794844989,gru,test,0,0.27005553245544434,0.5312584042549133,0.19868606328964233,HOLD
2303,2026-01-12,2026-01-12T14:30:00+08:00,2026-01-13,55.5,2026-01-15,54.7,-0.014414414414414378,-0.020171885693517244,gru,test,0,0.31577128171920776,0.394086092710495,0.29014259576797485,HOLD
2303,2026-01-13,2026-01-13T14:30:00+08:00,2026-01-14,55.1,2026-01-16,58.5,0.06170598911070768,0.05550384712673728,gru,test,2,0.33855801820755005,0.4387534558773041,0.22268855571746826,HOLD
2303,2026-01-14,2026-01-14T14:30:00+08:00,2026-01-15,54.7,2026-01-19,62.5,0.14259597806215707,0.13592130300245353,gru,test,2,0.2983189523220062,0.31394442915916443,0.38773661851882935,BUY
2303,2026-01-15,2026-01-15T14:30:00+08:00,2026-01-16,54.8,2026-01-20,67.8,0.23722627737226287,0.22999880280089924,gru,test,2,0.4617025852203369,0.28600332140922546,0.25229403376579285,SELL
2303,2026-01-16,2026-01-16T14:30:00+08:00,2026-01-19,60.3,2026-01-21,68.4,0.1343283582089554,0.1277019799025194,gru,test,2,0.2343052178621292,0.5139737725257874,0.25172093510627747,HOLD
2303,2026-01-19,2026-01-19T14:30:00+08:00,2026-01-20,62.4,2026-01-22,67.6,0.08333333333333326,0.07700485142005964,gru,test,2,0.3067953586578369,0.4655064046382904,0.22769828140735626,HOLD
2303,2026-01-20,2026-01-20T14:30:00+08:00,2026-01-21,70.9,2026-01-23,64.8,-0.0860366713681242,-0.09137574865548614,gru,test,0,0.390215665102005,0.37493231892585754,0.23485207557678223,SELL
2303,2026-01-21,2026-01-21T14:30:00+08:00,2026-01-22,71.5,2026-01-26,69.3,-0.03076923076923077,-0.036431162516491034,gru,test,0,0.3580372929573059,0.22715197503566742,0.4148106873035431,BUY
2303,2026-01-22,2026-01-22T14:30:00+08:00,2026-01-23,68.0,2026-01-27,76.2,0.12058823529411766,0.11404212232862276,gru,test,2,0.2879793345928192,0.4232960343360901,0.2887246906757355,HOLD
2303,2026-01-23,2026-01-23T14:30:00+08:00,2026-01-26,66.0,2026-01-28,75.9,0.15000000000000013,0.14328207304590967,gru,test,2,0.23999223113059998,0.5483229756355286,0.21168486773967743,HOLD
2303,2026-01-26,2026-01-26T14:30:00+08:00,2026-01-27,71.1,2026-01-29,68.4,-0.03797468354430367,-0.043594523373812644,gru,test,0,0.324205219745636,0.4626222848892212,0.21317249536514282,HOLD
2303,2026-01-27,2026-01-27T14:30:00+08:00,2026-01-28,79.6,2026-01-30,62.4,-0.2160804020100502,-0.22065980600759483,gru,test,0,0.1886722892522812,0.546899676322937,0.2644280195236206,HOLD
2303,2026-01-28,2026-01-28T14:30:00+08:00,2026-01-29,70.3,2026-02-02,60.7,-0.13655761024182067,-0.14160156059265605,gru,test,0,0.3030168414115906,0.3893277645111084,0.307655394077301,HOLD
2303,2026-01-29,2026-01-29T14:30:00+08:00,2026-01-30,65.0,2026-02-03,60.8,-0.06461538461538463,-0.07007959811115327,gru,test,0,0.2629775404930115,0.21478630602359772,0.522236168384552,BUY
2303,2026-01-30,2026-01-30T14:30:00+08:00,2026-02-02,62.3,2026-02-04,61.8,-0.008025682182985605,-0.013820474363358093,gru,test,0,0.29496055841445923,0.49551570415496826,0.20952370762825012,HOLD
2303,2026-02-02,2026-02-02T14:30:00+08:00,2026-02-03,62.5,2026-02-05,61.5,-0.016000000000000014,-0.021748208802456426,gru,test,0,0.27238211035728455,0.34064778685569763,0.386970192193985,BUY
2303,2026-02-03,2026-02-03T14:30:00+08:00,2026-02-04,60.6,2026-02-06,61.9,0.021452145214521323,0.015485153128738771,gru,test,2,0.1945999562740326,0.556709885597229,0.2486901879310608,HOLD
2303,2026-02-04,2026-02-04T14:30:00+08:00,2026-02-05,61.8,2026-02-09,62.4,0.009708737864077666,0.003810346954618904,gru,test,1,0.3337354063987732,0.3869953155517578,0.2792692184448242,HOLD
2303,2026-02-05,2026-02-05T14:30:00+08:00,2026-02-06,61.1,2026-02-10,62.4,0.02127659574468077,0.015310629161954692,gru,test,2,0.27795934677124023,0.3284778296947479,0.39356276392936707,BUY
2303,2026-02-06,2026-02-06T14:30:00+08:00,2026-02-09,63.6,2026-02-11,62.8,-0.012578616352201366,-0.01834681176807329,gru,test,0,0.3567410111427307,0.3735533058643341,0.2697056531906128,HOLD
2303,2026-02-09,2026-02-09T14:30:00+08:00,2026-02-10,62.8,2026-02-23,63.9,0.01751592356687892,0.011571925611099765,gru,test,2,0.3406108319759369,0.4551091492176056,0.2042800933122635,HOLD
2303,2026-02-10,2026-02-10T14:30:00+08:00,2026-02-11,62.9,2026-02-24,67.5,0.0731319554848966,0.06686306671181175,gru,test,2,0.4079321026802063,0.2802649438381195,0.3118029236793518,SELL
2303,2026-02-11,2026-02-11T14:30:00+08:00,2026-02-23,65.2,2026-02-25,65.5,0.004601226993864893,-0.0012673274939041246,gru,test,1,0.2891421318054199,0.371519535779953,0.3393383026123047,HOLD
2303,2026-02-23,2026-02-23T14:30:00+08:00,2026-02-24,64.3,2026-02-26,65.4,0.017107309486780853,0.011165698521908185,gru,test,2,0.30081528425216675,0.49146541953086853,0.2077193558216095,HOLD
2303,2026-02-24,2026-02-24T14:30:00+08:00,2026-02-25,69.3,2026-03-02,64.5,-0.06926406926406925,-0.0747011266520966,gru,test,0,0.3082399368286133,0.418034166097641,0.27372586727142334,HOLD
2303,2026-02-25,2026-02-25T14:30:00+08:00,2026-02-26,66.0,2026-03-03,62.6,-0.051515151515151514,-0.05705589232313646,gru,test,0,0.3047148883342743,0.29595065116882324,0.3993344008922577,BUY
2303,2026-02-26,2026-02-26T14:30:00+08:00,2026-03-02,64.1,2026-03-04,60.0,-0.06396255850234,-0.06943058559649218,gru,test,0,0.3338092565536499,0.33970290422439575,0.32648783922195435,HOLD
2303,2026-03-02,2026-03-02T14:30:00+08:00,2026-03-03,64.5,2026-03-05,62.1,-0.037209302325581395,-0.04283361326388979,gru,test,0,0.38526028394699097,0.28116554021835327,0.33357417583465576,SELL
2303,2026-03-03,2026-03-03T14:30:00+08:00,2026-03-04,61.0,2026-03-06,62.0,0.016393442622950838,0.010456001836727014,gru,test,2,0.3256368339061737,0.3481740653514862,0.3261891305446625,HOLD
2303,2026-03-04,2026-03-04T14:30:00+08:00,2026-03-05,62.5,2026-03-09,59.7,-0.04479999999999995,-0.05037996854482352,gru,test,0,0.25834619998931885,0.5102025866508484,0.231451153755188,HOLD
2303,2026-03-05,2026-03-05T14:30:00+08:00,2026-03-06,62.1,2026-03-10,60.4,-0.027375201288244777,-0.03305695985475143,gru,test,0,0.3511434495449066,0.29967427253723145,0.34918227791786194,SELL
2303,2026-03-06,2026-03-06T14:30:00+08:00,2026-03-09,58.3,2026-03-11,62.2,0.0668953687821614,0.06066291212552133,gru,test,2,0.3234706223011017,0.39712491631507874,0.27940452098846436,HOLD
2303,2026-03-09,2026-03-09T14:30:00+08:00,2026-03-10,60.8,2026-03-12,60.6,-0.003289473684210509,-0.00911193325826487,gru,test,1,0.2818283140659332,0.4801744222640991,0.2379971742630005,HOLD
2303,2026-03-10,2026-03-10T14:30:00+08:00,2026-03-11,62.2,2026-03-13,59.5,-0.043408360128617374,-0.048996458182138825,gru,test,0,0.3724159300327301,0.26711398363113403,0.36047008633613586,SELL
2303,2026-03-11,2026-03-11T14:30:00+08:00,2026-03-12,62.2,2026-03-16,60.5,-0.027331189710610992,-0.033013205378477295,gru,test,0,0.2914760112762451,0.36599060893058777,0.3425333797931671,HOLD
2303,2026-03-12,2026-03-12T14:30:00+08:00,2026-03-13,59.8,2026-03-17,60.7,0.015050167224080369,0.00912057341699457,gru,test,1,0.3607821464538574,0.2806512117385864,0.35856661200523376,SELL
2303,2026-03-13,2026-03-13T14:30:00+08:00,2026-03-16,60.5,2026-03-18,61.1,0.009917355371900749,0.004017745786634164,gru,test,1,0.30152422189712524,0.458402544260025,0.24007320404052734,HOLD
2303,2026-03-16,2026-03-16T14:30:00+08:00,2026-03-17,60.9,2026-03-19,58.7,-0.03612479474548436,-0.04175544102527462,gru,test,0,0.3536286950111389,0.3797590136528015,0.2666122615337372,HOLD
2303,2026-03-17,2026-03-17T14:30:00+08:00,2026-03-18,61.3,2026-03-20,57.8,-0.057096247960848334,-0.06260438581383687,gru,test,0,0.38189056515693665,0.33030954003334045,0.2877999246120453,SELL
2303,2026-03-18,2026-03-18T14:30:00+08:00,2026-03-19,60.4,2026-03-23,56.7,-0.06125827814569529,-0.06674210276845549,gru,test,0,0.42291954159736633,0.293475866317749,0.2836046516895294,SELL
2303,2026-03-19,2026-03-19T14:30:00+08:00,2026-03-20,58.5,2026-03-24,56.5,-0.03418803418803418,-0.039829994394739665,gru,test,0,0.28915977478027344,0.2676940858364105,0.44314610958099365,BUY
2303,2026-03-20,2026-03-20T14:30:00+08:00,2026-03-23,56.0,2026-03-25,59.1,0.05535714285714288,0.04919208877349779,gru,test,2,0.30424100160598755,0.4105675518512726,0.2851914167404175,HOLD
2303,2026-03-23,2026-03-23T14:30:00+08:00,2026-03-24,57.5,2026-03-26,58.2,0.012173913043478368,0.00626112138029411,gru,test,1,0.318825364112854,0.35746729373931885,0.3237072825431824,HOLD
2303,2026-03-24,2026-03-24T14:30:00+08:00,2026-03-25,58.0,2026-03-27,57.8,-0.0034482758620689724,-0.009269807765313831,gru,test,1,0.2924627661705017,0.4021247625350952,0.3054124712944031,HOLD
2303,2026-03-25,2026-03-25T14:30:00+08:00,2026-03-26,59.4,2026-03-30,57.0,-0.04040404040404033,-0.04600968871882827,gru,test,0,0.26942622661590576,0.4936896562576294,0.23688408732414246,HOLD
2303,2026-03-26,2026-03-26T14:30:00+08:00,2026-03-27,57.1,2026-03-31,56.5,-0.010507880910682998,-0.01628817289128326,gru,test,0,0.2944760024547577,0.4170345366001129,0.2884894609451294,HOLD
2303,2026-03-27,2026-03-27T14:30:00+08:00,2026-03-30,56.3,2026-04-01,57.4,0.019538188277087087,0.013582376906868587,gru,test,2,0.3342594504356384,0.3647404909133911,0.30100008845329285,HOLD
2303,2026-03-30,2026-03-30T14:30:00+08:00,2026-03-31,55.9,2026-04-02,53.6,-0.041144901610017826,-0.046746222053966724,gru,test,0,0.3598375618457794,0.34831586480140686,0.2918466329574585,SELL
2303,2026-03-31,2026-03-31T14:30:00+08:00,2026-04-01,57.5,2026-04-07,58.3,0.013913043478260834,0.007990092379229097,gru,test,1,0.30697405338287354,0.39284059405326843,0.30018535256385803,HOLD
2303,2026-04-01,2026-04-01T14:30:00+08:00,2026-04-02,57.5,2026-04-08,60.3,0.04869565217391303,0.04256951235793327,gru,test,2,0.40805694460868835,0.2383861243724823,0.3535568416118622,SELL
2303,2026-04-02,2026-04-02T14:30:00+08:00,2026-04-07,54.7,2026-04-09,60.0,0.09689213893967086,0.09048445088235546,gru,test,2,0.27790576219558716,0.38778799772262573,0.3343062698841095,HOLD
2303,2026-04-07,2026-04-07T14:30:00+08:00,2026-04-08,59.8,2026-04-10,62.0,0.03678929765886285,0.03073271090368479,gru,test,2,0.33238136768341064,0.40623247623443604,0.26138612627983093,HOLD
2303,2026-04-08,2026-04-08T14:30:00+08:00,2026-04-09,60.6,2026-04-13,60.1,-0.008250825082508295,-0.014044302051095303,gru,test,0,0.346466064453125,0.23879584670066833,0.41473814845085144,BUY
2303,2026-04-09,2026-04-09T14:30:00+08:00,2026-04-10,59.7,2026-04-14,59.7,0.0,-0.005841675612252573,gru,test,1,0.26736128330230713,0.4114227294921875,0.32121601700782776,HOLD
2303,2026-04-10,2026-04-10T14:30:00+08:00,2026-04-13,61.5,2026-04-15,62.1,0.009756097560975618,0.003857429991530381,gru,test,1,0.30432865023612976,0.3747638463973999,0.3209075629711151,HOLD
2303,2026-04-13,2026-04-13T14:30:00+08:00,2026-04-14,60.1,2026-04-16,68.3,0.13643926788685512,0.12980055833083437,gru,test,2,0.22546689212322235,0.5684961676597595,0.20603694021701813,HOLD
2303,2026-04-14,2026-04-14T14:30:00+08:00,2026-04-15,60.1,2026-04-17,73.0,0.21464226289517474,0.20754671681040882,gru,test,2,0.3609412908554077,0.32443422079086304,0.31462445855140686,SELL
2303,2026-04-15,2026-04-15T14:30:00+08:00,2026-04-16,66.5,2026-04-20,76.9,0.1563909774436092,0.14963571647244778,gru,test,2,0.2637002468109131,0.5529646277427673,0.18333512544631958,HOLD
2303,2026-04-17,2026-04-17T14:30:00+08:00,2026-04-20,78.0,2026-04-22,78.6,0.007692307692307665,0.0018056961138070982,gru,test,1,0.29845839738845825,0.3064001500606537,0.39514148235321045,BUY
2303,2026-04-20,2026-04-20T14:30:00+08:00,2026-04-21,78.0,2026-04-23,73.6,-0.05641025641025643,-0.06192240160335638,gru,test,0,0.3056524991989136,0.2362099438905716,0.45813751220703125,BUY
2303,2026-04-21,2026-04-21T14:30:00+08:00,2026-04-22,76.5,2026-04-24,74.5,-0.02614379084967322,-0.031832742916507395,gru,test,0,0.397802472114563,0.21872949600219727,0.38346800208091736,SELL
2303,2026-04-22,2026-04-22T14:30:00+08:00,2026-04-23,79.5,2026-04-27,72.7,-0.08553459119496853,-0.09087660147183341,gru,test,0,0.3885847330093384,0.2693421542644501,0.34207311272621155,SELL
2303,2026-04-23,2026-04-23T14:30:00+08:00,2026-04-24,77.0,2026-04-28,75.1,-0.02467532467532474,-0.030372855045197045,gru,test,0,0.2311200648546219,0.5893875360488892,0.17949245870113373,HOLD
2303,2026-04-24,2026-04-24T14:30:00+08:00,2026-04-27,76.0,2026-04-29,74.5,-0.019736842105263164,-0.02546322148832647,gru,test,0,0.35577601194381714,0.39177027344703674,0.2524537146091461,HOLD
2303,2026-04-27,2026-04-27T14:30:00+08:00,2026-04-28,72.3,2026-04-30,77.3,0.06915629322268324,0.06291062897887811,gru,test,2,0.36352601647377014,0.2019636034965515,0.43451038002967834,BUY
2303,2026-04-28,2026-04-28T14:30:00+08:00,2026-04-29,75.3,2026-05-04,81.2,0.07835325365205859,0.07205386374880596,gru,test,2,0.3009374141693115,0.4148905575275421,0.28417202830314636,HOLD
2303,2026-04-29,2026-04-29T14:30:00+08:00,2026-04-30,80.5,2026-05-05,83.1,0.032298136645962705,0.02626778579654432,gru,test,2,0.2946854829788208,0.48002150654792786,0.22529293596744537,HOLD
2303,2026-04-30,2026-04-30T14:30:00+08:00,2026-05-04,80.0,2026-05-06,91.4,0.14250000000000007,0.13582588561300146,gru,test,2,0.34601929783821106,0.3238106071949005,0.3301701247692108,SELL
2303,2026-05-04,2026-05-04T14:30:00+08:00,2026-05-05,80.8,2026-05-07,96.5,0.19430693069306937,0.18733017702249555,gru,test,2,0.32027387619018555,0.3446701169013977,0.3350560665130615,HOLD
2303,2026-05-05,2026-05-05T14:30:00+08:00,2026-05-06,88.5,2026-05-08,91.3,0.031638418079096065,0.025611921091540424,gru,test,2,0.3237438499927521,0.4074956178665161,0.2687605321407318,HOLD
2303,2026-05-06,2026-05-06T14:30:00+08:00,2026-05-07,97.4,2026-05-11,95.0,-0.024640657084188944,-0.030338389970883006,gru,test,0,0.26107433438301086,0.270579993724823,0.46834564208984375,BUY
2303,2026-05-07,2026-05-07T14:30:00+08:00,2026-05-08,96.5,2026-05-12,104.5,0.08290155440414515,0.076575594803312,gru,test,2,0.2887428402900696,0.471973717212677,0.23928342759609222,HOLD
2303,2026-05-08,2026-05-08T14:30:00+08:00,2026-05-11,94.7,2026-05-13,98.4,0.03907074973600855,0.03300083547787058,gru,test,2,0.31593313813209534,0.34973931312561035,0.3343275487422943,HOLD
2303,2026-05-11,2026-05-11T14:30:00+08:00,2026-05-12,96.7,2026-05-14,108.0,0.11685625646328845,0.11033194450751505,gru,test,2,0.35826581716537476,0.32251331210136414,0.3192208707332611,SELL
2303,2026-05-12,2026-05-12T14:30:00+08:00,2026-05-13,102.0,2026-05-15,110.0,0.07843137254901955,0.07213152630051178,gru,test,2,0.1963210552930832,0.5191795229911804,0.2844994068145752,HOLD
2303,2026-05-13,2026-05-13T14:30:00+08:00,2026-05-14,102.0,2026-05-18,111.0,0.08823529411764697,0.0818781765396075,gru,test,2,0.2160092443227768,0.5164966583251953,0.2674940824508667,HOLD
2303,2026-05-15,2026-05-15T14:30:00+08:00,2026-05-18,108.5,2026-05-20,108.0,-0.004608294930875556,-0.010423050379016363,gru,test,0,0.3068298101425171,0.2910539209842682,0.4021163284778595,BUY
2303,2026-05-18,2026-05-18T14:30:00+08:00,2026-05-19,112.5,2026-05-21,116.0,0.03111111111111109,0.02508769447981063,gru,test,2,0.33998361229896545,0.46142303943634033,0.19859331846237183,HOLD
2303,2026-05-19,2026-05-19T14:30:00+08:00,2026-05-20,114.0,2026-05-22,114.0,0.0,-0.005841675612252684,gru,test,1,0.3035886287689209,0.3508247435092926,0.34558671712875366,HOLD
2303,2026-05-20,2026-05-20T14:30:00+08:00,2026-05-21,112.5,2026-05-25,125.0,0.11111111111111116,0.10462036043083045,gru,test,2,0.2795531153678894,0.3426772356033325,0.3777696192264557,BUY
2303,2026-05-21,2026-05-21T14:30:00+08:00,2026-05-22,119.5,2026-05-26,130.5,0.09205020920502083,0.08567080613055267,gru,test,2,0.31079337000846863,0.47437453269958496,0.2148321270942688,HOLD
2303,2026-05-22,2026-05-22T14:30:00+08:00,2026-05-25,115.0,2026-05-27,143.5,0.24782608695652164,0.24053669173601522,gru,test,2,0.20736338198184967,0.5686041712760925,0.22403252124786377,HOLD
2303,2026-05-26,2026-05-26T14:30:00+08:00,2026-05-27,139.5,2026-05-29,144.5,0.03584229390680993,0.029791239240354983,gru,test,2,0.46048396825790405,0.3113556206226349,0.22816036641597748,SELL
2303,2026-05-27,2026-05-27T14:30:00+08:00,2026-05-28,145.0,2026-06-01,146.0,0.006896551724137945,0.0010145886938697224,gru,test,1,0.2714725136756897,0.22096571326255798,0.5075617432594299,BUY
2303,2026-05-28,2026-05-28T14:30:00+08:00,2026-05-29,149.0,2026-06-02,141.5,-0.05033557046979864,-0.05588320200760888,gru,test,0,0.36909765005111694,0.33139628171920776,0.2995060384273529,SELL
2303,2026-05-29,2026-05-29T14:30:00+08:00,2026-06-01,143.0,2026-06-03,130.5,-0.0874125874125874,-0.09274362704474792,gru,test,0,0.2484501302242279,0.4871416389942169,0.26440829038619995,HOLD
2303,2026-06-01,2026-06-01T14:30:00+08:00,2026-06-02,147.0,2026-06-04,125.0,-0.1496598639455783,-0.1546272751804869,gru,test,0,0.3184470534324646,0.3418559432029724,0.3396970331668854,HOLD
2303,2026-06-02,2026-06-02T14:30:00+08:00,2026-06-03,141.5,2026-06-05,131.5,-0.07067137809187274,-0.07610021443824178,gru,test,0,0.24501538276672363,0.3435226380825043,0.4114619493484497,BUY
2303,2026-06-03,2026-06-03T14:30:00+08:00,2026-06-04,126.5,2026-06-08,121.0,-0.04347826086956519,-0.0490659505856329,gru,test,0,0.3111670911312103,0.3944341540336609,0.294398695230484,HOLD
2303,2026-06-04,2026-06-04T14:30:00+08:00,2026-06-05,127.0,2026-06-09,127.5,0.003937007874015741,-0.001927666461119748,gru,test,1,0.26334699988365173,0.5999367833137512,0.13671615719795227,HOLD
2303,2026-06-05,2026-06-05T14:30:00+08:00,2026-06-08,121.0,2026-06-10,118.5,-0.02066115702479343,-0.02638213685993329,gru,test,0,0.4320142865180969,0.2772788405418396,0.29070693254470825,SELL
2303,2026-06-08,2026-06-08T14:30:00+08:00,2026-06-09,124.5,2026-06-11,125.0,0.004016064257028162,-0.0018490718998520617,gru,test,1,0.3415941298007965,0.416443794965744,0.24196210503578186,HOLD
2303,2026-06-09,2026-06-09T14:30:00+08:00,2026-06-10,126.5,2026-06-12,133.5,0.05533596837944654,0.0491710379902317,gru,test,2,0.33995676040649414,0.3844243586063385,0.27561885118484497,HOLD
2303,2026-06-10,2026-06-10T14:30:00+08:00,2026-06-11,119.0,2026-06-15,141.5,0.18907563025210083,0.18212943614173338,gru,test,2,0.354995995759964,0.2633509337902069,0.3816531300544739,BUY
2303,2026-06-11,2026-06-11T14:30:00+08:00,2026-06-12,134.0,2026-06-16,141.0,0.052238805970149294,0.046091968199047484,gru,test,2,0.20728233456611633,0.5555025935173035,0.2372151017189026,HOLD
2303,2026-06-12,2026-06-12T14:30:00+08:00,2026-06-15,139.5,2026-06-17,140.0,0.0035842293906809264,-0.0022783841269917726,gru,test,1,0.27891772985458374,0.42903271317481995,0.2920495867729187,HOLD
2303,2026-06-15,2026-06-15T14:30:00+08:00,2026-06-16,144.0,2026-06-18,145.5,0.01041666666666674,0.004514140266786537,gru,test,1,0.2949916124343872,0.4325847923755646,0.27242353558540344,HOLD
2303,2026-06-16,2026-06-16T14:30:00+08:00,2026-06-17,138.5,2026-06-22,160.0,0.15523465703971118,0.14848615091725348,gru,test,2,0.27139660716056824,0.5138887763023376,0.2147146314382553,HOLD
2303,2026-06-17,2026-06-17T14:30:00+08:00,2026-06-18,141.0,2026-06-23,170.0,0.2056737588652482,0.19863060387175202,gru,test,2,0.2552543580532074,0.51027512550354,0.2344704568386078,HOLD
2303,2026-06-18,2026-06-18T14:30:00+08:00,2026-06-22,160.0,2026-06-24,178.0,0.11250000000000004,0.10600113588136884,gru,test,2,0.2545827627182007,0.44130876660346985,0.30410850048065186,HOLD
2303,2026-06-23,2026-06-23T14:30:00+08:00,2026-06-24,172.0,2026-06-26,164.0,-0.046511627906976716,-0.052081597676798874,gru,test,0,0.1950400024652481,0.6379491090774536,0.1670108437538147,HOLD
2303,2026-06-24,2026-06-24T14:30:00+08:00,2026-06-25,183.5,2026-06-29,164.0,-0.10626702997275206,-0.11148792806762631,gru,test,0,0.448755145072937,0.311145156621933,0.24009963870048523,SELL
2303,2026-06-25,2026-06-25T14:30:00+08:00,2026-06-26,175.0,2026-06-30,164.5,-0.06000000000000005,-0.0654911750755175,gru,test,0,0.2553941607475281,0.528836727142334,0.21576914191246033,HOLD
2330,2026-01-02,2026-01-02T14:30:00+08:00,2026-01-05,1630.0,2026-01-07,1675.0,0.027607361963190247,0.02160441309783856,gru,test,2,0.2675599157810211,0.40901315212249756,0.32342690229415894,HOLD
2330,2026-01-05,2026-01-05T14:30:00+08:00,2026-01-06,1645.0,2026-01-08,1685.0,0.024316109422492405,0.018332386986841698,gru,test,2,0.34855926036834717,0.3493530750274658,0.3020876944065094,HOLD
2330,2026-01-06,2026-01-06T14:30:00+08:00,2026-01-07,1665.0,2026-01-09,1680.0,0.009009009009008917,0.003114705688538111,gru,test,1,0.36488085985183716,0.3815704584121704,0.2535487115383148,HOLD
2330,2026-01-07,2026-01-07T14:30:00+08:00,2026-01-08,1660.0,2026-01-12,1690.0,0.01807228915662651,0.01212504109355006,gru,test,2,0.3700016736984253,0.3742055296897888,0.2557927966117859,HOLD
2330,2026-01-08,2026-01-08T14:30:00+08:00,2026-01-09,1665.0,2026-01-13,1710.0,0.027027027027026973,0.021027468290119034,gru,test,2,0.3157922923564911,0.38443610072135925,0.29977160692214966,HOLD
2330,2026-01-09,2026-01-09T13:30:00+08:00,2026-01-12,1700.0,2026-01-14,1710.0,0.00588235294117645,6.314531204809626e-06,gru,test,1,0.3146566152572632,0.40388137102127075,0.2814619541168213,HOLD
2330,2026-01-12,2026-01-12T14:30:00+08:00,2026-01-13,1720.0,2026-01-15,1690.0,-0.01744186046511631,-0.023181646386457477,gru,test,0,0.3112848997116089,0.4731902480125427,0.21552488207817078,HOLD
2330,2026-01-13,2026-01-13T14:30:00+08:00,2026-01-14,1705.0,2026-01-16,1740.0,0.02052785923753664,0.014566266530604555,gru,test,2,0.33037078380584717,0.43440306186676025,0.23522621393203735,HOLD
2330,2026-01-14,2026-01-14T14:30:00+08:00,2026-01-15,1685.0,2026-01-19,1760.0,0.04451038575667665,0.03840869490945731,gru,test,2,0.40597987174987793,0.31512975692749023,0.2788904309272766,SELL
2330,2026-01-15,2026-01-15T14:30:00+08:00,2026-01-16,1735.0,2026-01-20,1775.0,0.023054755043227626,0.01707840103069258,gru,test,2,0.25707417726516724,0.43331459164619446,0.30961132049560547,HOLD
2330,2026-01-16,2026-01-16T14:30:00+08:00,2026-01-19,1725.0,2026-01-21,1740.0,0.008695652173912993,0.0028031793824234708,gru,test,1,0.25016430020332336,0.41378268599510193,0.3360530734062195,HOLD
2330,2026-01-19,2026-01-19T14:30:00+08:00,2026-01-20,1740.0,2026-01-22,1760.0,0.011494252873563315,0.005585431564618215,gru,test,1,0.23565427958965302,0.43442249298095703,0.32992318272590637,HOLD
2330,2026-01-20,2026-01-20T14:30:00+08:00,2026-01-21,1745.0,2026-01-23,1770.0,0.014326647564469885,0.008401280324534799,gru,test,1,0.3048158288002014,0.4047735929489136,0.2904105484485626,HOLD
2330,2026-01-21,2026-01-21T14:30:00+08:00,2026-01-22,1765.0,2026-01-26,1755.0,-0.005665722379603388,-0.01147430067960531,gru,test,0,0.28719112277030945,0.3850470781326294,0.3277617394924164,HOLD
2330,2026-01-22,2026-01-22T14:30:00+08:00,2026-01-23,1770.0,2026-01-27,1780.0,0.005649717514124353,-0.00022496191514664865,gru,test,1,0.3595499098300934,0.36929166316986084,0.271158367395401,HOLD
2330,2026-01-23,2026-01-23T14:30:00+08:00,2026-01-26,1765.0,2026-01-28,1820.0,0.031161473087818692,0.025137762258187202,gru,test,2,0.2909092903137207,0.4174048602581024,0.2916858196258545,HOLD
2330,2026-01-26,2026-01-26T14:30:00+08:00,2026-01-27,1760.0,2026-01-29,1805.0,0.02556818181818188,0.019577145181752353,gru,test,2,0.3395787179470062,0.4142667353153229,0.2461545318365097,HOLD
2330,2026-01-27,2026-01-27T14:30:00+08:00,2026-01-28,1790.0,2026-01-30,1775.0,-0.008379888268156388,-0.01417261129147962,gru,test,0,0.336534708738327,0.4131265878677368,0.25033873319625854,HOLD
2330,2026-01-28,2026-01-28T14:30:00+08:00,2026-01-29,1830.0,2026-02-02,1765.0,-0.03551912568306015,-0.04115331008504142,gru,test,0,0.33804813027381897,0.36306771636009216,0.2988840937614441,HOLD
2330,2026-01-29,2026-01-29T14:30:00+08:00,2026-01-30,1790.0,2026-02-03,1800.0,0.005586592178770999,-0.00028771849276798545,gru,test,1,0.29349130392074585,0.43077459931373596,0.2757340371608734,HOLD
2330,2026-01-30,2026-01-30T14:30:00+08:00,2026-02-02,1750.0,2026-02-04,1785.0,0.020000000000000018,0.014041490875502438,gru,test,2,0.327663391828537,0.3728303909301758,0.29950618743896484,HOLD
2330,2026-02-02,2026-02-02T14:30:00+08:00,2026-02-03,1810.0,2026-02-05,1765.0,-0.024861878453038666,-0.030558319036257275,gru,test,0,0.29851704835891724,0.3235146999359131,0.3779682219028473,BUY
2330,2026-02-03,2026-02-03T14:30:00+08:00,2026-02-04,1785.0,2026-02-06,1780.0,-0.0028011204481792618,-0.008626432823422792,gru,test,1,0.34055647253990173,0.4310327172279358,0.2284107655286789,HOLD
2330,2026-02-04,2026-02-04T14:30:00+08:00,2026-02-05,1765.0,2026-02-09,1815.0,0.028328611898017053,0.022321449724510778,gru,test,2,0.32601481676101685,0.4086720645427704,0.26531311869621277,HOLD
2330,2026-02-05,2026-02-05T14:30:00+08:00,2026-02-06,1745.0,2026-02-10,1880.0,0.0773638968481376,0.07107028644639835,gru,test,2,0.2688557207584381,0.4820612967014313,0.249083012342453,HOLD
2330,2026-02-06,2026-02-06T14:30:00+08:00,2026-02-09,1830.0,2026-02-11,1915.0,0.04644808743169393,0.04033507715985585,gru,test,2,0.35072755813598633,0.3938645124435425,0.2554079592227936,HOLD
2330,2026-02-09,2026-02-09T14:30:00+08:00,2026-02-10,1845.0,2026-02-23,1900.0,0.02981029810298108,0.023794480399306428,gru,test,2,0.3320121765136719,0.40535271167755127,0.26263508200645447,HOLD
2330,2026-02-10,2026-02-10T14:30:00+08:00,2026-02-11,1880.0,2026-02-24,1965.0,0.04521276595744683,0.039106972032938225,gru,test,2,0.3918898403644562,0.3092772662639618,0.2988329529762268,SELL
2330,2026-02-11,2026-02-11T14:30:00+08:00,2026-02-23,1900.0,2026-02-25,2015.0,0.06052631578947376,0.05433106507437424,gru,test,2,0.28513890504837036,0.45616400241851807,0.2586970031261444,HOLD
2330,2026-02-23,2026-02-23T14:30:00+08:00,2026-02-24,1915.0,2026-02-26,1995.0,0.04177545691906004,0.03568974263893265,gru,test,2,0.35566088557243347,0.3346785306930542,0.30966058373451233,SELL
2330,2026-02-24,2026-02-24T14:30:00+08:00,2026-02-25,1995.0,2026-03-02,1975.0,-0.010025062656641603,-0.015808175104861655,gru,test,0,0.27421310544013977,0.47541365027427673,0.25037330389022827,HOLD
2330,2026-02-25,2026-02-25T14:30:00+08:00,2026-02-26,2000.0,2026-03-03,1935.0,-0.03249999999999997,-0.03815182115485427,gru,test,0,0.3011620044708252,0.4811057448387146,0.21773220598697662,HOLD
2330,2026-02-26,2026-02-26T14:30:00+08:00,2026-03-02,1940.0,2026-03-04,1865.0,-0.03865979381443296,-0.0442756314519851,gru,test,0,0.3122830092906952,0.34863463044166565,0.33908236026763916,HOLD
2330,2026-03-02,2026-03-02T14:30:00+08:00,2026-03-03,1970.0,2026-03-05,1900.0,-0.035532994923857864,-0.04116709830623344,gru,test,0,0.36443811655044556,0.33290910720825195,0.3026527762413025,SELL
2330,2026-03-03,2026-03-03T14:30:00+08:00,2026-03-04,1895.0,2026-03-06,1890.0,-0.0026385224274406704,-0.008464784647576495,gru,test,1,0.31526365876197815,0.32264459133148193,0.36209172010421753,BUY
2330,2026-03-04,2026-03-04T14:30:00+08:00,2026-03-05,1940.0,2026-03-09,1810.0,-0.0670103092783505,-0.07246053240112227,gru,test,0,0.277804970741272,0.4210186004638672,0.30117642879486084,HOLD
2330,2026-03-05,2026-03-05T14:30:00+08:00,2026-03-06,1880.0,2026-03-10,1850.0,-0.015957446808510634,-0.021705904192908076,gru,test,0,0.3321230113506317,0.36069270968437195,0.3071843087673187,HOLD
2330,2026-03-06,2026-03-06T14:30:00+08:00,2026-03-09,1775.0,2026-03-11,1940.0,0.09295774647887334,0.08657304186604509,gru,test,2,0.32489556074142456,0.4204184114933014,0.25468602776527405,HOLD
2330,2026-03-09,2026-03-09T14:30:00+08:00,2026-03-10,1870.0,2026-03-12,1885.0,0.008021390374331583,0.0021328564015530294,gru,test,1,0.32492974400520325,0.44317519664764404,0.2318950593471527,HOLD
2330,2026-03-10,2026-03-10T14:30:00+08:00,2026-03-11,1885.0,2026-03-13,1865.0,-0.010610079575596787,-0.016389774544748548,gru,test,0,0.2820943295955658,0.3649052679538727,0.3530004024505615,HOLD
2330,2026-03-11,2026-03-11T14:30:00+08:00,2026-03-12,1900.0,2026-03-16,1845.0,-0.02894736842105261,-0.03461994289716097,gru,test,0,0.30561891198158264,0.39381149411201477,0.3005695641040802,HOLD
2330,2026-03-12,2026-03-12T14:30:00+08:00,2026-03-13,1840.0,2026-03-17,1870.0,0.016304347826086918,0.010367427502764981,gru,test,2,0.3001662790775299,0.3488735854625702,0.35096004605293274,BUY
2330,2026-03-13,2026-03-13T14:30:00+08:00,2026-03-16,1875.0,2026-03-18,1905.0,0.016000000000000014,0.010064857577951392,gru,test,2,0.3213063180446625,0.3565688729286194,0.3221248388290405,HOLD
2330,2026-03-16,2026-03-16T14:30:00+08:00,2026-03-17,1875.0,2026-03-19,1850.0,-0.013333333333333308,-0.01909711993742247,gru,test,0,0.33945661783218384,0.36321139335632324,0.2973319888114929,HOLD
2330,2026-03-17,2026-03-17T14:30:00+08:00,2026-03-18,1900.0,2026-03-20,1840.0,-0.03157894736842104,-0.037236149013970876,gru,test,0,0.3170163631439209,0.4419178366661072,0.24106572568416595,HOLD
2330,2026-03-18,2026-03-18T14:30:00+08:00,2026-03-19,1875.0,2026-03-23,1810.0,-0.03466666666666662,-0.04030583085769446,gru,test,0,0.3393074870109558,0.40104830265045166,0.25964415073394775,HOLD
2330,2026-03-19,2026-03-19T14:30:00+08:00,2026-03-20,1860.0,2026-03-24,1810.0,-0.026881720430107503,-0.03256636175170813,gru,test,0,0.32646340131759644,0.33179721236228943,0.34173935651779175,BUY
2330,2026-03-20,2026-03-20T14:30:00+08:00,2026-03-23,1790.0,2026-03-25,1845.0,0.030726256983240274,0.024705088544912712,gru,test,2,0.3354576826095581,0.30497539043426514,0.35956692695617676,BUY
2330,2026-03-23,2026-03-23T14:30:00+08:00,2026-03-24,1850.0,2026-03-26,1840.0,-0.00540540540540535,-0.011215504392726894,gru,test,0,0.3490329086780548,0.37291648983955383,0.27805063128471375,HOLD
2330,2026-03-24,2026-03-24T14:30:00+08:00,2026-03-25,1865.0,2026-03-27,1820.0,-0.024128686327077764,-0.029829409980857702,gru,test,0,0.26735809445381165,0.44969478249549866,0.2829471826553345,HOLD
2330,2026-03-25,2026-03-25T14:30:00+08:00,2026-03-26,1850.0,2026-03-30,1780.0,-0.037837837837837784,-0.04345847707557282,gru,test,0,0.27886319160461426,0.4096018373966217,0.31153494119644165,HOLD
2330,2026-03-26,2026-03-26T14:30:00+08:00,2026-03-27,1805.0,2026-03-31,1760.0,-0.024930747922437657,-0.030626786192556432,gru,test,0,0.29328516125679016,0.39834773540496826,0.30836713314056396,HOLD
2330,2026-03-27,2026-03-27T14:30:00+08:00,2026-03-30,1780.0,2026-04-01,1855.0,0.042134831460674205,0.036047017831051464,gru,test,2,0.2870312035083771,0.34410566091537476,0.3688631057739258,BUY
2330,2026-03-30,2026-03-30T14:30:00+08:00,2026-03-31,1775.0,2026-04-02,1810.0,0.019718309859154903,0.0137614462770832,gru,test,2,0.3271413743495941,0.4262937307357788,0.2465648651123047,HOLD
2330,2026-03-31,2026-03-31T14:30:00+08:00,2026-04-01,1840.0,2026-04-07,1860.0,0.010869565217391353,0.004964393131092537,gru,test,1,0.31551796197891235,0.3438589870929718,0.34062302112579346,HOLD
2330,2026-04-01,2026-04-01T14:30:00+08:00,2026-04-02,1865.0,2026-04-08,1950.0,0.04557640750670244,0.03946848930622382,gru,test,2,0.3859533965587616,0.327554851770401,0.2864917814731598,SELL
2330,2026-04-02,2026-04-02T14:30:00+08:00,2026-04-07,1850.0,2026-04-09,1955.0,0.05675675675675684,0.05058352658272769,gru,test,2,0.2733730673789978,0.44395318627357483,0.28267377614974976,HOLD
2330,2026-04-07,2026-04-07T14:30:00+08:00,2026-04-08,1935.0,2026-04-10,2000.0,0.03359173126614978,0.02755382365658643,gru,test,2,0.37356501817703247,0.3814084827899933,0.24502654373645782,HOLD
2330,2026-04-08,2026-04-08T14:30:00+08:00,2026-04-09,1945.0,2026-04-13,1990.0,0.023136246786632286,0.017159416725767374,gru,test,2,0.3430204689502716,0.35691380500793457,0.30006569623947144,HOLD
2330,2026-04-09,2026-04-09T14:30:00+08:00,2026-04-10,1975.0,2026-04-14,2055.0,0.040506329113924044,0.03442802866674488,gru,test,2,0.3722333610057831,0.30253341794013977,0.32523322105407715,SELL
2330,2026-04-10,2026-04-10T14:30:00+08:00,2026-04-13,1985.0,2026-04-15,2080.0,0.04785894206549113,0.041737690038546216,gru,test,2,0.31760865449905396,0.40371134877204895,0.2786799967288971,HOLD
2330,2026-04-13,2026-04-13T14:30:00+08:00,2026-04-14,2015.0,2026-04-16,2085.0,0.03473945409429291,0.0286948418602746,gru,test,2,0.33925294876098633,0.3611261546611786,0.2996208667755127,HOLD
2330,2026-04-14,2026-04-14T14:30:00+08:00,2026-04-15,2065.0,2026-04-17,2030.0,-0.016949152542372836,-0.022691816703570455,gru,test,0,0.2968287765979767,0.386700838804245,0.31647035479545593,HOLD
2330,2026-04-15,2026-04-15T14:30:00+08:00,2026-04-16,2080.0,2026-04-20,2025.0,-0.02644230769230771,-0.03212951592058233,gru,test,0,0.3421347439289093,0.31119513511657715,0.34667009115219116,BUY
2330,2026-04-16,2026-04-16T14:30:00+08:00,2026-04-17,2055.0,2026-04-21,2050.0,-0.0024330900243308973,-0.008260552313925862,gru,test,1,0.2775474786758423,0.42033496499061584,0.30211755633354187,HOLD
2330,2026-04-17,2026-04-17T14:30:00+08:00,2026-04-20,2030.0,2026-04-22,2050.0,0.009852216748768461,0.003952987682207976,gru,test,1,0.2686184346675873,0.3657434284687042,0.3656381666660309,HOLD
2330,2026-04-20,2026-04-20T14:30:00+08:00,2026-04-21,2050.0,2026-04-23,2080.0,0.014634146341463428,0.008706982793421858,gru,test,1,0.3247430622577667,0.3598470985889435,0.3154098391532898,HOLD
2330,2026-04-21,2026-04-21T14:30:00+08:00,2026-04-22,2045.0,2026-04-24,2185.0,0.06845965770171158,0.062218062976639565,gru,test,2,0.2898968458175659,0.3903386890888214,0.31976446509361267,HOLD
2330,2026-04-22,2026-04-22T14:30:00+08:00,2026-04-23,2090.0,2026-04-27,2265.0,0.08373205741626788,0.07740124628624301,gru,test,2,0.3265438675880432,0.3385257124900818,0.3349304795265198,HOLD
2330,2026-04-23,2026-04-23T14:30:00+08:00,2026-04-24,2110.0,2026-04-28,2215.0,0.04976303317535535,0.04363065806581079,gru,test,2,0.28018078207969666,0.3207508623600006,0.39906832575798035,BUY
2330,2026-04-24,2026-04-24T14:30:00+08:00,2026-04-27,2280.0,2026-04-29,2180.0,-0.04385964912280704,-0.049445110892416766,gru,test,0,0.2902919054031372,0.372070848941803,0.3376372754573822,HOLD
2330,2026-04-27,2026-04-27T14:30:00+08:00,2026-04-28,2245.0,2026-04-30,2135.0,-0.04899777282850781,-0.05455321934617352,gru,test,0,0.2987435460090637,0.38573378324508667,0.315522700548172,HOLD
2330,2026-04-28,2026-04-28T14:30:00+08:00,2026-04-29,2175.0,2026-05-04,2275.0,0.04597701149425282,0.03986675309522991,gru,test,2,0.30652621388435364,0.3738519847393036,0.3196218013763428,HOLD
2330,2026-04-29,2026-04-29T14:30:00+08:00,2026-04-30,2205.0,2026-05-05,2250.0,0.020408163265306145,0.014447269783415706,gru,test,2,0.3268921673297882,0.3795517385005951,0.2935560643672943,HOLD
2330,2026-04-30,2026-04-30T14:30:00+08:00,2026-05-04,2200.0,2026-05-06,2250.0,0.022727272727272707,0.016752831760196152,gru,test,2,0.29550701379776,0.37132444977760315,0.33316850662231445,HOLD
2330,2026-05-04,2026-05-04T14:30:00+08:00,2026-05-05,2250.0,2026-05-07,2310.0,0.026666666666666616,0.02066921303808722,gru,test,2,0.3438304364681244,0.3859005570411682,0.27026909589767456,HOLD
2330,2026-05-05,2026-05-05T14:30:00+08:00,2026-05-06,2250.0,2026-05-08,2290.0,0.01777777777777767,0.011832250154640622,gru,test,2,0.28487423062324524,0.387003093957901,0.328122615814209,HOLD
2330,2026-05-06,2026-05-06T14:30:00+08:00,2026-05-07,2335.0,2026-05-11,2235.0,-0.04282655246252676,-0.04841804924770199,gru,test,0,0.29111674427986145,0.33079320192337036,0.3780899941921234,BUY
2330,2026-05-07,2026-05-07T14:30:00+08:00,2026-05-08,2300.0,2026-05-12,2255.0,-0.019565217391304346,-0.025292599350273837,gru,test,0,0.30978307127952576,0.3697887361049652,0.32042813301086426,HOLD
2330,2026-05-08,2026-05-08T14:30:00+08:00,2026-05-11,2265.0,2026-05-13,2220.0,-0.019867549668874163,-0.02559316550075086,gru,test,0,0.2947460114955902,0.42682167887687683,0.27843230962753296,HOLD
2330,2026-05-11,2026-05-11T14:30:00+08:00,2026-05-12,2235.0,2026-05-14,2270.0,0.015659955257270708,0.009726799266302821,gru,test,1,0.29844653606414795,0.3463398218154907,0.3552136719226837,BUY
2330,2026-05-12,2026-05-12T14:30:00+08:00,2026-05-13,2205.0,2026-05-15,2265.0,0.027210884353741527,0.021210251581971873,gru,test,2,0.2621205747127533,0.39833226799964905,0.33954715728759766,HOLD
2330,2026-05-13,2026-05-13T14:30:00+08:00,2026-05-14,2250.0,2026-05-18,2240.0,-0.004444444444444473,-0.010260157053975871,gru,test,0,0.33241918683052063,0.33963751792907715,0.3279433250427246,HOLD
2330,2026-05-14,2026-05-14T14:30:00+08:00,2026-05-15,2310.0,2026-05-19,2205.0,-0.045454545454545414,-0.05103069035715013,gru,test,0,0.2634269595146179,0.48553991317749023,0.25103312730789185,HOLD
2330,2026-05-15,2026-05-15T14:30:00+08:00,2026-05-18,2225.0,2026-05-20,2185.0,-0.017977528089887618,-0.02371418481472909,gru,test,0,0.3044176995754242,0.33991098403930664,0.35567140579223633,BUY
2330,2026-05-18,2026-05-18T14:30:00+08:00,2026-05-19,2220.0,2026-05-21,2230.0,0.0045045045045044585,-0.001363484961857231,gru,test,1,0.27523237466812134,0.4562903642654419,0.26847726106643677,HOLD
2330,2026-05-19,2026-05-19T14:30:00+08:00,2026-05-20,2205.0,2026-05-22,2255.0,0.0226757369614512,0.01670159704960117,gru,test,2,0.3017129898071289,0.3463148772716522,0.35197219252586365,BUY
2330,2026-05-20,2026-05-20T14:30:00+08:00,2026-05-21,2240.0,2026-05-25,2310.0,0.03125,0.025225772024864535,gru,test,2,0.28814515471458435,0.4058017432689667,0.3060530424118042,HOLD
2330,2026-05-21,2026-05-21T14:30:00+08:00,2026-05-22,2245.0,2026-05-26,2270.0,0.011135857461024523,0.00522912978182033,gru,test,1,0.3050955533981323,0.3983191251754761,0.2965853214263916,HOLD
2330,2026-05-22,2026-05-22T14:30:00+08:00,2026-05-25,2275.0,2026-05-27,2300.0,0.01098901098901095,0.005083141139260894,gru,test,1,0.2278936803340912,0.38156062364578247,0.39054572582244873,BUY
2330,2026-05-25,2026-05-25T14:30:00+08:00,2026-05-26,2320.0,2026-05-28,2295.0,-0.010775862068965525,-0.016554588590568686,gru,test,0,0.324692964553833,0.3532823920249939,0.3220245838165283,HOLD
2330,2026-05-26,2026-05-26T14:30:00+08:00,2026-05-27,2310.0,2026-05-29,2355.0,0.01948051948051943,0.013525044992703572,gru,test,2,0.30688342452049255,0.34640756249427795,0.3467089533805847,BUY
2330,2026-05-27,2026-05-27T14:30:00+08:00,2026-05-28,2350.0,2026-06-01,2355.0,0.0021276595744681437,-0.0037264451348320016,gru,test,1,0.35539710521698,0.32339367270469666,0.321209192276001,SELL
2330,2026-05-28,2026-05-28T14:30:00+08:00,2026-05-29,2340.0,2026-06-02,2380.0,0.017094017094017033,0.011152483778990918,gru,test,2,0.3493565320968628,0.2969493269920349,0.3536941111087799,BUY
2330,2026-05-29,2026-05-29T14:30:00+08:00,2026-06-01,2355.0,2026-06-03,2425.0,0.02972399150743099,0.023708677978890647,gru,test,2,0.2819024324417114,0.41844186186790466,0.2996557354927063,HOLD
2330,2026-06-01,2026-06-01T14:30:00+08:00,2026-06-02,2390.0,2026-06-04,2385.0,-0.0020920502092049986,-0.007921504742770757,gru,test,1,0.3081931471824646,0.3905978798866272,0.3012090027332306,HOLD
2330,2026-06-02,2026-06-02T14:30:00+08:00,2026-06-03,2425.0,2026-06-05,2365.0,-0.024742268041237137,-0.030439407349681424,gru,test,0,0.26967424154281616,0.37412577867507935,0.3561999499797821,HOLD
2330,2026-06-03,2026-06-03T14:30:00+08:00,2026-06-04,2385.0,2026-06-08,2295.0,-0.037735849056603765,-0.0433570840797145,gru,test,0,0.32661211490631104,0.3479648232460022,0.32542309165000916,HOLD
2330,2026-06-04,2026-06-04T14:30:00+08:00,2026-06-05,2395.0,2026-06-09,2305.0,-0.0375782881002088,-0.0432004435433162,gru,test,0,0.311686247587204,0.34755462408065796,0.34075912833213806,HOLD
2330,2026-06-05,2026-06-05T14:30:00+08:00,2026-06-08,2230.0,2026-06-10,2255.0,0.011210762331838486,0.005303597082677358,gru,test,1,0.3820578157901764,0.24748952686786652,0.3704526126384735,SELL
2330,2026-06-08,2026-06-08T14:30:00+08:00,2026-06-09,2305.0,2026-06-11,2250.0,-0.02386117136659438,-0.029563457755995115,gru,test,0,0.3241517245769501,0.3689998686313629,0.3068484961986542,HOLD
2330,2026-06-09,2026-06-09T14:30:00+08:00,2026-06-10,2285.0,2026-06-12,2310.0,0.010940919037199182,0.005035330125031434,gru,test,1,0.2791810929775238,0.37536895275115967,0.34544995427131653,HOLD
2330,2026-06-10,2026-06-10T14:30:00+08:00,2026-06-11,2240.0,2026-06-15,2375.0,0.060267857142857206,0.05407411625933034,gru,test,2,0.30254343152046204,0.319274365901947,0.37818220257759094,BUY
2330,2026-06-11,2026-06-11T14:30:00+08:00,2026-06-12,2325.0,2026-06-16,2400.0,0.032258064516129004,0.026227947755094183,gru,test,2,0.28260907530784607,0.36106398701667786,0.35632702708244324,HOLD
2330,2026-06-12,2026-06-12T14:30:00+08:00,2026-06-15,2360.0,2026-06-17,2385.0,0.010593220338983134,0.004689662569821174,gru,test,1,0.34322211146354675,0.38515326380729675,0.2716246247291565,HOLD
2330,2026-06-15,2026-06-15T14:30:00+08:00,2026-06-16,2375.0,2026-06-18,2410.0,0.01473684210526316,0.008809078641882628,gru,test,1,0.37700536847114563,0.3677351176738739,0.2552594840526581,SELL
2330,2026-06-16,2026-06-16T14:30:00+08:00,2026-06-17,2355.0,2026-06-22,2510.0,0.06581740976645434,0.059591250196707524,gru,test,2,0.2950689196586609,0.32119664549827576,0.38373443484306335,BUY
2330,2026-06-17,2026-06-17T14:30:00+08:00,2026-06-18,2395.0,2026-06-23,2490.0,0.039665970772442494,0.033592579426092284,gru,test,2,0.33961278200149536,0.34536978602409363,0.3150174021720886,HOLD
2330,2026-06-18,2026-06-18T14:30:00+08:00,2026-06-22,2455.0,2026-06-24,2390.0,-0.02647657841140527,-0.032163586441256053,gru,test,0,0.41500377655029297,0.2917659282684326,0.2932302951812744,SELL
2330,2026-06-22,2026-06-22T14:30:00+08:00,2026-06-23,2510.0,2026-06-25,2390.0,-0.047808764940239,-0.05337115725628838,gru,test,0,0.35627028346061707,0.34317970275878906,0.30055004358291626,SELL
2330,2026-06-23,2026-06-23T14:30:00+08:00,2026-06-24,2435.0,2026-06-26,2340.0,-0.03901437371663241,-0.044628140013417306,gru,test,0,0.2820058763027191,0.41555625200271606,0.30243784189224243,HOLD
2330,2026-06-24,2026-06-24T14:30:00+08:00,2026-06-25,2410.0,2026-06-29,2370.0,-0.016597510373444035,-0.022342228714124057,gru,test,0,0.3259657025337219,0.3342776894569397,0.3397566080093384,BUY
2330,2026-06-25,2026-06-25T14:30:00+08:00,2026-06-26,2360.0,2026-06-30,2410.0,0.021186440677966045,0.015221000751894698,gru,test,2,0.31272855401039124,0.3469870388507843,0.3402843773365021,HOLD
2412,2026-01-02,2026-01-02T13:30:00+08:00,2026-01-05,131.5,2026-01-07,133.0,0.011406844106463865,0.005498533411181894,gru,test,1,0.31769275665283203,0.4589424133300781,0.22336478531360626,HOLD
2412,2026-01-05,2026-01-05T13:30:00+08:00,2026-01-06,133.0,2026-01-08,133.5,0.003759398496240518,-0.002104238302524153,gru,test,1,0.2913360297679901,0.5255253314971924,0.1831386536359787,HOLD
2412,2026-01-06,2026-01-06T13:30:00+08:00,2026-01-07,132.0,2026-01-09,133.5,0.011363636363636465,0.005455578073972012,gru,test,1,0.25042134523391724,0.5688369870185852,0.18074166774749756,HOLD
2412,2026-01-07,2026-01-07T13:30:00+08:00,2026-01-08,133.0,2026-01-12,133.5,0.003759398496240518,-0.002104238302524153,gru,test,1,0.2807524502277374,0.5567477345466614,0.16249987483024597,HOLD
2412,2026-01-08,2026-01-08T13:30:00+08:00,2026-01-09,133.0,2026-01-13,133.5,0.003759398496240518,-0.002104238302524153,gru,test,1,0.27493202686309814,0.5760347247123718,0.1490333378314972,HOLD
2412,2026-01-09,2026-01-09T13:30:00+08:00,2026-01-12,133.0,2026-01-14,133.0,0.0,-0.005841675612252573,gru,test,1,0.2872392535209656,0.4883236885070801,0.22443707287311554,HOLD
2412,2026-01-12,2026-01-12T13:30:00+08:00,2026-01-13,133.5,2026-01-15,133.5,0.0,-0.005841675612252462,gru,test,1,0.23139053583145142,0.5816458463668823,0.18696364760398865,HOLD
2412,2026-01-13,2026-01-13T13:30:00+08:00,2026-01-14,133.5,2026-01-16,133.0,-0.0037453183520599342,-0.009565115029435134,gru,test,1,0.23760934174060822,0.6019754409790039,0.16041520237922668,HOLD
2412,2026-01-14,2026-01-14T13:30:00+08:00,2026-01-15,133.5,2026-01-19,134.0,0.0037453183520599342,-0.0021182361950699002,gru,test,1,0.3139983117580414,0.5227193832397461,0.16328227519989014,HOLD
2412,2026-01-15,2026-01-15T13:30:00+08:00,2026-01-16,133.5,2026-01-20,133.0,-0.0037453183520599342,-0.009565115029435134,gru,test,1,0.28998151421546936,0.5069329738616943,0.20308555662631989,HOLD
2412,2026-01-16,2026-01-16T13:30:00+08:00,2026-01-19,133.5,2026-01-21,133.0,-0.0037453183520599342,-0.009565115029435134,gru,test,1,0.3130912482738495,0.4737926125526428,0.2131161391735077,HOLD
2412,2026-01-19,2026-01-19T13:30:00+08:00,2026-01-20,133.5,2026-01-22,133.0,-0.0037453183520599342,-0.009565115029435134,gru,test,1,0.30254635214805603,0.4832973778247833,0.21415627002716064,HOLD
2412,2026-01-20,2026-01-20T13:30:00+08:00,2026-01-21,133.5,2026-01-23,134.0,0.0037453183520599342,-0.0021182361950699002,gru,test,1,0.2909069359302521,0.5039102435112,0.20518280565738678,HOLD
2412,2026-01-21,2026-01-21T13:30:00+08:00,2026-01-22,133.0,2026-01-26,134.0,0.007518796992481258,0.0016331990072042668,gru,test,1,0.3369939923286438,0.4731866717338562,0.18981929123401642,HOLD
2412,2026-01-22,2026-01-22T13:30:00+08:00,2026-01-23,133.5,2026-01-27,133.0,-0.0037453183520599342,-0.009565115029435134,gru,test,1,0.2797098755836487,0.5290678143501282,0.19122229516506195,HOLD
2412,2026-01-23,2026-01-23T13:30:00+08:00,2026-01-26,134.0,2026-01-28,133.5,-0.003731343283582045,-0.009551221598773973,gru,test,1,0.30733758211135864,0.5209004878997803,0.17176194489002228,HOLD
2412,2026-01-26,2026-01-26T13:30:00+08:00,2026-01-27,134.0,2026-01-29,133.5,-0.003731343283582045,-0.009551221598773973,gru,test,1,0.2839946150779724,0.4849715530872345,0.23103390634059906,HOLD
2412,2026-01-27,2026-01-27T13:30:00+08:00,2026-01-28,133.5,2026-01-30,133.5,0.0,-0.005841675612252462,gru,test,1,0.2968716323375702,0.5286688804626465,0.17445948719978333,HOLD
2412,2026-01-28,2026-01-28T13:30:00+08:00,2026-01-29,133.5,2026-02-02,133.0,-0.0037453183520599342,-0.009565115029435134,gru,test,1,0.3297692537307739,0.4468878209590912,0.22334295511245728,HOLD
2412,2026-01-29,2026-01-29T13:30:00+08:00,2026-01-30,133.5,2026-02-03,133.5,0.0,-0.005841675612252462,gru,test,1,0.3087235987186432,0.42395922541618347,0.2673172056674957,HOLD
2412,2026-01-30,2026-01-30T13:30:00+08:00,2026-02-02,134.0,2026-02-04,133.0,-0.007462686567164201,-0.013260767585295596,gru,test,0,0.33618447184562683,0.4578082263469696,0.20600730180740356,HOLD
2412,2026-02-02,2026-02-02T13:30:00+08:00,2026-02-03,133.5,2026-02-05,132.5,-0.0074906367041198685,-0.013288554446617584,gru,test,0,0.27436599135398865,0.5103352665901184,0.21529872715473175,HOLD
2412,2026-02-03,2026-02-03T13:30:00+08:00,2026-02-04,133.5,2026-02-06,133.0,-0.0037453183520599342,-0.009565115029435134,gru,test,1,0.2428901195526123,0.5919589996337891,0.16515086591243744,HOLD
2412,2026-02-04,2026-02-04T13:30:00+08:00,2026-02-05,133.0,2026-02-09,132.0,-0.007518796992481258,-0.013316550231709412,gru,test,0,0.26904886960983276,0.5316027998924255,0.19934841990470886,HOLD
2412,2026-02-05,2026-02-05T13:30:00+08:00,2026-02-06,132.5,2026-02-10,132.5,0.0,-0.005841675612252573,gru,test,1,0.28471609950065613,0.4752903878688812,0.23999354243278503,HOLD
2412,2026-02-06,2026-02-06T13:30:00+08:00,2026-02-09,133.0,2026-02-11,133.0,0.0,-0.005841675612252573,gru,test,1,0.2914206385612488,0.5000617504119873,0.20851759612560272,HOLD
2412,2026-02-09,2026-02-09T13:30:00+08:00,2026-02-10,132.0,2026-02-23,135.0,0.022727272727272707,0.016752831760196374,gru,test,2,0.2603399455547333,0.5804095268249512,0.15925061702728271,HOLD
2412,2026-02-10,2026-02-10T13:30:00+08:00,2026-02-11,133.5,2026-02-24,135.5,0.014981273408239737,0.009052082056477673,gru,test,1,0.26093733310699463,0.5654494166374207,0.1736133098602295,HOLD
2412,2026-02-11,2026-02-11T13:30:00+08:00,2026-02-23,134.0,2026-02-25,136.0,0.014925373134328401,0.008996508333833253,gru,test,1,0.298175185918808,0.45962828397750854,0.24219650030136108,HOLD
2412,2026-02-23,2026-02-23T13:30:00+08:00,2026-02-24,134.5,2026-02-26,134.0,-0.0037174721189591198,-0.009537431464995194,gru,test,1,0.30279403924942017,0.47983208298683167,0.21737384796142578,HOLD
2412,2026-02-24,2026-02-24T13:30:00+08:00,2026-02-25,135.0,2026-03-02,138.0,0.022222222222222143,0.016250731596364032,gru,test,2,0.3880152702331543,0.39386922121047974,0.21811549365520477,HOLD
2412,2026-02-25,2026-02-25T13:30:00+08:00,2026-02-26,136.0,2026-03-03,138.0,0.014705882352941124,0.008778299746390772,gru,test,1,0.2792229950428009,0.5518940687179565,0.1688828319311142,HOLD
2412,2026-02-26,2026-02-26T13:30:00+08:00,2026-03-02,135.0,2026-03-04,135.5,0.0037037037037037646,-0.002159607744149805,gru,test,1,0.31790485978126526,0.2828809916973114,0.39921414852142334,BUY
2412,2026-03-02,2026-03-02T13:30:00+08:00,2026-03-03,137.5,2026-03-05,137.0,-0.0036363636363636598,-0.009456796791844413,gru,test,1,0.3664771616458893,0.3636883795261383,0.2698344588279724,SELL
2412,2026-03-03,2026-03-03T13:30:00+08:00,2026-03-04,137.0,2026-03-06,136.5,-0.0036496350364964014,-0.009469990664762618,gru,test,1,0.27935415506362915,0.5051738619804382,0.21547195315361023,HOLD
2412,2026-03-04,2026-03-04T13:30:00+08:00,2026-03-05,136.5,2026-03-09,136.0,-0.00366300366300365,-0.009483281196090432,gru,test,1,0.2101266086101532,0.6072489023208618,0.1826244592666626,HOLD
2412,2026-03-05,2026-03-05T13:30:00+08:00,2026-03-06,136.5,2026-03-10,135.0,-0.01098901098901095,-0.01676649236376626,gru,test,0,0.26898840069770813,0.48427802324295044,0.24673357605934143,HOLD
2412,2026-03-06,2026-03-06T13:30:00+08:00,2026-03-09,134.5,2026-03-11,135.5,0.0074349442379182396,0.0015498360932324484,gru,test,1,0.25741147994995117,0.5511563420295715,0.19143223762512207,HOLD
2412,2026-03-09,2026-03-09T13:30:00+08:00,2026-03-10,137.0,2026-03-12,136.0,-0.007299270072992692,-0.013098305717272551,gru,test,0,0.2741907238960266,0.5465696454048157,0.17923954129219055,HOLD
2412,2026-03-10,2026-03-10T13:30:00+08:00,2026-03-11,136.0,2026-03-13,136.0,0.0,-0.005841675612252573,gru,test,1,0.3292233645915985,0.3967832028865814,0.2739934027194977,HOLD
2412,2026-03-11,2026-03-11T13:30:00+08:00,2026-03-12,135.0,2026-03-16,136.5,0.011111111111111072,0.005204527992055619,gru,test,1,0.3755910098552704,0.3998541831970215,0.22455483675003052,HOLD
2412,2026-03-12,2026-03-12T13:30:00+08:00,2026-03-13,136.0,2026-03-17,137.0,0.007352941176470562,0.0014683120670690997,gru,test,1,0.3455903232097626,0.44641369581222534,0.20799598097801208,HOLD
2412,2026-03-13,2026-03-13T13:30:00+08:00,2026-03-16,136.5,2026-03-18,137.5,0.0073260073260073,0.0014415355554231457,gru,test,1,0.2845284938812256,0.5549798607826233,0.16049164533615112,HOLD
2412,2026-03-16,2026-03-16T13:30:00+08:00,2026-03-17,137.0,2026-03-19,135.5,-0.010948905109489093,-0.016726620769782707,gru,test,0,0.31616419553756714,0.4904593527317047,0.19337639212608337,HOLD
2412,2026-03-17,2026-03-17T13:30:00+08:00,2026-03-18,137.5,2026-03-20,134.0,-0.025454545454545507,-0.031147523869395344,gru,test,0,0.35948243737220764,0.41325321793556213,0.22726429998874664,HOLD
2412,2026-03-18,2026-03-18T13:30:00+08:00,2026-03-19,137.0,2026-03-23,134.0,-0.021897810218978075,-0.02761156592731262,gru,test,0,0.35097968578338623,0.45850953459739685,0.19051077961921692,HOLD
2412,2026-03-19,2026-03-19T13:30:00+08:00,2026-03-20,136.0,2026-03-24,134.0,-0.014705882352941124,-0.020461650970895917,gru,test,0,0.3096674978733063,0.4054925739765167,0.2848398983478546,HOLD
2412,2026-03-20,2026-03-20T13:30:00+08:00,2026-03-23,133.0,2026-03-25,135.0,0.015037593984962516,0.009108073626660884,gru,test,1,0.3076125979423523,0.47223687171936035,0.22015050053596497,HOLD
2412,2026-03-23,2026-03-23T13:30:00+08:00,2026-03-24,134.0,2026-03-26,134.5,0.003731343283582156,-0.0021321296257312827,gru,test,1,0.2875407636165619,0.45826059579849243,0.25419867038726807,HOLD
2412,2026-03-24,2026-03-24T13:30:00+08:00,2026-03-25,135.5,2026-03-27,134.0,-0.011070110701106972,-0.016847118317651955,gru,test,0,0.2635778486728668,0.5309867858886719,0.2054353952407837,HOLD
2412,2026-03-26,2026-03-26T13:30:00+08:00,2026-03-27,134.5,2026-03-31,133.0,-0.01115241635687736,-0.016928943170480326,gru,test,0,0.31132909655570984,0.47666460275650024,0.21200628578662872,HOLD
2412,2026-03-27,2026-03-27T13:30:00+08:00,2026-03-30,133.5,2026-04-01,134.0,0.0037453183520599342,-0.0021182361950699002,gru,test,1,0.2990795969963074,0.5553653836250305,0.1455550342798233,HOLD
2412,2026-03-30,2026-03-30T13:30:00+08:00,2026-03-31,133.5,2026-04-02,134.0,0.0037453183520599342,-0.0021182361950699002,gru,test,1,0.23911677300930023,0.5801180005073547,0.1807652860879898,HOLD
2412,2026-03-31,2026-03-31T13:30:00+08:00,2026-04-01,134.0,2026-04-07,134.0,0.0,-0.005841675612252684,gru,test,1,0.2822597026824951,0.5273407101631165,0.19039960205554962,HOLD
2412,2026-04-01,2026-04-01T13:30:00+08:00,2026-04-02,134.5,2026-04-08,134.0,-0.0037174721189591198,-0.009537431464995194,gru,test,1,0.4124898314476013,0.326924592256546,0.26058557629585266,SELL
2412,2026-04-02,2026-04-02T13:30:00+08:00,2026-04-07,134.0,2026-04-09,135.0,0.00746268656716409,0.0015774163607902292,gru,test,1,0.33091843128204346,0.4705280661582947,0.19855345785617828,HOLD
2412,2026-04-07,2026-04-07T13:30:00+08:00,2026-04-08,134.5,2026-04-10,135.5,0.0074349442379182396,0.0015498360932324484,gru,test,1,0.30063799023628235,0.48369142413139343,0.21567058563232422,HOLD
2412,2026-04-08,2026-04-08T13:30:00+08:00,2026-04-09,134.0,2026-04-13,134.5,0.003731343283582156,-0.0021321296257312827,gru,test,1,0.30893123149871826,0.5189678072929382,0.17210090160369873,HOLD
2412,2026-04-09,2026-04-09T13:30:00+08:00,2026-04-10,135.0,2026-04-14,135.0,0.0,-0.005841675612252573,gru,test,1,0.3343339264392853,0.40555083751678467,0.26011529564857483,HOLD
2412,2026-04-10,2026-04-10T13:30:00+08:00,2026-04-13,135.0,2026-04-15,135.5,0.0037037037037037646,-0.002159607744149805,gru,test,1,0.42668232321739197,0.33187374472618103,0.24144390225410461,SELL
2412,2026-04-13,2026-04-13T13:30:00+08:00,2026-04-14,135.0,2026-04-16,136.5,0.011111111111111072,0.005204527992055619,gru,test,1,0.3297439515590668,0.48077717423439026,0.18947890400886536,HOLD
2412,2026-04-14,2026-04-14T13:30:00+08:00,2026-04-15,135.0,2026-04-17,137.5,0.0185185185185186,0.012568663728261154,gru,test,2,0.3507956266403198,0.45333436131477356,0.19586996734142303,HOLD
2412,2026-04-15,2026-04-15T13:30:00+08:00,2026-04-16,136.0,2026-04-20,137.0,0.007352941176470562,0.0014683120670690997,gru,test,1,0.337384968996048,0.45909586548805237,0.20351913571357727,HOLD
2412,2026-04-16,2026-04-16T13:30:00+08:00,2026-04-17,137.0,2026-04-21,137.0,0.0,-0.005841675612252462,gru,test,1,0.3148016929626465,0.4829501211643219,0.20224815607070923,HOLD
2412,2026-04-17,2026-04-17T13:30:00+08:00,2026-04-20,137.5,2026-04-22,136.5,-0.0072727272727273196,-0.013071917971436364,gru,test,0,0.3244522213935852,0.4235861897468567,0.2519615888595581,HOLD
2412,2026-04-20,2026-04-20T13:30:00+08:00,2026-04-21,137.5,2026-04-23,136.0,-0.010909090909090868,-0.016687039151028094,gru,test,0,0.32227981090545654,0.4098762571811676,0.26784396171569824,HOLD
2412,2026-04-21,2026-04-21T13:30:00+08:00,2026-04-22,137.5,2026-04-24,135.5,-0.014545454545454528,-0.020302160330619934,gru,test,0,0.3330172896385193,0.40540164709091187,0.26158109307289124,HOLD
2412,2026-04-22,2026-04-22T13:30:00+08:00,2026-04-23,136.0,2026-04-27,137.0,0.007352941176470562,0.0014683120670690997,gru,test,1,0.29392147064208984,0.5073291063308716,0.198749378323555,HOLD
2412,2026-04-23,2026-04-23T13:30:00+08:00,2026-04-24,136.0,2026-04-28,137.0,0.007352941176470562,0.0014683120670690997,gru,test,1,0.3018304109573364,0.5061167478561401,0.19205276668071747,HOLD
2412,2026-04-24,2026-04-24T13:30:00+08:00,2026-04-27,135.0,2026-04-29,136.5,0.011111111111111072,0.005204527992055619,gru,test,1,0.26248183846473694,0.5446195006370544,0.19289866089820862,HOLD
2412,2026-04-27,2026-04-27T13:30:00+08:00,2026-04-28,137.5,2026-04-30,136.0,-0.010909090909090868,-0.016687039151028094,gru,test,0,0.3303493857383728,0.4601229727268219,0.2095276117324829,HOLD
2412,2026-04-28,2026-04-28T13:30:00+08:00,2026-04-29,137.5,2026-05-04,135.5,-0.014545454545454528,-0.020302160330619934,gru,test,0,0.3370051383972168,0.47640371322631836,0.1865912228822708,HOLD
2412,2026-04-29,2026-04-29T13:30:00+08:00,2026-04-30,136.0,2026-05-05,136.0,0.0,-0.005841675612252573,gru,test,1,0.41742807626724243,0.3345228433609009,0.2480490505695343,SELL
2412,2026-04-30,2026-04-30T13:30:00+08:00,2026-05-04,137.0,2026-05-06,136.0,-0.007299270072992692,-0.013098305717272551,gru,test,0,0.2546076774597168,0.5422470569610596,0.20314529538154602,HOLD
2412,2026-05-04,2026-05-04T13:30:00+08:00,2026-05-05,135.5,2026-05-07,135.5,0.0,-0.005841675612252573,gru,test,1,0.2949443757534027,0.4333890676498413,0.2716665267944336,HOLD
2412,2026-05-05,2026-05-05T13:30:00+08:00,2026-05-06,137.0,2026-05-08,136.5,-0.0036496350364964014,-0.009469990664762618,gru,test,1,0.29423069953918457,0.5197927951812744,0.1859765648841858,HOLD
2412,2026-05-06,2026-05-06T13:30:00+08:00,2026-05-07,135.5,2026-05-11,135.5,0.0,-0.005841675612252573,gru,test,1,0.2823656499385834,0.5623341798782349,0.1553000956773758,HOLD
2412,2026-05-07,2026-05-07T13:30:00+08:00,2026-05-08,136.0,2026-05-12,135.5,-0.003676470588235281,-0.00949666945191352,gru,test,1,0.3087972402572632,0.500382125377655,0.19082054495811462,HOLD
2412,2026-05-08,2026-05-08T13:30:00+08:00,2026-05-11,136.5,2026-05-13,137.5,0.0073260073260073,0.0014415355554231457,gru,test,1,0.3023247718811035,0.5050947666168213,0.1925804764032364,HOLD
2412,2026-05-11,2026-05-11T13:30:00+08:00,2026-05-12,135.5,2026-05-14,137.5,0.014760147601476037,0.008832247994946751,gru,test,1,0.25433647632598877,0.5916841626167297,0.15397939085960388,HOLD
2412,2026-05-12,2026-05-12T13:30:00+08:00,2026-05-13,136.5,2026-05-15,138.0,0.01098901098901095,0.005083141139261116,gru,test,1,0.3003329336643219,0.4696694314479828,0.22999761998653412,HOLD
2412,2026-05-13,2026-05-13T13:30:00+08:00,2026-05-14,136.5,2026-05-18,137.0,0.00366300366300365,-0.0022000700284146024,gru,test,1,0.3318585753440857,0.4552718698978424,0.2128695845603943,HOLD
2412,2026-05-14,2026-05-14T13:30:00+08:00,2026-05-15,137.5,2026-05-19,142.5,0.036363636363636376,0.030309536183665386,gru,test,2,0.2845938503742218,0.4840647578239441,0.23134131729602814,HOLD
2412,2026-05-15,2026-05-15T13:30:00+08:00,2026-05-18,138.0,2026-05-20,139.0,0.007246376811594235,0.0013623702166443152,gru,test,1,0.33117589354515076,0.44542196393013,0.22340211272239685,HOLD
2412,2026-05-18,2026-05-18T13:30:00+08:00,2026-05-19,137.0,2026-05-21,137.5,0.0036496350364962904,-0.0022133605597425277,gru,test,1,0.2903527319431305,0.5193244814872742,0.19032280147075653,HOLD
2412,2026-05-19,2026-05-19T13:30:00+08:00,2026-05-20,142.5,2026-05-22,137.0,-0.038596491228070184,-0.04421269865879707,gru,test,0,0.2327817976474762,0.5086562037467957,0.2585619390010834,HOLD
2412,2026-05-20,2026-05-20T13:30:00+08:00,2026-05-21,139.0,2026-05-25,136.5,-0.017985611510791366,-0.02372222101490984,gru,test,0,0.3025622069835663,0.5409786701202393,0.1564590334892273,HOLD
2412,2026-05-21,2026-05-21T13:30:00+08:00,2026-05-22,137.5,2026-05-26,136.0,-0.010909090909090868,-0.016687039151028094,gru,test,0,0.30579954385757446,0.5003809332847595,0.19381950795650482,HOLD
2412,2026-05-22,2026-05-22T13:30:00+08:00,2026-05-25,137.5,2026-05-27,137.0,-0.0036363636363636598,-0.009456796791844413,gru,test,1,0.3076346814632416,0.5151853561401367,0.17717988789081573,HOLD
2412,2026-05-25,2026-05-25T13:30:00+08:00,2026-05-26,136.5,2026-05-28,136.5,0.0,-0.005841675612252684,gru,test,1,0.2852262556552887,0.47433173656463623,0.24044200778007507,HOLD
2412,2026-05-26,2026-05-26T13:30:00+08:00,2026-05-27,137.0,2026-05-29,137.0,0.0,-0.005841675612252462,gru,test,1,0.28606197237968445,0.5184549689292908,0.19548311829566956,HOLD
2412,2026-05-27,2026-05-27T13:30:00+08:00,2026-05-28,137.0,2026-06-01,140.5,0.025547445255474477,0.019556529755317742,gru,test,2,0.29128557443618774,0.4956810772418976,0.21303339302539825,HOLD
2412,2026-05-28,2026-05-28T13:30:00+08:00,2026-05-29,137.5,2026-06-02,142.0,0.032727272727272716,0.026694415004073546,gru,test,2,0.31009888648986816,0.43333226442337036,0.2565688490867615,HOLD
2412,2026-05-29,2026-05-29T13:30:00+08:00,2026-06-01,137.0,2026-06-03,141.0,0.029197080291970767,0.023184844807827565,gru,test,2,0.33758872747421265,0.36818766593933105,0.2942236363887787,HOLD
2412,2026-06-01,2026-06-01T13:30:00+08:00,2026-06-02,140.0,2026-06-04,141.5,0.010714285714285676,0.004810020720473318,gru,test,1,0.2723403871059418,0.4530826210975647,0.2745770514011383,HOLD
2412,2026-06-02,2026-06-02T13:30:00+08:00,2026-06-03,142.0,2026-06-05,141.0,-0.007042253521126751,-0.012842790572729745,gru,test,0,0.25429439544677734,0.5681972503662109,0.17750833928585052,HOLD
2412,2026-06-03,2026-06-03T13:30:00+08:00,2026-06-04,141.0,2026-06-08,138.5,-0.01773049645390068,-0.023468596257425478,gru,test,0,0.28768718242645264,0.41481706500053406,0.2974957525730133,HOLD
2412,2026-06-04,2026-06-04T13:30:00+08:00,2026-06-05,141.0,2026-06-09,142.0,0.007092198581560183,0.0012090926458163676,gru,test,1,0.2833613157272339,0.4517211318016052,0.2649174630641937,HOLD
2412,2026-06-05,2026-06-05T13:30:00+08:00,2026-06-08,139.5,2026-06-10,144.0,0.032258064516129004,0.02622794775509396,gru,test,2,0.27585428953170776,0.4367481768131256,0.2873975932598114,HOLD
2412,2026-06-08,2026-06-08T13:30:00+08:00,2026-06-09,138.0,2026-06-11,145.0,0.050724637681159424,0.04458664519002453,gru,test,2,0.2578231394290924,0.5727168917655945,0.16946005821228027,HOLD
2412,2026-06-09,2026-06-09T13:30:00+08:00,2026-06-10,141.5,2026-06-12,145.0,0.02473498233215543,0.01874881297684361,gru,test,2,0.25916439294815063,0.5654218196868896,0.17541377246379852,HOLD
2412,2026-06-10,2026-06-10T13:30:00+08:00,2026-06-11,144.0,2026-06-15,145.5,0.01041666666666674,0.004514140266786537,gru,test,1,0.3591211140155792,0.3785185217857361,0.2623603045940399,HOLD
2412,2026-06-11,2026-06-11T13:30:00+08:00,2026-06-12,145.0,2026-06-16,146.5,0.010344827586206806,0.00444272084693087,gru,test,1,0.2850164473056793,0.4276268184185028,0.2873567044734955,HOLD
2412,2026-06-12,2026-06-12T13:30:00+08:00,2026-06-15,146.0,2026-06-17,145.5,-0.003424657534246589,-0.009246327408101052,gru,test,1,0.2898986041545868,0.4995579421520233,0.2105434089899063,HOLD
2412,2026-06-15,2026-06-15T13:30:00+08:00,2026-06-16,146.0,2026-06-18,144.0,-0.013698630136986356,-0.01946028279564649,gru,test,0,0.3365034759044647,0.4704752266407013,0.19302129745483398,HOLD
2412,2026-06-16,2026-06-16T13:30:00+08:00,2026-06-17,145.5,2026-06-22,144.5,-0.0068728522336769515,-0.012674378872649328,gru,test,0,0.2852369248867035,0.4715690612792969,0.24319402873516083,HOLD
2412,2026-06-17,2026-06-17T13:30:00+08:00,2026-06-18,145.0,2026-06-23,144.0,-0.006896551724137945,-0.012697939918374979,gru,test,0,0.2429795116186142,0.6018772125244141,0.15514324605464935,HOLD
2412,2026-06-18,2026-06-18T13:30:00+08:00,2026-06-22,144.0,2026-06-24,143.5,-0.00347222222222221,-0.009293614238598757,gru,test,1,0.3024265170097351,0.4270244240760803,0.2705489695072174,HOLD
2412,2026-06-22,2026-06-22T13:30:00+08:00,2026-06-23,145.0,2026-06-25,144.0,-0.006896551724137945,-0.012697939918374979,gru,test,0,0.28425443172454834,0.45885568857192993,0.25688982009887695,HOLD
2412,2026-06-23,2026-06-23T13:30:00+08:00,2026-06-24,143.5,2026-06-26,143.0,-0.0034843205574912606,-0.009305641899317929,gru,test,1,0.3181840181350708,0.44384652376174927,0.23796947300434113,HOLD
2412,2026-06-24,2026-06-24T13:30:00+08:00,2026-06-25,144.0,2026-06-29,142.0,-0.01388888888888884,-0.019649430117637978,gru,test,0,0.31811070442199707,0.4047011435031891,0.27718812227249146,HOLD
2412,2026-06-25,2026-06-25T13:30:00+08:00,2026-06-26,144.0,2026-06-30,141.5,-0.01736111111111116,-0.023101368743984163,gru,test,0,0.29955434799194336,0.43689319491386414,0.2635524570941925,HOLD
2881,2026-01-02,2026-01-02T13:30:00+08:00,2026-01-05,95.6,2026-01-07,96.1,0.0052301255230124966,-0.0006421027859567774,gru,test,1,0.34972190856933594,0.25984981656074524,0.39042821526527405,BUY
2881,2026-01-05,2026-01-05T13:30:00+08:00,2026-01-06,97.3,2026-01-08,97.0,-0.0030832476875641834,-0.008906911966993891,gru,test,1,0.3863520920276642,0.22443920373916626,0.38920873403549194,BUY
2881,2026-01-06,2026-01-06T13:30:00+08:00,2026-01-07,96.5,2026-01-09,95.5,-0.010362694300518172,-0.0161438344141982,gru,test,0,0.3428442180156708,0.2606447637081146,0.3965110182762146,BUY
2881,2026-01-07,2026-01-07T13:30:00+08:00,2026-01-08,96.3,2026-01-12,95.0,-0.01349948078920038,-0.01926229681374858,gru,test,0,0.3764822483062744,0.24632957577705383,0.37718823552131653,BUY
2881,2026-01-08,2026-01-08T13:30:00+08:00,2026-01-09,97.0,2026-01-13,94.2,-0.028865979381443307,-0.034539029305919566,gru,test,0,0.3647494912147522,0.2571292519569397,0.3781212568283081,BUY
2881,2026-01-09,2026-01-09T13:30:00+08:00,2026-01-12,95.6,2026-01-14,93.8,-0.01882845188284521,-0.024560137786917124,gru,test,0,0.3693808913230896,0.23400402069091797,0.39661502838134766,BUY
2881,2026-01-12,2026-01-12T13:30:00+08:00,2026-01-13,95.2,2026-01-15,94.1,-0.011554621848739566,-0.017328799108329518,gru,test,0,0.33340582251548767,0.2645764946937561,0.40201765298843384,BUY
2881,2026-01-13,2026-01-13T13:30:00+08:00,2026-01-14,94.5,2026-01-16,95.0,0.005291005291005346,-0.0005815786578201587,gru,test,1,0.3231586217880249,0.324260950088501,0.3525804281234741,BUY
2881,2026-01-14,2026-01-14T13:30:00+08:00,2026-01-15,94.6,2026-01-19,95.0,0.0042283298097252064,-0.0016380463336573836,gru,test,1,0.30558446049690247,0.343228816986084,0.3511867821216583,BUY
2881,2026-01-15,2026-01-15T13:30:00+08:00,2026-01-16,94.6,2026-01-20,94.0,-0.006342494714587699,-0.012147119530145134,gru,test,0,0.3103671967983246,0.35297903418540955,0.33665379881858826,HOLD
2881,2026-01-16,2026-01-16T13:30:00+08:00,2026-01-19,94.4,2026-01-21,93.0,-0.014830508474576343,-0.020585549067155595,gru,test,0,0.3229734003543854,0.38374966382980347,0.29327699542045593,HOLD
2881,2026-01-19,2026-01-19T13:30:00+08:00,2026-01-20,94.9,2026-01-22,93.0,-0.020021074815595452,-0.025745793803366612,gru,test,0,0.3578600287437439,0.2870955765247345,0.35504433512687683,SELL
2881,2026-01-20,2026-01-20T13:30:00+08:00,2026-01-21,93.7,2026-01-23,93.5,-0.002134471718249764,-0.007963678439120714,gru,test,1,0.3361107409000397,0.23918458819389343,0.4247046709060669,BUY
2881,2026-01-21,2026-01-21T13:30:00+08:00,2026-01-22,93.7,2026-01-26,93.2,-0.005336179295624355,-0.011146682679422981,gru,test,0,0.3392612636089325,0.28172582387924194,0.3790128827095032,BUY
2881,2026-01-22,2026-01-22T13:30:00+08:00,2026-01-23,93.7,2026-01-27,92.4,-0.01387406616862319,-0.019634693986895768,gru,test,0,0.31915581226348877,0.3115638494491577,0.36928030848503113,BUY
2881,2026-01-23,2026-01-23T13:30:00+08:00,2026-01-26,93.5,2026-01-28,92.5,-0.010695187165775444,-0.016474384963993227,gru,test,0,0.357921302318573,0.2729859948158264,0.3690926432609558,BUY
2881,2026-01-26,2026-01-26T13:30:00+08:00,2026-01-27,93.5,2026-01-29,92.3,-0.012834224598930466,-0.018600926834341447,gru,test,0,0.30970287322998047,0.3189043402671814,0.37139275670051575,BUY
2881,2026-01-27,2026-01-27T13:30:00+08:00,2026-01-28,92.9,2026-01-30,90.9,-0.02152852529601723,-0.027244438247080227,gru,test,0,0.3054811954498291,0.2529965341091156,0.4415222704410553,BUY
2881,2026-01-28,2026-01-28T13:30:00+08:00,2026-01-29,92.1,2026-02-02,90.5,-0.017372421281215966,-0.02311261284374433,gru,test,0,0.3644412159919739,0.2588772177696228,0.3766815960407257,BUY
2881,2026-01-29,2026-01-29T13:30:00+08:00,2026-01-30,92.2,2026-02-03,91.8,-0.004338394793926281,-0.010154726911114853,gru,test,0,0.3140180706977844,0.35543569922447205,0.33054623007774353,HOLD
2881,2026-01-30,2026-01-30T13:30:00+08:00,2026-02-02,91.5,2026-02-04,92.7,0.013114754098360715,0.007196466346931052,gru,test,1,0.3255864381790161,0.29737821221351624,0.3770354092121124,BUY
2881,2026-02-02,2026-02-02T13:30:00+08:00,2026-02-03,91.6,2026-02-05,93.5,0.020742358078602585,0.01477951233902175,gru,test,2,0.30636388063430786,0.40237075090408325,0.2912653386592865,HOLD
2881,2026-02-03,2026-02-03T13:30:00+08:00,2026-02-04,91.7,2026-02-06,92.4,0.007633587786259666,0.0017473192304018337,gru,test,1,0.3010888993740082,0.35775408148765564,0.3411569893360138,HOLD
2881,2026-02-04,2026-02-04T13:30:00+08:00,2026-02-05,92.8,2026-02-09,93.8,0.010775862068965525,0.004871237366063763,gru,test,1,0.3624407947063446,0.2591131627559662,0.3784460425376892,BUY
2881,2026-02-05,2026-02-05T13:30:00+08:00,2026-02-06,92.7,2026-02-10,94.5,0.01941747572815533,0.013462369521489936,gru,test,2,0.2972598969936371,0.27192437648773193,0.4308156967163086,BUY
2881,2026-02-06,2026-02-06T13:30:00+08:00,2026-02-09,93.0,2026-02-11,95.2,0.023655913978494647,0.017676048190468308,gru,test,2,0.3481113612651825,0.2780311107635498,0.3738574981689453,BUY
2881,2026-02-09,2026-02-09T13:30:00+08:00,2026-02-10,94.2,2026-02-23,95.7,0.015923566878981,0.00998887095443135,gru,test,1,0.33903130888938904,0.29056689143180847,0.3704017996788025,BUY
2881,2026-02-10,2026-02-10T13:30:00+08:00,2026-02-11,95.0,2026-02-24,94.1,-0.009473684210526412,-0.015260017632768075,gru,test,0,0.30713987350463867,0.25356489419937134,0.4392951428890228,BUY
2881,2026-02-11,2026-02-11T13:30:00+08:00,2026-02-23,96.5,2026-02-25,92.9,-0.03730569948186524,-0.04292944729925663,gru,test,0,0.3202761709690094,0.2544753849506378,0.425248384475708,BUY
2881,2026-02-23,2026-02-23T13:30:00+08:00,2026-02-24,95.8,2026-02-26,94.2,-0.01670146137787054,-0.02244557247050305,gru,test,0,0.26648107171058655,0.48336341977119446,0.250155508518219,HOLD
2881,2026-02-24,2026-02-24T13:30:00+08:00,2026-02-25,94.0,2026-03-02,93.0,-0.010638297872340385,-0.016417827999356205,gru,test,0,0.3252997398376465,0.2949025630950928,0.37979766726493835,BUY
2881,2026-02-25,2026-02-25T13:30:00+08:00,2026-02-26,92.9,2026-03-03,93.1,0.002152852529601512,-0.003701399348770007,gru,test,1,0.30785125494003296,0.4167601764202118,0.27538853883743286,HOLD
2881,2026-02-26,2026-02-26T13:30:00+08:00,2026-03-02,94.2,2026-03-04,89.8,-0.04670912951167738,-0.05227794554119214,gru,test,0,0.3222561180591583,0.3701988458633423,0.3075450360774994,HOLD
2881,2026-03-02,2026-03-02T13:30:00+08:00,2026-03-03,92.7,2026-03-05,90.5,-0.02373247033441206,-0.02943550855349364,gru,test,0,0.3548358678817749,0.3137303292751312,0.3314337730407715,SELL
2881,2026-03-03,2026-03-03T13:30:00+08:00,2026-03-04,92.2,2026-03-06,88.8,-0.03687635574837311,-0.04250261165258162,gru,test,0,0.3722338080406189,0.31631869077682495,0.3114475607872009,SELL
2881,2026-03-04,2026-03-04T13:30:00+08:00,2026-03-05,90.8,2026-03-09,87.2,-0.03964757709251099,-0.045257644420577336,gru,test,0,0.29114311933517456,0.4593510329723358,0.2495059072971344,HOLD
2881,2026-03-05,2026-03-05T13:30:00+08:00,2026-03-06,89.8,2026-03-10,88.3,-0.016703786191536785,-0.022447883703361926,gru,test,0,0.261134535074234,0.36812207102775574,0.37074336409568787,BUY
2881,2026-03-06,2026-03-06T13:30:00+08:00,2026-03-09,84.0,2026-03-11,89.2,0.06190476190476191,0.05570145875460808,gru,test,2,0.34787461161613464,0.2620026767253876,0.3901226818561554,BUY
2881,2026-03-09,2026-03-09T13:30:00+08:00,2026-03-10,88.7,2026-03-12,89.4,0.007891770011273946,0.002003993238609114,gru,test,1,0.35561689734458923,0.26827704906463623,0.37610605359077454,BUY
2881,2026-03-10,2026-03-10T13:30:00+08:00,2026-03-11,88.0,2026-03-13,88.1,0.001136363636363491,-0.004711950243630136,gru,test,1,0.33566585183143616,0.3492782711982727,0.31505581736564636,HOLD
2881,2026-03-11,2026-03-11T13:30:00+08:00,2026-03-12,88.0,2026-03-16,88.8,0.009090909090909038,0.003196127336726917,gru,test,1,0.29945820569992065,0.27051588892936707,0.4300259053707123,BUY
2881,2026-03-12,2026-03-12T13:30:00+08:00,2026-03-13,88.5,2026-03-17,89.8,0.014689265536723228,0.008761780000222652,gru,test,1,0.24722586572170258,0.4060015082359314,0.346772700548172,HOLD
2881,2026-03-13,2026-03-13T13:30:00+08:00,2026-03-16,89.1,2026-03-18,89.5,0.004489337822671136,-0.0013785630448552855,gru,test,1,0.28193235397338867,0.49739155173301697,0.22067603468894958,HOLD
2881,2026-03-16,2026-03-16T13:30:00+08:00,2026-03-17,89.5,2026-03-19,88.2,-0.014525139664804398,-0.02028196412291261,gru,test,0,0.32259100675582886,0.3424238860607147,0.3349851071834564,HOLD
2881,2026-03-17,2026-03-17T13:30:00+08:00,2026-03-18,90.9,2026-03-20,88.6,-0.025302530253025424,-0.030996396691370554,gru,test,0,0.35019057989120483,0.2888047695159912,0.36100468039512634,BUY
2881,2026-03-18,2026-03-18T13:30:00+08:00,2026-03-19,89.0,2026-03-23,86.8,-0.024719101123595544,-0.03041637576565759,gru,test,0,0.37358129024505615,0.21606256067752838,0.41035616397857666,BUY
2881,2026-03-19,2026-03-19T13:30:00+08:00,2026-03-20,87.5,2026-03-24,87.1,-0.004571428571428671,-0.010386399380882372,gru,test,0,0.2885958254337311,0.3664613664150238,0.3449428081512451,HOLD
2881,2026-03-20,2026-03-20T13:30:00+08:00,2026-03-23,85.8,2026-03-25,88.8,0.034965034965035,0.02891910496074579,gru,test,2,0.2381460815668106,0.3420411944389343,0.41981276869773865,BUY
2881,2026-03-23,2026-03-23T13:30:00+08:00,2026-03-24,87.3,2026-03-26,88.6,0.014891179839633395,0.0089625147852741,gru,test,1,0.23538969457149506,0.4092380106449127,0.3553723394870758,HOLD
2881,2026-03-24,2026-03-24T13:30:00+08:00,2026-03-25,89.2,2026-03-27,87.7,-0.01681614349775784,-0.02255958465464747,gru,test,0,0.2767101228237152,0.4471438527107239,0.2761460840702057,HOLD
2881,2026-03-25,2026-03-25T13:30:00+08:00,2026-03-26,89.2,2026-03-30,86.4,-0.03139013452914796,-0.037048439158056334,gru,test,0,0.33454933762550354,0.287759006023407,0.37769168615341187,BUY
2881,2026-03-26,2026-03-26T13:30:00+08:00,2026-03-27,87.8,2026-03-31,86.0,-0.02050113895216399,-0.026223053560976206,gru,test,0,0.4246252775192261,0.2578990161418915,0.3174757659435272,SELL
2881,2026-03-27,2026-03-27T13:30:00+08:00,2026-03-30,86.2,2026-04-01,87.8,0.01856148491879339,0.012611379132763778,gru,test,2,0.37450316548347473,0.3051404654979706,0.3203563988208771,SELL
2881,2026-03-30,2026-03-30T13:30:00+08:00,2026-03-31,85.8,2026-04-02,87.8,0.02331002331002341,0.01733217810307952,gru,test,2,0.32893404364585876,0.24190732836723328,0.42915865778923035,BUY
2881,2026-03-31,2026-03-31T13:30:00+08:00,2026-04-01,87.6,2026-04-07,87.7,0.0011415525114155667,-0.00470679168030308,gru,test,1,0.3152351379394531,0.31256040930747986,0.3722045123577118,BUY
2881,2026-04-01,2026-04-01T13:30:00+08:00,2026-04-02,88.1,2026-04-08,89.2,0.012485811577752637,0.006571197904507109,gru,test,1,0.36758992075920105,0.25638070702552795,0.3760293424129486,BUY
2881,2026-04-02,2026-04-02T13:30:00+08:00,2026-04-07,87.9,2026-04-09,88.5,0.0068259385665527805,0.000944388035445165,gru,test,1,0.2918640375137329,0.3123706579208374,0.3957653343677521,BUY
2881,2026-04-07,2026-04-07T13:30:00+08:00,2026-04-08,89.2,2026-04-10,87.6,-0.017937219730941756,-0.023674111924140484,gru,test,0,0.33378517627716064,0.3184213936328888,0.34779343008995056,BUY
2881,2026-04-08,2026-04-08T13:30:00+08:00,2026-04-09,89.2,2026-04-13,86.7,-0.028026905829596438,-0.03370485734957729,gru,test,0,0.327566534280777,0.26446330547332764,0.4079701006412506,BUY
2881,2026-04-09,2026-04-09T13:30:00+08:00,2026-04-10,87.5,2026-04-14,87.6,0.0011428571428571122,-0.004705494670095289,gru,test,1,0.3003551661968231,0.36380189657211304,0.33584296703338623,HOLD
2881,2026-04-10,2026-04-10T13:30:00+08:00,2026-04-13,87.5,2026-04-15,87.5,0.0,-0.005841675612252573,gru,test,1,0.3136674463748932,0.295825332403183,0.3905072510242462,BUY
2881,2026-04-13,2026-04-13T13:30:00+08:00,2026-04-14,86.7,2026-04-16,87.9,0.01384083044982698,0.007918301195882327,gru,test,1,0.32458212971687317,0.2879793345928192,0.38743850588798523,BUY
2881,2026-04-14,2026-04-14T13:30:00+08:00,2026-04-15,88.0,2026-04-17,88.0,0.0,-0.005841675612252462,gru,test,1,0.35785406827926636,0.31161266565322876,0.33053329586982727,SELL
2881,2026-04-15,2026-04-15T13:30:00+08:00,2026-04-16,87.3,2026-04-20,87.2,-0.001145475372279381,-0.006980459488985402,gru,test,1,0.3961864709854126,0.2610286474227905,0.34278491139411926,SELL
2881,2026-04-16,2026-04-16T13:30:00+08:00,2026-04-17,88.0,2026-04-21,87.7,-0.003409090909090917,-0.009230851718119881,gru,test,1,0.3931611180305481,0.24437850713729858,0.3624604344367981,SELL
2881,2026-04-17,2026-04-17T13:30:00+08:00,2026-04-20,87.9,2026-04-22,88.3,0.004550625711035261,-0.0013176331804539698,gru,test,1,0.323275089263916,0.24526722729206085,0.4314577281475067,BUY
2881,2026-04-20,2026-04-20T13:30:00+08:00,2026-04-21,88.1,2026-04-23,88.3,0.002270147559591429,-0.0035847895182961054,gru,test,1,0.31512078642845154,0.2894029915332794,0.39547616243362427,BUY
2881,2026-04-21,2026-04-21T13:30:00+08:00,2026-04-22,87.8,2026-04-24,87.8,0.0,-0.005841675612252462,gru,test,1,0.3809571862220764,0.26292869448661804,0.35611411929130554,SELL
2881,2026-04-22,2026-04-22T13:30:00+08:00,2026-04-23,88.2,2026-04-27,87.9,-0.003401360544217691,-0.009223166511530656,gru,test,1,0.31108835339546204,0.2943951487541199,0.3945165276527405,BUY
2881,2026-04-23,2026-04-23T13:30:00+08:00,2026-04-24,88.2,2026-04-28,88.6,0.0045351473922901064,-0.0013330210798819797,gru,test,1,0.28290513157844543,0.4086556136608124,0.3084392547607422,HOLD
2881,2026-04-24,2026-04-24T13:30:00+08:00,2026-04-27,87.5,2026-04-29,91.3,0.04342857142857137,0.03733320018972952,gru,test,2,0.30674585700035095,0.26936015486717224,0.4238940179347992,BUY
2881,2026-04-27,2026-04-27T13:30:00+08:00,2026-04-28,88.5,2026-04-30,90.0,0.016949152542372836,0.0110084654790652,gru,test,2,0.3220702111721039,0.34988269209861755,0.32804712653160095,HOLD
2881,2026-04-28,2026-04-28T13:30:00+08:00,2026-04-29,89.4,2026-05-04,91.0,0.017897091722594904,0.011950867106096164,gru,test,2,0.3233594596385956,0.3207797706127167,0.35586071014404297,BUY
2881,2026-04-29,2026-04-29T13:30:00+08:00,2026-04-30,90.4,2026-05-05,92.2,0.019911504424778625,0.013953512262724788,gru,test,2,0.36213335394859314,0.29785335063934326,0.34001320600509644,SELL
2881,2026-04-30,2026-04-30T13:30:00+08:00,2026-05-04,91.8,2026-05-06,92.8,0.01089324618736387,0.00498793576452039,gru,test,1,0.3277265131473541,0.2479519248008728,0.42432165145874023,BUY
2881,2026-05-04,2026-05-04T13:30:00+08:00,2026-05-05,91.5,2026-05-07,94.5,0.032786885245901676,0.026753679285706378,gru,test,2,0.2821839451789856,0.3125050961971283,0.4053109586238861,BUY
2881,2026-05-05,2026-05-05T13:30:00+08:00,2026-05-06,93.0,2026-05-08,96.7,0.03978494623655915,0.033710859874141796,gru,test,2,0.35043543577194214,0.36946165561676025,0.2801029086112976,HOLD
2881,2026-05-06,2026-05-06T13:30:00+08:00,2026-05-07,93.3,2026-05-11,95.5,0.023579849946409492,0.017600428499784382,gru,test,2,0.3129684329032898,0.38804537057876587,0.29898616671562195,HOLD
2881,2026-05-07,2026-05-07T13:30:00+08:00,2026-05-08,94.5,2026-05-12,93.7,-0.008465608465608399,-0.014257830739344723,gru,test,0,0.3065911829471588,0.31755104660987854,0.37585780024528503,BUY
2881,2026-05-08,2026-05-08T13:30:00+08:00,2026-05-11,96.7,2026-05-13,94.7,-0.020682523267838704,-0.026403378288317736,gru,test,0,0.32057103514671326,0.28625473380088806,0.3931741416454315,BUY
2881,2026-05-11,2026-05-11T13:30:00+08:00,2026-05-12,96.0,2026-05-14,94.6,-0.014583333333333393,-0.02033981784290717,gru,test,0,0.31824371218681335,0.2606371343135834,0.4211191236972809,BUY
2881,2026-05-12,2026-05-12T13:30:00+08:00,2026-05-13,93.5,2026-05-15,96.1,0.027807486631016065,0.02180336870227295,gru,test,2,0.34391161799430847,0.29678282141685486,0.3593055307865143,BUY
2881,2026-05-13,2026-05-13T13:30:00+08:00,2026-05-14,93.9,2026-05-18,95.2,0.013844515441959526,0.007921964661486092,gru,test,1,0.2915637493133545,0.29447269439697266,0.41396358609199524,BUY
2881,2026-05-14,2026-05-14T13:30:00+08:00,2026-05-15,96.5,2026-05-19,97.2,0.007253886010362809,0.0013698355491094105,gru,test,1,0.34030681848526,0.3898816704750061,0.2698115110397339,HOLD
2881,2026-05-15,2026-05-15T13:30:00+08:00,2026-05-18,96.3,2026-05-20,95.8,-0.005192107995846351,-0.01100345299744332,gru,test,0,0.35319340229034424,0.29630592465400696,0.3505007028579712,SELL
2881,2026-05-18,2026-05-18T13:30:00+08:00,2026-05-19,95.7,2026-05-21,96.1,0.004179728317659226,-0.0016863639115723972,gru,test,1,0.3643183410167694,0.32144489884376526,0.3142367899417877,SELL
2881,2026-05-19,2026-05-19T13:30:00+08:00,2026-05-20,97.1,2026-05-22,95.1,-0.02059732234809475,-0.026318675084708754,gru,test,0,0.33479610085487366,0.34647056460380554,0.3187333345413208,HOLD
2881,2026-05-20,2026-05-20T13:30:00+08:00,2026-05-21,96.5,2026-05-25,97.7,0.012435233160621895,0.006520914950082224,gru,test,1,0.3150993287563324,0.31194499135017395,0.37295567989349365,BUY
2881,2026-05-21,2026-05-21T13:30:00+08:00,2026-05-22,95.4,2026-05-26,103.5,0.08490566037735836,0.07856799343953713,gru,test,2,0.34767964482307434,0.34373846650123596,0.3085818588733673,SELL
2881,2026-05-22,2026-05-22T13:30:00+08:00,2026-05-25,95.4,2026-05-27,110.0,0.1530398322851152,0.14630414761689936,gru,test,2,0.3569624125957489,0.3045153021812439,0.338522344827652,SELL
2881,2026-05-25,2026-05-25T13:30:00+08:00,2026-05-26,97.8,2026-05-28,110.0,0.12474437627811863,0.11817398448519656,gru,test,2,0.28156331181526184,0.24885916709899902,0.46957752108573914,BUY
2881,2026-05-26,2026-05-26T13:30:00+08:00,2026-05-27,104.5,2026-05-29,110.0,0.05263157894736836,0.04648244672394464,gru,test,2,0.37806904315948486,0.29160624742507935,0.33032479882240295,SELL
2881,2026-05-27,2026-05-27T13:30:00+08:00,2026-05-28,110.0,2026-06-01,110.5,0.00454545454545463,-0.0013227741377628277,gru,test,1,0.3478368818759918,0.27476003766059875,0.37740302085876465,BUY
2881,2026-05-28,2026-05-28T13:30:00+08:00,2026-05-29,110.5,2026-06-02,113.5,0.02714932126696823,0.02114904812678131,gru,test,2,0.3080236315727234,0.36251235008239746,0.32946401834487915,HOLD
2881,2026-05-29,2026-05-29T13:30:00+08:00,2026-06-01,109.5,2026-06-03,113.0,0.03196347031963476,0.02593507448233301,gru,test,2,0.28488144278526306,0.4236989915370941,0.2914195656776428,HOLD
2881,2026-06-01,2026-06-01T13:30:00+08:00,2026-06-02,110.5,2026-06-04,114.0,0.03167420814479649,0.02564750208328692,gru,test,2,0.20470423996448517,0.5764952301979065,0.2188005894422531,HOLD
2881,2026-06-02,2026-06-02T13:30:00+08:00,2026-06-03,115.5,2026-06-05,118.0,0.02164502164502169,0.015676902837698847,gru,test,2,0.3078727722167969,0.3633060157299042,0.32882124185562134,HOLD
2881,2026-06-03,2026-06-03T13:30:00+08:00,2026-06-04,113.5,2026-06-08,116.0,0.022026431718061623,0.016056084836816753,gru,test,2,0.28014257550239563,0.5426764488220215,0.17718106508255005,HOLD
2881,2026-06-04,2026-06-04T13:30:00+08:00,2026-06-05,114.0,2026-06-09,125.0,0.09649122807017552,0.09008588200410883,gru,test,2,0.3064100444316864,0.4070570170879364,0.2865329086780548,HOLD
2881,2026-06-05,2026-06-05T13:30:00+08:00,2026-06-08,112.0,2026-06-10,122.5,0.09375,0.08736066729909875,gru,test,2,0.2915777564048767,0.34808483719825745,0.36033743619918823,BUY
2881,2026-06-08,2026-06-08T13:30:00+08:00,2026-06-09,115.0,2026-06-11,125.5,0.09130434782608687,0.084929301831846,gru,test,2,0.3347201943397522,0.5319346189498901,0.1333451271057129,HOLD
2881,2026-06-09,2026-06-09T13:30:00+08:00,2026-06-10,124.0,2026-06-12,122.0,-0.016129032258064502,-0.02187648729592584,gru,test,0,0.29168134927749634,0.4538966715335846,0.2544218897819519,HOLD
2881,2026-06-10,2026-06-10T13:30:00+08:00,2026-06-11,125.0,2026-06-15,127.5,0.020000000000000018,0.014041490875502438,gru,test,2,0.3018479645252228,0.4377641975879669,0.2603878974914551,HOLD
2881,2026-06-11,2026-06-11T13:30:00+08:00,2026-06-12,127.0,2026-06-16,132.0,0.03937007874015741,0.03329841589907612,gru,test,2,0.2828513979911804,0.5126580595970154,0.20449063181877136,HOLD
2881,2026-06-12,2026-06-12T13:30:00+08:00,2026-06-15,126.0,2026-06-17,135.5,0.07539682539682535,0.06911470598841074,gru,test,2,0.3749304413795471,0.328529417514801,0.29654011130332947,SELL
2881,2026-06-15,2026-06-15T13:30:00+08:00,2026-06-16,128.5,2026-06-18,138.0,0.07392996108949412,0.0676564106265305,gru,test,2,0.39995846152305603,0.3452506959438324,0.2547908425331116,SELL
2881,2026-06-16,2026-06-16T13:30:00+08:00,2026-06-17,133.0,2026-06-22,138.5,0.041353383458646586,0.03527013479475949,gru,test,2,0.24727870523929596,0.6067874431610107,0.1459338366985321,HOLD
2881,2026-06-17,2026-06-17T13:30:00+08:00,2026-06-18,137.0,2026-06-23,137.5,0.0036496350364962904,-0.0022133605597425277,gru,test,1,0.22102268040180206,0.5590143799781799,0.21996288001537323,HOLD
2881,2026-06-18,2026-06-18T13:30:00+08:00,2026-06-22,139.5,2026-06-24,134.5,-0.03584229390681004,-0.04147459046486013,gru,test,0,0.25947028398513794,0.5416083931922913,0.198921337723732,HOLD
2881,2026-06-22,2026-06-22T13:30:00+08:00,2026-06-23,137.0,2026-06-25,136.0,-0.007299270072992692,-0.013098305717272551,gru,test,0,0.313667356967926,0.33270376920700073,0.35362890362739563,BUY
2881,2026-06-23,2026-06-23T13:30:00+08:00,2026-06-24,135.5,2026-06-26,134.0,-0.011070110701106972,-0.016847118317651955,gru,test,0,0.28927215933799744,0.43775418400764465,0.2729736864566803,HOLD
2881,2026-06-24,2026-06-24T13:30:00+08:00,2026-06-25,133.5,2026-06-29,128.5,-0.03745318352059923,-0.0430760697840783,gru,test,0,0.31804385781288147,0.45750635862350464,0.2244497388601303,HOLD
2881,2026-06-25,2026-06-25T13:30:00+08:00,2026-06-26,136.0,2026-06-30,129.5,-0.047794117647058876,-0.05335659552784344,gru,test,0,0.32604122161865234,0.4562472105026245,0.21771152317523956,HOLD
2882,2026-01-02,2026-01-02T13:30:00+08:00,2026-01-05,75.0,2026-01-07,75.6,0.008000000000000007,0.0021115909828492985,gru,test,1,0.4185706079006195,0.22698549926280975,0.35444387793540955,SELL
2882,2026-01-05,2026-01-05T13:30:00+08:00,2026-01-06,76.1,2026-01-08,76.4,0.003942181340341744,-0.001922523216505656,gru,test,1,0.3282747268676758,0.3696826696395874,0.30204254388809204,HOLD
2882,2026-01-06,2026-01-06T13:30:00+08:00,2026-01-07,76.5,2026-01-09,75.9,-0.007843137254901933,-0.013638995803529008,gru,test,0,0.354604035615921,0.3120524287223816,0.3333435654640198,SELL
2882,2026-01-07,2026-01-07T13:30:00+08:00,2026-01-08,75.6,2026-01-12,76.1,0.006613756613756516,0.000733445580788139,gru,test,1,0.34980762004852295,0.33338746428489685,0.3168049454689026,SELL
2882,2026-01-08,2026-01-08T13:30:00+08:00,2026-01-09,76.5,2026-01-13,77.4,0.011764705882353121,0.005854304674662192,gru,test,1,0.35553017258644104,0.3774895668029785,0.26698026061058044,HOLD
2882,2026-01-09,2026-01-09T13:30:00+08:00,2026-01-12,76.4,2026-01-14,74.7,-0.022251308900523625,-0.027962999584231096,gru,test,0,0.30650582909584045,0.43498215079307556,0.25851207971572876,HOLD
2882,2026-01-12,2026-01-12T13:30:00+08:00,2026-01-13,76.2,2026-01-15,75.2,-0.013123359580052507,-0.018888372782695617,gru,test,0,0.39407965540885925,0.2603011727333069,0.3456191122531891,SELL
2882,2026-01-13,2026-01-13T13:30:00+08:00,2026-01-14,77.5,2026-01-16,76.2,-0.01677419354838705,-0.022517879763272908,gru,test,0,0.31712642312049866,0.3691202998161316,0.31375327706336975,HOLD
2882,2026-01-14,2026-01-14T13:30:00+08:00,2026-01-15,74.9,2026-01-19,77.4,0.03337783711615483,0.027341179006830973,gru,test,2,0.29588931798934937,0.26085829734802246,0.44325241446495056,BUY
2882,2026-01-15,2026-01-15T13:30:00+08:00,2026-01-16,75.6,2026-01-20,76.6,0.013227513227513255,0.007308566773828851,gru,test,1,0.32165253162384033,0.4216308891773224,0.2567165493965149,HOLD
2882,2026-01-16,2026-01-16T13:30:00+08:00,2026-01-19,76.2,2026-01-21,75.7,-0.006561679790026198,-0.012365024197474095,gru,test,0,0.31688886880874634,0.34165051579475403,0.341460645198822,HOLD
2882,2026-01-19,2026-01-19T13:30:00+08:00,2026-01-20,76.9,2026-01-22,75.6,-0.016905071521456594,-0.022647993189678917,gru,test,0,0.35079479217529297,0.3374028205871582,0.31180235743522644,SELL
2882,2026-01-20,2026-01-20T13:30:00+08:00,2026-01-21,76.6,2026-01-23,76.6,0.0,-0.005841675612252573,gru,test,1,0.38935187458992004,0.22182898223400116,0.3888190984725952,SELL
2882,2026-01-21,2026-01-21T13:30:00+08:00,2026-01-22,76.0,2026-01-26,77.1,0.014473684210526194,0.008547458030201627,gru,test,1,0.3169286847114563,0.4119044840335846,0.2711668312549591,HOLD
2882,2026-01-22,2026-01-22T13:30:00+08:00,2026-01-23,75.9,2026-01-27,75.9,0.0,-0.005841675612252684,gru,test,1,0.34277576208114624,0.37113872170448303,0.2860855162143707,HOLD
2882,2026-01-23,2026-01-23T13:30:00+08:00,2026-01-26,76.6,2026-01-28,75.8,-0.010443864229764954,-0.016224530175048768,gru,test,0,0.30834445357322693,0.4830944240093231,0.20856112241744995,HOLD
2882,2026-01-26,2026-01-26T13:30:00+08:00,2026-01-27,77.0,2026-01-29,76.4,-0.007792207792207684,-0.013588363854234897,gru,test,0,0.32808658480644226,0.41585206985473633,0.25606128573417664,HOLD
2882,2026-01-27,2026-01-27T13:30:00+08:00,2026-01-28,76.1,2026-01-30,75.4,-0.009198423127463662,-0.014986364535661378,gru,test,0,0.3834378123283386,0.24633042514324188,0.3702317774295807,SELL
2882,2026-01-28,2026-01-28T13:30:00+08:00,2026-01-29,75.4,2026-02-02,74.3,-0.01458885941644572,-0.02034531164443465,gru,test,0,0.408870667219162,0.30243462324142456,0.28869467973709106,SELL
2882,2026-01-29,2026-01-29T13:30:00+08:00,2026-01-30,76.1,2026-02-03,74.7,-0.018396846254927657,-0.024131053459070295,gru,test,0,0.39410778880119324,0.35610878467559814,0.249783456325531,SELL
2882,2026-01-30,2026-01-30T13:30:00+08:00,2026-02-02,75.7,2026-02-04,76.2,0.006605019815059343,0.0007247598196347127,gru,test,1,0.3933471143245697,0.2867804765701294,0.3198724091053009,SELL
2882,2026-02-02,2026-02-02T13:30:00+08:00,2026-02-03,74.9,2026-02-05,76.0,0.014686248331108098,0.008758780420144108,gru,test,1,0.3212372958660126,0.37550050020217896,0.30326229333877563,HOLD
2882,2026-02-03,2026-02-03T13:30:00+08:00,2026-02-04,75.0,2026-02-06,75.7,0.009333333333333416,0.003437135415366388,gru,test,1,0.2790900468826294,0.38423067331314087,0.33667925000190735,HOLD
2882,2026-02-04,2026-02-04T13:30:00+08:00,2026-02-05,75.8,2026-02-09,77.2,0.018469656992084582,0.012520087635014665,gru,test,2,0.3328357934951782,0.3038490116596222,0.3633151650428772,BUY
2882,2026-02-05,2026-02-05T13:30:00+08:00,2026-02-06,75.9,2026-02-10,77.9,0.026350461133069825,0.020354854674644596,gru,test,2,0.3197929561138153,0.27241578698158264,0.4077913165092468,BUY
2882,2026-02-06,2026-02-06T13:30:00+08:00,2026-02-09,76.2,2026-02-11,78.8,0.034120734908136496,0.02807973703089872,gru,test,2,0.3634780943393707,0.29465627670288086,0.34186556935310364,SELL
2882,2026-02-09,2026-02-09T13:30:00+08:00,2026-02-10,77.5,2026-02-23,79.6,0.02709677419354839,0.021096808016318525,gru,test,2,0.3410438895225525,0.3138291835784912,0.3451269268989563,BUY
2882,2026-02-10,2026-02-10T13:30:00+08:00,2026-02-11,78.4,2026-02-24,78.2,-0.0025510204081633514,-0.008377793786711218,gru,test,1,0.33297452330589294,0.25347140431404114,0.4135540723800659,BUY
2882,2026-02-11,2026-02-11T13:30:00+08:00,2026-02-23,81.4,2026-02-25,76.9,-0.055282555282555323,-0.060801288139830656,gru,test,0,0.2942332327365875,0.3191414177417755,0.38662534952163696,BUY
2882,2026-02-23,2026-02-23T13:30:00+08:00,2026-02-24,79.2,2026-02-26,79.7,0.0063131313131312705,0.0004345764356499249,gru,test,1,0.2546114921569824,0.548575758934021,0.19681280851364136,HOLD
2882,2026-02-24,2026-02-24T13:30:00+08:00,2026-02-25,78.2,2026-03-02,77.9,-0.0038363171355498826,-0.009655582227550696,gru,test,1,0.32249879837036133,0.2724446952342987,0.40505653619766235,BUY
2882,2026-02-25,2026-02-25T13:30:00+08:00,2026-02-26,77.0,2026-03-03,77.6,0.007792207792207684,0.001905012629729974,gru,test,1,0.34448719024658203,0.3763110935688019,0.2792016863822937,HOLD
2882,2026-02-26,2026-02-26T13:30:00+08:00,2026-03-02,79.4,2026-03-04,73.2,-0.07808564231738035,-0.08347116693724044,gru,test,0,0.32241976261138916,0.46348077058792114,0.2140994518995285,HOLD
2882,2026-03-02,2026-03-02T13:30:00+08:00,2026-03-03,77.3,2026-03-05,73.6,-0.04786545924967667,-0.0534275203759611,gru,test,0,0.24022622406482697,0.5281454920768738,0.23162831366062164,HOLD
2882,2026-03-03,2026-03-03T13:30:00+08:00,2026-03-04,76.5,2026-03-06,73.0,-0.04575163398692805,-0.051326043394698595,gru,test,0,0.3175274133682251,0.4340355098247528,0.24843710660934448,HOLD
2882,2026-03-04,2026-03-04T13:30:00+08:00,2026-03-05,74.3,2026-03-09,70.0,-0.05787348586810226,-0.0633770833493631,gru,test,0,0.2730317711830139,0.5371220707893372,0.1898462027311325,HOLD
2882,2026-03-05,2026-03-05T13:30:00+08:00,2026-03-06,73.0,2026-03-10,71.1,-0.026027397260274032,-0.03171702926070086,gru,test,0,0.22632409632205963,0.44173604249954224,0.33193978667259216,HOLD
2882,2026-03-06,2026-03-06T13:30:00+08:00,2026-03-09,68.3,2026-03-11,71.8,0.051244509516837455,0.0451034801030783,gru,test,2,0.3659619092941284,0.35642102360725403,0.27761709690093994,SELL
2882,2026-03-09,2026-03-09T13:30:00+08:00,2026-03-10,71.6,2026-03-12,72.5,0.012569832402234749,0.006654727906587832,gru,test,1,0.3025852143764496,0.36417245864868164,0.3332422971725464,HOLD
2882,2026-03-10,2026-03-10T13:30:00+08:00,2026-03-11,71.2,2026-03-13,71.7,0.0070224719101124045,0.00113977329496473,gru,test,1,0.34698987007141113,0.3347877860069275,0.3182222843170166,SELL
2882,2026-03-11,2026-03-11T13:30:00+08:00,2026-03-12,72.6,2026-03-16,72.4,-0.0027548209366389242,-0.008580403778609691,gru,test,1,0.3040713369846344,0.3704055845737457,0.3255230486392975,HOLD
2882,2026-03-12,2026-03-12T13:30:00+08:00,2026-03-13,71.6,2026-03-17,73.2,0.022346368715083997,0.01637415286568622,gru,test,2,0.2722603976726532,0.47846609354019165,0.24927356839179993,HOLD
2882,2026-03-13,2026-03-13T13:30:00+08:00,2026-03-16,72.2,2026-03-18,73.4,0.016620498614958512,0.010681731441283482,gru,test,2,0.3040600121021271,0.45872586965560913,0.23721416294574738,HOLD
2882,2026-03-16,2026-03-16T13:30:00+08:00,2026-03-17,72.5,2026-03-19,71.6,-0.012413793103448367,-0.01818295136327286,gru,test,0,0.2136254757642746,0.6090690493583679,0.17730550467967987,HOLD
2882,2026-03-17,2026-03-17T13:30:00+08:00,2026-03-18,74.2,2026-03-20,72.0,-0.02964959568733161,-0.03531806797954429,gru,test,0,0.3519999384880066,0.3243933916091919,0.3236066699028015,SELL
2882,2026-03-18,2026-03-18T13:30:00+08:00,2026-03-19,73.0,2026-03-23,71.7,-0.017808219178082174,-0.023545864950664575,gru,test,0,0.32416850328445435,0.2929152548313141,0.38291627168655396,BUY
2882,2026-03-19,2026-03-19T13:30:00+08:00,2026-03-20,71.3,2026-03-24,70.8,-0.007012622720897643,-0.012813332866023486,gru,test,0,0.38579633831977844,0.2796311378479004,0.33457258343696594,SELL
2882,2026-03-20,2026-03-20T13:30:00+08:00,2026-03-23,70.1,2026-03-25,71.4,0.018544935805991702,0.012594926694510455,gru,test,2,0.2739731967449188,0.335894376039505,0.39013245701789856,BUY
2882,2026-03-23,2026-03-23T13:30:00+08:00,2026-03-24,71.8,2026-03-26,70.8,-0.013927576601671321,-0.019687891829352044,gru,test,0,0.21826092898845673,0.46062037348747253,0.3211187720298767,HOLD
2882,2026-03-24,2026-03-24T13:30:00+08:00,2026-03-25,72.4,2026-03-27,70.6,-0.024861878453038777,-0.030558319036257497,gru,test,0,0.30374714732170105,0.38195204734802246,0.3143008351325989,HOLD
2882,2026-03-25,2026-03-25T13:30:00+08:00,2026-03-26,71.4,2026-03-30,70.4,-0.014005602240896309,-0.019765461668103335,gru,test,0,0.2729705572128296,0.5218434929847717,0.2051859050989151,HOLD
2882,2026-03-26,2026-03-26T13:30:00+08:00,2026-03-27,70.4,2026-03-31,70.3,-0.0014204545454546968,-0.007253832323030562,gru,test,1,0.3546597361564636,0.28619584441185,0.3591443598270416,BUY
2882,2026-03-27,2026-03-27T13:30:00+08:00,2026-03-30,69.1,2026-04-01,71.9,0.0405209840810421,0.034442598024299054,gru,test,2,0.34685224294662476,0.24834458529949188,0.40480315685272217,BUY
2882,2026-03-30,2026-03-30T13:30:00+08:00,2026-03-31,69.8,2026-04-02,71.8,0.02865329512893977,0.02264423626132195,gru,test,2,0.3286004662513733,0.30309441685676575,0.36830511689186096,BUY
2882,2026-03-31,2026-03-31T13:30:00+08:00,2026-04-01,71.6,2026-04-07,71.9,0.0041899441340784715,-0.0016762077726388824,gru,test,1,0.3008708357810974,0.36907532811164856,0.3300538659095764,HOLD
2882,2026-04-01,2026-04-01T13:30:00+08:00,2026-04-02,72.1,2026-04-08,73.8,0.023578363384188616,0.01759895062157768,gru,test,2,0.31110137701034546,0.4078165292739868,0.28108203411102295,HOLD
2882,2026-04-02,2026-04-02T13:30:00+08:00,2026-04-07,72.2,2026-04-09,73.6,0.01939058171745134,0.013435632616872528,gru,test,2,0.27429676055908203,0.4283507168292999,0.29735255241394043,HOLD
2882,2026-04-07,2026-04-07T13:30:00+08:00,2026-04-08,73.6,2026-04-10,72.9,-0.009510869565217184,-0.015296985762679238,gru,test,0,0.2844049334526062,0.47724393010139465,0.23835119605064392,HOLD
2882,2026-04-08,2026-04-08T13:30:00+08:00,2026-04-09,74.3,2026-04-13,72.0,-0.030955585464333746,-0.03661642858791636,gru,test,0,0.3173486590385437,0.36645418405532837,0.31619715690612793,HOLD
2882,2026-04-09,2026-04-09T13:30:00+08:00,2026-04-10,73.9,2026-04-14,72.7,-0.016238159675236896,-0.02198497722612658,gru,test,0,0.3900715708732605,0.2845631241798401,0.325365275144577,SELL
2882,2026-04-10,2026-04-10T13:30:00+08:00,2026-04-13,72.6,2026-04-15,72.9,0.004132231404958775,-0.001733583362716118,gru,test,1,0.33111974596977234,0.34888848662376404,0.3199917674064636,HOLD
2882,2026-04-13,2026-04-13T13:30:00+08:00,2026-04-14,71.5,2026-04-16,74.2,0.03776223776223775,0.03169996740658543,gru,test,2,0.3911229074001312,0.2929598391056061,0.3159172236919403,SELL
2882,2026-04-14,2026-04-14T13:30:00+08:00,2026-04-15,72.9,2026-04-17,75.0,0.028806584362139898,0.022796630028546705,gru,test,2,0.30856603384017944,0.4509127736091614,0.24052122235298157,HOLD
2882,2026-04-15,2026-04-15T13:30:00+08:00,2026-04-16,73.0,2026-04-20,74.6,0.021917808219177992,0.015948095881177293,gru,test,2,0.38946741819381714,0.2854325473308563,0.32510003447532654,SELL
2882,2026-04-16,2026-04-16T13:30:00+08:00,2026-04-17,74.2,2026-04-21,75.5,0.017520215633423097,0.011576192604783486,gru,test,2,0.45536741614341736,0.21976329386234283,0.3248693346977234,SELL
2882,2026-04-17,2026-04-17T13:30:00+08:00,2026-04-20,74.8,2026-04-22,75.9,0.014705882352941346,0.008778299746390994,gru,test,1,0.2603853940963745,0.2802347242832184,0.4593798518180847,BUY
2882,2026-04-20,2026-04-20T13:30:00+08:00,2026-04-21,75.4,2026-04-23,74.8,-0.007957559681697757,-0.013752749811624665,gru,test,0,0.32954317331314087,0.2937476634979248,0.3767091631889343,BUY
2882,2026-04-21,2026-04-21T13:30:00+08:00,2026-04-22,75.5,2026-04-24,74.9,-0.007947019867549643,-0.013742271567651732,gru,test,0,0.2835090160369873,0.5045124292373657,0.2119784653186798,HOLD
2882,2026-04-22,2026-04-22T13:30:00+08:00,2026-04-23,75.1,2026-04-27,74.5,-0.00798934753661773,-0.013784351972207731,gru,test,0,0.3955947756767273,0.35788843035697937,0.24651680886745453,SELL
2882,2026-04-23,2026-04-23T13:30:00+08:00,2026-04-24,74.5,2026-04-28,74.7,0.0026845637583892135,-0.003172794204500007,gru,test,1,0.30918145179748535,0.3795093595981598,0.31130924820899963,HOLD
2882,2026-04-24,2026-04-24T13:30:00+08:00,2026-04-27,74.1,2026-04-29,78.6,0.06072874493927127,0.054532311698744396,gru,test,2,0.3008987307548523,0.35972246527671814,0.33937880396842957,HOLD
2882,2026-04-27,2026-04-27T13:30:00+08:00,2026-04-28,74.5,2026-04-30,77.2,0.03624161073825505,0.030188223392404234,gru,test,2,0.33329641819000244,0.3760157823562622,0.2906878590583801,HOLD
2882,2026-04-28,2026-04-28T13:30:00+08:00,2026-04-29,75.9,2026-05-04,76.2,0.0039525691699604515,-0.0019121960692181084,gru,test,1,0.33158591389656067,0.28476372361183167,0.38365036249160767,BUY
2882,2026-04-29,2026-04-29T13:30:00+08:00,2026-04-30,78.0,2026-05-05,77.2,-0.01025641025641022,-0.016038171246998578,gru,test,0,0.32692602276802063,0.3609257936477661,0.31214815378189087,HOLD
2882,2026-04-30,2026-04-30T13:30:00+08:00,2026-05-04,77.8,2026-05-06,78.7,0.011568123393316254,0.0056588705567575115,gru,test,1,0.29594331979751587,0.21617412567138672,0.4878825545310974,BUY
2882,2026-05-04,2026-05-04T13:30:00+08:00,2026-05-05,76.2,2026-05-07,79.0,0.03674540682414684,0.03068907646498742,gru,test,2,0.3026757836341858,0.2667115032672882,0.430612713098526,BUY
2882,2026-05-05,2026-05-05T13:30:00+08:00,2026-05-06,77.7,2026-05-08,80.0,0.029601029601029616,0.02358643437605923,gru,test,2,0.33051201701164246,0.47917696833610535,0.19031105935573578,HOLD
2882,2026-05-06,2026-05-06T13:30:00+08:00,2026-05-07,78.5,2026-05-11,78.4,-0.00127388535031836,-0.007108119337587149,gru,test,1,0.3128918409347534,0.3816922903060913,0.3054158687591553,HOLD
2882,2026-05-07,2026-05-07T13:30:00+08:00,2026-05-08,79.5,2026-05-12,76.4,-0.03899371069182378,-0.04460759769529676,gru,test,0,0.36023473739624023,0.317739337682724,0.3220258355140686,SELL
2882,2026-05-08,2026-05-08T13:30:00+08:00,2026-05-11,79.6,2026-05-13,77.3,-0.028894472361808976,-0.03456735583953652,gru,test,0,0.3667561411857605,0.35947680473327637,0.27376699447631836,SELL
2882,2026-05-11,2026-05-11T13:30:00+08:00,2026-05-12,78.7,2026-05-14,76.7,-0.02541296060991105,-0.031106181949933642,gru,test,0,0.3246919810771942,0.29738104343414307,0.3779269754886627,BUY
2882,2026-05-12,2026-05-12T13:30:00+08:00,2026-05-13,76.6,2026-05-15,77.9,0.016971279373368287,0.011030463052291717,gru,test,2,0.325090616941452,0.3743673264980316,0.30054205656051636,HOLD
2882,2026-05-13,2026-05-13T13:30:00+08:00,2026-05-14,76.9,2026-05-18,76.8,-0.0013003901170351995,-0.007134469272054633,gru,test,1,0.3419346213340759,0.38765501976013184,0.27041029930114746,HOLD
2882,2026-05-14,2026-05-14T13:30:00+08:00,2026-05-15,77.4,2026-05-19,77.8,0.0051679586563306845,-0.0007039064939698969,gru,test,1,0.29094070196151733,0.28348487615585327,0.4255744218826294,BUY
2882,2026-05-15,2026-05-15T13:30:00+08:00,2026-05-18,78.0,2026-05-20,77.9,-0.0012820512820511665,-0.007116237566595629,gru,test,1,0.3669147789478302,0.26232799887657166,0.37075716257095337,BUY
2882,2026-05-18,2026-05-18T13:30:00+08:00,2026-05-19,77.5,2026-05-21,78.7,0.015483870967742064,0.009551743604073959,gru,test,1,0.3632644712924957,0.35260969400405884,0.28412580490112305,SELL
2882,2026-05-19,2026-05-19T13:30:00+08:00,2026-05-20,78.0,2026-05-22,79.7,0.02179487179487194,0.01582587761158316,gru,test,2,0.33964595198631287,0.3077760338783264,0.3525780141353607,BUY
2882,2026-05-20,2026-05-20T13:30:00+08:00,2026-05-21,77.8,2026-05-25,81.5,0.04755784061696655,0.04143834752701059,gru,test,2,0.3127564787864685,0.275390088558197,0.41185346245765686,BUY
2882,2026-05-21,2026-05-21T13:30:00+08:00,2026-05-22,78.5,2026-05-26,83.1,0.05859872611464967,0.05241473575314415,gru,test,2,0.3487766981124878,0.28953686356544495,0.36168646812438965,BUY
2882,2026-05-22,2026-05-22T13:30:00+08:00,2026-05-25,79.9,2026-05-27,85.4,0.06883604505632035,0.06259225159841852,gru,test,2,0.3141963481903076,0.30917343497276306,0.3766302168369293,BUY
2882,2026-05-25,2026-05-25T13:30:00+08:00,2026-05-26,80.6,2026-05-28,84.8,0.05210918114143914,0.04596310059653819,gru,test,2,0.36625513434410095,0.29982638359069824,0.3339184820652008,SELL
2882,2026-05-26,2026-05-26T13:30:00+08:00,2026-05-27,83.1,2026-05-29,85.7,0.03128760529482566,0.02526315764175635,gru,test,2,0.3291682004928589,0.29563242197036743,0.3751993775367737,BUY
2882,2026-05-27,2026-05-27T13:30:00+08:00,2026-05-28,85.4,2026-06-01,88.2,0.032786885245901676,0.026753679285706156,gru,test,2,0.3482595682144165,0.27317702770233154,0.37856337428092957,BUY
2882,2026-05-28,2026-05-28T13:30:00+08:00,2026-05-29,85.6,2026-06-02,89.2,0.0420560747663552,0.03596872120779282,gru,test,2,0.4292404353618622,0.2693335711956024,0.3014260530471802,SELL
2882,2026-05-29,2026-05-29T13:30:00+08:00,2026-06-01,86.6,2026-06-03,91.8,0.06004618937644346,0.05385374340410176,gru,test,2,0.33211493492126465,0.2932558059692383,0.3746292293071747,BUY
2882,2026-06-01,2026-06-01T13:30:00+08:00,2026-06-02,88.5,2026-06-04,94.4,0.06666666666666665,0.06043554601359724,gru,test,2,0.271695613861084,0.38442057371139526,0.34388381242752075,HOLD
2882,2026-06-02,2026-06-02T13:30:00+08:00,2026-06-03,89.9,2026-06-05,100.0,0.11234705228031139,0.1058490816326445,gru,test,2,0.32008421421051025,0.3781433403491974,0.3017723560333252,HOLD
2882,2026-06-03,2026-06-03T13:30:00+08:00,2026-06-04,96.3,2026-06-08,95.0,-0.01349948078920038,-0.01926229681374858,gru,test,0,0.3528725802898407,0.3953076899051666,0.2518196702003479,HOLD
2882,2026-06-04,2026-06-04T13:30:00+08:00,2026-06-05,94.4,2026-06-09,104.0,0.10169491525423724,0.09525917093565406,gru,test,2,0.32254600524902344,0.34564176201820374,0.3318122327327728,HOLD
2882,2026-06-05,2026-06-05T13:30:00+08:00,2026-06-08,97.8,2026-06-10,99.9,0.021472392638036908,0.01550528227337411,gru,test,2,0.3215112090110779,0.37393155694007874,0.3045572340488434,HOLD
2882,2026-06-08,2026-06-08T13:30:00+08:00,2026-06-09,95.3,2026-06-11,100.5,0.05456453305351516,0.04840410913923021,gru,test,2,0.31531822681427,0.3885698616504669,0.2961117923259735,HOLD
2882,2026-06-09,2026-06-09T13:30:00+08:00,2026-06-10,102.0,2026-06-12,100.5,-0.014705882352941124,-0.020461650970895917,gru,test,0,0.3021792769432068,0.4939974844455719,0.20382316410541534,HOLD
2882,2026-06-10,2026-06-10T13:30:00+08:00,2026-06-11,101.0,2026-06-15,104.0,0.02970297029702973,0.023687779567581613,gru,test,2,0.2505645453929901,0.5151272416114807,0.2343081682920456,HOLD
2882,2026-06-11,2026-06-11T13:30:00+08:00,2026-06-12,102.0,2026-06-16,109.5,0.07352941176470584,0.06725820118096415,gru,test,2,0.22373610734939575,0.5015873312950134,0.27467653155326843,HOLD
2882,2026-06-12,2026-06-12T13:30:00+08:00,2026-06-15,105.0,2026-06-17,113.5,0.08095238095238089,0.07463780779056495,gru,test,2,0.32229453325271606,0.4298584759235382,0.24784700572490692,HOLD
2882,2026-06-15,2026-06-15T13:30:00+08:00,2026-06-16,104.5,2026-06-18,115.5,0.10526315789473695,0.09880656906014207,gru,test,2,0.28611114621162415,0.5108460187911987,0.20304280519485474,HOLD
2882,2026-06-16,2026-06-16T13:30:00+08:00,2026-06-17,110.0,2026-06-22,113.0,0.027272727272727337,0.021271733234685897,gru,test,2,0.2748517096042633,0.5390331149101257,0.186115100979805,HOLD
2882,2026-06-17,2026-06-17T13:30:00+08:00,2026-06-18,115.0,2026-06-23,113.5,-0.013043478260869601,-0.01880895810426675,gru,test,0,0.3309984803199768,0.46350228786468506,0.20549927651882172,HOLD
2882,2026-06-18,2026-06-18T13:30:00+08:00,2026-06-22,117.0,2026-06-24,110.0,-0.05982905982905984,-0.0653212334816049,gru,test,0,0.27218520641326904,0.5420508980751038,0.1857638955116272,HOLD
2882,2026-06-22,2026-06-22T13:30:00+08:00,2026-06-23,113.0,2026-06-25,111.5,-0.013274336283185861,-0.019038467528904035,gru,test,0,0.27581000328063965,0.44643545150756836,0.2777545154094696,HOLD
2882,2026-06-23,2026-06-23T13:30:00+08:00,2026-06-24,110.5,2026-06-26,106.0,-0.040723981900452455,-0.04632776122080329,gru,test,0,0.3108881115913391,0.4628966152667999,0.226215198636055,HOLD
2882,2026-06-24,2026-06-24T13:30:00+08:00,2026-06-25,110.0,2026-06-29,101.5,-0.07727272727272727,-0.08266300067857857,gru,test,0,0.32153475284576416,0.4418535828590393,0.23661163449287415,HOLD
2882,2026-06-25,2026-06-25T13:30:00+08:00,2026-06-26,110.5,2026-06-30,98.3,-0.11040723981900458,-0.11560395215099029,gru,test,0,0.22686459124088287,0.6278821229934692,0.14525331556797028,HOLD
