stock_code,signal_date,signal_time,entry_date,entry_open,target_date,target_close,future_gross_return,future_net_return,model,split,actual_label,p_sell,p_hold,p_buy,predicted_signal
2002,2025-01-02,2025-01-02T13:30:00+08:00,2025-01-03,19.25,2025-01-07,18.95,-0.01558441558441559,-0.021335052096217444,random_forest,validation,0,0.3545875498640055,0.42414011244836636,0.22127233768762836,HOLD
2002,2025-01-03,2025-01-03T13:30:00+08:00,2025-01-06,19.0,2025-01-08,18.9,-0.0052631578947369695,-0.011074087845872382,random_forest,validation,0,0.41990346332212725,0.36999906328618154,0.21009747339169113,SELL
2002,2025-01-06,2025-01-06T13:30:00+08:00,2025-01-07,19.25,2025-01-09,18.6,-0.033766233766233666,-0.03941065799417642,random_forest,validation,0,0.403843984361553,0.3644296966314067,0.23172631900704052,SELL
2002,2025-01-07,2025-01-07T13:30:00+08:00,2025-01-08,18.95,2025-01-10,18.3,-0.03430079155672816,-0.03994209307146268,random_forest,validation,0,0.3198100255846428,0.4467467890440865,0.23344318537127084,HOLD
2002,2025-01-08,2025-01-08T13:30:00+08:00,2025-01-09,18.85,2025-01-13,18.1,-0.039787798408488007,-0.04539704660911248,random_forest,validation,0,0.28251268910710087,0.3303863889265102,0.38710092196638884,BUY
2002,2025-01-09,2025-01-09T13:30:00+08:00,2025-01-10,18.55,2025-01-14,18.35,-0.010781671159029615,-0.016560363745813045,random_forest,validation,0,0.36251281928583107,0.3792864724506962,0.2582007082634729,HOLD
2002,2025-01-10,2025-01-10T13:30:00+08:00,2025-01-13,18.25,2025-01-15,18.7,0.024657534246575352,0.018671817317856165,random_forest,validation,2,0.3134695191455425,0.4636510377958474,0.22287944305861035,HOLD
2002,2025-01-13,2025-01-13T13:30:00+08:00,2025-01-14,18.1,2025-01-16,18.9,0.044198895027624197,0.03809902380820018,random_forest,validation,2,0.2583428621107471,0.5408841271757505,0.20077301071350237,HOLD
2002,2025-01-14,2025-01-14T13:30:00+08:00,2025-01-15,18.35,2025-01-17,19.55,0.06539509536784727,0.05917140282182354,random_forest,validation,2,0.3102083600636459,0.38667840772920137,0.3031132322071527,HOLD
2002,2025-01-15,2025-01-15T13:30:00+08:00,2025-01-16,19.0,2025-01-20,19.55,0.02894736842105261,0.022936591672656048,random_forest,validation,2,0.3959117355959731,0.36057535805570756,0.24351290634831954,SELL
2002,2025-01-16,2025-01-16T13:30:00+08:00,2025-01-17,19.1,2025-01-21,20.1,0.05235602094240832,0.046208498439461954,random_forest,validation,2,0.3577885102306674,0.36666824103957896,0.27554324872975383,HOLD
2002,2025-01-17,2025-01-17T13:30:00+08:00,2025-01-20,19.6,2025-01-22,20.15,0.028061224489795755,0.02205562430679109,random_forest,validation,2,0.3363930403362144,0.38514219529234445,0.27846476437144113,HOLD
2002,2025-01-20,2025-01-20T13:30:00+08:00,2025-01-21,19.7,2025-02-03,20.0,0.015228426395939021,0.009297791256596355,random_forest,validation,1,0.33209747853434946,0.3856508999660594,0.2822516214995911,HOLD
2002,2025-01-21,2025-01-21T13:30:00+08:00,2025-01-22,20.3,2025-02-04,19.6,-0.03448275862068961,-0.04012299714286449,random_forest,validation,0,0.2965353271582914,0.32619393620408205,0.3772707366376264,BUY
2002,2025-01-22,2025-01-22T13:30:00+08:00,2025-02-03,19.95,2025-02-05,19.6,-0.01754385964912275,-0.02328304972431816,random_forest,validation,0,0.36339872022177633,0.3721591068390637,0.26444217293915995,HOLD
2002,2025-02-03,2025-02-03T13:30:00+08:00,2025-02-04,20.15,2025-02-06,19.9,-0.012406947890818865,-0.018176146138155214,random_forest,validation,0,0.3446128110887645,0.45592794211971255,0.1994592467915232,HOLD
2002,2025-02-04,2025-02-04T13:30:00+08:00,2025-02-05,19.8,2025-02-07,19.65,-0.00757575757575768,-0.01337317806973548,random_forest,validation,0,0.3684105341009735,0.27550929692375986,0.3560801689752667,SELL
2002,2025-02-05,2025-02-05T13:30:00+08:00,2025-02-06,19.9,2025-02-10,20.05,0.007537688442211143,0.0016519800992131906,random_forest,validation,1,0.3582799011322562,0.29277160307769756,0.34894849579004644,SELL
2002,2025-02-06,2025-02-06T13:30:00+08:00,2025-02-07,19.9,2025-02-11,19.9,0.0,-0.005841675612252573,random_forest,validation,1,0.3239378763541135,0.4455021857288904,0.23055993791699628,HOLD
2002,2025-02-07,2025-02-07T13:30:00+08:00,2025-02-10,19.65,2025-02-12,20.1,0.022900763358778775,0.016925308915711312,random_forest,validation,2,0.32080941277691316,0.4893822511048925,0.18980833611819464,HOLD
2002,2025-02-10,2025-02-10T13:30:00+08:00,2025-02-11,20.15,2025-02-13,21.9,0.08684863523573205,0.08049961806906536,random_forest,validation,2,0.32703247921716233,0.4175963797518603,0.25537114103097763,HOLD
2002,2025-02-11,2025-02-11T13:30:00+08:00,2025-02-12,20.0,2025-02-14,23.25,0.1625000000000001,0.15570905210075647,random_forest,validation,2,0.36936207459303333,0.2956423571636196,0.3349955682433471,SELL
2002,2025-02-12,2025-02-12T13:30:00+08:00,2025-02-13,20.2,2025-02-17,22.85,0.1311881188118813,0.12458008476534821,random_forest,validation,2,0.34755998229185314,0.4508237481949321,0.2016162695132148,HOLD
2002,2025-02-13,2025-02-13T13:30:00+08:00,2025-02-14,22.0,2025-02-18,22.4,0.018181818181818077,0.012233930285706407,random_forest,validation,2,0.32672889390933463,0.3098566035911727,0.3634145024994926,BUY
2002,2025-02-14,2025-02-14T13:30:00+08:00,2025-02-17,23.4,2025-02-19,22.35,-0.04487179487179471,-0.050451344014266764,random_forest,validation,0,0.32749782989107756,0.3305061208134859,0.34199604929543653,BUY
2002,2025-02-17,2025-02-17T13:30:00+08:00,2025-02-18,22.65,2025-02-20,22.65,0.0,-0.005841675612252462,random_forest,validation,1,0.369801353214914,0.3452436969480692,0.2849549498370169,SELL
2002,2025-02-18,2025-02-18T13:30:00+08:00,2025-02-19,22.45,2025-02-21,23.0,0.024498886414253906,0.0185140962547079,random_forest,validation,2,0.42239974689019255,0.2739172730380973,0.3036829800717099,SELL
2002,2025-02-19,2025-02-19T13:30:00+08:00,2025-02-20,22.6,2025-02-24,23.2,0.0265486725663715,0.020551908221050352,random_forest,validation,2,0.3645671794978515,0.3955300103937532,0.23990281010839531,HOLD
2002,2025-02-20,2025-02-20T13:30:00+08:00,2025-02-21,22.8,2025-02-25,23.9,0.048245614035087536,0.04212210319592824,random_forest,validation,2,0.3818288327130035,0.3630738188831949,0.25509734840380127,SELL
2002,2025-02-21,2025-02-21T13:30:00+08:00,2025-02-24,22.95,2025-02-26,23.8,0.0370370370370372,0.0309790030687751,random_forest,validation,2,0.30797351286687635,0.4029107030591217,0.2891157840740022,HOLD
2002,2025-02-24,2025-02-24T13:30:00+08:00,2025-02-25,23.1,2025-02-27,24.35,0.054112554112554,0.04795477051262553,random_forest,validation,2,0.26609359280864026,0.457349397224681,0.2765570099666785,HOLD
2002,2025-02-25,2025-02-25T13:30:00+08:00,2025-02-26,23.95,2025-03-03,24.0,0.0020876826722338038,-0.003766188504971235,random_forest,validation,1,0.32707581839832933,0.32931822868807376,0.343605952913597,BUY
2002,2025-02-26,2025-02-26T13:30:00+08:00,2025-02-27,23.9,2025-03-04,23.6,-0.012552301255229992,-0.018320650395362237,random_forest,validation,0,0.329641886294872,0.37153819913891817,0.29881991456620993,HOLD
2002,2025-02-27,2025-02-27T13:30:00+08:00,2025-03-03,23.6,2025-03-05,24.1,0.021186440677966045,0.015221000751894698,random_forest,validation,2,0.382404614657447,0.341696888725941,0.27589849661661225,SELL
2002,2025-03-03,2025-03-03T13:30:00+08:00,2025-03-04,23.75,2025-03-06,24.25,0.021052631578947434,0.015087973322226444,random_forest,validation,2,0.3559458016497443,0.44550037663005154,0.1985538217202042,HOLD
2002,2025-03-04,2025-03-04T13:30:00+08:00,2025-03-05,23.6,2025-03-07,24.25,0.02754237288135597,0.021539803661138723,random_forest,validation,2,0.3461303922095371,0.3251723028070902,0.32869730498337274,SELL
2002,2025-03-05,2025-03-05T13:30:00+08:00,2025-03-06,24.2,2025-03-10,24.7,0.02066115702479343,0.014698785635428147,random_forest,validation,2,0.3958692212130127,0.3691212597371976,0.2350095190497896,SELL
2002,2025-03-06,2025-03-06T13:30:00+08:00,2025-03-07,24.15,2025-03-11,24.3,0.006211180124223725,0.0003332208125161884,random_forest,validation,1,0.34527983234784093,0.38439760514869464,0.2703225625034647,HOLD
2002,2025-03-07,2025-03-07T13:30:00+08:00,2025-03-10,24.35,2025-03-12,24.15,-0.008213552361396426,-0.014007247065129347,random_forest,validation,0,0.33194281811293785,0.28770338249567917,0.3803537993913831,BUY
2002,2025-03-10,2025-03-10T13:30:00+08:00,2025-03-11,24.45,2025-03-13,23.7,-0.030674846625766916,-0.03633732973457604,random_forest,validation,0,0.44364990102314616,0.31127026977393163,0.24507982920292218,SELL
2002,2025-03-11,2025-03-11T13:30:00+08:00,2025-03-12,24.4,2025-03-14,24.3,-0.004098360655737654,-0.009916094974497414,random_forest,validation,1,0.3079772750253614,0.3157022191106508,0.37632050586398785,BUY
2002,2025-03-12,2025-03-12T13:30:00+08:00,2025-03-13,24.15,2025-03-17,24.1,-0.0020703933747411307,-0.007899974420508604,random_forest,validation,1,0.3863139667540117,0.3486876111550874,0.26499842209090085,SELL
2002,2025-03-13,2025-03-13T13:30:00+08:00,2025-03-14,23.8,2025-03-18,24.15,0.014705882352941124,0.008778299746390772,random_forest,validation,1,0.38504115037154135,0.24120459725042007,0.3737542523780382,SELL
2002,2025-03-14,2025-03-14T13:30:00+08:00,2025-03-17,24.2,2025-03-19,24.1,-0.004132231404958553,-0.009949767861788583,random_forest,validation,1,0.3507526272300974,0.30607426394054654,0.34317310882935603,SELL
2002,2025-03-17,2025-03-17T13:30:00+08:00,2025-03-18,24.15,2025-03-20,24.35,0.008281573498964967,0.002391519620772442,random_forest,validation,1,0.343347414583797,0.4350258956055795,0.22162668981062375,HOLD
2002,2025-03-18,2025-03-18T13:30:00+08:00,2025-03-19,24.0,2025-03-21,23.8,-0.008333333333333304,-0.01412632831548366,random_forest,validation,0,0.3689283219923438,0.43057919631469604,0.2004924816929602,HOLD
2002,2025-03-19,2025-03-19T13:30:00+08:00,2025-03-20,24.3,2025-03-24,23.7,-0.024691358024691468,-0.030388794732937652,random_forest,validation,0,0.3573279078100813,0.4022345860703417,0.24043750611957723,HOLD
2002,2025-03-20,2025-03-20T13:30:00+08:00,2025-03-21,24.35,2025-03-25,23.1,-0.05133470225872694,-0.05687649719273247,random_forest,validation,0,0.3493739783886878,0.45177799948621905,0.1988480221250932,HOLD
2002,2025-03-21,2025-03-21T13:30:00+08:00,2025-03-24,23.8,2025-03-26,23.2,-0.025210084033613467,-0.0309044905127841,random_forest,validation,0,0.39915848640479445,0.24898811844848912,0.3518533951467164,SELL
2002,2025-03-24,2025-03-24T13:30:00+08:00,2025-03-25,23.9,2025-03-27,23.45,-0.01882845188284521,-0.024560137786917124,random_forest,validation,0,0.34618111762873527,0.4120147366768947,0.24180414569437,HOLD
2002,2025-03-25,2025-03-25T13:30:00+08:00,2025-03-26,23.1,2025-03-28,23.0,-0.0043290043290044045,-0.01014539130224279,random_forest,validation,0,0.4375660638905068,0.282224803067944,0.28020913304154926,SELL
2002,2025-03-26,2025-03-26T13:30:00+08:00,2025-03-27,23.1,2025-03-31,22.4,-0.030303030303030387,-0.035967685442184316,random_forest,validation,0,0.3615163285339104,0.31707741507725373,0.3214062563888358,SELL
2002,2025-03-27,2025-03-27T13:30:00+08:00,2025-03-28,23.55,2025-04-01,22.95,-0.025477707006369532,-0.03117055011894687,random_forest,validation,0,0.3477634449761869,0.3079199940546658,0.3443165609691474,SELL
2002,2025-03-28,2025-03-28T13:30:00+08:00,2025-03-31,22.65,2025-04-02,22.85,0.008830022075055233,0.0029367643381914554,random_forest,validation,1,0.3708398422234385,0.24539708168908142,0.38376307608747984,BUY
2002,2025-03-31,2025-03-31T13:30:00+08:00,2025-04-01,22.5,2025-04-07,20.6,-0.08444444444444443,-0.08979282300499558,random_forest,validation,0,0.37897093959577705,0.3137972549599661,0.30723180544425693,SELL
2002,2025-04-01,2025-04-01T13:30:00+08:00,2025-04-02,23.0,2025-04-08,20.45,-0.11086956521739133,-0.1160635767943724,random_forest,validation,0,0.3112846332666336,0.3576661233589394,0.33104924337442687,HOLD
2002,2025-04-02,2025-04-02T13:30:00+08:00,2025-04-07,20.6,2025-04-09,19.0,-0.07766990291262144,-0.08305785614722316,random_forest,validation,0,0.42625568390558155,0.3020747359266074,0.2716695801678111,SELL
2002,2025-04-08,2025-04-08T13:30:00+08:00,2025-04-09,19.9,2025-04-11,20.45,0.027638190954773822,0.021635061996454263,random_forest,validation,2,0.33549873750187276,0.2750096112097587,0.38949165128836866,BUY
2002,2025-04-09,2025-04-09T13:30:00+08:00,2025-04-10,20.9,2025-04-14,21.15,0.011961722488038173,0.006050170373246955,random_forest,validation,1,0.4103963933897994,0.2559640214191285,0.3336395851910721,SELL
2002,2025-04-11,2025-04-11T13:30:00+08:00,2025-04-14,20.9,2025-04-16,20.9,0.0,-0.005841675612252462,random_forest,validation,1,0.2727074411990656,0.5076188644885548,0.21967369431237987,HOLD
2002,2025-04-14,2025-04-14T13:30:00+08:00,2025-04-15,21.2,2025-04-17,20.5,-0.03301886792452824,-0.0386676580212818,random_forest,validation,0,0.4294860530308305,0.3172357828908746,0.253278164078295,SELL
2002,2025-04-15,2025-04-15T13:30:00+08:00,2025-04-16,21.05,2025-04-18,20.4,-0.030878859857482288,-0.036540151187171244,random_forest,validation,0,0.40537399064284435,0.3470574327586368,0.24756857659851905,SELL
2002,2025-04-16,2025-04-16T13:30:00+08:00,2025-04-17,20.9,2025-04-21,20.0,-0.04306220095693769,-0.04865232116005014,random_forest,validation,0,0.3724761169350529,0.29294618161232877,0.3345777014526181,SELL
2002,2025-04-17,2025-04-17T13:30:00+08:00,2025-04-18,20.55,2025-04-22,20.2,-0.017031630170316392,-0.022773812523966153,random_forest,validation,0,0.39359132555483406,0.3424602063583959,0.26394846808677047,SELL
2002,2025-04-18,2025-04-18T13:30:00+08:00,2025-04-21,20.4,2025-04-23,20.65,0.01225490196078427,0.006341637186616955,random_forest,validation,1,0.3651019500896417,0.42000149700703093,0.21489655290332738,HOLD
2002,2025-04-21,2025-04-21T13:30:00+08:00,2025-04-22,19.95,2025-04-24,20.5,0.027568922305764465,0.02156619799242221,random_forest,validation,2,0.3749928166571791,0.29824479205995386,0.32676239128286705,SELL
2002,2025-04-22,2025-04-22T13:30:00+08:00,2025-04-23,20.4,2025-04-25,20.3,-0.004901960784313597,-0.010715000731800317,random_forest,validation,0,0.3527053784455612,0.3593516998104296,0.287942921744009,HOLD
2002,2025-04-23,2025-04-23T13:30:00+08:00,2025-04-24,20.6,2025-04-28,20.45,-0.00728155339805836,-0.013080692537406069,random_forest,validation,0,0.3330368412202753,0.4238610807193097,0.24310207806041517,HOLD
2002,2025-04-24,2025-04-24T13:30:00+08:00,2025-04-25,20.55,2025-04-29,20.65,0.0048661800486617945,-0.001003922208905994,random_forest,validation,1,0.3463436640833591,0.4316619787632691,0.22199435715337215,HOLD
2002,2025-04-25,2025-04-25T13:30:00+08:00,2025-04-28,20.4,2025-04-30,20.65,0.01225490196078427,0.006341637186616955,random_forest,validation,1,0.3604838680118918,0.2782175519490925,0.36129858003901577,BUY
2002,2025-04-28,2025-04-28T13:30:00+08:00,2025-04-29,20.5,2025-05-02,20.7,0.009756097560975618,0.003857429991530381,random_forest,validation,1,0.31530191529695734,0.4111272519314151,0.2735708327716275,HOLD
2002,2025-04-29,2025-04-29T13:30:00+08:00,2025-04-30,20.45,2025-05-05,21.15,0.03422982885085579,0.02818819368219372,random_forest,validation,2,0.3344081936398446,0.377235118484632,0.2883566878755237,HOLD
2002,2025-04-30,2025-04-30T13:30:00+08:00,2025-05-02,20.65,2025-05-06,21.9,0.060532687651331685,0.054337399713882295,random_forest,validation,2,0.386699756724762,0.3828451411379771,0.2304551021372609,SELL
2002,2025-05-02,2025-05-02T13:30:00+08:00,2025-05-05,20.9,2025-05-07,21.55,0.031100478468899517,0.02507712395004602,random_forest,validation,2,0.4055954577108819,0.3583123985115532,0.23609214377756504,SELL
2002,2025-05-05,2025-05-05T13:30:00+08:00,2025-05-06,21.5,2025-05-08,21.25,-0.011627906976744207,-0.017401656128389176,random_forest,validation,0,0.35102147711586645,0.3380038568428762,0.3109746660412573,SELL
2002,2025-05-06,2025-05-06T13:30:00+08:00,2025-05-07,21.95,2025-05-09,21.3,-0.029612756264236872,-0.03528144376040887,random_forest,validation,0,0.39548232622872626,0.36760225673657027,0.23691541703470356,SELL
2002,2025-05-07,2025-05-07T13:30:00+08:00,2025-05-08,21.55,2025-05-12,21.35,-0.009280742459396696,-0.015068202984760526,random_forest,validation,0,0.41218622075980454,0.2991580850799928,0.2886556941602027,SELL
2002,2025-05-08,2025-05-08T13:30:00+08:00,2025-05-09,21.2,2025-05-13,21.4,0.00943396226415083,0.0035371765046128267,random_forest,validation,1,0.37989593720007503,0.28400986589309635,0.3360941969068283,SELL
2002,2025-05-09,2025-05-09T13:30:00+08:00,2025-05-12,21.4,2025-05-14,21.5,0.004672897196261738,-0.0011960759655808006,random_forest,validation,1,0.3308503059481598,0.33832323995226643,0.3308264540995738,HOLD
2002,2025-05-12,2025-05-12T13:30:00+08:00,2025-05-13,21.45,2025-05-15,21.3,-0.006993006993006978,-0.012793831726852112,random_forest,validation,0,0.38165275348357824,0.3199942367998322,0.29835300971658946,SELL
2002,2025-05-13,2025-05-13T13:30:00+08:00,2025-05-14,21.5,2025-05-16,21.0,-0.023255813953488413,-0.02896163664452578,random_forest,validation,0,0.3254333457385085,0.3831727370986282,0.2913939171628633,HOLD
2002,2025-05-14,2025-05-14T13:30:00+08:00,2025-05-15,21.4,2025-05-19,21.1,-0.014018691588784882,-0.019778474552267666,random_forest,validation,0,0.3609571423810094,0.3333001391981704,0.3057427184208201,SELL
2002,2025-05-15,2025-05-15T13:30:00+08:00,2025-05-16,21.0,2025-05-20,21.65,0.030952380952380842,0.024929891571177754,random_forest,validation,2,0.3459581544373812,0.35400548612897936,0.3000363594336395,HOLD
2002,2025-05-16,2025-05-16T13:30:00+08:00,2025-05-19,21.0,2025-05-21,21.05,0.0023809523809523725,-0.00347463198275777,random_forest,validation,1,0.3820013634447449,0.3194397622341641,0.2985588743210911,SELL
2002,2025-05-19,2025-05-19T13:30:00+08:00,2025-05-20,21.2,2025-05-22,20.45,-0.035377358490566,-0.041012371050498264,random_forest,validation,0,0.45282659623240257,0.2757318479670385,0.2714415558005591,SELL
2002,2025-05-20,2025-05-20T13:30:00+08:00,2025-05-21,21.55,2025-05-23,20.3,-0.058004640371229654,-0.06350747169042814,random_forest,validation,0,0.3919424625672467,0.35021707465918533,0.2578404627735683,SELL
2002,2025-05-21,2025-05-21T13:30:00+08:00,2025-05-22,21.05,2025-05-26,20.2,-0.040380047505938266,-0.045985835979453826,random_forest,validation,0,0.3011680050664276,0.44247906070186105,0.2563529342317114,HOLD
2002,2025-05-22,2025-05-22T13:30:00+08:00,2025-05-23,20.5,2025-05-27,20.0,-0.024390243902439046,-0.030089439621709735,random_forest,validation,0,0.40575091661891266,0.2519375746910195,0.3423115086900679,SELL
2002,2025-05-23,2025-05-23T13:30:00+08:00,2025-05-26,20.3,2025-05-28,20.05,-0.012315270935960632,-0.018085004730328258,random_forest,validation,0,0.4084434972929125,0.2656018688135009,0.3259546338935865,SELL
2002,2025-05-26,2025-05-26T13:30:00+08:00,2025-05-27,20.1,2025-05-29,19.75,-0.017412935323383172,-0.023152890216019406,random_forest,validation,0,0.316526782425982,0.3927898844808436,0.2906833330931744,HOLD
2002,2025-05-27,2025-05-27T13:30:00+08:00,2025-05-28,20.2,2025-06-02,19.2,-0.04950495049504955,-0.05505743424530929,random_forest,validation,0,0.39319355216190643,0.329732566973796,0.2770738808642978,SELL
2002,2025-05-28,2025-05-28T13:30:00+08:00,2025-05-29,20.15,2025-06-03,19.25,-0.04466501240694787,-0.05024576950550186,random_forest,validation,0,0.37832610909999737,0.2522929590324104,0.36938093186759224,SELL
2002,2025-05-29,2025-05-29T13:30:00+08:00,2025-06-02,19.7,2025-06-04,19.2,-0.025380710659898442,-0.031074120393667415,random_forest,validation,0,0.3037794094438789,0.40017910840700216,0.2960414821491191,HOLD
2002,2025-06-02,2025-06-02T13:30:00+08:00,2025-06-03,19.2,2025-06-05,19.4,0.01041666666666674,0.004514140266786315,random_forest,validation,1,0.31666956239423005,0.48055188736295085,0.20277855024281893,HOLD
2002,2025-06-03,2025-06-03T13:30:00+08:00,2025-06-04,19.35,2025-06-06,19.55,0.010335917312661369,0.004433862624313223,random_forest,validation,1,0.309083641302496,0.436120040206354,0.25479631849115003,HOLD
2002,2025-06-04,2025-06-04T13:30:00+08:00,2025-06-05,19.3,2025-06-09,19.35,0.002590673575129543,-0.003266135911766166,random_forest,validation,1,0.32582812892387386,0.42824226999548853,0.24592960108063766,HOLD
2002,2025-06-05,2025-06-05T13:30:00+08:00,2025-06-06,19.45,2025-06-10,19.4,-0.0025706940874036244,-0.008397352538699221,random_forest,validation,1,0.31848361121077945,0.4337377294379045,0.24777865935131616,HOLD
2002,2025-06-06,2025-06-06T13:30:00+08:00,2025-06-09,19.75,2025-06-11,19.5,-0.012658227848101222,-0.018425958199439374,random_forest,validation,0,0.31561773061305387,0.46426762234208174,0.22011464704486453,HOLD
2002,2025-06-09,2025-06-09T13:30:00+08:00,2025-06-10,19.4,2025-06-12,19.45,0.002577319587628857,-0.0032794118896037894,random_forest,validation,1,0.4434491967901037,0.20668772073076036,0.34986308247913606,SELL
2002,2025-06-10,2025-06-10T13:30:00+08:00,2025-06-11,19.45,2025-06-13,19.2,-0.01285347043701801,-0.018620060244485814,random_forest,validation,0,0.3586846027552536,0.44625593637872457,0.19505946086602233,HOLD
2002,2025-06-11,2025-06-11T13:30:00+08:00,2025-06-12,19.5,2025-06-16,19.2,-0.015384615384615441,-0.021136419064371692,random_forest,validation,0,0.3759178050418373,0.3570318957339731,0.2670502992241895,SELL
2002,2025-06-12,2025-06-12T13:30:00+08:00,2025-06-13,19.25,2025-06-17,19.1,-0.007792207792207684,-0.013588363854234897,random_forest,validation,0,0.3056140629798232,0.44764295178103913,0.2467429852391378,HOLD
2002,2025-06-13,2025-06-13T13:30:00+08:00,2025-06-16,19.2,2025-06-18,19.1,-0.005208333333333259,-0.011019583551772016,random_forest,validation,0,0.30940526325692214,0.4528382980299041,0.2377564387131738,HOLD
2002,2025-06-16,2025-06-16T13:30:00+08:00,2025-06-17,19.2,2025-06-19,18.95,-0.01302083333333337,-0.01878644546105135,random_forest,validation,0,0.3632456473125999,0.3735978133079522,0.263156539379448,HOLD
2002,2025-06-17,2025-06-17T13:30:00+08:00,2025-06-18,19.1,2025-06-20,18.65,-0.023560209424083878,-0.02926425393552423,random_forest,validation,0,0.36527264637707124,0.3797125378675301,0.25501481575539864,HOLD
2002,2025-06-18,2025-06-18T13:30:00+08:00,2025-06-19,19.1,2025-06-23,18.45,-0.034031413612565564,-0.03967428874586709,random_forest,validation,0,0.37261331097459355,0.3735908131099995,0.25379587591540687,HOLD
2002,2025-06-19,2025-06-19T13:30:00+08:00,2025-06-20,18.95,2025-06-24,18.9,-0.0026385224274406704,-0.008464784647576384,random_forest,validation,1,0.36602248027879514,0.3626663383306083,0.27131118139059657,SELL
2002,2025-06-20,2025-06-20T13:30:00+08:00,2025-06-23,18.5,2025-06-25,18.75,0.013513513513513598,0.0075928963389331194,random_forest,validation,1,0.3271766651779579,0.3254815810602182,0.3473417537618237,BUY
2002,2025-06-23,2025-06-23T13:30:00+08:00,2025-06-24,18.7,2025-06-26,19.0,0.016042780748663166,0.010107388415358631,random_forest,validation,2,0.3403486652708553,0.42953674150282545,0.23011459322631947,HOLD
2002,2025-06-24,2025-06-24T13:30:00+08:00,2025-06-25,19.0,2025-06-27,19.1,0.0052631578947368585,-0.0006092633786327628,random_forest,validation,1,0.35400388060340277,0.35215227140003846,0.2938438479965587,SELL
2002,2025-06-25,2025-06-25T13:30:00+08:00,2025-06-26,18.85,2025-06-30,18.8,-0.0026525198938992522,-0.008478700345376677,random_forest,validation,1,0.34474539052132114,0.44069419723734204,0.21456041224133685,HOLD
2303,2025-01-02,2025-01-02T13:30:00+08:00,2025-01-03,43.95,2025-01-07,42.35,-0.0364050056882822,-0.04203401506664162,random_forest,validation,0,0.3675450223793132,0.2951325318760411,0.33732244574464565,SELL
2303,2025-01-03,2025-01-03T13:30:00+08:00,2025-01-06,43.6,2025-01-08,42.7,-0.020642201834862317,-0.026363292400072957,random_forest,validation,0,0.37442741622069453,0.2745115479128811,0.3510610358664243,SELL
2303,2025-01-06,2025-01-06T13:30:00+08:00,2025-01-07,43.65,2025-01-09,41.6,-0.04696449026345928,-0.05253181455829792,random_forest,validation,0,0.3476033151732187,0.28406292207367995,0.3683337627531013,BUY
2303,2025-01-07,2025-01-07T13:30:00+08:00,2025-01-08,42.4,2025-01-10,41.3,-0.025943396226415172,-0.031633518933632865,random_forest,validation,0,0.3045894487851486,0.2417503213267649,0.4536602298880866,BUY
2303,2025-01-08,2025-01-08T13:30:00+08:00,2025-01-09,42.7,2025-01-13,40.9,-0.042154566744730726,-0.04774998905248551,random_forest,validation,0,0.3392128363591878,0.3456290232817919,0.31515814035902023,HOLD
2303,2025-01-09,2025-01-09T13:30:00+08:00,2025-01-10,41.25,2025-01-14,42.25,0.024242424242424176,0.018259132251692733,random_forest,validation,2,0.35850838655431344,0.27592008156734127,0.3655715318783453,BUY
2303,2025-01-10,2025-01-10T13:30:00+08:00,2025-01-13,41.0,2025-01-15,41.45,0.01097560975609757,0.00506981819200325,random_forest,validation,1,0.31142874994415903,0.32599990654372446,0.3625713435121163,BUY
2303,2025-01-13,2025-01-13T13:30:00+08:00,2025-01-14,41.2,2025-01-16,41.55,0.00849514563106779,0.002603844133759914,random_forest,validation,1,0.3353554483011025,0.30578731416434696,0.35885723753455084,BUY
2303,2025-01-14,2025-01-14T13:30:00+08:00,2025-01-15,42.05,2025-01-17,41.2,-0.02021403091557661,-0.02593762271640432,random_forest,validation,0,0.31956227025861766,0.27914320311595797,0.40129452662542425,BUY
2303,2025-01-15,2025-01-15T13:30:00+08:00,2025-01-16,41.9,2025-01-20,42.75,0.020286396181384392,0.014326214023298478,random_forest,validation,2,0.34456945301060155,0.2776041501933238,0.37782639679607477,BUY
2303,2025-01-16,2025-01-16T13:30:00+08:00,2025-01-17,41.4,2025-01-21,42.95,0.037439613526570215,0.031379227837047274,random_forest,validation,2,0.3248438845908329,0.3085804497225638,0.36657566568660327,BUY
2303,2025-01-17,2025-01-17T13:30:00+08:00,2025-01-20,41.55,2025-01-22,40.2,-0.032490974729241784,-0.038142848606800284,random_forest,validation,0,0.32533635380658515,0.29329920284539557,0.38136444334801906,BUY
2303,2025-01-20,2025-01-20T13:30:00+08:00,2025-01-21,42.75,2025-02-03,40.5,-0.052631578947368474,-0.05816579794844967,random_forest,validation,0,0.36751705214570946,0.25394223657087217,0.3785407112834186,BUY
2303,2025-01-21,2025-01-21T13:30:00+08:00,2025-01-22,39.7,2025-02-04,40.1,0.010075566750629594,0.004175032945810342,random_forest,validation,1,0.27899450341193616,0.23164525223070143,0.48936024435736236,BUY
2303,2025-01-22,2025-01-22T13:30:00+08:00,2025-02-03,40.2,2025-02-05,40.1,-0.0024875621890547706,-0.00831470626993347,random_forest,validation,1,0.3303616657744191,0.32933906842257044,0.3402992658030102,BUY
2303,2025-02-03,2025-02-03T13:30:00+08:00,2025-02-04,40.95,2025-02-06,40.1,-0.020757020757020794,-0.026477440587334033,random_forest,validation,0,0.3057473246098807,0.4304766106889293,0.2637760647011901,HOLD
2303,2025-02-04,2025-02-04T13:30:00+08:00,2025-02-05,40.4,2025-02-07,40.15,-0.006188118811881194,-0.011993645441384593,random_forest,validation,0,0.29111326982540475,0.2804305615347344,0.42845616863986075,BUY
2303,2025-02-05,2025-02-05T13:30:00+08:00,2025-02-06,40.3,2025-02-10,40.2,-0.002481389578163684,-0.0083085697174331,random_forest,validation,1,0.33266349900065884,0.28064477557457645,0.38669172542476465,BUY
2303,2025-02-06,2025-02-06T13:30:00+08:00,2025-02-07,40.1,2025-02-11,40.4,0.007481296758104605,0.00159591783703239,random_forest,validation,1,0.3118892290918305,0.3082337269207467,0.3798770439874226,BUY
2303,2025-02-07,2025-02-07T13:30:00+08:00,2025-02-10,40.15,2025-02-12,40.1,-0.001245330012453194,-0.007079730810742868,random_forest,validation,1,0.32035977595772475,0.28613477742547844,0.393505446616797,BUY
2303,2025-02-10,2025-02-10T13:30:00+08:00,2025-02-11,40.3,2025-02-13,41.4,0.027295285359801635,0.021294159544733127,random_forest,validation,2,0.3405657057742077,0.4126533764628924,0.24678091776290015,HOLD
2303,2025-02-11,2025-02-11T13:30:00+08:00,2025-02-12,40.4,2025-02-14,41.4,0.024752475247524774,0.018766203704275952,random_forest,validation,2,0.3442448815469668,0.297815176021589,0.3579399424314441,BUY
2303,2025-02-12,2025-02-12T13:30:00+08:00,2025-02-13,40.25,2025-02-17,42.0,0.04347826086956519,0.037382599361127866,random_forest,validation,2,0.32083861581212,0.2516586826733382,0.4275027015145419,BUY
2303,2025-02-13,2025-02-13T13:30:00+08:00,2025-02-14,41.5,2025-02-18,41.95,0.010843373493975905,0.00493835441122914,random_forest,validation,1,0.45181501031786964,0.2616367292379753,0.28654826044415516,SELL
2303,2025-02-14,2025-02-14T13:30:00+08:00,2025-02-17,41.5,2025-02-19,42.55,0.025301204819277112,0.01931172777587098,random_forest,validation,2,0.40221250653830665,0.25246351302348397,0.3453239804382095,SELL
2303,2025-02-17,2025-02-17T13:30:00+08:00,2025-02-18,42.05,2025-02-20,43.0,0.022592152199762294,0.01661850056297598,random_forest,validation,2,0.3389994574283694,0.2707762463813772,0.39022429619025345,BUY
2303,2025-02-18,2025-02-18T13:30:00+08:00,2025-02-19,42.2,2025-02-21,43.6,0.033175355450236976,0.027139880173122855,random_forest,validation,2,0.32004410435375763,0.30514308029844495,0.3748128153477972,BUY
2303,2025-02-19,2025-02-19T13:30:00+08:00,2025-02-20,43.0,2025-02-24,43.55,0.012790697674418539,0.006874302955497624,random_forest,validation,1,0.418051845375769,0.23413573548463518,0.3478124191395956,SELL
2303,2025-02-20,2025-02-20T13:30:00+08:00,2025-02-21,43.35,2025-02-25,43.3,-0.0011534025374856371,-0.006988340346263944,random_forest,validation,1,0.3473485478128199,0.33223627052707044,0.3204151816601097,SELL
2303,2025-02-21,2025-02-21T13:30:00+08:00,2025-02-24,43.05,2025-02-26,43.6,0.012775842044134844,0.006859534106987031,random_forest,validation,1,0.34853826555514655,0.29837476041620226,0.35308697402865136,BUY
2303,2025-02-24,2025-02-24T13:30:00+08:00,2025-02-25,43.05,2025-02-27,43.7,0.015098722415795685,0.009168844965030676,random_forest,validation,1,0.2944842941270108,0.262909095045674,0.4426066108273151,BUY
2303,2025-02-25,2025-02-25T13:30:00+08:00,2025-02-26,43.1,2025-03-03,43.6,0.011600928074245953,0.005691483603382563,random_forest,validation,1,0.27240681789029286,0.2678462262636864,0.45974695584602054,BUY
2303,2025-02-26,2025-02-26T13:30:00+08:00,2025-02-27,44.0,2025-03-04,43.6,-0.009090909090909038,-0.014879478561232062,random_forest,validation,0,0.353877225899898,0.2714816570001044,0.37464111709999737,BUY
2303,2025-02-27,2025-02-27T13:30:00+08:00,2025-03-03,43.1,2025-03-05,44.0,0.02088167053364276,0.01491801097589085,random_forest,validation,2,0.2921879843841841,0.28935196546225417,0.4184600501535616,BUY
2303,2025-03-03,2025-03-03T13:30:00+08:00,2025-03-04,42.95,2025-03-06,44.0,0.024447031431897415,0.018462544192337393,random_forest,validation,2,0.318145223400165,0.3561265680051332,0.32572820859470153,HOLD
2303,2025-03-04,2025-03-04T13:30:00+08:00,2025-03-05,44.1,2025-03-07,44.15,0.0011337868480725266,-0.004714511979159952,random_forest,validation,1,0.29674753011456445,0.4205003097359635,0.282752160149472,HOLD
2303,2025-03-05,2025-03-05T13:30:00+08:00,2025-03-06,44.3,2025-03-10,45.05,0.016930022573363512,0.01098944726112916,random_forest,validation,2,0.2922144589566186,0.2783870678390652,0.429398473204316,BUY
2303,2025-03-06,2025-03-06T13:30:00+08:00,2025-03-07,44.0,2025-03-11,44.85,0.01931818181818179,0.013363655654329065,random_forest,validation,2,0.338391440745011,0.265713222432732,0.39589533682225686,BUY
2303,2025-03-07,2025-03-07T13:30:00+08:00,2025-03-10,44.55,2025-03-12,44.8,0.0056116722783390305,-0.0002627849030059082,random_forest,validation,1,0.2820509949014747,0.2907329005741122,0.42721610452441316,BUY
2303,2025-03-10,2025-03-10T13:30:00+08:00,2025-03-11,44.3,2025-03-13,43.7,-0.013544018058690654,-0.019306573910957803,random_forest,validation,0,0.2533955855740547,0.3125475646760808,0.4340568497498643,BUY
2303,2025-03-11,2025-03-11T13:30:00+08:00,2025-03-12,44.7,2025-03-14,44.9,0.004474272930648615,-0.001393539932665555,random_forest,validation,1,0.2887927180649137,0.3385952745911879,0.37261200734389854,BUY
2303,2025-03-12,2025-03-12T13:30:00+08:00,2025-03-13,44.7,2025-03-17,44.1,-0.01342281879194629,-0.019186082651014402,random_forest,validation,0,0.3523849654794913,0.27875895407458035,0.3688560804459285,BUY
2303,2025-03-13,2025-03-13T13:30:00+08:00,2025-03-14,43.55,2025-03-18,44.5,0.021814006888633886,0.015844900924334437,random_forest,validation,2,0.39239953334634126,0.2594580656873753,0.3481424009662835,SELL
2303,2025-03-14,2025-03-14T13:30:00+08:00,2025-03-17,45.0,2025-03-19,44.3,-0.015555555555555656,-0.021306360658284174,random_forest,validation,0,0.31551770901855614,0.3293671441913084,0.3551151467901354,BUY
2303,2025-03-17,2025-03-17T13:30:00+08:00,2025-03-18,44.2,2025-03-20,45.15,0.02149321266968318,0.015525980681149187,random_forest,validation,2,0.32670668504492534,0.238247091572818,0.43504622338225635,BUY
2303,2025-03-18,2025-03-18T13:30:00+08:00,2025-03-19,44.5,2025-03-21,45.0,0.011235955056179803,0.005328642639295111,random_forest,validation,1,0.34921590341308145,0.31711486694496127,0.3336692296419569,SELL
2303,2025-03-19,2025-03-19T13:30:00+08:00,2025-03-20,44.7,2025-03-24,44.85,0.003355704697986628,-0.002505573852562226,random_forest,validation,1,0.3520450604795903,0.28519969260748984,0.36275524691292,BUY
2303,2025-03-20,2025-03-20T13:30:00+08:00,2025-03-21,45.0,2025-03-25,44.85,-0.0033333333333332993,-0.009155536693544963,random_forest,validation,1,0.35218118177447344,0.298905864064497,0.34891295416102963,SELL
2303,2025-03-21,2025-03-21T13:30:00+08:00,2025-03-24,45.0,2025-03-26,44.55,-0.010000000000000009,-0.015783258856129967,random_forest,validation,0,0.33568746836479874,0.31776087045693724,0.3465516611782639,BUY
2303,2025-03-24,2025-03-24T13:30:00+08:00,2025-03-25,45.0,2025-03-27,44.8,-0.004444444444444473,-0.010260157053975871,random_forest,validation,0,0.3542262209537876,0.2983401537642014,0.3474336252820111,SELL
2303,2025-03-25,2025-03-25T13:30:00+08:00,2025-03-26,44.75,2025-03-28,44.55,-0.004469273743016866,-0.010284841307840353,random_forest,validation,0,0.32658292940511285,0.2844583061467181,0.388958764448169,BUY
2303,2025-03-26,2025-03-26T13:30:00+08:00,2025-03-27,44.1,2025-03-31,44.65,0.012471655328798015,0.00655712435176703,random_forest,validation,1,0.3088309116589815,0.29238587380927583,0.3987832145317427,BUY
2303,2025-03-27,2025-03-27T13:30:00+08:00,2025-03-28,44.6,2025-04-01,45.95,0.030269058295964157,0.024250560664058174,random_forest,validation,2,0.269067944561454,0.3319124606181566,0.3990195948203892,BUY
2303,2025-03-28,2025-03-28T13:30:00+08:00,2025-03-31,43.55,2025-04-02,45.25,0.039035591274397374,0.032965882400587176,random_forest,validation,2,0.35107785702208427,0.3292750659626973,0.31964707701521855,SELL
2303,2025-03-31,2025-03-31T13:30:00+08:00,2025-04-01,47.2,2025-04-07,40.75,-0.13665254237288138,-0.1416959381610019,random_forest,validation,0,0.3467551032221881,0.3428202622774625,0.3104246345003494,SELL
2303,2025-04-01,2025-04-01T13:30:00+08:00,2025-04-02,45.8,2025-04-08,41.7,-0.08951965065502177,-0.09483838150722557,random_forest,validation,0,0.45393584653704694,0.20013870382075954,0.3459254496421936,SELL
2303,2025-04-02,2025-04-02T13:30:00+08:00,2025-04-07,40.75,2025-04-09,39.9,-0.020858895705521463,-0.026578720415432744,random_forest,validation,0,0.38039489294032175,0.3206534938535809,0.2989516132060974,SELL
2303,2025-04-08,2025-04-08T13:30:00+08:00,2025-04-09,40.55,2025-04-11,44.1,0.08754623921085081,0.08119314686805579,random_forest,validation,2,0.3459110263876134,0.3328759966984911,0.32121297691389555,SELL
2303,2025-04-09,2025-04-09T13:30:00+08:00,2025-04-10,43.85,2025-04-14,44.3,0.010262257696693089,0.004360633303927219,random_forest,validation,1,0.44898351867447306,0.2129740565235419,0.33804242480198515,SELL
2303,2025-04-10,2025-04-10T13:30:00+08:00,2025-04-11,42.7,2025-04-15,44.7,0.04683840749414525,0.040723117099117356,random_forest,validation,2,0.3247908062795436,0.35968872043794675,0.3155204732825098,HOLD
2303,2025-04-11,2025-04-11T13:30:00+08:00,2025-04-14,44.8,2025-04-16,44.95,0.0033482142857144126,-0.0025130205082755097,random_forest,validation,1,0.3711167821917736,0.29829505969155584,0.33058815811667075,SELL
2303,2025-04-14,2025-04-14T13:30:00+08:00,2025-04-15,44.5,2025-04-17,44.1,-0.008988764044943753,-0.01477793021349072,random_forest,validation,0,0.34292737857234734,0.2821878869976736,0.37488473442997905,BUY
2303,2025-04-15,2025-04-15T13:30:00+08:00,2025-04-16,44.2,2025-04-18,44.3,0.002262443438913797,-0.0035924486339997674,random_forest,validation,1,0.34999986453844284,0.2861462423512171,0.3638538931103399,BUY
2303,2025-04-16,2025-04-16T13:30:00+08:00,2025-04-17,44.85,2025-04-21,43.65,-0.026755852842809458,-0.03244122944202521,random_forest,validation,0,0.29414094356657317,0.3040915101511901,0.40176754628223643,BUY
2303,2025-04-17,2025-04-17T13:30:00+08:00,2025-04-18,44.45,2025-04-22,44.3,-0.003374578177727905,-0.00919654059893793,random_forest,validation,1,0.3170068075321679,0.29811076940589126,0.3848824230619408,BUY
2303,2025-04-18,2025-04-18T13:30:00+08:00,2025-04-21,44.35,2025-04-23,45.1,0.016910935738444266,0.01097047192530809,random_forest,validation,2,0.33020149701969836,0.29661549498571804,0.3731830079945834,BUY
2303,2025-04-21,2025-04-21T13:30:00+08:00,2025-04-22,43.6,2025-04-24,43.4,-0.004587155963302836,-0.010402034898435053,random_forest,validation,0,0.32292241372321756,0.2761001213939062,0.4009774648828763,BUY
2303,2025-04-22,2025-04-22T13:30:00+08:00,2025-04-23,44.95,2025-04-25,44.65,-0.006674082313681939,-0.012476770102048396,random_forest,validation,0,0.3185937256113347,0.27298459725128005,0.4084216771373852,BUY
2303,2025-04-23,2025-04-23T13:30:00+08:00,2025-04-24,44.75,2025-04-28,44.9,0.003351955307262511,-0.0025093013405619313,random_forest,validation,1,0.33941933356268095,0.27059540258183823,0.3899852638554808,BUY
2303,2025-04-24,2025-04-24T13:30:00+08:00,2025-04-25,44.1,2025-04-29,44.95,0.01927437641723362,0.013320106150322975,random_forest,validation,2,0.3941205675815236,0.250727861235117,0.35515157118335966,SELL
2303,2025-04-25,2025-04-25T13:30:00+08:00,2025-04-28,44.55,2025-04-30,45.2,0.014590347923681302,0.008663440231788666,random_forest,validation,1,0.3394315089098175,0.3056000540269819,0.3549684370632008,BUY
2303,2025-04-28,2025-04-28T13:30:00+08:00,2025-04-29,44.7,2025-05-02,45.65,0.021252796420581532,0.015286968865786621,random_forest,validation,2,0.35023712159857373,0.28276017203762494,0.36700270636380133,BUY
2303,2025-04-29,2025-04-29T13:30:00+08:00,2025-04-30,44.75,2025-05-05,45.05,0.006703910614525022,0.000823072931128932,random_forest,validation,1,0.32944027009691884,0.29061238307707726,0.3799473468260039,BUY
2303,2025-04-30,2025-04-30T13:30:00+08:00,2025-05-02,45.2,2025-05-06,45.4,0.004424778761061843,-0.0014427449733689368,random_forest,validation,1,0.3547943738636433,0.29637419215270805,0.3488314339836486,SELL
2303,2025-05-02,2025-05-02T13:30:00+08:00,2025-05-05,45.75,2025-05-07,45.75,0.0,-0.005841675612252573,random_forest,validation,1,0.3780121928709208,0.25531347686833494,0.3666743302607444,SELL
2303,2025-05-05,2025-05-05T13:30:00+08:00,2025-05-06,45.0,2025-05-08,45.3,0.006666666666666599,0.000786046550332431,random_forest,validation,1,0.35771146171434026,0.3018438109473057,0.3404447273383537,SELL
2303,2025-05-06,2025-05-06T13:30:00+08:00,2025-05-07,45.6,2025-05-09,45.55,-0.0010964912280703176,-0.006931761494256783,random_forest,validation,1,0.3683034333161276,0.3506573804042268,0.2810391862796457,SELL
2303,2025-05-07,2025-05-07T13:30:00+08:00,2025-05-08,45.4,2025-05-12,46.45,0.023127753303964882,0.017150972859270253,random_forest,validation,2,0.35417442782514236,0.2801384219433898,0.3656871502314679,BUY
2303,2025-05-08,2025-05-08T13:30:00+08:00,2025-05-09,45.2,2025-05-13,46.55,0.02986725663716805,0.023851106200213135,random_forest,validation,2,0.3789196871184856,0.28937036225585777,0.3317099506256565,SELL
2303,2025-05-09,2025-05-09T13:30:00+08:00,2025-05-12,45.75,2025-05-14,47.0,0.02732240437158473,0.02132112013604659,random_forest,validation,2,0.37688562756559996,0.29450631922416715,0.3286080532102329,SELL
2303,2025-05-12,2025-05-12T13:30:00+08:00,2025-05-13,46.65,2025-05-15,47.5,0.018220793140407254,0.012272677565230428,random_forest,validation,2,0.3055618892697491,0.30784525367458654,0.3865928570556643,BUY
2303,2025-05-13,2025-05-13T13:30:00+08:00,2025-05-14,46.9,2025-05-16,47.8,0.019189765458422103,0.013235989461286346,random_forest,validation,2,0.33534883264658477,0.3009542930966695,0.3636968742567458,BUY
2303,2025-05-14,2025-05-14T13:30:00+08:00,2025-05-15,46.95,2025-05-19,47.75,0.017039403620873195,0.011098189340041253,random_forest,validation,2,0.35392770869577683,0.2875674970257437,0.3585047942784794,BUY
2303,2025-05-15,2025-05-15T13:30:00+08:00,2025-05-16,47.6,2025-05-20,47.85,0.005252100840336116,-0.0006202558413085368,random_forest,validation,1,0.34907664576528574,0.2863220150135815,0.3646013392211329,BUY
2303,2025-05-16,2025-05-16T13:30:00+08:00,2025-05-19,47.6,2025-05-21,49.55,0.0409663865546217,0.03488539860111084,random_forest,validation,2,0.3191395601983876,0.3031372149611432,0.3777232248404692,BUY
2303,2025-05-19,2025-05-19T13:30:00+08:00,2025-05-20,47.95,2025-05-22,49.45,0.031282586027111536,0.02525816769497613,random_forest,validation,2,0.35446284654309124,0.3229369295313348,0.32260022392557397,SELL
2303,2025-05-20,2025-05-20T13:30:00+08:00,2025-05-21,48.0,2025-05-23,48.05,0.0010416666666666075,-0.004806094024348617,random_forest,validation,1,0.36284617572180367,0.27972882698848,0.35742499728971644,SELL
2303,2025-05-21,2025-05-21T13:30:00+08:00,2025-05-22,49.45,2025-05-26,47.1,-0.04752275025278063,-0.05308681337385446,random_forest,validation,0,0.31143913906305326,0.2903592273359227,0.398201633601024,BUY
2303,2025-05-22,2025-05-22T13:30:00+08:00,2025-05-23,48.1,2025-05-27,46.0,-0.04365904365904372,-0.04924567730069895,random_forest,validation,0,0.31397596081330437,0.31105664970059427,0.3749673894861012,BUY
2303,2025-05-23,2025-05-23T13:30:00+08:00,2025-05-26,47.8,2025-05-28,47.05,-0.01569037656903771,-0.021440394091139736,random_forest,validation,0,0.41018259413342945,0.2721210399806003,0.31769636588597017,SELL
2303,2025-05-26,2025-05-26T13:30:00+08:00,2025-05-27,47.1,2025-05-29,46.75,-0.007430997876857748,-0.013229264010038433,random_forest,validation,0,0.35513338900827784,0.2967999856708465,0.3480666253208756,SELL
2303,2025-05-27,2025-05-27T13:30:00+08:00,2025-05-28,46.4,2025-06-02,46.95,0.0118534482758621,0.005942528663895441,random_forest,validation,1,0.33557261183622344,0.284718601864486,0.37970878629929056,BUY
2303,2025-05-28,2025-05-28T13:30:00+08:00,2025-05-29,47.4,2025-06-03,47.25,-0.0031645569620253333,-0.0089877462590493,random_forest,validation,1,0.46109059971986516,0.2871281597903253,0.25178124048980943,SELL
2303,2025-05-29,2025-05-29T13:30:00+08:00,2025-06-02,46.8,2025-06-04,45.95,-0.018162393162392987,-0.023897969965448684,random_forest,validation,0,0.3622940422234976,0.3102970000686278,0.3274089577078747,SELL
2303,2025-06-02,2025-06-02T13:30:00+08:00,2025-06-03,46.7,2025-06-05,45.3,-0.029978586723768852,-0.0356451371570673,random_forest,validation,0,0.35440395517828976,0.3639861340933488,0.28160991072836145,HOLD
2303,2025-06-03,2025-06-03T13:30:00+08:00,2025-06-04,47.1,2025-06-06,45.0,-0.04458598726114649,-0.05016720599896751,random_forest,validation,0,0.3705195022363115,0.3237279433775988,0.3057525543860898,SELL
2303,2025-06-04,2025-06-04T13:30:00+08:00,2025-06-05,45.65,2025-06-09,45.65,0.0,-0.005841675612252684,random_forest,validation,1,0.3225623388329727,0.2253651224137349,0.45207253875329234,BUY
2303,2025-06-05,2025-06-05T13:30:00+08:00,2025-06-06,45.3,2025-06-10,46.4,0.02428256070640189,0.018299034251467727,random_forest,validation,2,0.3840760704093447,0.2591197655512802,0.35680416403937515,SELL
2303,2025-06-06,2025-06-06T13:30:00+08:00,2025-06-09,45.0,2025-06-11,47.25,0.050000000000000044,0.04386624060713484,random_forest,validation,2,0.33894208726425284,0.33742247667577546,0.3236354360599718,SELL
2303,2025-06-09,2025-06-09T13:30:00+08:00,2025-06-10,45.85,2025-06-12,47.3,0.0316248636859322,0.025598445878744824,random_forest,validation,2,0.354734271031733,0.2146191778619997,0.4306465511062671,BUY
2303,2025-06-10,2025-06-10T13:30:00+08:00,2025-06-11,46.55,2025-06-13,47.45,0.019334049409237553,0.01337943055206492,random_forest,validation,2,0.34562815992538765,0.3619525950674226,0.29241924500718985,HOLD
2303,2025-06-11,2025-06-11T13:30:00+08:00,2025-06-12,47.25,2025-06-16,48.0,0.015873015873015817,0.009938615251045002,random_forest,validation,1,0.34026766114344087,0.3030847088202832,0.35664763003627603,BUY
2303,2025-06-12,2025-06-12T13:30:00+08:00,2025-06-13,46.8,2025-06-17,47.5,0.014957264957265126,0.009028213855085454,random_forest,validation,1,0.36786906197333963,0.3323978916316945,0.29973304639496584,SELL
2303,2025-06-13,2025-06-13T13:30:00+08:00,2025-06-16,47.35,2025-06-18,48.3,0.020063357972544882,0.014104478731324255,random_forest,validation,2,0.3323724743180826,0.2672697607273826,0.4003577649545349,BUY
2303,2025-06-16,2025-06-16T13:30:00+08:00,2025-06-17,48.25,2025-06-19,47.75,-0.010362694300518172,-0.0161438344141982,random_forest,validation,0,0.35149503181370556,0.2846535350899592,0.3638514330963355,BUY
2303,2025-06-17,2025-06-17T13:30:00+08:00,2025-06-18,47.7,2025-06-20,47.65,-0.0010482180293501786,-0.006883770291904345,random_forest,validation,1,0.3926051439738256,0.2231018479133965,0.3842930081127777,SELL
2303,2025-06-18,2025-06-18T13:30:00+08:00,2025-06-19,48.4,2025-06-23,47.0,-0.02892561983471076,-0.034598321359005535,random_forest,validation,0,0.35572431782929714,0.28217690059216977,0.36209878157853337,BUY
2303,2025-06-19,2025-06-19T13:30:00+08:00,2025-06-20,47.3,2025-06-24,45.35,-0.04122621564482021,-0.046827061078554943,random_forest,validation,0,0.351113191440526,0.31090714899580496,0.33797965956366904,SELL
2303,2025-06-20,2025-06-20T13:30:00+08:00,2025-06-23,46.5,2025-06-25,43.8,-0.058064516129032295,-0.06356699767347662,random_forest,validation,0,0.29434925646042365,0.3225348534701912,0.3831158900693852,BUY
2303,2025-06-23,2025-06-23T13:30:00+08:00,2025-06-24,42.5,2025-06-26,43.25,0.01764705882352935,0.011702294818119352,random_forest,validation,2,0.3715693060585872,0.252638429679814,0.375792264261599,BUY
2303,2025-06-24,2025-06-24T13:30:00+08:00,2025-06-25,45.45,2025-06-27,44.3,-0.025302530253025424,-0.030996396691370554,random_forest,validation,0,0.34920895227218224,0.22101753020916398,0.42977351751865384,BUY
2303,2025-06-25,2025-06-25T13:30:00+08:00,2025-06-26,43.8,2025-06-30,44.2,0.009132420091324311,0.0032373958433433714,random_forest,validation,1,0.4033767415336014,0.2710724555992071,0.3255508028671917,SELL
2330,2025-01-02,2025-01-02T13:30:00+08:00,2025-01-03,1080.0,2025-01-07,1130.0,0.04629629629629628,0.040184172739031965,random_forest,validation,2,0.3862405913916409,0.3476492850557525,0.2661101235526067,SELL
2330,2025-01-03,2025-01-03T13:30:00+08:00,2025-01-06,1100.0,2025-01-08,1105.0,0.00454545454545463,-0.0013227741377629387,random_forest,validation,1,0.34940622680220423,0.36610069214152047,0.28449308105627547,HOLD
2330,2025-01-06,2025-01-06T13:30:00+08:00,2025-01-07,1150.0,2025-01-09,1100.0,-0.04347826086956519,-0.04906595058563301,random_forest,validation,0,0.44962837740969436,0.3252164183871966,0.22515520420310886,SELL
2330,2025-01-07,2025-01-07T13:30:00+08:00,2025-01-08,1110.0,2025-01-10,1100.0,-0.009009009009009028,-0.014798056913043145,random_forest,validation,0,0.3370466669975738,0.4005446003483631,0.26240873265406306,HOLD
2330,2025-01-08,2025-01-08T13:30:00+08:00,2025-01-09,1100.0,2025-01-13,1075.0,-0.022727272727272707,-0.02843618298470152,random_forest,validation,0,0.37516775581155215,0.2874208023081526,0.33741144188029515,SELL
2330,2025-01-09,2025-01-09T13:30:00+08:00,2025-01-10,1100.0,2025-01-14,1090.0,-0.009090909090909038,-0.014879478561232062,random_forest,validation,0,0.38389296801744766,0.3392111553198924,0.27689587666266,SELL
2330,2025-01-10,2025-01-10T13:30:00+08:00,2025-01-13,1110.0,2025-01-15,1065.0,-0.04054054054054057,-0.04614539146580998,random_forest,validation,0,0.3438765997119142,0.44867422515601646,0.2074491751320694,HOLD
2330,2025-01-13,2025-01-13T13:30:00+08:00,2025-01-14,1085.0,2025-01-16,1105.0,0.018433179723502224,0.01248382345480259,random_forest,validation,2,0.36642233827995474,0.2953130996380424,0.33826456208200284,SELL
2330,2025-01-14,2025-01-14T13:30:00+08:00,2025-01-15,1085.0,2025-01-17,1120.0,0.032258064516129004,0.026227947755094183,random_forest,validation,2,0.4118084078609812,0.38540881472974803,0.20278277740927084,SELL
2330,2025-01-15,2025-01-15T13:30:00+08:00,2025-01-16,1095.0,2025-01-20,1120.0,0.022831050228310446,0.016856003026737287,random_forest,validation,2,0.3740753865491458,0.4053777307407244,0.22054688271013004,HOLD
2330,2025-01-16,2025-01-16T13:30:00+08:00,2025-01-17,1125.0,2025-01-21,1120.0,-0.004444444444444473,-0.010260157053975871,random_forest,validation,0,0.405447846984879,0.37628955740155895,0.21826259561356207,SELL
2330,2025-01-17,2025-01-17T13:30:00+08:00,2025-01-20,1125.0,2025-01-22,1135.0,0.008888888888888946,0.002995287271194025,random_forest,validation,1,0.36213286941469136,0.4100395274081169,0.22782760317719153,HOLD
2330,2025-01-20,2025-01-20T13:30:00+08:00,2025-01-21,1115.0,2025-02-03,1070.0,-0.04035874439461884,-0.045964657314000235,random_forest,validation,0,0.37649491534572166,0.4070796766183258,0.2164254080359529,HOLD
2330,2025-01-21,2025-01-21T13:30:00+08:00,2025-01-22,1140.0,2025-02-04,1095.0,-0.03947368421052633,-0.04508476736440048,random_forest,validation,0,0.30820891159949815,0.3696745398439962,0.32211654855650546,HOLD
2330,2025-01-22,2025-01-22T13:30:00+08:00,2025-02-03,1065.0,2025-02-05,1110.0,0.04225352112676051,0.03616501415061002,random_forest,validation,2,0.29279968030689146,0.5107242758804187,0.19647604381268988,HOLD
2330,2025-02-03,2025-02-03T13:30:00+08:00,2025-02-04,1085.0,2025-02-06,1115.0,0.02764976958525356,0.021646572988330393,random_forest,validation,2,0.3781536427152253,0.30939994674031374,0.31244641054446104,SELL
2330,2025-02-04,2025-02-04T13:30:00+08:00,2025-02-05,1110.0,2025-02-07,1125.0,0.013513513513513598,0.0075928963389331194,random_forest,validation,1,0.2988481037095542,0.3885033871477494,0.3126485091426962,HOLD
2330,2025-02-05,2025-02-05T13:30:00+08:00,2025-02-06,1120.0,2025-02-10,1105.0,-0.013392857142857095,-0.019156296028159936,random_forest,validation,0,0.3046721100137607,0.451489348317752,0.2438385416684875,HOLD
2330,2025-02-06,2025-02-06T13:30:00+08:00,2025-02-07,1110.0,2025-02-11,1110.0,0.0,-0.005841675612252573,random_forest,validation,1,0.3695069698590725,0.37265844168439394,0.2578345884565338,HOLD
2330,2025-02-07,2025-02-07T13:30:00+08:00,2025-02-10,1125.0,2025-02-12,1100.0,-0.022222222222222254,-0.027934082820869288,random_forest,validation,0,0.3175413760944721,0.4645813480716762,0.21787727583385177,HOLD
2330,2025-02-10,2025-02-10T13:30:00+08:00,2025-02-11,1110.0,2025-02-13,1090.0,-0.018018018018018056,-0.023754438213833495,random_forest,validation,0,0.3987545287670329,0.31642678748314484,0.28481868374982267,SELL
2330,2025-02-11,2025-02-11T13:30:00+08:00,2025-02-12,1110.0,2025-02-14,1060.0,-0.04504504504504503,-0.0506235821162051,random_forest,validation,0,0.34065779203026,0.42118897465155214,0.238153233318188,HOLD
2330,2025-02-12,2025-02-12T13:30:00+08:00,2025-02-13,1090.0,2025-02-17,1085.0,-0.004587155963302725,-0.01040203489843472,random_forest,validation,0,0.41373637132278224,0.32105399360505515,0.2652096350721626,SELL
2330,2025-02-13,2025-02-13T13:30:00+08:00,2025-02-14,1065.0,2025-02-18,1100.0,0.032863849765258246,0.026830194203307123,random_forest,validation,2,0.32180511645958826,0.4840996426419859,0.1940952408984259,HOLD
2330,2025-02-14,2025-02-14T13:30:00+08:00,2025-02-17,1065.0,2025-02-19,1090.0,0.023474178403755763,0.01749537425600467,random_forest,validation,2,0.41761345319097737,0.3177871214573903,0.26459942535163233,SELL
2330,2025-02-17,2025-02-17T13:30:00+08:00,2025-02-18,1085.0,2025-02-20,1080.0,-0.004608294930875556,-0.010423050379016363,random_forest,validation,0,0.32200264452039407,0.35580183190143677,0.3221955235781693,HOLD
2330,2025-02-18,2025-02-18T13:30:00+08:00,2025-02-19,1090.0,2025-02-21,1095.0,0.004587155963302836,-0.0012813163260702032,random_forest,validation,1,0.3350515247909527,0.35306344035327336,0.3118850348557738,HOLD
2330,2025-02-19,2025-02-19T13:30:00+08:00,2025-02-20,1080.0,2025-02-24,1075.0,-0.00462962962962965,-0.010444260447381004,random_forest,validation,0,0.32785960432366457,0.3641808067541971,0.30795958892213837,HOLD
2330,2025-02-20,2025-02-20T13:30:00+08:00,2025-02-21,1085.0,2025-02-25,1055.0,-0.027649769585253448,-0.03332992421283543,random_forest,validation,0,0.3160026459295022,0.3631719569325976,0.32082539713790015,HOLD
2330,2025-02-21,2025-02-21T13:30:00+08:00,2025-02-24,1080.0,2025-02-26,1060.0,-0.01851851851851849,-0.0242520149527663,random_forest,validation,0,0.33650377417019306,0.3863493295157252,0.27714689631408207,HOLD
2330,2025-02-24,2025-02-24T13:30:00+08:00,2025-02-25,1055.0,2025-02-27,1040.0,-0.014218009478673022,-0.01997662809169931,random_forest,validation,0,0.32695770887197184,0.4369672465300614,0.2360750445979669,HOLD
2330,2025-02-25,2025-02-25T13:30:00+08:00,2025-02-26,1045.0,2025-03-03,1020.0,-0.02392344497607657,-0.029625367583251405,random_forest,validation,0,0.3127242204956427,0.33390564418900787,0.3533701353153495,BUY
2330,2025-02-26,2025-02-26T13:30:00+08:00,2025-02-27,1065.0,2025-03-04,1000.0,-0.06103286384976525,-0.06651800526972074,random_forest,validation,0,0.36501078638476925,0.3241705283708429,0.31081868524438777,SELL
2330,2025-02-27,2025-02-27T13:30:00+08:00,2025-03-03,1000.0,2025-03-05,1020.0,0.020000000000000018,0.014041490875502438,random_forest,validation,2,0.36162653876582807,0.3026981567390586,0.33567530449511346,SELL
2330,2025-03-03,2025-03-03T13:30:00+08:00,2025-03-04,996.0,2025-03-06,1005.0,0.009036144578313143,0.0031416827406487435,random_forest,validation,1,0.36098490532200744,0.3460201272978389,0.29299496738015374,SELL
2330,2025-03-04,2025-03-04T13:30:00+08:00,2025-03-05,1020.0,2025-03-07,1005.0,-0.014705882352941124,-0.020461650970895917,random_forest,validation,0,0.32633665277224944,0.3441447563641177,0.32951859086363294,HOLD
2330,2025-03-05,2025-03-05T13:30:00+08:00,2025-03-06,1020.0,2025-03-10,998.0,-0.021568627450980427,-0.027284306138262715,random_forest,validation,0,0.3346241081466841,0.36277601103111323,0.30259988082220285,HOLD
2330,2025-03-06,2025-03-06T13:30:00+08:00,2025-03-07,1005.0,2025-03-11,971.0,-0.03383084577114426,-0.03947489255671377,random_forest,validation,0,0.3319593333549486,0.2849734994981493,0.3830671671469023,BUY
2330,2025-03-07,2025-03-07T13:30:00+08:00,2025-03-10,1005.0,2025-03-12,988.0,-0.01691542288557213,-0.022658284084483116,random_forest,validation,0,0.4165478314998318,0.31313255000750606,0.27031961849266195,SELL
2330,2025-03-10,2025-03-10T13:30:00+08:00,2025-03-11,969.0,2025-03-13,965.0,-0.0041279669762641635,-0.00994552834450324,random_forest,validation,1,0.340046921551105,0.3009159685096788,0.3590371099392162,BUY
2330,2025-03-11,2025-03-11T13:30:00+08:00,2025-03-12,980.0,2025-03-14,959.0,-0.021428571428571463,-0.027145068277704243,random_forest,validation,0,0.31665572909687645,0.31412156890551035,0.36922270199761315,BUY
2330,2025-03-12,2025-03-12T13:30:00+08:00,2025-03-13,1000.0,2025-03-17,970.0,-0.030000000000000027,-0.03566642534388487,random_forest,validation,0,0.4244040729961689,0.23273746466973833,0.3428584623340931,SELL
2330,2025-03-13,2025-03-13T13:30:00+08:00,2025-03-14,965.0,2025-03-18,971.0,0.006217616580310947,0.0003396196689147146,random_forest,validation,1,0.3466805387279189,0.21802020448746556,0.4352992567846157,BUY
2330,2025-03-14,2025-03-14T13:30:00+08:00,2025-03-17,977.0,2025-03-19,952.0,-0.025588536335721557,-0.03128073201930859,random_forest,validation,0,0.3285445286547353,0.3073151516114255,0.364140319733839,BUY
2330,2025-03-17,2025-03-17T13:30:00+08:00,2025-03-18,976.0,2025-03-20,985.0,0.009221311475409832,0.0033257679527984862,random_forest,validation,1,0.3394657764932189,0.30002158955370284,0.3605126339530782,BUY
2330,2025-03-18,2025-03-18T13:30:00+08:00,2025-03-19,965.0,2025-03-21,972.0,0.007253886010362587,0.0013698355491094105,random_forest,validation,1,0.35582265891755,0.29071579197999314,0.35346154910245686,SELL
2330,2025-03-19,2025-03-19T13:30:00+08:00,2025-03-20,978.0,2025-03-24,972.0,-0.006134969325153339,-0.011940806436717244,random_forest,validation,0,0.33238057152774236,0.20596112829928173,0.4616583001729756,BUY
2330,2025-03-20,2025-03-20T13:30:00+08:00,2025-03-21,985.0,2025-03-25,990.0,0.0050761421319796,-0.0007951866559696708,random_forest,validation,1,0.3507280426030406,0.29422142079117247,0.35505053660578734,BUY
2330,2025-03-21,2025-03-21T13:30:00+08:00,2025-03-24,986.0,2025-03-26,980.0,-0.006085192697768749,-0.011891320588242826,random_forest,validation,0,0.3293003510129134,0.26739469629950685,0.4033049526875799,BUY
2330,2025-03-24,2025-03-24T13:30:00+08:00,2025-03-25,989.0,2025-03-27,958.0,-0.03134479271991908,-0.03700336222096856,random_forest,validation,0,0.34811234884700076,0.258647192043283,0.3932404591097163,BUY
2330,2025-03-25,2025-03-25T13:30:00+08:00,2025-03-26,995.0,2025-03-28,952.0,-0.04321608040201008,-0.048805301691321024,random_forest,validation,0,0.31430799975584117,0.27736374169504996,0.4083282585491088,BUY
2330,2025-03-26,2025-03-26T13:30:00+08:00,2025-03-27,961.0,2025-03-31,910.0,-0.05306971904266389,-0.05860137857143577,random_forest,validation,0,0.31167659799720426,0.27795215991646527,0.41037124208633047,BUY
2330,2025-03-27,2025-03-27T13:30:00+08:00,2025-03-28,946.0,2025-04-01,944.0,-0.0021141649048626032,-0.007943490251550167,random_forest,validation,1,0.34363512599133833,0.2841479459398084,0.37221692806885337,BUY
2330,2025-03-28,2025-03-28T13:30:00+08:00,2025-03-31,920.0,2025-04-02,942.0,0.023913043478260843,0.01793167562310649,random_forest,validation,2,0.3254424245475401,0.27974100252344875,0.3948165729290114,BUY
2330,2025-03-31,2025-03-31T13:30:00+08:00,2025-04-01,929.0,2025-04-07,848.0,-0.08719052744886979,-0.0925228642833048,random_forest,validation,0,0.3398868911558594,0.2913856355215451,0.3687274733225954,BUY
2330,2025-04-01,2025-04-01T13:30:00+08:00,2025-04-02,949.0,2025-04-08,816.0,-0.1401475237091675,-0.14517050295005074,random_forest,validation,0,0.30059327108822514,0.2749436329308732,0.42446309598090176,BUY
2330,2025-04-02,2025-04-02T13:30:00+08:00,2025-04-07,848.0,2025-04-09,785.0,-0.0742924528301887,-0.07970013603256865,random_forest,validation,0,0.324159368299862,0.22944802782631415,0.4463926038738236,BUY
2330,2025-04-08,2025-04-08T13:30:00+08:00,2025-04-09,809.0,2025-04-11,889.0,0.09888751545117436,0.09246817105155447,random_forest,validation,2,0.33129566360946067,0.25848414705960804,0.41022018933093124,BUY
2330,2025-04-09,2025-04-09T13:30:00+08:00,2025-04-10,863.0,2025-04-14,865.0,0.002317497103128563,-0.003537716575432781,random_forest,validation,1,0.3922000989029448,0.20470879487682034,0.4030911062202347,BUY
2330,2025-04-11,2025-04-11T13:30:00+08:00,2025-04-14,895.0,2025-04-16,855.0,-0.04469273743016755,-0.0502733325681296,random_forest,validation,0,0.34455330625329217,0.260640059584365,0.3948066341623429,BUY
2330,2025-04-14,2025-04-14T13:30:00+08:00,2025-04-15,874.0,2025-04-17,847.0,-0.03089244851258577,-0.03655366046175956,random_forest,validation,0,0.43884123032541456,0.19818395678109424,0.3629748128934913,SELL
2330,2025-04-15,2025-04-15T13:30:00+08:00,2025-04-16,867.0,2025-04-18,850.0,-0.019607843137254943,-0.025334976090443773,random_forest,validation,0,0.36391913112418545,0.29609435554019325,0.33998651333562124,SELL
2330,2025-04-16,2025-04-16T13:30:00+08:00,2025-04-17,849.0,2025-04-21,835.0,-0.01648998822143699,-0.022235334671650064,random_forest,validation,0,0.33437056578512375,0.23091289026979261,0.43471654394508386,BUY
2330,2025-04-17,2025-04-17T13:30:00+08:00,2025-04-18,853.0,2025-04-22,816.0,-0.04337631887456039,-0.0489646041026941,random_forest,validation,0,0.35255123427166946,0.32134944277517713,0.32609932295315347,SELL
2330,2025-04-18,2025-04-18T13:30:00+08:00,2025-04-21,844.0,2025-04-23,873.0,0.034360189573459765,0.028317792879743564,random_forest,validation,2,0.3238818430966625,0.31981394134528096,0.3563042155580565,BUY
2330,2025-04-21,2025-04-21T13:30:00+08:00,2025-04-22,826.0,2025-04-24,864.0,0.04600484261501214,0.039894421635609856,random_forest,validation,2,0.318613308623515,0.2869256725430898,0.3944610188333953,BUY
2330,2025-04-22,2025-04-22T13:30:00+08:00,2025-04-23,853.0,2025-04-25,888.0,0.041031652989449,0.03495028377059772,random_forest,validation,2,0.2766345172443949,0.2855578279324634,0.4378076548231416,BUY
2330,2025-04-23,2025-04-23T13:30:00+08:00,2025-04-24,886.0,2025-04-28,897.0,0.01241534988713311,0.006501147828227305,random_forest,validation,1,0.3050326123089756,0.28602505596338734,0.4089423317276371,BUY
2330,2025-04-24,2025-04-24T13:30:00+08:00,2025-04-25,900.0,2025-04-29,902.0,0.0022222222222221255,-0.0036324348913908677,random_forest,validation,1,0.3485349012366267,0.27784544068192796,0.3736196580814452,BUY
2330,2025-04-25,2025-04-25T13:30:00+08:00,2025-04-28,898.0,2025-04-30,908.0,0.011135857461024523,0.00522912978182033,random_forest,validation,1,0.363992940040961,0.3154976462963696,0.3205094136626695,SELL
2330,2025-04-28,2025-04-28T13:30:00+08:00,2025-04-29,897.0,2025-05-02,950.0,0.059085841694537455,0.05289900576182838,random_forest,validation,2,0.3657101065374409,0.2783457638916959,0.35594412957086363,SELL
2330,2025-04-29,2025-04-29T13:30:00+08:00,2025-04-30,901.0,2025-05-05,938.0,0.04106548279689237,0.03498391595527983,random_forest,validation,2,0.3327448958537891,0.3287239566595776,0.3385311474866336,BUY
2330,2025-04-30,2025-04-30T13:30:00+08:00,2025-05-02,938.0,2025-05-06,920.0,-0.019189765458422214,-0.02491934068579138,random_forest,validation,0,0.35334466134048925,0.3124983220326062,0.334157016626905,SELL
2330,2025-05-02,2025-05-02T13:30:00+08:00,2025-05-05,956.0,2025-05-07,928.0,-0.029288702928870314,-0.034959283439508715,random_forest,validation,0,0.2889540937921175,0.2845509192066083,0.42649498700127425,BUY
2330,2025-05-05,2025-05-05T13:30:00+08:00,2025-05-06,916.0,2025-05-08,918.0,0.0021834061135370675,-0.003671024248960486,random_forest,validation,1,0.3011563094096457,0.3180239978989524,0.380819692691402,BUY
2330,2025-05-06,2025-05-06T13:30:00+08:00,2025-05-07,925.0,2025-05-09,949.0,0.025945945945945903,0.019952702534024036,random_forest,validation,2,0.3783718391697734,0.29512746760885855,0.32650069322136793,SELL
2330,2025-05-07,2025-05-07T13:30:00+08:00,2025-05-08,933.0,2025-05-12,957.0,0.025723472668810254,0.019731528873605964,random_forest,validation,2,0.34302759133338073,0.3087610029230696,0.3482114057435496,BUY
2330,2025-05-08,2025-05-08T13:30:00+08:00,2025-05-09,938.0,2025-05-13,969.0,0.03304904051172697,0.027014303125508787,random_forest,validation,2,0.3666859617988157,0.2836964670385173,0.34961757116266695,SELL
2330,2025-05-09,2025-05-09T13:30:00+08:00,2025-05-12,954.0,2025-05-14,999.0,0.04716981132075482,0.04105258497207509,random_forest,validation,2,0.33739632052360763,0.26581893702654136,0.396784742449851,BUY
2330,2025-05-12,2025-05-12T13:30:00+08:00,2025-05-13,990.0,2025-05-15,993.0,0.003030303030302939,-0.0028290746292594093,random_forest,validation,1,0.312278973300324,0.29328414760406807,0.3944368790956081,BUY
2330,2025-05-13,2025-05-13T13:30:00+08:00,2025-05-14,990.0,2025-05-16,998.0,0.008080808080808133,0.0021919270090626775,random_forest,validation,1,0.34482058406489846,0.28845011001865095,0.36672930591645053,BUY
2330,2025-05-14,2025-05-14T13:30:00+08:00,2025-05-15,1000.0,2025-05-19,984.0,-0.016000000000000014,-0.021748208802456426,random_forest,validation,0,0.32561723021748834,0.28512598709576775,0.38925678268674413,BUY
2330,2025-05-15,2025-05-15T13:30:00+08:00,2025-05-16,991.0,2025-05-20,978.0,-0.013118062563067578,-0.018883106709165598,random_forest,validation,0,0.3249548094658666,0.31593804271917636,0.3591071478149571,BUY
2330,2025-05-16,2025-05-16T13:30:00+08:00,2025-05-19,993.0,2025-05-21,990.0,-0.0030211480362537513,-0.008845175081702017,random_forest,validation,1,0.34477769107880796,0.31171692262165573,0.3435053862995364,SELL
2330,2025-05-19,2025-05-19T13:30:00+08:00,2025-05-20,991.0,2025-05-22,982.0,-0.00908173562058523,-0.014870358679346163,random_forest,validation,0,0.33417446659159267,0.2435615437898339,0.42226398961857337,BUY
2330,2025-05-20,2025-05-20T13:30:00+08:00,2025-05-21,986.0,2025-05-23,984.0,-0.0020283975659228792,-0.00785822393758262,random_forest,validation,1,0.3173885453913001,0.26516385505854384,0.4174475995501558,BUY
2330,2025-05-21,2025-05-21T13:30:00+08:00,2025-05-22,988.0,2025-05-26,976.0,-0.012145748987854255,-0.01791647307445199,random_forest,validation,0,0.2644796220406095,0.2633477710061338,0.4721726069532566,BUY
2330,2025-05-22,2025-05-22T13:30:00+08:00,2025-05-23,993.0,2025-05-27,965.0,-0.028197381671701938,-0.033874337327113535,random_forest,validation,0,0.3187542717023049,0.3100752285332035,0.3711704997644914,BUY
2330,2025-05-23,2025-05-23T13:30:00+08:00,2025-05-26,975.0,2025-05-28,967.0,-0.008205128205128198,-0.013998872120049466,random_forest,validation,0,0.31810975248425066,0.2349189583220657,0.4469712891936836,BUY
2330,2025-05-26,2025-05-26T13:30:00+08:00,2025-05-27,971.0,2025-05-29,967.0,-0.004119464469618972,-0.009937075506743831,random_forest,validation,1,0.3558117187522019,0.2853478753887494,0.3588404058590487,BUY
2330,2025-05-27,2025-05-27T13:30:00+08:00,2025-05-28,984.0,2025-06-02,946.0,-0.03861788617886175,-0.044233968627226505,random_forest,validation,0,0.3302673632870337,0.2600818966720935,0.4096507400408727,BUY
2330,2025-05-28,2025-05-28T13:30:00+08:00,2025-05-29,986.0,2025-06-03,950.0,-0.0365111561866126,-0.04213954546819465,random_forest,validation,0,0.3717995780337047,0.21505324264411121,0.41314717932218414,BUY
2330,2025-05-29,2025-05-29T13:30:00+08:00,2025-06-02,958.0,2025-06-04,990.0,0.03340292275574108,0.027366118104248383,random_forest,validation,2,0.3414855671535683,0.2990984226764468,0.3594160101699849,BUY
2330,2025-06-02,2025-06-02T13:30:00+08:00,2025-06-03,960.0,2025-06-05,998.0,0.039583333333333304,0.033510424728095733,random_forest,validation,2,0.3542710485550441,0.27500449553417194,0.3707244559107838,BUY
2330,2025-06-03,2025-06-03T13:30:00+08:00,2025-06-04,974.0,2025-06-06,995.0,0.021560574948665368,0.015592949451548987,random_forest,validation,2,0.30774821747995806,0.2830755111668727,0.409176271353169,BUY
2330,2025-06-04,2025-06-04T13:30:00+08:00,2025-06-05,1000.0,2025-06-09,1005.0,0.004999999999999893,-0.0008708839903137644,random_forest,validation,1,0.3024555317197166,0.2825082470563474,0.41503622122393596,BUY
2330,2025-06-05,2025-06-05T13:30:00+08:00,2025-06-06,997.0,2025-06-10,1045.0,0.0481444332998997,0.042021513525773324,random_forest,validation,2,0.36116607471768897,0.2991041006802236,0.33972982460208767,SELL
2330,2025-06-06,2025-06-06T13:30:00+08:00,2025-06-09,1005.0,2025-06-11,1065.0,0.05970149253731338,0.05351106017209051,random_forest,validation,2,0.3707251840870387,0.29760961961429205,0.33166519629866953,SELL
2330,2025-06-09,2025-06-09T13:30:00+08:00,2025-06-10,1025.0,2025-06-12,1045.0,0.019512195121951237,0.013556535595313335,random_forest,validation,2,0.3746812740245266,0.34205469705525976,0.2832640289202135,SELL
2330,2025-06-10,2025-06-10T13:30:00+08:00,2025-06-11,1065.0,2025-06-13,1030.0,-0.032863849765258246,-0.03851354542781227,random_forest,validation,0,0.35262231648687087,0.23301256378682744,0.4143651197263018,BUY
2330,2025-06-11,2025-06-11T13:30:00+08:00,2025-06-12,1055.0,2025-06-16,1025.0,-0.028436018957345932,-0.03411158057114583,random_forest,validation,0,0.40924512136586694,0.4006031027804831,0.19015177585364984,SELL
2330,2025-06-12,2025-06-12T13:30:00+08:00,2025-06-13,1040.0,2025-06-17,1045.0,0.004807692307692291,-0.0010620682834653339,random_forest,validation,1,0.34243968332459174,0.38732984827288724,0.2702304684025212,HOLD
2330,2025-06-13,2025-06-13T13:30:00+08:00,2025-06-16,1030.0,2025-06-18,1055.0,0.024271844660194164,0.018288380804925897,random_forest,validation,2,0.3065140357343803,0.39624920738181024,0.29723675688380957,HOLD
2330,2025-06-16,2025-06-16T13:30:00+08:00,2025-06-17,1040.0,2025-06-19,1035.0,-0.004807692307692291,-0.0106212829410397,random_forest,validation,0,0.32367753139413075,0.37892853617771016,0.29739393242815887,HOLD
2330,2025-06-17,2025-06-17T13:30:00+08:00,2025-06-18,1040.0,2025-06-20,1055.0,0.014423076923076872,0.008497146374109255,random_forest,validation,1,0.337746325174883,0.3331130922025148,0.3291405826226023,SELL
2330,2025-06-18,2025-06-18T13:30:00+08:00,2025-06-19,1045.0,2025-06-23,1020.0,-0.02392344497607657,-0.029625367583251405,random_forest,validation,0,0.3595266668036682,0.3059461631170154,0.33452717007931665,SELL
2330,2025-06-19,2025-06-19T13:30:00+08:00,2025-06-20,1030.0,2025-06-24,1050.0,0.01941747572815533,0.013462369521490158,random_forest,validation,2,0.43891173912368475,0.3025406231300625,0.2585476377462525,SELL
2330,2025-06-20,2025-06-20T13:30:00+08:00,2025-06-23,1025.0,2025-06-25,1070.0,0.04390243902439028,0.0378042996047705,random_forest,validation,2,0.35176422787778266,0.35632403721880523,0.29191173490341205,HOLD
2330,2025-06-23,2025-06-23T13:30:00+08:00,2025-06-24,1045.0,2025-06-26,1075.0,0.028708133971291794,0.022698754752945804,random_forest,validation,2,0.3384768461750165,0.2933148352456257,0.3682083185793577,BUY
2330,2025-06-24,2025-06-24T13:30:00+08:00,2025-06-25,1060.0,2025-06-27,1080.0,0.018867924528301883,0.012916028621478448,random_forest,validation,2,0.3627688429050145,0.308917127523189,0.3283140295717968,SELL
2330,2025-06-25,2025-06-25T13:30:00+08:00,2025-06-26,1075.0,2025-06-30,1060.0,-0.013953488372092981,-0.019713652231616252,random_forest,validation,0,0.3126708273889444,0.34908829487428844,0.3382408777367671,HOLD
2412,2025-01-02,2025-01-02T13:30:00+08:00,2025-01-03,123.0,2025-01-07,123.0,0.0,-0.005841675612252573,random_forest,validation,1,0.32357196124193927,0.38713051296423756,0.2892975257938231,HOLD
2412,2025-01-03,2025-01-03T13:30:00+08:00,2025-01-06,123.0,2025-01-08,123.5,0.004065040650406582,-0.0018003816106763049,random_forest,validation,1,0.25135321328899546,0.6061392451526038,0.14250754155840106,HOLD
2412,2025-01-06,2025-01-06T13:30:00+08:00,2025-01-07,124.0,2025-01-09,123.0,-0.008064516129032251,-0.013859081454089206,random_forest,validation,0,0.29498403647114396,0.5724420742063375,0.13257388932251818,HOLD
2412,2025-01-07,2025-01-07T13:30:00+08:00,2025-01-08,123.5,2025-01-10,123.0,-0.004048582995951455,-0.009866608099652341,random_forest,validation,1,0.2706989950970982,0.5535637583605773,0.17573724654232467,HOLD
2412,2025-01-08,2025-01-08T13:30:00+08:00,2025-01-09,123.5,2025-01-13,123.0,-0.004048582995951455,-0.009866608099652341,random_forest,validation,1,0.2669479517384433,0.539464096994591,0.19358795126696574,HOLD
2412,2025-01-09,2025-01-09T13:30:00+08:00,2025-01-10,123.0,2025-01-14,123.5,0.004065040650406582,-0.0018003816106763049,random_forest,validation,1,0.22708679337271093,0.6722100597637437,0.10070314686354552,HOLD
2412,2025-01-10,2025-01-10T13:30:00+08:00,2025-01-13,122.5,2025-01-15,123.5,0.008163265306122547,0.0022739025460147833,random_forest,validation,1,0.2783195840550628,0.5665026676383923,0.15517774830654482,HOLD
2412,2025-01-13,2025-01-13T13:30:00+08:00,2025-01-14,123.0,2025-01-16,124.0,0.008130081300812941,0.002240912390899963,random_forest,validation,1,0.21833314076162652,0.6965596193025654,0.08510723993580824,HOLD
2412,2025-01-14,2025-01-14T13:30:00+08:00,2025-01-15,123.5,2025-01-17,124.0,0.004048582995951344,-0.0018167431248528043,random_forest,validation,1,0.2640859632587121,0.5917436978623828,0.14417033887890532,HOLD
2412,2025-01-15,2025-01-15T13:30:00+08:00,2025-01-16,123.5,2025-01-20,123.5,0.0,-0.005841675612252573,random_forest,validation,1,0.25134781780891596,0.6375708684839241,0.11108131370715993,HOLD
2412,2025-01-16,2025-01-16T13:30:00+08:00,2025-01-17,123.5,2025-01-21,123.5,0.0,-0.005841675612252573,random_forest,validation,1,0.25196675902955923,0.6366556516996407,0.11137758927080041,HOLD
2412,2025-01-17,2025-01-17T13:30:00+08:00,2025-01-20,124.0,2025-01-22,124.5,0.0040322580645162365,-0.0018329726913340894,random_forest,validation,1,0.19716674266911105,0.6775877848109354,0.12524547251995324,HOLD
2412,2025-01-20,2025-01-20T13:30:00+08:00,2025-01-21,123.5,2025-02-03,125.5,0.0161943319838056,0.0102580543373465,random_forest,validation,2,0.25638471634499443,0.6056674830929785,0.13794780056202696,HOLD
2412,2025-01-21,2025-01-21T13:30:00+08:00,2025-01-22,124.0,2025-02-04,125.0,0.008064516129032251,0.002175730229584172,random_forest,validation,1,0.22804252501582753,0.6455427219724451,0.1264147530117275,HOLD
2412,2025-01-22,2025-01-22T13:30:00+08:00,2025-02-03,124.5,2025-02-05,126.0,0.012048192771084265,0.006136135524949182,random_forest,validation,1,0.23505503077455317,0.622342102964347,0.14260286626109975,HOLD
2412,2025-02-03,2025-02-03T13:30:00+08:00,2025-02-04,125.5,2025-02-06,126.0,0.003984063745019917,-0.0018808854752495607,random_forest,validation,1,0.2790335347465421,0.5331691798983773,0.18779728535508078,HOLD
2412,2025-02-04,2025-02-04T13:30:00+08:00,2025-02-05,126.0,2025-02-07,126.0,0.0,-0.005841675612252684,random_forest,validation,1,0.2429599500887084,0.5761795183189833,0.18086053159230847,HOLD
2412,2025-02-05,2025-02-05T13:30:00+08:00,2025-02-06,126.0,2025-02-10,125.5,-0.003968253968253954,-0.009786748328077022,random_forest,validation,1,0.29193153096360697,0.5405417359558617,0.16752673308053115,HOLD
2412,2025-02-06,2025-02-06T13:30:00+08:00,2025-02-07,125.5,2025-02-11,125.5,0.0,-0.005841675612252573,random_forest,validation,1,0.2981715851528551,0.5542275390963155,0.14760087575082945,HOLD
2412,2025-02-07,2025-02-07T13:30:00+08:00,2025-02-10,125.5,2025-02-12,126.0,0.003984063745019917,-0.0018808854752495607,random_forest,validation,1,0.2469561867731163,0.6264003067234626,0.1266435065034211,HOLD
2412,2025-02-10,2025-02-10T13:30:00+08:00,2025-02-11,125.5,2025-02-13,125.5,0.0,-0.005841675612252573,random_forest,validation,1,0.3109804255500605,0.5573671992255584,0.1316523752243811,HOLD
2412,2025-02-11,2025-02-11T13:30:00+08:00,2025-02-12,126.0,2025-02-14,125.5,-0.003968253968253954,-0.009786748328077022,random_forest,validation,1,0.22413728757091905,0.6653557357829044,0.11050697664617651,HOLD
2412,2025-02-12,2025-02-12T13:30:00+08:00,2025-02-13,126.0,2025-02-17,126.0,0.0,-0.005841675612252684,random_forest,validation,1,0.297784341074378,0.5774937029010879,0.12472195602453436,HOLD
2412,2025-02-13,2025-02-13T13:30:00+08:00,2025-02-14,126.0,2025-02-18,126.5,0.003968253968253954,-0.0018966028964282344,random_forest,validation,1,0.2498457143854548,0.610689527891133,0.1394647577234122,HOLD
2412,2025-02-14,2025-02-14T13:30:00+08:00,2025-02-17,126.0,2025-02-19,126.5,0.003968253968253954,-0.0018966028964282344,random_forest,validation,1,0.2881102670682075,0.5868417823715725,0.12504795056021986,HOLD
2412,2025-02-17,2025-02-17T13:30:00+08:00,2025-02-18,126.0,2025-02-20,126.5,0.003968253968253954,-0.0018966028964282344,random_forest,validation,1,0.2459226617540537,0.6562776634551243,0.09779967479082194,HOLD
2412,2025-02-18,2025-02-18T13:30:00+08:00,2025-02-19,126.5,2025-02-21,127.0,0.0039525691699604515,-0.0019121960692179973,random_forest,validation,1,0.3100509239535291,0.5195286132819459,0.17042046276452505,HOLD
2412,2025-02-19,2025-02-19T13:30:00+08:00,2025-02-20,126.5,2025-02-24,127.0,0.0039525691699604515,-0.0019121960692179973,random_forest,validation,1,0.39898514989147865,0.4112543274567336,0.18976052265178822,HOLD
2412,2025-02-20,2025-02-20T13:30:00+08:00,2025-02-21,126.5,2025-02-25,126.5,0.0,-0.005841675612252573,random_forest,validation,1,0.21654583963106133,0.6555133376022355,0.12794082276670304,HOLD
2412,2025-02-21,2025-02-21T13:30:00+08:00,2025-02-24,126.5,2025-02-26,127.5,0.007905138339920903,0.002017283473816578,random_forest,validation,1,0.2981077084142067,0.529772859188282,0.17211943239751157,HOLD
2412,2025-02-24,2025-02-24T13:30:00+08:00,2025-02-25,126.5,2025-02-27,128.0,0.011857707509881354,0.005946763016851264,random_forest,validation,1,0.29502428389143576,0.5770260180585952,0.12794969804996936,HOLD
2412,2025-02-25,2025-02-25T13:30:00+08:00,2025-02-26,126.5,2025-03-03,128.5,0.015810276679841806,0.009876242559885728,random_forest,validation,1,0.2691717206451673,0.5568622970715464,0.17396598228328614,HOLD
2412,2025-02-26,2025-02-26T13:30:00+08:00,2025-02-27,128.0,2025-03-04,127.0,-0.0078125,-0.013608537521531905,random_forest,validation,0,0.3010811062794152,0.48808476330896644,0.2108341304116181,HOLD
2412,2025-02-27,2025-02-27T13:30:00+08:00,2025-03-03,128.0,2025-03-05,127.5,-0.00390625,-0.009725106566892183,random_forest,validation,1,0.27571731185563714,0.5399548762626563,0.1843278118817068,HOLD
2412,2025-03-03,2025-03-03T13:30:00+08:00,2025-03-04,128.5,2025-03-06,128.0,-0.0038910505836575737,-0.009709995940609506,random_forest,validation,1,0.27464601914678843,0.6012727302705662,0.12408125058264559,HOLD
2412,2025-03-04,2025-03-04T13:30:00+08:00,2025-03-05,127.5,2025-03-07,128.0,0.0039215686274509665,-0.0019430155166142438,random_forest,validation,1,0.3068891566621339,0.5140553093498119,0.1790555339880543,HOLD
2412,2025-03-05,2025-03-05T13:30:00+08:00,2025-03-06,128.0,2025-03-10,128.0,0.0,-0.005841675612252573,random_forest,validation,1,0.27358233421484757,0.6097145717087785,0.11670309407637376,HOLD
2412,2025-03-06,2025-03-06T13:30:00+08:00,2025-03-07,128.0,2025-03-11,127.5,-0.00390625,-0.009725106566892183,random_forest,validation,1,0.2826320454900926,0.584060235444566,0.13330771906534145,HOLD
2412,2025-03-07,2025-03-07T13:30:00+08:00,2025-03-10,128.0,2025-03-12,128.0,0.0,-0.005841675612252573,random_forest,validation,1,0.28810699693094277,0.5594156110709495,0.15247739199810753,HOLD
2412,2025-03-10,2025-03-10T13:30:00+08:00,2025-03-11,127.5,2025-03-13,128.5,0.007843137254901933,0.001955644579023863,random_forest,validation,1,0.25359279754166053,0.5116480506751953,0.23475915178314455,HOLD
2412,2025-03-11,2025-03-11T13:30:00+08:00,2025-03-12,127.5,2025-03-14,128.5,0.007843137254901933,0.001955644579023863,random_forest,validation,1,0.3062127142324749,0.46958681061589597,0.2242004751516293,HOLD
2412,2025-03-12,2025-03-12T13:30:00+08:00,2025-03-13,128.5,2025-03-17,128.0,-0.0038910505836575737,-0.009709995940609506,random_forest,validation,1,0.3248659009744053,0.5177995295805562,0.15733456944503874,HOLD
2412,2025-03-13,2025-03-13T13:30:00+08:00,2025-03-14,128.5,2025-03-18,129.0,0.0038910505836575737,-0.001973355283895639,random_forest,validation,1,0.2747127675416766,0.582229426050228,0.1430578064080956,HOLD
2412,2025-03-14,2025-03-14T13:30:00+08:00,2025-03-17,128.0,2025-03-19,128.5,0.00390625,-0.001958244657612962,random_forest,validation,1,0.29460633125095265,0.43421424941640774,0.2711794193326396,HOLD
2412,2025-03-17,2025-03-17T13:30:00+08:00,2025-03-18,128.5,2025-03-20,129.0,0.0038910505836575737,-0.001973355283895639,random_forest,validation,1,0.3095620741062447,0.5472685641350679,0.14316936175868755,HOLD
2412,2025-03-18,2025-03-18T13:30:00+08:00,2025-03-19,129.0,2025-03-21,130.0,0.007751937984496138,0.0018649780651716075,random_forest,validation,1,0.26221053855435317,0.628049935510829,0.1097395259348178,HOLD
2412,2025-03-19,2025-03-19T13:30:00+08:00,2025-03-20,129.0,2025-03-24,129.0,0.0,-0.005841675612252795,random_forest,validation,1,0.291291818270089,0.5613367221459541,0.1473714595839569,HOLD
2412,2025-03-20,2025-03-20T13:30:00+08:00,2025-03-21,129.0,2025-03-25,129.0,0.0,-0.005841675612252795,random_forest,validation,1,0.3486806574708388,0.4083164464043439,0.24300289612481735,HOLD
2412,2025-03-21,2025-03-21T13:30:00+08:00,2025-03-24,130.0,2025-03-26,129.0,-0.007692307692307665,-0.013489047338312243,random_forest,validation,0,0.34539524294661983,0.4495057172168104,0.20509903983656982,HOLD
2412,2025-03-24,2025-03-24T13:30:00+08:00,2025-03-25,129.5,2025-03-27,130.0,0.0038610038610038533,-0.0020032264833423907,random_forest,validation,1,0.30105516658151593,0.5056108403193283,0.19333399309915592,HOLD
2412,2025-03-25,2025-03-25T13:30:00+08:00,2025-03-26,129.5,2025-03-28,130.0,0.0038610038610038533,-0.0020032264833423907,random_forest,validation,1,0.2600317916251253,0.5306147680183803,0.20935344035649436,HOLD
2412,2025-03-26,2025-03-26T13:30:00+08:00,2025-03-27,129.0,2025-03-31,128.5,-0.003875968992248069,-0.009695002450964885,random_forest,validation,1,0.27538936877229897,0.5477660487736344,0.17684458245406667,HOLD
2412,2025-03-27,2025-03-27T13:30:00+08:00,2025-03-28,129.5,2025-04-01,130.0,0.0038610038610038533,-0.0020032264833423907,random_forest,validation,1,0.2861677640805245,0.4658702751089184,0.24796196081055732,HOLD
2412,2025-03-28,2025-03-28T13:30:00+08:00,2025-03-31,129.0,2025-04-02,130.0,0.007751937984496138,0.0018649780651716075,random_forest,validation,1,0.31909894585381804,0.472889712251459,0.20801134189472292,HOLD
2412,2025-03-31,2025-03-31T13:30:00+08:00,2025-04-01,129.0,2025-04-07,124.0,-0.03875968992248058,-0.04437494399937458,random_forest,validation,0,0.28933021215711835,0.483361533503361,0.22730825433952076,HOLD
2412,2025-04-01,2025-04-01T13:30:00+08:00,2025-04-02,129.5,2025-04-08,127.0,-0.019305019305019266,-0.025033921256803704,random_forest,validation,0,0.2972608922596827,0.46405338058765017,0.238685727152667,HOLD
2412,2025-04-02,2025-04-02T13:30:00+08:00,2025-04-07,123.0,2025-04-09,126.0,0.024390243902439046,0.01840608839720459,random_forest,validation,2,0.2975173884534367,0.5169699146161146,0.18551269693044872,HOLD
2412,2025-04-07,2025-04-07T13:30:00+08:00,2025-04-08,125.5,2025-04-10,127.0,0.01195219123505975,0.006040694798756352,random_forest,validation,1,0.3432823061374974,0.3528291169733471,0.3038885768891558,HOLD
2412,2025-04-08,2025-04-08T13:30:00+08:00,2025-04-09,126.0,2025-04-11,128.5,0.01984126984126977,0.01388368796686934,random_forest,validation,2,0.26641367336603067,0.3681208439401699,0.3654654826937997,HOLD
2412,2025-04-09,2025-04-09T13:30:00+08:00,2025-04-10,129.0,2025-04-14,127.5,-0.011627906976744207,-0.017401656128389287,random_forest,validation,0,0.3450919900674188,0.37006618995877105,0.2848418199738103,HOLD
2412,2025-04-10,2025-04-10T13:30:00+08:00,2025-04-11,127.5,2025-04-15,129.0,0.0117647058823529,0.00585430467466197,random_forest,validation,1,0.3228741307970307,0.3447872068731532,0.33233866232981607,HOLD
2412,2025-04-11,2025-04-11T13:30:00+08:00,2025-04-14,128.0,2025-04-16,128.5,0.00390625,-0.001958244657612962,random_forest,validation,1,0.3130863102833864,0.44292681897482133,0.24398687074179226,HOLD
2412,2025-04-14,2025-04-14T13:30:00+08:00,2025-04-15,128.0,2025-04-17,128.0,0.0,-0.005841675612252573,random_forest,validation,1,0.34154994638247166,0.4782559373880517,0.18019411622947668,HOLD
2412,2025-04-15,2025-04-15T13:30:00+08:00,2025-04-16,128.5,2025-04-18,128.0,-0.0038910505836575737,-0.009709995940609506,random_forest,validation,1,0.27538061778630085,0.5140788198402358,0.2105405623734632,HOLD
2412,2025-04-16,2025-04-16T13:30:00+08:00,2025-04-17,129.0,2025-04-21,127.0,-0.015503875968992276,-0.021254982967101488,random_forest,validation,0,0.2545949892705556,0.518047822202619,0.2273571885268254,HOLD
2412,2025-04-17,2025-04-17T13:30:00+08:00,2025-04-18,129.0,2025-04-22,128.0,-0.007751937984496138,-0.013548329289677086,random_forest,validation,0,0.2899131412050485,0.47674418509667116,0.23334267369828057,HOLD
2412,2025-04-18,2025-04-18T13:30:00+08:00,2025-04-21,128.0,2025-04-23,127.5,-0.00390625,-0.009725106566892183,random_forest,validation,1,0.2587044132059632,0.5634904132646422,0.1778051735293944,HOLD
2412,2025-04-21,2025-04-21T13:30:00+08:00,2025-04-22,128.0,2025-04-24,127.0,-0.0078125,-0.013608537521531905,random_forest,validation,0,0.2793659520927874,0.5719741361282714,0.14865991177894122,HOLD
2412,2025-04-22,2025-04-22T13:30:00+08:00,2025-04-23,128.5,2025-04-25,126.5,-0.015564202334630295,-0.021314956925680528,random_forest,validation,0,0.33686379378586906,0.472976474330368,0.19015973188376312,HOLD
2412,2025-04-23,2025-04-23T13:30:00+08:00,2025-04-24,127.5,2025-04-28,128.0,0.0039215686274509665,-0.0019430155166142438,random_forest,validation,1,0.3522630409854976,0.4030514693992738,0.24468548961522876,HOLD
2412,2025-04-24,2025-04-24T13:30:00+08:00,2025-04-25,127.0,2025-04-29,129.0,0.015748031496062964,0.009814360992278726,random_forest,validation,1,0.28087457449792697,0.5597152277623905,0.15941019773968246,HOLD
2412,2025-04-25,2025-04-25T13:30:00+08:00,2025-04-28,127.0,2025-04-30,129.5,0.019685039370078705,0.013728370143411661,random_forest,validation,2,0.2840585090908776,0.5845464389690587,0.13139505194006376,HOLD
2412,2025-04-28,2025-04-28T13:30:00+08:00,2025-04-29,128.0,2025-05-02,128.5,0.00390625,-0.001958244657612962,random_forest,validation,1,0.31291241758131405,0.477692510797586,0.20939507162110002,HOLD
2412,2025-04-29,2025-04-29T13:30:00+08:00,2025-04-30,129.0,2025-05-05,129.5,0.003875968992248069,-0.0019883487735403715,random_forest,validation,1,0.266024345445637,0.5888022008658331,0.1451734536885297,HOLD
2412,2025-04-30,2025-04-30T13:30:00+08:00,2025-05-02,129.5,2025-05-06,130.0,0.0038610038610038533,-0.0020032264833423907,random_forest,validation,1,0.32485595606531253,0.49337538837553846,0.18176865555914895,HOLD
2412,2025-05-02,2025-05-02T13:30:00+08:00,2025-05-05,129.0,2025-05-07,131.0,0.015503875968992276,0.00957163174259601,random_forest,validation,1,0.30295545761347226,0.5490994650102035,0.14794507737632434,HOLD
2412,2025-05-05,2025-05-05T13:30:00+08:00,2025-05-06,129.5,2025-05-08,129.5,0.0,-0.005841675612252573,random_forest,validation,1,0.25497242211512167,0.6052384176128414,0.13978916027203708,HOLD
2412,2025-05-06,2025-05-06T13:30:00+08:00,2025-05-07,130.5,2025-05-09,131.0,0.003831417624521105,-0.0020326398866289397,random_forest,validation,1,0.2979505208345877,0.5375501892314822,0.1644992899339301,HOLD
2412,2025-05-07,2025-05-07T13:30:00+08:00,2025-05-08,131.0,2025-05-12,131.0,0.0,-0.005841675612252684,random_forest,validation,1,0.2871383572920341,0.5723897585535365,0.14047188415442957,HOLD
2412,2025-05-08,2025-05-08T13:30:00+08:00,2025-05-09,129.5,2025-05-13,130.0,0.0038610038610038533,-0.0020032264833423907,random_forest,validation,1,0.31956061677729386,0.4956302408507105,0.18480914237199594,HOLD
2412,2025-05-09,2025-05-09T13:30:00+08:00,2025-05-12,131.0,2025-05-14,129.5,-0.011450381679389277,-0.017225167876234404,random_forest,validation,0,0.28955455037011923,0.5214206304942579,0.18902481913562283,HOLD
2412,2025-05-13,2025-05-13T13:30:00+08:00,2025-05-14,130.5,2025-05-16,131.0,0.003831417624521105,-0.0020326398866289397,random_forest,validation,1,0.28920299348543166,0.5173197843863361,0.19347722212823243,HOLD
2412,2025-05-14,2025-05-14T13:30:00+08:00,2025-05-15,129.5,2025-05-19,131.0,0.01158301158301156,0.005673671774478084,random_forest,validation,1,0.3223491079998325,0.44350026411571214,0.23415062788445554,HOLD
2412,2025-05-15,2025-05-15T13:30:00+08:00,2025-05-16,131.0,2025-05-20,131.5,0.003816793893129722,-0.0020471781909252584,random_forest,validation,1,0.33997325147944446,0.44753112302187487,0.2124956254986806,HOLD
2412,2025-05-16,2025-05-16T13:30:00+08:00,2025-05-19,131.0,2025-05-21,132.5,0.011450381679389388,0.00554181665172937,random_forest,validation,1,0.3681412414087948,0.4681006438995238,0.1637581146916817,HOLD
2412,2025-05-19,2025-05-19T13:30:00+08:00,2025-05-20,131.5,2025-05-22,133.0,0.011406844106463865,0.005498533411181894,random_forest,validation,1,0.3349709075973293,0.4684700293780585,0.19655906302461257,HOLD
2412,2025-05-20,2025-05-20T13:30:00+08:00,2025-05-21,132.0,2025-05-23,133.0,0.007575757575757569,0.0016898268452303356,random_forest,validation,1,0.3117874123628967,0.4925225430121946,0.19569004462490838,HOLD
2412,2025-05-21,2025-05-21T13:30:00+08:00,2025-05-22,132.0,2025-05-26,133.0,0.007575757575757569,0.0016898268452303356,random_forest,validation,1,0.3028198553492497,0.5219470835816022,0.1752330610691479,HOLD
2412,2025-05-22,2025-05-22T13:30:00+08:00,2025-05-23,133.0,2025-05-27,131.5,-0.011278195488721776,-0.01705398754143761,random_forest,validation,0,0.3218158741861303,0.48750625998676883,0.19067786582710108,HOLD
2412,2025-05-23,2025-05-23T13:30:00+08:00,2025-05-26,133.0,2025-05-28,132.0,-0.007518796992481258,-0.013316550231709412,random_forest,validation,0,0.2915270155624887,0.5542736063283261,0.15419937810918527,HOLD
2412,2025-05-26,2025-05-26T13:30:00+08:00,2025-05-27,133.0,2025-05-29,129.5,-0.02631578947368418,-0.03200373678035118,random_forest,validation,0,0.3404614777371547,0.5372301571673994,0.12230836509544595,HOLD
2412,2025-05-27,2025-05-27T13:30:00+08:00,2025-05-28,131.5,2025-06-02,131.5,0.0,-0.005841675612252462,random_forest,validation,1,0.34425049723827933,0.4723028202854377,0.183446682476283,HOLD
2412,2025-05-28,2025-05-28T13:30:00+08:00,2025-05-29,132.5,2025-06-03,130.0,-0.018867924528301883,-0.024599379845983815,random_forest,validation,0,0.3233739551362235,0.5204963345395032,0.15612971032427328,HOLD
2412,2025-05-29,2025-05-29T13:30:00+08:00,2025-06-02,130.0,2025-06-04,129.5,-0.0038461538461538325,-0.009665361475282297,random_forest,validation,1,0.37115156006906247,0.35426896702866906,0.27457947290226853,SELL
2412,2025-06-02,2025-06-02T13:30:00+08:00,2025-06-03,131.5,2025-06-05,130.0,-0.011406844106463865,-0.01718188463568704,random_forest,validation,0,0.27125844976948327,0.512877652239312,0.21586389799120462,HOLD
2412,2025-06-03,2025-06-03T13:30:00+08:00,2025-06-04,130.5,2025-06-06,130.0,-0.003831417624521105,-0.009650711337876094,random_forest,validation,1,0.32327178519081007,0.4305675782633099,0.24616063654588013,HOLD
2412,2025-06-04,2025-06-04T13:30:00+08:00,2025-06-05,129.5,2025-06-09,132.5,0.02316602316602312,0.01718901916120874,random_forest,validation,2,0.3389754331537492,0.5119355714344718,0.14908899541177914,HOLD
2412,2025-06-05,2025-06-05T13:30:00+08:00,2025-06-06,130.5,2025-06-10,133.0,0.019157088122605304,0.013203503015865259,random_forest,validation,2,0.3450441904522069,0.4847244918217011,0.1702313177260923,HOLD
2412,2025-06-06,2025-06-06T13:30:00+08:00,2025-06-09,130.0,2025-06-11,133.0,0.023076923076922995,0.017100439565926218,random_forest,validation,2,0.2869892815983706,0.5466312925754094,0.1663794258262201,HOLD
2412,2025-06-09,2025-06-09T13:30:00+08:00,2025-06-10,132.0,2025-06-12,134.0,0.015151515151515138,0.009221329302713466,random_forest,validation,1,0.3214845286769294,0.409460771736943,0.26905469958612754,HOLD
2412,2025-06-10,2025-06-10T13:30:00+08:00,2025-06-11,132.5,2025-06-13,135.0,0.018867924528301883,0.012916028621478448,random_forest,validation,2,0.30619043093976983,0.5063599248917826,0.18744964416844784,HOLD
2412,2025-06-11,2025-06-11T13:30:00+08:00,2025-06-12,133.0,2025-06-16,136.0,0.022556390977443552,0.016582948246117724,random_forest,validation,2,0.2902656214274939,0.5117778536210471,0.19795652495145905,HOLD
2412,2025-06-12,2025-06-12T13:30:00+08:00,2025-06-13,133.0,2025-06-17,136.5,0.026315789473684292,0.020320385555846032,random_forest,validation,2,0.2949141732295973,0.4600633719491591,0.24502245482124377,HOLD
2412,2025-06-13,2025-06-13T13:30:00+08:00,2025-06-16,135.0,2025-06-18,137.0,0.014814814814814836,0.008886595860158497,random_forest,validation,1,0.33633360230627085,0.38513258887752677,0.27853380881620227,HOLD
2412,2025-06-16,2025-06-16T13:30:00+08:00,2025-06-17,136.0,2025-06-19,136.5,0.003676470588235281,-0.0021866817725918475,random_forest,validation,1,0.356492333372898,0.4427593589719285,0.20074830765517387,HOLD
2412,2025-06-17,2025-06-17T13:30:00+08:00,2025-06-18,136.0,2025-06-20,136.5,0.003676470588235281,-0.0021866817725918475,random_forest,validation,1,0.2970645480826695,0.4141874600248608,0.2887479918924696,HOLD
2412,2025-06-18,2025-06-18T13:30:00+08:00,2025-06-19,136.0,2025-06-23,136.5,0.003676470588235281,-0.0021866817725918475,random_forest,validation,1,0.28903268116371306,0.5387426414967926,0.17222467733949431,HOLD
2412,2025-06-19,2025-06-19T13:30:00+08:00,2025-06-20,136.0,2025-06-24,135.5,-0.003676470588235281,-0.00949666945191352,random_forest,validation,1,0.3008674524411382,0.4322989874131647,0.26683356014569715,HOLD
2412,2025-06-20,2025-06-20T13:30:00+08:00,2025-06-23,136.0,2025-06-25,137.0,0.007352941176470562,0.0014683120670690997,random_forest,validation,1,0.3183407756924241,0.5271097021640905,0.1545495221434854,HOLD
2412,2025-06-23,2025-06-23T13:30:00+08:00,2025-06-24,136.5,2025-06-26,137.0,0.00366300366300365,-0.0022000700284146024,random_forest,validation,1,0.32987098161240574,0.5065341625814889,0.16359485580610525,HOLD
2412,2025-06-24,2025-06-24T13:30:00+08:00,2025-06-25,136.5,2025-06-27,136.5,0.0,-0.005841675612252684,random_forest,validation,1,0.3591251389269638,0.41061490646148036,0.230259954611556,HOLD
2412,2025-06-25,2025-06-25T13:30:00+08:00,2025-06-26,136.5,2025-06-30,135.0,-0.01098901098901095,-0.01676649236376626,random_forest,validation,0,0.23080314394482798,0.5895468419484776,0.17965001410669454,HOLD
2881,2025-01-02,2025-01-02T13:30:00+08:00,2025-01-03,90.9,2025-01-07,91.9,0.011001100110010986,0.005095159639537883,random_forest,validation,1,0.35672084642522656,0.32212280299770213,0.32115635057707137,SELL
2881,2025-01-03,2025-01-03T13:30:00+08:00,2025-01-06,91.3,2025-01-08,91.1,-0.0021905805038335835,-0.008019459455380296,random_forest,validation,1,0.36447046390279453,0.3248912924101808,0.31063824368702475,SELL
2881,2025-01-06,2025-01-06T13:30:00+08:00,2025-01-07,92.1,2025-01-09,91.1,-0.010857763300760048,-0.016636011381935045,random_forest,validation,0,0.3400979386983063,0.2982028654281603,0.36169919587353355,BUY
2881,2025-01-07,2025-01-07T13:30:00+08:00,2025-01-08,91.8,2025-01-10,89.9,-0.020697167755991175,-0.026417937228120802,random_forest,validation,0,0.3782768198176686,0.29670442361896376,0.32501875656336776,SELL
2881,2025-01-08,2025-01-08T13:30:00+08:00,2025-01-09,91.3,2025-01-13,89.8,-0.01642935377875132,-0.022175054435709662,random_forest,validation,0,0.3201318672770875,0.3051747761560991,0.3746933565668135,BUY
2881,2025-01-09,2025-01-09T13:30:00+08:00,2025-01-10,91.1,2025-01-14,90.8,-0.003293084522502765,-0.009115523003211168,random_forest,validation,1,0.3364988683643802,0.2933209576820462,0.37018017395357367,BUY
2881,2025-01-10,2025-01-10T13:30:00+08:00,2025-01-13,90.2,2025-01-15,90.4,0.0022172949002217113,-0.0036373334295745074,random_forest,validation,1,0.301602218411539,0.24800599473470175,0.45039178685375947,BUY
2881,2025-01-13,2025-01-13T13:30:00+08:00,2025-01-14,90.1,2025-01-16,91.6,0.01664816870144281,0.010709239888098354,random_forest,validation,2,0.312267174591775,0.3054942823178842,0.38223854309034083,BUY
2881,2025-01-14,2025-01-14T13:30:00+08:00,2025-01-15,91.0,2025-01-17,91.0,0.0,-0.005841675612252684,random_forest,validation,1,0.2868572614628009,0.2476894495433935,0.46545328899380567,BUY
2881,2025-01-15,2025-01-15T13:30:00+08:00,2025-01-16,91.5,2025-01-20,90.5,-0.010928961748633892,-0.01670679391157215,random_forest,validation,0,0.326711490412291,0.27749630228906097,0.395792207298648,BUY
2881,2025-01-16,2025-01-16T13:30:00+08:00,2025-01-17,91.6,2025-01-21,91.5,-0.0010917030567685337,-0.00692700129389856,random_forest,validation,1,0.3591947079564394,0.3109409463741122,0.32986434566944867,SELL
2881,2025-01-17,2025-01-17T13:30:00+08:00,2025-01-20,91.2,2025-01-22,92.8,0.01754385964912264,0.011599698499813238,random_forest,validation,2,0.32881832420589324,0.3330538617485609,0.3381278140455457,BUY
2881,2025-01-20,2025-01-20T13:30:00+08:00,2025-01-21,90.8,2025-02-03,91.4,0.006607929515418665,0.0007276525224684249,random_forest,validation,1,0.3612941760159984,0.2814051434175606,0.35730068056644115,SELL
2881,2025-01-21,2025-01-21T13:30:00+08:00,2025-01-22,92.2,2025-02-04,90.3,-0.020607375271149753,-0.026328669281848294,random_forest,validation,0,0.2562715937220581,0.28285987158314485,0.460868534694797,BUY
2881,2025-01-22,2025-01-22T13:30:00+08:00,2025-02-03,91.5,2025-02-05,91.8,0.003278688524590123,-0.002582140122456722,random_forest,validation,1,0.37922057503769424,0.31397967820215944,0.3067997467601464,SELL
2881,2025-02-03,2025-02-03T13:30:00+08:00,2025-02-04,92.0,2025-02-06,93.0,0.010869565217391353,0.004964393131092537,random_forest,validation,1,0.29677301579545706,0.30670435358589326,0.39652263061864973,BUY
2881,2025-02-04,2025-02-04T13:30:00+08:00,2025-02-05,91.5,2025-02-07,92.3,0.008743169398907069,0.002850419027203177,random_forest,validation,1,0.38422194733356557,0.225385332917198,0.39039271974923645,BUY
2881,2025-02-05,2025-02-05T13:30:00+08:00,2025-02-06,92.0,2025-02-10,93.4,0.01521739130434785,0.009286820628430448,random_forest,validation,1,0.33137845742877475,0.28727107662527923,0.3813504659459463,BUY
2881,2025-02-06,2025-02-06T13:30:00+08:00,2025-02-07,92.6,2025-02-11,93.8,0.012958963282937441,0.007041585610914725,random_forest,validation,1,0.2579606232914148,0.2707964118599406,0.47124296484864425,BUY
2881,2025-02-07,2025-02-07T13:30:00+08:00,2025-02-10,92.0,2025-02-12,93.4,0.01521739130434785,0.009286820628430448,random_forest,validation,1,0.3530162485833824,0.2965809513289059,0.35040280008771185,SELL
2881,2025-02-10,2025-02-10T13:30:00+08:00,2025-02-11,93.6,2025-02-13,93.4,-0.002136752136752018,-0.007965945536157926,random_forest,validation,1,0.34546228554258707,0.28850803162113153,0.36602968283628134,BUY
2881,2025-02-11,2025-02-11T13:30:00+08:00,2025-02-12,93.3,2025-02-14,93.1,-0.002143622722400873,-0.007972775986074154,random_forest,validation,1,0.3497303617470839,0.29206288040410355,0.3582067578488126,BUY
2881,2025-02-12,2025-02-12T13:30:00+08:00,2025-02-13,93.0,2025-02-17,94.0,0.010752688172043001,0.004848198843529827,random_forest,validation,1,0.3188620321374224,0.3061737532049173,0.3749642146576603,BUY
2881,2025-02-13,2025-02-13T13:30:00+08:00,2025-02-14,93.2,2025-02-18,94.3,0.011802575107296098,0.005891952679877521,random_forest,validation,1,0.3352650087637915,0.27109329371877666,0.3936416975174317,BUY
2881,2025-02-14,2025-02-14T13:30:00+08:00,2025-02-17,93.5,2025-02-19,92.4,-0.0117647058823529,-0.017537655899167337,random_forest,validation,0,0.3454264167563772,0.26299658637299034,0.3915769968706327,BUY
2881,2025-02-17,2025-02-17T13:30:00+08:00,2025-02-18,93.7,2025-02-20,92.0,-0.018143009605122717,-0.02387869964063216,random_forest,validation,0,0.3524350798566187,0.303126646261993,0.34443827388138815,SELL
2881,2025-02-18,2025-02-18T13:30:00+08:00,2025-02-19,93.9,2025-02-21,92.6,-0.013844515441959637,-0.01960531588599157,random_forest,validation,0,0.36283556396299865,0.30035434907664227,0.3368100869603594,SELL
2881,2025-02-19,2025-02-19T13:30:00+08:00,2025-02-20,92.3,2025-02-24,91.6,-0.007583965330444253,-0.013381337877381827,random_forest,validation,0,0.2928307433503062,0.21671204343133593,0.490457213218358,BUY
2881,2025-02-20,2025-02-20T13:30:00+08:00,2025-02-21,92.0,2025-02-25,91.7,-0.003260869565217317,-0.009083496235256061,random_forest,validation,1,0.3424871460938143,0.30889097293046064,0.348621880975725,BUY
2881,2025-02-21,2025-02-21T13:30:00+08:00,2025-02-24,91.9,2025-02-26,92.8,0.009793253536452662,0.0038943689138515314,random_forest,validation,1,0.3556572075334026,0.3229722421283458,0.3213705503382517,SELL
2881,2025-02-24,2025-02-24T13:30:00+08:00,2025-02-25,91.3,2025-02-27,92.3,0.010952902519167473,0.005047243603385265,random_forest,validation,1,0.30320403877519736,0.29086183794016757,0.405934123284635,BUY
2881,2025-02-25,2025-02-25T13:30:00+08:00,2025-02-26,91.3,2025-03-03,92.8,0.016429353778751432,0.010491703211204406,random_forest,validation,2,0.3353950254399596,0.2906731598384493,0.373931814721591,BUY
2881,2025-02-26,2025-02-26T13:30:00+08:00,2025-02-27,92.6,2025-03-04,91.2,-0.015118790496760126,-0.020872147039281086,random_forest,validation,0,0.35802113034637656,0.2792633503534784,0.362715519300145,BUY
2881,2025-02-27,2025-02-27T13:30:00+08:00,2025-03-03,92.0,2025-03-05,91.8,-0.0021739130434782483,-0.008002889360921639,random_forest,validation,1,0.350302721935628,0.30055591019024563,0.34914136787412664,SELL
2881,2025-03-03,2025-03-03T13:30:00+08:00,2025-03-04,91.5,2025-03-06,92.5,0.010928961748633892,0.0050234426870672255,random_forest,validation,1,0.29181779310666817,0.33417822817540027,0.3740039787179316,BUY
2881,2025-03-04,2025-03-04T13:30:00+08:00,2025-03-05,91.2,2025-03-07,90.9,-0.003289473684210509,-0.00911193325826476,random_forest,validation,1,0.33374685695997774,0.2859449844651315,0.380308158574891,BUY
2881,2025-03-05,2025-03-05T13:30:00+08:00,2025-03-06,91.5,2025-03-10,90.7,-0.008743169398907069,-0.014533770251708211,random_forest,validation,0,0.33785960800763143,0.2916871577907557,0.370453234201613,BUY
2881,2025-03-06,2025-03-06T13:30:00+08:00,2025-03-07,91.8,2025-03-11,89.7,-0.02287581699346397,-0.028583859503475417,random_forest,validation,0,0.35083197760214024,0.29871464599377995,0.35045337640408003,SELL
2881,2025-03-07,2025-03-07T13:30:00+08:00,2025-03-10,91.3,2025-03-12,89.5,-0.019715224534501585,-0.02544173020040097,random_forest,validation,0,0.31235090709132324,0.2667009476309262,0.4209481452777505,BUY
2881,2025-03-10,2025-03-10T13:30:00+08:00,2025-03-11,89.8,2025-03-13,89.0,-0.008908685968819552,-0.014698319927510917,random_forest,validation,0,0.3134578209150222,0.27299276314639154,0.41354941593858596,BUY
2881,2025-03-11,2025-03-11T13:30:00+08:00,2025-03-12,89.8,2025-03-14,88.2,-0.017817371937639104,-0.02355496424276926,random_forest,validation,0,0.294532272525914,0.32526978293580777,0.380197944538278,BUY
2881,2025-03-12,2025-03-12T13:30:00+08:00,2025-03-13,90.1,2025-03-17,90.0,-0.0011098779134294245,-0.00694506997894262,random_forest,validation,1,0.35048561259076244,0.31563723000931304,0.33387715739992435,SELL
2881,2025-03-13,2025-03-13T13:30:00+08:00,2025-03-14,89.0,2025-03-18,90.4,0.01573033707865168,0.009796769939914407,random_forest,validation,1,0.2957164364079485,0.23114554891828135,0.4731380146737701,BUY
2881,2025-03-14,2025-03-14T13:30:00+08:00,2025-03-17,88.8,2025-03-19,89.0,0.0022522522522523403,-0.0036025802870550683,random_forest,validation,1,0.3053815829288735,0.20931036326111938,0.4853080538100072,BUY
2881,2025-03-17,2025-03-17T13:30:00+08:00,2025-03-18,90.4,2025-03-20,89.9,-0.00553097345132747,-0.011340338910857395,random_forest,validation,0,0.3167941509311216,0.33280368407516114,0.3504021649937172,BUY
2881,2025-03-18,2025-03-18T13:30:00+08:00,2025-03-19,90.2,2025-03-21,89.0,-0.013303769401330379,-0.019067728708320186,random_forest,validation,0,0.3151312952442755,0.2893927766213815,0.3954759281343429,BUY
2881,2025-03-19,2025-03-19T13:30:00+08:00,2025-03-20,89.7,2025-03-24,89.0,-0.0078037904124861335,-0.01359987881260305,random_forest,validation,0,0.29597568640106436,0.24485929525357564,0.45916501834536,BUY
2881,2025-03-20,2025-03-20T13:30:00+08:00,2025-03-21,89.9,2025-03-25,89.7,-0.0022246941045606095,-0.008053373775517847,random_forest,validation,1,0.32724125787311786,0.3326030774407214,0.3401556646861607,BUY
2881,2025-03-21,2025-03-21T13:30:00+08:00,2025-03-24,89.2,2025-03-26,89.9,0.007847533632286963,0.0019600152741983123,random_forest,validation,1,0.31980775565078656,0.28043131087127376,0.3997609334779396,BUY
2881,2025-03-24,2025-03-24T13:30:00+08:00,2025-03-25,89.5,2025-03-27,89.9,0.004469273743016755,-0.0013985099166647919,random_forest,validation,1,0.3060077484155915,0.2706209543918726,0.4233712971925358,BUY
2881,2025-03-25,2025-03-25T13:30:00+08:00,2025-03-26,89.7,2025-03-28,88.2,-0.01672240802675584,-0.022466396755860485,random_forest,validation,0,0.3638600259689071,0.2950529750483397,0.34108699898275324,SELL
2881,2025-03-26,2025-03-26T13:30:00+08:00,2025-03-27,89.5,2025-03-31,85.3,-0.04692737430167604,-0.05249491541592344,random_forest,validation,0,0.3382826872425169,0.3085000351987714,0.35321727755871174,BUY
2881,2025-03-27,2025-03-27T13:30:00+08:00,2025-03-28,89.3,2025-04-01,87.4,-0.02127659574468077,-0.026993980386459837,random_forest,validation,0,0.3287835780811823,0.2626359624839787,0.4085804594348392,BUY
2881,2025-03-28,2025-03-28T13:30:00+08:00,2025-03-31,86.5,2025-04-02,87.6,0.012716763005780285,0.006800800189210143,random_forest,validation,1,0.27854548741001617,0.26596914466808924,0.45548536792189454,BUY
2881,2025-03-31,2025-03-31T13:30:00+08:00,2025-04-01,85.8,2025-04-07,78.9,-0.0804195804195803,-0.08579147093014816,random_forest,validation,0,0.2659822610715452,0.3465043197300133,0.3875134191984415,BUY
2881,2025-04-01,2025-04-01T13:30:00+08:00,2025-04-02,86.9,2025-04-08,77.9,-0.10356731875719216,-0.1088039876892345,random_forest,validation,0,0.27605489575146824,0.277011836495515,0.4469332677530166,BUY
2881,2025-04-02,2025-04-02T13:30:00+08:00,2025-04-07,78.9,2025-04-09,72.1,-0.08618504435994945,-0.09152325490042346,random_forest,validation,0,0.3271759020709386,0.2934721433380821,0.3793519545909792,BUY
2881,2025-04-08,2025-04-08T13:30:00+08:00,2025-04-09,79.0,2025-04-11,80.4,0.017721518987341867,0.01177632000980866,random_forest,validation,2,0.3350304670219284,0.29032192894503156,0.3746476040330398,BUY
2881,2025-04-09,2025-04-09T13:30:00+08:00,2025-04-10,79.3,2025-04-14,80.9,0.020176544766708826,0.014217004324952986,random_forest,validation,2,0.4409721645244696,0.25683885779590593,0.30218897767962466,SELL
2881,2025-04-11,2025-04-11T13:30:00+08:00,2025-04-14,80.8,2025-04-16,80.1,-0.008663366336633671,-0.014454433373037534,random_forest,validation,0,0.2736061749442778,0.32346395659578575,0.4029298684599364,BUY
2881,2025-04-14,2025-04-14T13:30:00+08:00,2025-04-15,81.3,2025-04-17,79.6,-0.02091020910209107,-0.026629734055784948,random_forest,validation,0,0.3732445904289811,0.3616832944633222,0.2650721151076967,SELL
2881,2025-04-15,2025-04-15T13:30:00+08:00,2025-04-16,81.5,2025-04-18,79.5,-0.024539877300613466,-0.03023819891011148,random_forest,validation,0,0.3729319053373474,0.24745978177589822,0.37960831288675434,BUY
2881,2025-04-16,2025-04-16T13:30:00+08:00,2025-04-17,80.1,2025-04-21,79.0,-0.013732833957552981,-0.019494286808588557,random_forest,validation,0,0.297507958354965,0.2780915435988669,0.4244004980461682,BUY
2881,2025-04-17,2025-04-17T13:30:00+08:00,2025-04-18,80.0,2025-04-22,77.3,-0.03375000000000006,-0.039394519060339084,random_forest,validation,0,0.3183068038644831,0.2839760906356379,0.39771710549987915,BUY
2881,2025-04-18,2025-04-18T13:30:00+08:00,2025-04-21,79.5,2025-04-23,79.3,-0.002515723270440251,-0.00834270284341676,random_forest,validation,1,0.34828171119008955,0.3515903982894937,0.30012789052041683,HOLD
2881,2025-04-21,2025-04-21T13:30:00+08:00,2025-04-22,77.6,2025-04-24,78.3,0.009020618556700999,0.0031262474170183907,random_forest,validation,1,0.315515002871578,0.2857146542972683,0.39877034283115365,BUY
2881,2025-04-22,2025-04-22T13:30:00+08:00,2025-04-23,78.3,2025-04-25,79.4,0.014048531289910793,0.00812478871503397,random_forest,validation,1,0.3731219899322735,0.3132185522847594,0.313659457782967,SELL
2881,2025-04-23,2025-04-23T13:30:00+08:00,2025-04-24,79.2,2025-04-28,79.2,0.0,-0.005841675612252462,random_forest,validation,1,0.30155627656505063,0.24333650103970045,0.455107222395249,BUY
2881,2025-04-24,2025-04-24T13:30:00+08:00,2025-04-25,79.3,2025-04-29,81.4,0.02648171500630525,0.020485341805329682,random_forest,validation,2,0.360811170991545,0.26565920506411617,0.37352962394433875,BUY
2881,2025-04-25,2025-04-25T13:30:00+08:00,2025-04-28,79.9,2025-04-30,84.3,0.05506883604505619,0.048905466156284216,random_forest,validation,2,0.3511361821184344,0.2862634959468237,0.3626003219347421,BUY
2881,2025-04-28,2025-04-28T13:30:00+08:00,2025-04-29,79.5,2025-05-02,85.0,0.0691823899371069,0.06293657324476154,random_forest,validation,2,0.352616637647867,0.3406489506222101,0.306734411729923,SELL
2881,2025-04-29,2025-04-29T13:30:00+08:00,2025-04-30,82.5,2025-05-05,80.0,-0.030303030303030276,-0.035967685442184316,random_forest,validation,0,0.3005450763152249,0.33842994228757384,0.36102498139720113,BUY
2881,2025-04-30,2025-04-30T13:30:00+08:00,2025-05-02,84.7,2025-05-06,79.0,-0.06729634002361273,-0.07274489224755565,random_forest,validation,0,0.4368570177461013,0.27116804593513616,0.29197493631876253,SELL
2881,2025-05-02,2025-05-02T13:30:00+08:00,2025-05-05,80.0,2025-05-07,78.0,-0.025000000000000022,-0.03069563372194628,random_forest,validation,0,0.3288084316351816,0.3011038885282707,0.3700876798365476,BUY
2881,2025-05-05,2025-05-05T13:30:00+08:00,2025-05-06,78.3,2025-05-08,78.1,-0.0025542784163473664,-0.008381032762668217,random_forest,validation,1,0.31981846522161417,0.2656390813741978,0.41454245340418794,BUY
2881,2025-05-06,2025-05-06T13:30:00+08:00,2025-05-07,79.2,2025-05-09,77.4,-0.022727272727272707,-0.028436182984701297,random_forest,validation,0,0.30552423010924223,0.2952315690429431,0.3992442008478148,BUY
2881,2025-05-07,2025-05-07T13:30:00+08:00,2025-05-08,78.0,2025-05-12,78.1,0.0012820512820512775,-0.004567113657909183,random_forest,validation,1,0.35737924339727767,0.26210306732904703,0.3805176892736752,BUY
2881,2025-05-08,2025-05-08T13:30:00+08:00,2025-05-09,77.2,2025-05-13,79.0,0.023316062176165664,0.017338181692124977,random_forest,validation,2,0.3262945839450683,0.2883414856023027,0.38536393045262907,BUY
2881,2025-05-09,2025-05-09T13:30:00+08:00,2025-05-12,77.6,2025-05-14,80.0,0.030927835051546504,0.024905489059533492,random_forest,validation,2,0.32655788552640813,0.26099493974893784,0.41244717472465403,BUY
2881,2025-05-12,2025-05-12T13:30:00+08:00,2025-05-13,78.8,2025-05-15,80.5,0.021573604060913798,0.015605902451950149,random_forest,validation,2,0.31172622278092244,0.2658235543864954,0.4224502228325819,BUY
2881,2025-05-13,2025-05-13T13:30:00+08:00,2025-05-14,79.6,2025-05-16,81.9,0.028894472361809198,0.022884004615031817,random_forest,validation,2,0.32054086547210203,0.2802000251918235,0.39925910933607434,BUY
2881,2025-05-14,2025-05-14T13:30:00+08:00,2025-05-15,80.4,2025-05-19,79.8,-0.007462686567164312,-0.013260767585295596,random_forest,validation,0,0.3163780364670887,0.29362813503241236,0.38999382850049885,BUY
2881,2025-05-15,2025-05-15T13:30:00+08:00,2025-05-16,80.2,2025-05-20,80.7,0.006234413965087171,0.00035631892881826666,random_forest,validation,1,0.3204549433959108,0.2632294966785408,0.41631555992554836,BUY
2881,2025-05-16,2025-05-16T13:30:00+08:00,2025-05-19,81.1,2025-05-21,81.5,0.004932182490752224,-0.0009383053316716072,random_forest,validation,1,0.313132438497907,0.2674621677677919,0.4194053937343009,BUY
2881,2025-05-19,2025-05-19T13:30:00+08:00,2025-05-20,80.7,2025-05-22,81.9,0.014869888475836479,0.008941347798717691,random_forest,validation,1,0.275776959565595,0.2272364162823384,0.4969866241520666,BUY
2881,2025-05-20,2025-05-20T13:30:00+08:00,2025-05-21,80.5,2025-05-23,81.5,0.012422360248447228,0.006508117237284727,random_forest,validation,1,0.3454547225557655,0.29464142807488874,0.3599038493693458,BUY
2881,2025-05-21,2025-05-21T13:30:00+08:00,2025-05-22,80.5,2025-05-26,80.9,0.00496894409937898,-0.0009017584724375638,random_forest,validation,1,0.31803263136658017,0.26743811386876265,0.41452925476465724,BUY
2881,2025-05-22,2025-05-22T13:30:00+08:00,2025-05-23,81.7,2025-05-27,80.3,-0.017135862913096767,-0.022877436372874982,random_forest,validation,0,0.30013141110456437,0.29706005183510714,0.4028085370603284,BUY
2881,2025-05-23,2025-05-23T13:30:00+08:00,2025-05-26,81.3,2025-05-28,79.5,-0.022140221402213944,-0.027852561023051337,random_forest,validation,0,0.30655433559346756,0.2973229991481214,0.39612266525841106,BUY
2881,2025-05-26,2025-05-26T13:30:00+08:00,2025-05-27,80.7,2025-05-29,79.6,-0.01363073110285018,-0.019392780405642074,random_forest,validation,0,0.37545807045866875,0.343147679701029,0.28139424984030265,SELL
2881,2025-05-27,2025-05-27T13:30:00+08:00,2025-05-28,80.7,2025-06-02,81.8,0.013630731102850069,0.007709429181136818,random_forest,validation,1,0.3314347249300815,0.32809084311542913,0.3404744319544893,BUY
2881,2025-05-28,2025-05-28T13:30:00+08:00,2025-05-29,80.0,2025-06-03,83.6,0.04499999999999993,0.038895448985196035,random_forest,validation,2,0.34582426127016674,0.2307152846286285,0.42346045410120536,BUY
2881,2025-05-29,2025-05-29T13:30:00+08:00,2025-06-02,79.6,2025-06-04,87.1,0.0942211055276383,0.08782902078106547,random_forest,validation,2,0.3370863748111392,0.2955620335870684,0.36735159160179237,BUY
2881,2025-06-02,2025-06-02T13:30:00+08:00,2025-06-03,81.8,2025-06-05,87.1,0.06479217603911969,0.05857200555223474,random_forest,validation,2,0.37523241179533806,0.3328338624373295,0.29193372576733234,SELL
2881,2025-06-03,2025-06-03T13:30:00+08:00,2025-06-04,83.9,2025-06-06,87.8,0.04648390941597125,0.04037068988372128,random_forest,validation,2,0.33993123329916636,0.34891082537905144,0.3111579413217823,HOLD
2881,2025-06-04,2025-06-04T13:30:00+08:00,2025-06-05,86.4,2025-06-09,88.5,0.02430555555555558,0.01832189477217172,random_forest,validation,2,0.29496961406050093,0.2706550311585573,0.43437535478094186,BUY
2881,2025-06-05,2025-06-05T13:30:00+08:00,2025-06-06,87.0,2025-06-10,87.7,0.008045977011494232,0.0021572994115568456,random_forest,validation,1,0.3173613110738875,0.3340709769741841,0.34856771195192837,BUY
2881,2025-06-06,2025-06-06T13:30:00+08:00,2025-06-09,87.8,2025-06-11,90.1,0.026195899772209597,0.020201196211116823,random_forest,validation,2,0.3834822835692463,0.3324684058128412,0.2840493106179123,SELL
2881,2025-06-09,2025-06-09T13:30:00+08:00,2025-06-10,88.2,2025-06-12,87.5,-0.00793650793650802,-0.01373182104390136,random_forest,validation,0,0.30912873391150736,0.4943205406100292,0.19655072547846367,HOLD
2881,2025-06-10,2025-06-10T13:30:00+08:00,2025-06-11,87.1,2025-06-13,86.5,-0.006888633754305373,-0.012690068202753535,random_forest,validation,0,0.29190660601714075,0.4432666804512606,0.2648267135315986,HOLD
2881,2025-06-11,2025-06-11T13:30:00+08:00,2025-06-12,87.8,2025-06-16,86.0,-0.02050113895216399,-0.026223053560976206,random_forest,validation,0,0.3752284233277955,0.31999412665101074,0.30477745002119383,SELL
2881,2025-06-12,2025-06-12T13:30:00+08:00,2025-06-13,86.5,2025-06-17,85.8,-0.008092485549133,-0.013886887485910604,random_forest,validation,0,0.3375705005483873,0.3090906846239203,0.3533388148276926,BUY
2881,2025-06-13,2025-06-13T13:30:00+08:00,2025-06-16,86.5,2025-06-18,87.4,0.010404624277456698,0.004502168225307912,random_forest,validation,1,0.41583288764542425,0.29895561374135626,0.2852114986132195,SELL
2881,2025-06-16,2025-06-16T13:30:00+08:00,2025-06-17,86.3,2025-06-19,86.7,0.004634994206257348,-0.0012337575386128785,random_forest,validation,1,0.3709252808136885,0.36162514428229037,0.2674495749040213,SELL
2881,2025-06-17,2025-06-17T13:30:00+08:00,2025-06-18,86.2,2025-06-20,84.9,-0.015081206496519672,-0.020834782592578094,random_forest,validation,0,0.294908431414788,0.3993010784066586,0.3057904901785533,HOLD
2881,2025-06-18,2025-06-18T13:30:00+08:00,2025-06-19,86.6,2025-06-23,84.7,-0.021939953810623414,-0.027653463329766592,random_forest,validation,0,0.38994953883511235,0.2538195841034268,0.3562308770614608,SELL
2881,2025-06-19,2025-06-19T13:30:00+08:00,2025-06-20,86.1,2025-06-24,86.1,0.0,-0.005841675612252573,random_forest,validation,1,0.36235906722988026,0.28177390699141125,0.35586702577870855,SELL
2881,2025-06-20,2025-06-20T13:30:00+08:00,2025-06-23,84.2,2025-06-25,85.7,0.017814726840855055,0.011868983373277464,random_forest,validation,2,0.3141525641160143,0.2839934072433913,0.4018540286405947,BUY
2881,2025-06-23,2025-06-23T13:30:00+08:00,2025-06-24,85.2,2025-06-26,86.1,0.010563380281690016,0.0046599968284630755,random_forest,validation,1,0.36558861819119465,0.312305767150653,0.32210561465815246,SELL
2881,2025-06-24,2025-06-24T13:30:00+08:00,2025-06-25,86.5,2025-06-27,86.1,-0.0046242774566475076,-0.010438939540057257,random_forest,validation,0,0.35583813848508633,0.25969736312661823,0.3844644983882953,BUY
2881,2025-06-25,2025-06-25T13:30:00+08:00,2025-06-26,86.0,2025-06-30,87.3,0.015116279069767424,0.009186299058725034,random_forest,validation,1,0.303040762581463,0.30790494963912085,0.38905428777941625,BUY
2882,2025-01-02,2025-01-02T13:30:00+08:00,2025-01-03,68.1,2025-01-07,69.1,0.014684287812041008,0.00875683135379357,random_forest,validation,1,0.39949332192747017,0.34691966869454655,0.2535870093779833,SELL
2882,2025-01-03,2025-01-03T13:30:00+08:00,2025-01-06,68.3,2025-01-08,68.8,0.007320644216691097,0.0014362037756519008,random_forest,validation,1,0.33762849059137295,0.22973790519277115,0.43263360421585567,BUY
2882,2025-01-06,2025-01-06T13:30:00+08:00,2025-01-07,69.1,2025-01-09,68.3,-0.011577424023154759,-0.01735146807983856,random_forest,validation,0,0.30291893137026304,0.2583728253520311,0.4387082432777059,BUY
2882,2025-01-07,2025-01-07T13:30:00+08:00,2025-01-08,68.8,2025-01-10,65.1,-0.053779069767441956,-0.05930658549938428,random_forest,validation,0,0.3214992455441413,0.26047771762634175,0.418023036829517,BUY
2882,2025-01-08,2025-01-08T13:30:00+08:00,2025-01-09,68.6,2025-01-13,64.2,-0.06413994169096193,-0.06960693257006723,random_forest,validation,0,0.32024121684592716,0.2537094823366228,0.4260493008174502,BUY
2882,2025-01-09,2025-01-09T13:30:00+08:00,2025-01-10,67.5,2025-01-14,65.5,-0.029629629629629672,-0.03529821855707471,random_forest,validation,0,0.33137303012716784,0.34767959972775464,0.3209473701450775,HOLD
2882,2025-01-10,2025-01-10T13:30:00+08:00,2025-01-13,65.0,2025-01-15,64.7,-0.004615384615384577,-0.010430098647888242,random_forest,validation,0,0.40540349800408215,0.2431543301399765,0.35144217185594145,SELL
2882,2025-01-13,2025-01-13T13:30:00+08:00,2025-01-14,64.5,2025-01-16,65.5,0.015503875968992276,0.00957163174259601,random_forest,validation,1,0.36024517424979585,0.2860787668662652,0.3536760588839388,SELL
2882,2025-01-14,2025-01-14T13:30:00+08:00,2025-01-15,65.5,2025-01-17,65.5,0.0,-0.005841675612252684,random_forest,validation,1,0.33729779713848773,0.347096269712724,0.3156059331487882,HOLD
2882,2025-01-15,2025-01-15T13:30:00+08:00,2025-01-16,65.6,2025-01-20,65.1,-0.007621951219512146,-0.013419101865207894,random_forest,validation,0,0.34214081142256325,0.34259861131621355,0.3152605772612235,HOLD
2882,2025-01-16,2025-01-16T13:30:00+08:00,2025-01-17,65.8,2025-01-21,65.9,0.001519756838905817,-0.00433079669980907,random_forest,validation,1,0.3475999228685933,0.33363030255537235,0.3187697745760344,SELL
2882,2025-01-17,2025-01-17T13:30:00+08:00,2025-01-20,65.7,2025-01-22,66.8,0.016742770167427645,0.01080328872300651,random_forest,validation,2,0.39625288917297874,0.2856564718730826,0.3180906389539386,SELL
2882,2025-01-20,2025-01-20T13:30:00+08:00,2025-01-21,65.3,2025-02-03,66.0,0.010719754977029039,0.004815458033557984,random_forest,validation,1,0.33198327850982595,0.32516521218887395,0.34285150930130004,BUY
2882,2025-01-21,2025-01-21T13:30:00+08:00,2025-01-22,66.5,2025-02-04,65.2,-0.019548872180451093,-0.02527634962284009,random_forest,validation,0,0.329883432593604,0.2589969514211817,0.41111961598521424,BUY
2882,2025-01-22,2025-01-22T13:30:00+08:00,2025-02-03,65.1,2025-02-05,66.5,0.021505376344086002,0.015538073299312005,random_forest,validation,2,0.3925879109529455,0.2857785077632425,0.321633581283812,SELL
2882,2025-02-03,2025-02-03T13:30:00+08:00,2025-02-04,66.5,2025-02-06,66.9,0.00601503759398514,0.00013822408331298774,random_forest,validation,1,0.3477614912853255,0.43098047491741226,0.22125803379726233,HOLD
2882,2025-02-04,2025-02-04T13:30:00+08:00,2025-02-05,65.9,2025-02-07,66.9,0.015174506828528056,0.00924418666980742,random_forest,validation,1,0.350860713835608,0.22648982073416232,0.42264946543022996,BUY
2882,2025-02-05,2025-02-05T13:30:00+08:00,2025-02-06,66.8,2025-02-10,67.4,0.008982035928143839,0.0030878901756614674,random_forest,validation,1,0.34732649885081807,0.3177930575393275,0.33488044360985475,SELL
2882,2025-02-06,2025-02-06T13:30:00+08:00,2025-02-07,66.6,2025-02-11,68.5,0.028528528528528607,0.022520198506917666,random_forest,validation,2,0.34362001894053196,0.30204927887224486,0.35433070218722285,BUY
2882,2025-02-07,2025-02-07T13:30:00+08:00,2025-02-10,66.7,2025-02-12,68.7,0.02998500749625177,0.02396816919697531,random_forest,validation,2,0.3755937902314875,0.28071485207563895,0.34369135769287373,SELL
2882,2025-02-10,2025-02-10T13:30:00+08:00,2025-02-11,68.1,2025-02-13,68.7,0.008810572687224738,0.002917428567375424,random_forest,validation,1,0.39194981815740454,0.3544062031436031,0.2536439786989924,SELL
2882,2025-02-11,2025-02-11T13:30:00+08:00,2025-02-12,68.6,2025-02-14,68.7,0.001457725947521915,-0.004392465226847553,random_forest,validation,1,0.34516590052313567,0.3046410265966068,0.3501930728802575,BUY
2882,2025-02-12,2025-02-12T13:30:00+08:00,2025-02-13,68.6,2025-02-17,69.0,0.005830903790087438,-4.483407063293754e-05,random_forest,validation,1,0.3865717559915018,0.35050885728561865,0.26291938672287973,SELL
2882,2025-02-13,2025-02-13T13:30:00+08:00,2025-02-14,68.7,2025-02-18,69.2,0.00727802037845704,0.0013938289320540864,random_forest,validation,1,0.3332628699222437,0.3568984861119452,0.30983864396581107,HOLD
2882,2025-02-14,2025-02-14T13:30:00+08:00,2025-02-17,68.9,2025-02-19,68.7,-0.002902757619738794,-0.008727476263595824,random_forest,validation,1,0.34427932196642963,0.381554251720847,0.2741664263127235,HOLD
2882,2025-02-17,2025-02-17T13:30:00+08:00,2025-02-18,68.7,2025-02-20,68.8,0.0014556040756912303,-0.00439457470339133,random_forest,validation,1,0.3341785861933455,0.2987692364747573,0.36705217733189704,BUY
2882,2025-02-18,2025-02-18T13:30:00+08:00,2025-02-19,69.0,2025-02-21,68.9,-0.0014492753623187582,-0.00728248477803195,random_forest,validation,1,0.3352716011056166,0.3091563582668957,0.3555720406274879,BUY
2882,2025-02-19,2025-02-19T13:30:00+08:00,2025-02-20,68.7,2025-02-24,68.7,0.0,-0.005841675612252462,random_forest,validation,1,0.3063634772980844,0.29445650191749656,0.399180020784419,BUY
2882,2025-02-20,2025-02-20T13:30:00+08:00,2025-02-21,68.6,2025-02-25,68.7,0.001457725947521915,-0.004392465226847553,random_forest,validation,1,0.31976521642116335,0.31351856698880215,0.36671621659003456,BUY
2882,2025-02-21,2025-02-21T13:30:00+08:00,2025-02-24,68.4,2025-02-26,69.2,0.011695906432748426,0.005785907129124412,random_forest,validation,1,0.3402908583335201,0.3049577944121019,0.35475134725437807,BUY
2882,2025-02-24,2025-02-24T13:30:00+08:00,2025-02-25,68.2,2025-02-27,68.4,0.0029325513196480912,-0.00292625530613011,random_forest,validation,1,0.3242179679753171,0.33716100141546784,0.338621030609215,BUY
2882,2025-02-25,2025-02-25T13:30:00+08:00,2025-02-26,68.5,2025-03-03,68.8,0.004379562043795637,-0.0014876975492404965,random_forest,validation,1,0.3158878831867586,0.2598928648680626,0.4242192519451789,BUY
2882,2025-02-26,2025-02-26T13:30:00+08:00,2025-02-27,69.0,2025-03-04,67.7,-0.018840579710144856,-0.024572194767383926,random_forest,validation,0,0.34674327989339426,0.2866445175702022,0.36661220253640353,BUY
2882,2025-02-27,2025-02-27T13:30:00+08:00,2025-03-03,68.7,2025-03-05,68.2,-0.00727802037845704,-0.013077180156559232,random_forest,validation,0,0.3345149866590256,0.2808900696522323,0.3845949436887421,BUY
2882,2025-03-03,2025-03-03T13:30:00+08:00,2025-03-04,67.8,2025-03-06,68.7,0.013274336283185972,0.007355116304399223,random_forest,validation,1,0.36427403166225863,0.3077978058768408,0.3279281624609006,SELL
2882,2025-03-04,2025-03-04T13:30:00+08:00,2025-03-05,67.9,2025-03-07,67.3,-0.008836524300441906,-0.014626579804191464,random_forest,validation,0,0.36714199975472217,0.35530489954350825,0.27755310070176975,SELL
2882,2025-03-05,2025-03-05T13:30:00+08:00,2025-03-06,68.0,2025-03-10,67.3,-0.010294117647058898,-0.016075658363303047,random_forest,validation,0,0.33661984926662675,0.30075341332869926,0.36262673740467394,BUY
2882,2025-03-06,2025-03-06T13:30:00+08:00,2025-03-07,68.3,2025-03-11,65.9,-0.03513909224011702,-0.04077549667419378,random_forest,validation,0,0.3580510418549687,0.31261971151545753,0.32932924662957386,SELL
2882,2025-03-07,2025-03-07T13:30:00+08:00,2025-03-10,67.2,2025-03-12,66.5,-0.01041666666666674,-0.016197491491291682,random_forest,validation,0,0.3146088913218479,0.23536461610516426,0.4500264925729878,BUY
2882,2025-03-10,2025-03-10T13:30:00+08:00,2025-03-11,66.0,2025-03-13,65.9,-0.0015151515151514694,-0.007347976103748932,random_forest,validation,1,0.2991247461668257,0.2950259718603774,0.40584928197279685,BUY
2882,2025-03-11,2025-03-11T13:30:00+08:00,2025-03-12,66.0,2025-03-14,66.0,0.0,-0.005841675612252573,random_forest,validation,1,0.2704576165403239,0.3139220022381373,0.41562038122153866,BUY
2882,2025-03-12,2025-03-12T13:30:00+08:00,2025-03-13,66.8,2025-03-17,66.0,-0.0119760479041916,-0.017747763329471145,random_forest,validation,0,0.33418795813364127,0.3141894380178811,0.35162260384847754,BUY
2882,2025-03-13,2025-03-13T13:30:00+08:00,2025-03-14,66.6,2025-03-18,66.5,-0.0015015015015014122,-0.007334405829050872,random_forest,validation,1,0.32219874311197927,0.24060570112157353,0.43719555576644703,BUY
2882,2025-03-14,2025-03-14T13:30:00+08:00,2025-03-17,65.8,2025-03-19,65.3,-0.0075987841945288626,-0.013396070174469643,random_forest,validation,0,0.3870992929336645,0.3715521819694077,0.24134852509692778,SELL
2882,2025-03-17,2025-03-17T13:30:00+08:00,2025-03-18,66.3,2025-03-20,65.9,-0.006033182503770607,-0.011839614220926498,random_forest,validation,0,0.34928245920477996,0.3044871869133747,0.34623035388184514,SELL
2882,2025-03-18,2025-03-18T13:30:00+08:00,2025-03-19,66.3,2025-03-21,65.1,-0.018099547511312264,-0.023835491438275014,random_forest,validation,0,0.3415921340047078,0.3223086100359721,0.33609925595932005,SELL
2882,2025-03-19,2025-03-19T13:30:00+08:00,2025-03-20,65.8,2025-03-24,65.0,-0.012158054711246202,-0.017928706911799708,random_forest,validation,0,0.3544034886976444,0.27977248888133965,0.365824022421016,BUY
2882,2025-03-20,2025-03-20T13:30:00+08:00,2025-03-21,65.6,2025-03-25,65.0,-0.009146341463414531,-0.01493458711579898,random_forest,validation,0,0.3360022964732785,0.3643780023892649,0.2996197011374566,HOLD
2882,2025-03-21,2025-03-21T13:30:00+08:00,2025-03-24,65.3,2025-03-26,65.4,0.0015313935681471325,-0.004319227948565207,random_forest,validation,1,0.31145011646956505,0.3234239189127404,0.3651259646176944,BUY
2882,2025-03-24,2025-03-24T13:30:00+08:00,2025-03-25,65.4,2025-03-27,65.3,-0.00152905198776776,-0.007361795374313473,random_forest,validation,1,0.3285338336552237,0.3058034048368976,0.36566276150787863,BUY
2882,2025-03-25,2025-03-25T13:30:00+08:00,2025-03-26,65.5,2025-03-28,64.0,-0.022900763358778664,-0.028608660140216347,random_forest,validation,0,0.36831832080892923,0.31747962686116105,0.31420205232990983,SELL
2882,2025-03-26,2025-03-26T13:30:00+08:00,2025-03-27,65.1,2025-03-31,61.2,-0.05990783410138234,-0.06539954758018185,random_forest,validation,0,0.28444330400868184,0.29954699817649305,0.4160096978148253,BUY
2882,2025-03-27,2025-03-27T13:30:00+08:00,2025-03-28,65.0,2025-04-01,61.6,-0.05230769230769228,-0.05784380334945771,random_forest,validation,0,0.2705893150115861,0.3134399614031336,0.4159707235852803,BUY
2882,2025-03-28,2025-03-28T13:30:00+08:00,2025-03-31,62.8,2025-04-02,61.6,-0.019108280254776955,-0.024838331492273102,random_forest,validation,0,0.35164781384642213,0.2175439663492699,0.43080821980430806,BUY
2882,2025-03-31,2025-03-31T13:30:00+08:00,2025-04-01,61.5,2025-04-07,55.5,-0.09756097560975607,-0.10283273165008155,random_forest,validation,0,0.2938596178069633,0.3269698107436666,0.37917057144937016,BUY
2882,2025-04-01,2025-04-01T13:30:00+08:00,2025-04-02,61.6,2025-04-08,54.1,-0.12175324675324672,-0.1268836793932283,random_forest,validation,0,0.35376811522759716,0.39976940434696007,0.24646248042544283,HOLD
2882,2025-04-02,2025-04-02T13:30:00+08:00,2025-04-07,55.5,2025-04-09,49.5,-0.10810810810810811,-0.11331825122173877,random_forest,validation,0,0.3159012503527915,0.2888732383090358,0.3952255113381727,BUY
2882,2025-04-08,2025-04-08T13:30:00+08:00,2025-04-09,53.5,2025-04-11,54.2,0.013084112149532867,0.007166003398428433,random_forest,validation,1,0.3285914686901702,0.26285344463172833,0.40855508667810125,BUY
2882,2025-04-09,2025-04-09T13:30:00+08:00,2025-04-10,54.4,2025-04-14,54.5,0.0018382352941177516,-0.0040141786924221545,random_forest,validation,1,0.4298879541208189,0.21460516275697727,0.35550688312220385,SELL
2882,2025-04-11,2025-04-11T13:30:00+08:00,2025-04-14,54.4,2025-04-16,54.8,0.007352941176470562,0.0014683120670690997,random_forest,validation,1,0.31865935694624986,0.35538801528233166,0.32595262777141876,HOLD
2882,2025-04-14,2025-04-14T13:30:00+08:00,2025-04-15,54.8,2025-04-17,53.9,-0.01642335766423353,-0.022169093348547664,random_forest,validation,0,0.36983919415227784,0.2902911759231809,0.33986962992454134,SELL
2882,2025-04-15,2025-04-15T13:30:00+08:00,2025-04-16,55.1,2025-04-18,53.6,-0.02722323049001818,-0.03290587682063051,random_forest,validation,0,0.3719899842261449,0.3036716247957768,0.32433839097807854,SELL
2882,2025-04-16,2025-04-16T13:30:00+08:00,2025-04-17,54.5,2025-04-21,54.1,-0.007339449541284404,-0.013138250470144275,random_forest,validation,0,0.35249409186790415,0.31422499984718166,0.333280908284914,SELL
2882,2025-04-17,2025-04-17T13:30:00+08:00,2025-04-18,53.6,2025-04-22,52.5,-0.020522388059701524,-0.026244178538120555,random_forest,validation,0,0.35016392420855064,0.2949334906151055,0.35490258517634365,BUY
2882,2025-04-18,2025-04-18T13:30:00+08:00,2025-04-21,53.8,2025-04-23,53.6,-0.0037174721189590088,-0.009537431464995083,random_forest,validation,1,0.3778207420000764,0.42449722067383505,0.1976820373260885,HOLD
2882,2025-04-21,2025-04-21T13:30:00+08:00,2025-04-22,53.1,2025-04-24,53.5,0.007532956685499137,0.0016472759838885853,random_forest,validation,1,0.388756584322562,0.3300104816963745,0.2812329339810637,SELL
2882,2025-04-22,2025-04-22T13:30:00+08:00,2025-04-23,53.6,2025-04-25,54.1,0.009328358208955168,0.003432189354050985,random_forest,validation,1,0.4195368183600916,0.2560319857355971,0.3244311959043112,SELL
2882,2025-04-23,2025-04-23T13:30:00+08:00,2025-04-24,53.7,2025-04-28,54.6,0.016759776536312776,0.0108201957462013,random_forest,validation,2,0.34492358747430635,0.45337635750633204,0.2017000550193617,HOLD
2882,2025-04-24,2025-04-24T13:30:00+08:00,2025-04-25,54.0,2025-04-29,55.7,0.031481481481481444,0.025455901266620895,random_forest,validation,2,0.38633173304982354,0.26527146590940687,0.3483968010407695,SELL
2882,2025-04-25,2025-04-25T13:30:00+08:00,2025-04-28,54.8,2025-04-30,58.5,0.0675182481751826,0.061282152859182926,random_forest,validation,2,0.352520873080597,0.31740162250307224,0.33007750441633094,SELL
2882,2025-04-28,2025-04-28T13:30:00+08:00,2025-04-29,54.6,2025-05-02,58.7,0.07509157509157505,0.06881123885642437,random_forest,validation,2,0.36937966917266496,0.30263773035704233,0.32798260047029276,SELL
2882,2025-04-29,2025-04-29T13:30:00+08:00,2025-04-30,58.4,2025-05-05,54.7,-0.06335616438356162,-0.06882773383544871,random_forest,validation,0,0.316222627242868,0.3104904373797835,0.37328693537734847,BUY
2882,2025-04-30,2025-04-30T13:30:00+08:00,2025-05-02,58.5,2025-05-06,55.9,-0.04444444444444451,-0.05002649002948578,random_forest,validation,0,0.34321507379053356,0.37945336427853005,0.27733156193093633,HOLD
2882,2025-05-02,2025-05-02T13:30:00+08:00,2025-05-05,55.1,2025-05-07,56.2,0.019963702359346636,0.014005405273891158,random_forest,validation,2,0.3671717982681003,0.32344786509824347,0.30938033663365605,SELL
2882,2025-05-05,2025-05-05T13:30:00+08:00,2025-05-06,53.9,2025-05-08,55.2,0.024118738404452778,0.018136168946264464,random_forest,validation,2,0.2899929798395984,0.3775891378235211,0.33241788233688035,HOLD
2882,2025-05-06,2025-05-06T13:30:00+08:00,2025-05-07,55.7,2025-05-09,55.2,-0.008976660682226245,-0.014765897554691931,random_forest,validation,0,0.4279802561430043,0.292953898545311,0.2790658453116847,SELL
2882,2025-05-07,2025-05-07T13:30:00+08:00,2025-05-08,55.1,2025-05-12,56.1,0.01814882032667886,0.012201125193332496,random_forest,validation,2,0.353889197119148,0.3067891109608005,0.33932169192005146,SELL
2882,2025-05-08,2025-05-08T13:30:00+08:00,2025-05-09,54.6,2025-05-13,57.9,0.06043956043956045,0.054244816521072714,random_forest,validation,2,0.31822674904908616,0.34495214466090607,0.33682110629000767,HOLD
2882,2025-05-09,2025-05-09T13:30:00+08:00,2025-05-12,55.0,2025-05-14,58.8,0.06909090909090909,0.06284562679999173,random_forest,validation,2,0.3138053045742566,0.29913927727423434,0.38705541815150907,BUY
2882,2025-05-12,2025-05-12T13:30:00+08:00,2025-05-13,57.3,2025-05-15,59.6,0.04013961605584648,0.03406345782739528,random_forest,validation,2,0.315265061560357,0.34885410731009225,0.33588083112955053,HOLD
2882,2025-05-13,2025-05-13T13:30:00+08:00,2025-05-14,58.6,2025-05-16,63.0,0.07508532423208192,0.06880502451242454,random_forest,validation,2,0.34935029641843074,0.40386176589023065,0.2467879376913386,HOLD
2882,2025-05-14,2025-05-14T13:30:00+08:00,2025-05-15,59.3,2025-05-19,60.5,0.02023608768971341,0.014276199417516455,random_forest,validation,2,0.32565137483810047,0.33307952601101415,0.34126909915088527,BUY
2882,2025-05-15,2025-05-15T13:30:00+08:00,2025-05-16,59.9,2025-05-20,61.5,0.026711185308848195,0.02071347161680248,random_forest,validation,2,0.3953485764464614,0.3488956664042918,0.2557557571492467,SELL
2882,2025-05-16,2025-05-16T13:30:00+08:00,2025-05-19,61.5,2025-05-21,63.5,0.03252032520325199,0.026488676400357125,random_forest,validation,2,0.3124878256896286,0.3018239618455111,0.38568821246486024,BUY
2882,2025-05-19,2025-05-19T13:30:00+08:00,2025-05-20,60.8,2025-05-22,65.6,0.07894736842105265,0.07264450789204324,random_forest,validation,2,0.3956304221045054,0.24298484038871135,0.36138473750678346,SELL
2882,2025-05-20,2025-05-20T13:30:00+08:00,2025-05-21,61.7,2025-05-23,65.7,0.06482982171799034,0.05860943131726115,random_forest,validation,2,0.4181334802670801,0.2781114846006714,0.30375503513224844,SELL
2882,2025-05-21,2025-05-21T13:30:00+08:00,2025-05-22,62.2,2025-05-26,63.0,0.012861736334405016,0.006944926630676473,random_forest,validation,1,0.35121319719992783,0.2690147713903118,0.3797720314097603,BUY
2882,2025-05-22,2025-05-22T13:30:00+08:00,2025-05-23,65.0,2025-05-27,62.2,-0.04307692307692301,-0.04866695727818626,random_forest,validation,0,0.4268808447180495,0.27235704480638195,0.3007621104755686,SELL
2882,2025-05-23,2025-05-23T13:30:00+08:00,2025-05-26,65.4,2025-05-28,61.2,-0.06422018348623859,-0.06968670561880508,random_forest,validation,0,0.37481819517215315,0.29951012407103095,0.32567168075681563,SELL
2882,2025-05-26,2025-05-26T13:30:00+08:00,2025-05-27,62.6,2025-05-29,59.8,-0.04472843450479236,-0.05030882111202406,random_forest,validation,0,0.33891463984230813,0.39859119668130355,0.26249416347638843,HOLD
2882,2025-05-27,2025-05-27T13:30:00+08:00,2025-05-28,62.6,2025-06-02,60.4,-0.03514376996805113,-0.0407801470763588,random_forest,validation,0,0.3251068080468219,0.3783425617563762,0.29655063019680183,HOLD
2882,2025-05-28,2025-05-28T13:30:00+08:00,2025-05-29,61.6,2025-06-03,63.9,0.037337662337662225,0.031277872213913316,random_forest,validation,2,0.28288605341353457,0.3361771927402147,0.3809367538462508,BUY
2882,2025-05-29,2025-05-29T13:30:00+08:00,2025-06-02,59.7,2025-06-04,64.7,0.08375209380234505,0.07742116562625223,random_forest,validation,2,0.34508530662068443,0.3755466957530392,0.2793679976262765,HOLD
2882,2025-06-02,2025-06-02T13:30:00+08:00,2025-06-03,60.1,2025-06-05,66.1,0.09983361064891838,0.09340873946805495,random_forest,validation,2,0.321146913408905,0.34165053051889827,0.33720255607219685,HOLD
2882,2025-06-03,2025-06-03T13:30:00+08:00,2025-06-04,63.0,2025-06-06,66.3,0.05238095238095242,0.04623328423662931,random_forest,validation,2,0.3500083897769052,0.27697661762119685,0.373014992601898,BUY
2882,2025-06-04,2025-06-04T13:30:00+08:00,2025-06-05,64.3,2025-06-09,67.7,0.05287713841368591,0.046726571711516396,random_forest,validation,2,0.3021731874252853,0.32687535863025374,0.370951453944461,BUY
2882,2025-06-05,2025-06-05T13:30:00+08:00,2025-06-06,64.9,2025-06-10,66.0,0.016949152542372836,0.011008465479064977,random_forest,validation,2,0.3525719665850505,0.3972571969533068,0.2501708364616428,HOLD
2882,2025-06-06,2025-06-06T13:30:00+08:00,2025-06-09,66.5,2025-06-11,68.4,0.028571428571428692,0.022562847941683062,random_forest,validation,2,0.4014937721968687,0.3132456644821331,0.28526056332099814,SELL
2882,2025-06-09,2025-06-09T13:30:00+08:00,2025-06-10,67.7,2025-06-12,68.5,0.011816838995568624,0.00590613324314182,random_forest,validation,1,0.40532436124901994,0.33679194531751494,0.25788369343346546,SELL
2882,2025-06-10,2025-06-10T13:30:00+08:00,2025-06-11,66.4,2025-06-13,69.0,0.03915662650602392,0.03308621058365313,random_forest,validation,2,0.39435612881384435,0.3353045117396211,0.27033935944653426,SELL
2882,2025-06-11,2025-06-11T13:30:00+08:00,2025-06-12,67.1,2025-06-16,67.3,0.0029806259314455463,-0.002878461530619991,random_forest,validation,1,0.3159003718373865,0.2891052385444341,0.3949943896181793,BUY
2882,2025-06-12,2025-06-12T13:30:00+08:00,2025-06-13,67.5,2025-06-17,65.7,-0.026666666666666616,-0.032352564262592476,random_forest,validation,0,0.42622525176382475,0.30170524164865836,0.272069506587517,SELL
2882,2025-06-13,2025-06-13T13:30:00+08:00,2025-06-16,68.7,2025-06-18,67.3,-0.02037845705967989,-0.02610108833631164,random_forest,validation,0,0.2610992123394692,0.26804870123302255,0.4708520864275083,BUY
2882,2025-06-16,2025-06-16T13:30:00+08:00,2025-06-17,67.3,2025-06-19,66.2,-0.01634472511144125,-0.022090920141621173,random_forest,validation,0,0.32031454394135195,0.41090068174935823,0.26878477430928976,HOLD
2882,2025-06-17,2025-06-17T13:30:00+08:00,2025-06-18,66.3,2025-06-20,65.6,-0.010558069381598867,-0.01633806817743233,random_forest,validation,0,0.36928009610535417,0.25213598711932983,0.37858391677531616,BUY
2882,2025-06-18,2025-06-18T13:30:00+08:00,2025-06-19,66.5,2025-06-23,65.9,-0.009022556390977376,-0.01481152515560058,random_forest,validation,0,0.40215856084284135,0.2719586266455945,0.32588281251156387,SELL
2882,2025-06-19,2025-06-19T13:30:00+08:00,2025-06-20,66.2,2025-06-24,66.5,0.004531722054380571,-0.001336426408078517,random_forest,validation,1,0.3510144521062133,0.3883844014178353,0.2606011464759512,HOLD
2882,2025-06-20,2025-06-20T13:30:00+08:00,2025-06-23,65.0,2025-06-25,66.5,0.023076923076922995,0.017100439565926218,random_forest,validation,2,0.31130099681967827,0.3259492716524278,0.3627497315278939,BUY
2882,2025-06-23,2025-06-23T13:30:00+08:00,2025-06-24,66.2,2025-06-26,66.7,0.007552870090634434,0.0016670730613710383,random_forest,validation,1,0.37100221690914936,0.3639567130435196,0.265041070047331,SELL
2882,2025-06-24,2025-06-24T13:30:00+08:00,2025-06-25,66.9,2025-06-27,67.9,0.014947683109117982,0.009018687980987261,random_forest,validation,1,0.29030943196679626,0.3009887276622824,0.40870184037092117,BUY
2882,2025-06-25,2025-06-25T13:30:00+08:00,2025-06-26,66.4,2025-06-30,62.8,-0.05421686746987964,-0.05974182572966069,random_forest,validation,0,0.2996003118406946,0.36287060747068695,0.33752908068861864,HOLD
2002,2026-01-02,2026-01-02T13:30:00+08:00,2026-01-05,18.8,2026-01-07,19.45,0.034574468085106336,0.02853081964583426,random_forest,test,2,0.4460149821231309,0.2924847313579113,0.26150028651895785,SELL
2002,2026-01-05,2026-01-05T13:30:00+08:00,2026-01-06,18.7,2026-01-08,19.15,0.024064171122994527,0.01808192042916379,random_forest,test,2,0.35965131173601655,0.36502106374161974,0.2753276245223638,HOLD
2002,2026-01-06,2026-01-06T13:30:00+08:00,2026-01-07,18.65,2026-01-09,19.0,0.018766756032171594,0.012815451118884935,random_forest,test,2,0.371863025870557,0.3210672092748538,0.30706976485458914,SELL
2002,2026-01-07,2026-01-07T13:30:00+08:00,2026-01-08,19.7,2026-01-12,19.55,-0.0076142131979695105,-0.013411409046676925,random_forest,test,0,0.3675102493837679,0.3364962710813712,0.2959934795348612,SELL
2002,2026-01-08,2026-01-08T13:30:00+08:00,2026-01-09,19.15,2026-01-13,19.45,0.015665796344647598,0.009732606231941832,random_forest,test,1,0.41760553590234084,0.25868812317678225,0.3237063409208767,SELL
2002,2026-01-09,2026-01-09T13:30:00+08:00,2026-01-12,19.0,2026-01-14,19.4,0.021052631578947212,0.015087973322226222,random_forest,test,2,0.3744790818506107,0.31754401773473095,0.30797690041465836,SELL
2002,2026-01-12,2026-01-12T13:30:00+08:00,2026-01-13,19.75,2026-01-15,19.45,-0.0151898734177216,-0.020942814716876756,random_forest,test,0,0.3173928204282994,0.36388995283143233,0.3187172267402685,HOLD
2002,2026-01-13,2026-01-13T13:30:00+08:00,2026-01-14,19.5,2026-01-16,19.25,-0.012820512820512775,-0.018587295155685246,random_forest,test,0,0.3642184744083468,0.3603018671918653,0.27547965839978794,SELL
2002,2026-01-14,2026-01-14T13:30:00+08:00,2026-01-15,19.5,2026-01-19,19.65,0.007692307692307665,0.0018056961138070982,random_forest,test,1,0.3765241307581423,0.35575796873613535,0.2677179005057223,SELL
2002,2026-01-15,2026-01-15T13:30:00+08:00,2026-01-16,19.55,2026-01-20,19.15,-0.020460358056266115,-0.02618251089384338,random_forest,test,0,0.41672286469263264,0.2263956569089465,0.3568814783984208,SELL
2002,2026-01-16,2026-01-16T13:30:00+08:00,2026-01-19,19.25,2026-01-21,18.95,-0.01558441558441559,-0.021335052096217444,random_forest,test,0,0.40937931483493756,0.21546876011694951,0.3751519250481129,SELL
2002,2026-01-19,2026-01-19T13:30:00+08:00,2026-01-20,19.65,2026-01-22,19.0,-0.03307888040712459,-0.03872731993042211,random_forest,test,0,0.30030225417862466,0.41729072182558374,0.28240702399579165,HOLD
2002,2026-01-20,2026-01-20T13:30:00+08:00,2026-01-21,19.1,2026-01-23,19.15,0.002617801047120283,-0.0032391669096668574,random_forest,test,1,0.3799654229432615,0.2289086534246464,0.39112592363209203,BUY
2002,2026-01-21,2026-01-21T13:30:00+08:00,2026-01-22,19.15,2026-01-26,19.65,0.02610966057441244,0.02011546079473825,random_forest,test,2,0.35510134485870426,0.4603854467456278,0.18451320839566812,HOLD
2002,2026-01-22,2026-01-22T13:30:00+08:00,2026-01-23,19.1,2026-01-27,19.35,0.01308900523560208,0.0071708679006761145,random_forest,test,1,0.3594984630167493,0.31219983884654395,0.32830169813670657,SELL
2002,2026-01-23,2026-01-23T13:30:00+08:00,2026-01-26,19.2,2026-01-28,19.6,0.02083333333333348,0.014869956145825647,random_forest,test,2,0.37371428631953824,0.3877632536752869,0.23852246000517505,HOLD
2002,2026-01-26,2026-01-26T13:30:00+08:00,2026-01-27,19.75,2026-01-29,20.7,0.048101265822784844,0.041978598219056806,random_forest,test,2,0.34314626190888753,0.3740714289248526,0.28278230916625985,HOLD
2002,2026-01-27,2026-01-27T13:30:00+08:00,2026-01-28,19.35,2026-01-30,20.75,0.07235142118863047,0.06608709204370822,random_forest,test,2,0.3438091769041881,0.2409012653443682,0.41528955775144366,BUY
2002,2026-01-28,2026-01-28T13:30:00+08:00,2026-01-29,19.85,2026-02-02,21.1,0.06297229219143574,0.05676275287564092,random_forest,test,2,0.3618013428608112,0.3849113913994002,0.2532872657397885,HOLD
2002,2026-01-29,2026-01-29T13:30:00+08:00,2026-01-30,20.8,2026-02-03,20.65,-0.007211538461538547,-0.013011086605433486,random_forest,test,0,0.35741684222158276,0.4305077363233187,0.21207542145509872,HOLD
2002,2026-01-30,2026-01-30T13:30:00+08:00,2026-02-02,21.05,2026-02-04,20.95,-0.004750593824228044,-0.010564518008393975,random_forest,test,0,0.3698076855893256,0.35169973588474496,0.2784925785259296,SELL
2002,2026-02-02,2026-02-02T13:30:00+08:00,2026-02-03,21.4,2026-02-05,20.95,-0.02102803738317749,-0.02674687402227538,random_forest,test,0,0.4231876619438733,0.3866610836441411,0.19015125441198552,SELL
2002,2026-02-03,2026-02-03T13:30:00+08:00,2026-02-04,20.65,2026-02-06,20.4,-0.01210653753026636,-0.01787749067747957,random_forest,test,0,0.409568511839497,0.2956120449116239,0.29481944324887904,SELL
2002,2026-02-04,2026-02-04T13:30:00+08:00,2026-02-05,21.15,2026-02-09,20.35,-0.03782505910165468,-0.04344577298862107,random_forest,test,0,0.43873864805114343,0.30568120335097637,0.2555801485978806,SELL
2002,2026-02-05,2026-02-05T13:30:00+08:00,2026-02-06,20.8,2026-02-10,20.5,-0.014423076923076983,-0.02018049759861429,random_forest,test,0,0.3557934469561211,0.3834988219978029,0.260707731046076,HOLD
2002,2026-02-06,2026-02-06T13:30:00+08:00,2026-02-09,20.6,2026-02-11,20.9,0.014563106796116276,0.00863635823805442,random_forest,test,1,0.3961422378716535,0.30867305322384214,0.2951847089045043,SELL
2002,2026-02-09,2026-02-09T13:30:00+08:00,2026-02-10,20.45,2026-02-23,20.45,0.0,-0.005841675612252462,random_forest,test,1,0.3137390480189554,0.4470625042198638,0.23919844776118082,HOLD
2002,2026-02-10,2026-02-10T13:30:00+08:00,2026-02-11,20.6,2026-02-24,20.7,0.004854368932038833,-0.0010156643288168343,random_forest,test,1,0.3690803378544451,0.27937996907615653,0.35153969306939864,SELL
2002,2026-02-11,2026-02-11T13:30:00+08:00,2026-02-23,20.75,2026-02-25,21.25,0.024096385542168752,0.018113946662150937,random_forest,test,2,0.3437760903538459,0.3504758426308369,0.30574806701531726,HOLD
2002,2026-02-23,2026-02-23T13:30:00+08:00,2026-02-24,20.6,2026-02-26,20.75,0.007281553398058138,0.0013973413129009238,random_forest,test,1,0.3944366971896891,0.3501811214174522,0.2553821813928587,SELL
2002,2026-02-24,2026-02-24T13:30:00+08:00,2026-02-25,20.7,2026-03-02,20.25,-0.021739130434782594,-0.02745381309894268,random_forest,test,0,0.3733623236857007,0.37274907621120773,0.25388860010309167,SELL
2002,2026-02-25,2026-02-25T13:30:00+08:00,2026-02-26,21.25,2026-03-03,20.05,-0.05647058823529405,-0.061982380989442976,random_forest,test,0,0.33684759786496615,0.32099433743778677,0.342158064697247,BUY
2002,2026-02-26,2026-02-26T13:30:00+08:00,2026-03-02,20.4,2026-03-04,19.2,-0.05882352941176472,-0.06432157704682584,random_forest,test,0,0.39561104379831635,0.33808811193519667,0.26630084426648676,SELL
2002,2026-03-02,2026-03-02T13:30:00+08:00,2026-03-03,20.1,2026-03-05,19.3,-0.03980099502487566,-0.04541016613514803,random_forest,test,0,0.3927027389725947,0.3480500000046933,0.25924726102271195,SELL
2002,2026-03-03,2026-03-03T13:30:00+08:00,2026-03-04,19.8,2026-03-06,19.9,0.005050505050504972,-0.0008206739739307078,random_forest,test,1,0.3565798953489459,0.3136644733810364,0.3297556312700175,SELL
2002,2026-03-04,2026-03-04T13:30:00+08:00,2026-03-05,19.6,2026-03-09,19.15,-0.022959183673469497,-0.028666739182379608,random_forest,test,0,0.3913340718237624,0.3513163905816129,0.2573495375946248,SELL
2002,2026-03-05,2026-03-05T13:30:00+08:00,2026-03-06,19.1,2026-03-10,19.2,0.005235602094240788,-0.0006366582070810312,random_forest,test,1,0.32047479061246487,0.35770013983213167,0.3218250695554037,HOLD
2002,2026-03-06,2026-03-06T13:30:00+08:00,2026-03-09,19.15,2026-03-11,19.5,0.018276762402088753,0.012328319872640936,random_forest,test,2,0.391720259429296,0.3347880061553954,0.2734917344153085,SELL
2002,2026-03-09,2026-03-09T13:30:00+08:00,2026-03-10,19.4,2026-03-12,19.35,-0.002577319587628746,-0.008403939334901245,random_forest,test,1,0.359121851256147,0.3555799993500495,0.28529814939380344,SELL
2002,2026-03-10,2026-03-10T13:30:00+08:00,2026-03-11,19.25,2026-03-13,19.1,-0.007792207792207684,-0.013588363854234897,random_forest,test,0,0.3853889222004158,0.3022324105597721,0.31237866723981184,SELL
2002,2026-03-11,2026-03-11T13:30:00+08:00,2026-03-12,19.3,2026-03-16,19.15,-0.00777202072538874,-0.013568294713711793,random_forest,test,0,0.3147461826436344,0.4226847224896257,0.26256909486673985,HOLD
2002,2026-03-12,2026-03-12T13:30:00+08:00,2026-03-13,19.3,2026-03-17,19.25,-0.002590673575129543,-0.00841721531273909,random_forest,test,1,0.35303370594527544,0.338361656132452,0.3086046379222725,SELL
2002,2026-03-13,2026-03-13T13:30:00+08:00,2026-03-16,19.2,2026-03-18,19.3,0.005208333333333481,-0.0006637676727330177,random_forest,test,1,0.3295599636840546,0.46157713549630364,0.208862900819642,HOLD
2002,2026-03-16,2026-03-16T13:30:00+08:00,2026-03-17,19.25,2026-03-19,18.8,-0.023376623376623384,-0.02908174033819988,random_forest,test,0,0.37711339276674927,0.3829779592945065,0.23990864793874422,HOLD
2002,2026-03-17,2026-03-17T13:30:00+08:00,2026-03-18,19.4,2026-03-20,19.45,0.002577319587628857,-0.0032794118896037894,random_forest,test,1,0.34832696623787884,0.432760788561226,0.2189122452008952,HOLD
2002,2026-03-18,2026-03-18T13:30:00+08:00,2026-03-19,19.0,2026-03-23,19.05,0.0026315789473685403,-0.0032254694954426677,random_forest,test,1,0.3974075305487305,0.3071935425915338,0.2953989268597358,SELL
2002,2026-03-19,2026-03-19T13:30:00+08:00,2026-03-20,19.1,2026-03-24,19.2,0.005235602094240788,-0.0006366582070810312,random_forest,test,1,0.3831415790585349,0.40715286917658244,0.20970555176488279,HOLD
2002,2026-03-20,2026-03-20T13:30:00+08:00,2026-03-23,19.8,2026-03-25,19.3,-0.025252525252525304,-0.03094668380386234,random_forest,test,0,0.39799282208397424,0.3773052728035758,0.22470190511245022,SELL
2002,2026-03-23,2026-03-23T13:30:00+08:00,2026-03-24,19.35,2026-03-26,19.75,0.02067183462532296,0.014709400860879018,random_forest,test,2,0.3766436378756717,0.3408457853554597,0.28251057676886876,SELL
2002,2026-03-24,2026-03-24T13:30:00+08:00,2026-03-25,19.5,2026-03-27,19.6,0.00512820512820511,-0.0007434277948793477,random_forest,test,1,0.32253339921862106,0.4290046706668998,0.24846193011447948,HOLD
2002,2026-03-25,2026-03-25T13:30:00+08:00,2026-03-26,19.45,2026-03-30,19.15,-0.015424164524421635,-0.021175737170932574,random_forest,test,0,0.35720422073741914,0.30170112602237326,0.3410946532402074,SELL
2002,2026-03-26,2026-03-26T13:30:00+08:00,2026-03-27,19.75,2026-03-31,18.9,-0.04303797468354442,-0.04862823640868741,random_forest,test,0,0.40015732735263365,0.25847871996545124,0.341363952681915,SELL
2002,2026-03-27,2026-03-27T13:30:00+08:00,2026-03-30,19.25,2026-04-01,19.5,0.01298701298701288,0.0070694714577181905,random_forest,test,1,0.37659241367411317,0.26252224523770123,0.3608853410881857,SELL
2002,2026-03-30,2026-03-30T13:30:00+08:00,2026-03-31,19.0,2026-04-02,19.5,0.026315789473684292,0.020320385555846032,random_forest,test,2,0.3181207120550771,0.4482885884348735,0.23359069951004954,HOLD
2002,2026-03-31,2026-03-31T13:30:00+08:00,2026-04-01,19.25,2026-04-07,19.5,0.01298701298701288,0.0070694714577181905,random_forest,test,1,0.3339490377729311,0.34711457955083147,0.31893638267623736,HOLD
2002,2026-04-01,2026-04-01T13:30:00+08:00,2026-04-02,19.6,2026-04-08,19.95,0.017857142857142794,0.01191115160895695,random_forest,test,2,0.35965809666610293,0.33059014574310874,0.30975175759078816,SELL
2002,2026-04-02,2026-04-02T13:30:00+08:00,2026-04-07,19.5,2026-04-09,20.2,0.03589743589743577,0.029846059109359002,random_forest,test,2,0.354749174294706,0.3766054258148481,0.26864539989044606,HOLD
2002,2026-04-07,2026-04-07T13:30:00+08:00,2026-04-08,19.8,2026-04-10,20.05,0.012626262626262541,0.006710828483552422,random_forest,test,1,0.35517531141018593,0.4297656935002553,0.2150589950895589,HOLD
2002,2026-04-08,2026-04-08T13:30:00+08:00,2026-04-09,20.0,2026-04-13,20.2,0.010000000000000009,0.004099907631624822,random_forest,test,1,0.3586062444178561,0.35455243959116745,0.28684131599097645,SELL
2002,2026-04-09,2026-04-09T13:30:00+08:00,2026-04-10,20.3,2026-04-14,20.5,0.009852216748768461,0.003952987682207976,random_forest,test,1,0.34778021389673974,0.34160835490683034,0.31061143119642987,SELL
2002,2026-04-10,2026-04-10T13:30:00+08:00,2026-04-13,20.05,2026-04-15,20.1,0.0024937655860348684,-0.0033624777958242147,random_forest,test,1,0.35115086836045833,0.29274735400164587,0.35610177763789563,BUY
2002,2026-04-13,2026-04-13T13:30:00+08:00,2026-04-14,20.2,2026-04-16,19.95,-0.012376237623762387,-0.018145615270516724,random_forest,test,0,0.28680913108271633,0.4262081756842088,0.28698269323307474,HOLD
2002,2026-04-14,2026-04-14T13:30:00+08:00,2026-04-15,20.5,2026-04-17,20.1,-0.019512195121951126,-0.02523988681981837,random_forest,test,0,0.35164255177821574,0.31701528702613957,0.33134216119564464,SELL
2002,2026-04-15,2026-04-15T13:30:00+08:00,2026-04-16,20.25,2026-04-20,19.85,-0.01975308641975304,-0.02547937090880048,random_forest,test,0,0.37114582006019964,0.3167917929130838,0.31206238702671657,SELL
2002,2026-04-16,2026-04-16T13:30:00+08:00,2026-04-17,20.05,2026-04-21,19.75,-0.014962593516209544,-0.020716862510822276,random_forest,test,0,0.3666605511994612,0.32523568283776866,0.30810376596277017,SELL
2002,2026-04-17,2026-04-17T13:30:00+08:00,2026-04-20,20.15,2026-04-22,19.55,-0.02977667493796521,-0.03544440487441869,random_forest,test,0,0.33749410279958836,0.3935894568521276,0.2689164403482839,HOLD
2002,2026-04-20,2026-04-20T13:30:00+08:00,2026-04-21,19.9,2026-04-23,19.15,-0.03768844221105527,-0.04330995416957961,random_forest,test,0,0.36492659831901925,0.38619861822027657,0.2488747834607045,HOLD
2002,2026-04-21,2026-04-21T13:30:00+08:00,2026-04-22,19.75,2026-04-24,19.0,-0.03797468354430378,-0.04359452337381253,random_forest,test,0,0.3506695585037721,0.4438474470880612,0.20548299440816675,HOLD
2002,2026-04-22,2026-04-22T13:30:00+08:00,2026-04-23,19.4,2026-04-27,18.75,-0.03350515463917514,-0.0391511040066872,random_forest,test,0,0.40638260999124975,0.2878405110868984,0.30577687892185196,SELL
2002,2026-04-23,2026-04-23T13:30:00+08:00,2026-04-24,19.15,2026-04-28,18.75,-0.02088772845952991,-0.026607384737845075,random_forest,test,0,0.4508717153807644,0.2285454633212758,0.3205828212979596,SELL
2002,2026-04-24,2026-04-24T13:30:00+08:00,2026-04-27,18.8,2026-04-29,19.0,0.010638297872340496,0.004734476774851171,random_forest,test,1,0.3700585107009822,0.3674416634249893,0.2624998258740286,SELL
2002,2026-04-27,2026-04-27T13:30:00+08:00,2026-04-28,18.75,2026-04-30,18.75,0.0,-0.005841675612252573,random_forest,test,1,0.27506899419438435,0.514044066692987,0.2108869391126288,HOLD
2002,2026-04-28,2026-04-28T13:30:00+08:00,2026-04-29,18.75,2026-05-04,18.6,-0.007999999999999896,-0.013794942207354555,random_forest,test,0,0.3412190989010055,0.39306923387921083,0.2657116672197837,HOLD
2002,2026-04-29,2026-04-29T13:30:00+08:00,2026-04-30,18.9,2026-05-05,18.6,-0.015873015873015706,-0.021621966475550147,random_forest,test,0,0.3361170427219689,0.41692278073015054,0.2469601765478807,HOLD
2002,2026-04-30,2026-04-30T13:30:00+08:00,2026-05-04,18.8,2026-05-06,18.8,0.0,-0.005841675612252684,random_forest,test,1,0.28210652674439507,0.48129433273458394,0.2365991405210212,HOLD
2002,2026-05-04,2026-05-04T13:30:00+08:00,2026-05-05,18.6,2026-05-07,18.85,0.013440860215053752,0.007520667457475261,random_forest,test,1,0.3660734850681704,0.4132141737082828,0.22071234122354702,HOLD
2002,2026-05-05,2026-05-05T13:30:00+08:00,2026-05-06,18.6,2026-05-08,18.75,0.008064516129032251,0.002175730229584172,random_forest,test,1,0.3504683298722746,0.3500122578877967,0.2995194122399284,SELL
2002,2026-05-06,2026-05-06T13:30:00+08:00,2026-05-07,18.8,2026-05-11,18.6,-0.010638297872340385,-0.016417827999356427,random_forest,test,0,0.31861374142508814,0.3310483742486349,0.3503378843262769,BUY
2002,2026-05-07,2026-05-07T13:30:00+08:00,2026-05-08,18.85,2026-05-12,18.5,-0.018567639257294544,-0.02430084874412053,random_forest,test,0,0.32680728116956714,0.40156764700170894,0.2716250718287241,HOLD
2002,2026-05-08,2026-05-08T13:30:00+08:00,2026-05-11,18.85,2026-05-13,18.4,-0.023872679045092937,-0.02957489821036874,random_forest,test,0,0.3426324315834954,0.414460077053659,0.24290749136284565,HOLD
2002,2026-05-11,2026-05-11T13:30:00+08:00,2026-05-12,18.8,2026-05-14,18.3,-0.02659574468085102,-0.03228205658001182,random_forest,test,0,0.33699885998792056,0.4093959307136057,0.2536052092984735,HOLD
2002,2026-05-12,2026-05-12T13:30:00+08:00,2026-05-13,18.5,2026-05-15,18.15,-0.018918918918918948,-0.02465007634391292,random_forest,test,0,0.40490472629521335,0.31463204951451035,0.2804632241902761,SELL
2002,2026-05-13,2026-05-13T13:30:00+08:00,2026-05-14,18.5,2026-05-18,18.2,-0.016216216216216273,-0.021963161953675647,random_forest,test,0,0.35694322290936215,0.4250801564841171,0.21797662060652065,HOLD
2002,2026-05-14,2026-05-14T13:30:00+08:00,2026-05-15,18.3,2026-05-19,18.2,-0.005464480874317057,-0.011274234761912472,random_forest,test,0,0.3725824713230121,0.3182259767355741,0.30919155194141384,SELL
2002,2026-05-15,2026-05-15T13:30:00+08:00,2026-05-18,18.15,2026-05-20,18.1,-0.0027548209366389242,-0.008580403778609691,random_forest,test,1,0.36445887181848297,0.310516198312461,0.32502492986905607,SELL
2002,2026-05-18,2026-05-18T13:30:00+08:00,2026-05-19,18.35,2026-05-21,18.2,-0.008174386920981047,-0.013968310416512253,random_forest,test,0,0.3608978665790651,0.3570463392242743,0.28205579419666055,SELL
2002,2026-05-19,2026-05-19T13:30:00+08:00,2026-05-20,18.25,2026-05-22,18.15,-0.005479452054794609,-0.011289118485610317,random_forest,test,0,0.35764869084556233,0.3908879595895828,0.25146334956485494,HOLD
2002,2026-05-20,2026-05-20T13:30:00+08:00,2026-05-21,18.3,2026-05-25,19.95,0.0901639344262295,0.08379555035713437,random_forest,test,2,0.3800793950271122,0.357882560370614,0.26203804460227365,SELL
2002,2026-05-21,2026-05-21T13:30:00+08:00,2026-05-22,18.25,2026-05-26,19.5,0.06849315068493156,0.06225136030471634,random_forest,test,2,0.3600376101861329,0.40261159842713085,0.23735079138673587,HOLD
2002,2026-05-22,2026-05-22T13:30:00+08:00,2026-05-25,18.5,2026-05-27,19.1,0.032432432432432545,0.026401297070593355,random_forest,test,2,0.3521696697739016,0.3804508217497487,0.2673795084763498,HOLD
2002,2026-05-25,2026-05-25T13:30:00+08:00,2026-05-26,21.0,2026-05-28,18.85,-0.10238095238095235,-0.10762455168052187,random_forest,test,0,0.34157994430434835,0.22730066440375385,0.431119391291898,BUY
2002,2026-05-26,2026-05-26T13:30:00+08:00,2026-05-27,19.65,2026-05-29,19.1,-0.027989821882951516,-0.03366799003531906,random_forest,test,0,0.32306315975030125,0.27214315480570017,0.40479368544399824,BUY
2002,2026-05-27,2026-05-27T13:30:00+08:00,2026-05-28,19.1,2026-06-01,19.1,0.0,-0.005841675612252462,random_forest,test,1,0.37509395791070027,0.3209603888634963,0.3039456532258034,SELL
2002,2026-05-28,2026-05-28T13:30:00+08:00,2026-05-29,19.05,2026-06-02,18.95,-0.005249343832021025,-0.011060354480429746,random_forest,test,0,0.37907322714160785,0.3635891365302988,0.2573376363280935,SELL
2002,2026-05-29,2026-05-29T13:30:00+08:00,2026-06-01,19.2,2026-06-03,19.4,0.01041666666666674,0.004514140266786315,random_forest,test,1,0.330578119931545,0.42549621835841533,0.24392566171003957,HOLD
2002,2026-06-01,2026-06-01T13:30:00+08:00,2026-06-02,19.1,2026-06-04,19.25,0.00785340314136107,0.001965850495504462,random_forest,test,1,0.35679530943478277,0.33170761322401304,0.31149707734120424,SELL
2002,2026-06-02,2026-06-02T13:30:00+08:00,2026-06-03,19.1,2026-06-05,19.3,0.010471204188481575,0.004568359198090288,random_forest,test,1,0.3780814841781246,0.3477362135757257,0.27418230224614953,SELL
2002,2026-06-03,2026-06-03T13:30:00+08:00,2026-06-04,19.45,2026-06-08,18.65,-0.04113110539845766,-0.04673250643539906,random_forest,test,0,0.34980315705493703,0.3900501981288362,0.2601466448162269,HOLD
2002,2026-06-04,2026-06-04T13:30:00+08:00,2026-06-05,19.35,2026-06-09,18.75,-0.03100775193798455,-0.03666829032195029,random_forest,test,0,0.3768163508885957,0.28748532308060903,0.3356983260307954,SELL
2002,2026-06-05,2026-06-05T13:30:00+08:00,2026-06-08,18.6,2026-06-10,18.7,0.005376344086021501,-0.0004967383843615947,random_forest,test,1,0.2655291701042396,0.5116957293365839,0.22277510055917651,HOLD
2002,2026-06-08,2026-06-08T13:30:00+08:00,2026-06-09,18.75,2026-06-11,18.55,-0.010666666666666602,-0.0164460310723884,random_forest,test,0,0.34409430944984165,0.36931512438176656,0.2865905661683917,HOLD
2002,2026-06-09,2026-06-09T13:30:00+08:00,2026-06-10,18.75,2026-06-12,18.9,0.008000000000000007,0.0021115909828492985,random_forest,test,1,0.3908121995578185,0.3704622992686188,0.2387255011735629,SELL
2002,2026-06-10,2026-06-10T13:30:00+08:00,2026-06-11,18.7,2026-06-15,19.0,0.016042780748663166,0.010107388415358631,random_forest,test,2,0.40547560502337743,0.32955591968265374,0.2649684752939691,SELL
2002,2026-06-11,2026-06-11T13:30:00+08:00,2026-06-12,18.75,2026-06-16,18.65,-0.005333333333333412,-0.011143853342320709,random_forest,test,0,0.330669439641333,0.4271980124281533,0.24213254793051361,HOLD
2002,2026-06-12,2026-06-12T13:30:00+08:00,2026-06-15,19.2,2026-06-17,18.75,-0.0234375,-0.029142261340090347,random_forest,test,0,0.3676270041215223,0.34581691004318493,0.28655608583529274,SELL
2002,2026-06-15,2026-06-15T13:30:00+08:00,2026-06-16,19.05,2026-06-18,19.1,0.002624671916010568,-0.003232336178163986,random_forest,test,1,0.40897681379256406,0.3489926577260387,0.24203052848139717,SELL
2002,2026-06-16,2026-06-16T13:30:00+08:00,2026-06-17,18.65,2026-06-22,19.5,0.04557640750670244,0.03946848930622382,random_forest,test,2,0.3850553625451553,0.349023213351988,0.26592142410285646,SELL
2002,2026-06-17,2026-06-17T13:30:00+08:00,2026-06-18,18.8,2026-06-23,19.2,0.02127659574468077,0.015310629161954692,random_forest,test,2,0.3600949774417084,0.3886718438830721,0.2512331786752196,HOLD
2002,2026-06-18,2026-06-18T13:30:00+08:00,2026-06-22,19.25,2026-06-24,19.35,0.0051948051948051965,-0.0006772167842641341,random_forest,test,1,0.3701309414067789,0.37081388671230164,0.2590551718809193,HOLD
2002,2026-06-22,2026-06-22T13:30:00+08:00,2026-06-23,19.75,2026-06-25,19.05,-0.03544303797468351,-0.04107766685637537,random_forest,test,0,0.3567937656911287,0.287689421387369,0.3555168129215025,SELL
2002,2026-06-23,2026-06-23T13:30:00+08:00,2026-06-24,19.15,2026-06-26,19.0,-0.007832898172323688,-0.013628816534349664,random_forest,test,0,0.3583701203031742,0.30347928085071324,0.3381505988461124,SELL
2002,2026-06-24,2026-06-24T13:30:00+08:00,2026-06-25,19.4,2026-06-29,19.05,-0.018041237113401998,-0.023777521670794277,random_forest,test,0,0.3768536904106297,0.3465421172369327,0.2766041923524374,SELL
2002,2026-06-25,2026-06-25T13:30:00+08:00,2026-06-26,19.0,2026-06-30,18.8,-0.010526315789473606,-0.01630650007949208,random_forest,test,0,0.3391349791983157,0.32285897886666315,0.3380060419350211,SELL
2303,2026-01-02,2026-01-02T14:30:00+08:00,2026-01-05,48.5,2026-01-07,54.1,0.11546391752577323,0.10894773916241518,random_forest,test,2,0.32020276014305327,0.2559021181792182,0.4238951216777286,BUY
2303,2026-01-05,2026-01-05T14:30:00+08:00,2026-01-06,48.85,2026-01-08,52.8,0.08085977482088014,0.07454574263404412,random_forest,test,2,0.36250843290054663,0.32037059269605495,0.3171209744033985,SELL
2303,2026-01-06,2026-01-06T14:30:00+08:00,2026-01-07,50.8,2026-01-09,55.1,0.08464566929133865,0.0783095211371041,random_forest,test,2,0.3770562106077158,0.28836696520064636,0.3345768241916381,SELL
2303,2026-01-07,2026-01-07T14:30:00+08:00,2026-01-08,57.0,2026-01-12,55.3,-0.029824561403508865,-0.035492011602764495,random_forest,test,0,0.3312386135799707,0.2073851017221738,0.4613762846978555,BUY
2303,2026-01-08,2026-01-08T14:30:00+08:00,2026-01-09,54.4,2026-01-13,54.9,0.009191176470588314,0.0032958089868995177,random_forest,test,1,0.35602766500591143,0.28350432797649394,0.3604680070175945,BUY
2303,2026-01-09,2026-01-09T13:30:00+08:00,2026-01-12,57.0,2026-01-14,54.0,-0.052631578947368474,-0.05816579794844989,random_forest,test,0,0.2359367699818725,0.25161932949463844,0.5124439005234891,BUY
2303,2026-01-12,2026-01-12T14:30:00+08:00,2026-01-13,55.5,2026-01-15,54.7,-0.014414414414414378,-0.020171885693517244,random_forest,test,0,0.4265028795839384,0.2764189550175013,0.2970781653985601,SELL
2303,2026-01-13,2026-01-13T14:30:00+08:00,2026-01-14,55.1,2026-01-16,58.5,0.06170598911070768,0.05550384712673728,random_forest,test,2,0.3532325473382953,0.43286972909884797,0.2138977235628568,HOLD
2303,2026-01-14,2026-01-14T14:30:00+08:00,2026-01-15,54.7,2026-01-19,62.5,0.14259597806215707,0.13592130300245353,random_forest,test,2,0.35768798036345617,0.36183006847689214,0.2804819511596515,HOLD
2303,2026-01-15,2026-01-15T14:30:00+08:00,2026-01-16,54.8,2026-01-20,67.8,0.23722627737226287,0.22999880280089924,random_forest,test,2,0.33605204872894584,0.3138482535281847,0.35009969774286936,BUY
2303,2026-01-16,2026-01-16T14:30:00+08:00,2026-01-19,60.3,2026-01-21,68.4,0.1343283582089554,0.1277019799025194,random_forest,test,2,0.27333523673745413,0.3153042983026249,0.4113604649599212,BUY
2303,2026-01-19,2026-01-19T14:30:00+08:00,2026-01-20,62.4,2026-01-22,67.6,0.08333333333333326,0.07700485142005964,random_forest,test,2,0.30257928868553763,0.2967725500071434,0.40064816130731906,BUY
2303,2026-01-20,2026-01-20T14:30:00+08:00,2026-01-21,70.9,2026-01-23,64.8,-0.0860366713681242,-0.09137574865548614,random_forest,test,0,0.34621742458227234,0.23290748803032588,0.42087508738740176,BUY
2303,2026-01-21,2026-01-21T14:30:00+08:00,2026-01-22,71.5,2026-01-26,69.3,-0.03076923076923077,-0.036431162516491034,random_forest,test,0,0.3647765655815921,0.2981830127760812,0.33704042164232645,SELL
2303,2026-01-22,2026-01-22T14:30:00+08:00,2026-01-23,68.0,2026-01-27,76.2,0.12058823529411766,0.11404212232862276,random_forest,test,2,0.4243952187132657,0.2389199492451013,0.336684832041633,SELL
2303,2026-01-23,2026-01-23T14:30:00+08:00,2026-01-26,66.0,2026-01-28,75.9,0.15000000000000013,0.14328207304590967,random_forest,test,2,0.3040103695275718,0.29909966514774683,0.3968899653246813,BUY
2303,2026-01-26,2026-01-26T14:30:00+08:00,2026-01-27,71.1,2026-01-29,68.4,-0.03797468354430367,-0.043594523373812644,random_forest,test,0,0.28973290083246217,0.35281226480979216,0.3574548343577459,BUY
2303,2026-01-27,2026-01-27T14:30:00+08:00,2026-01-28,79.6,2026-01-30,62.4,-0.2160804020100502,-0.22065980600759483,random_forest,test,0,0.29735169713023657,0.31582823688728956,0.38682006598247365,BUY
2303,2026-01-28,2026-01-28T14:30:00+08:00,2026-01-29,70.3,2026-02-02,60.7,-0.13655761024182067,-0.14160156059265605,random_forest,test,0,0.34500220792567127,0.34472281133631105,0.31027498073801785,SELL
2303,2026-01-29,2026-01-29T14:30:00+08:00,2026-01-30,65.0,2026-02-03,60.8,-0.06461538461538463,-0.07007959811115327,random_forest,test,0,0.3448813857469532,0.29389889444921036,0.3612197198038366,BUY
2303,2026-01-30,2026-01-30T14:30:00+08:00,2026-02-02,62.3,2026-02-04,61.8,-0.008025682182985605,-0.013820474363358093,random_forest,test,0,0.3449505858946982,0.3926896043333262,0.2623598097719755,HOLD
2303,2026-02-02,2026-02-02T14:30:00+08:00,2026-02-03,62.5,2026-02-05,61.5,-0.016000000000000014,-0.021748208802456426,random_forest,test,0,0.31687021799001036,0.320339244109116,0.3627905379008736,BUY
2303,2026-02-03,2026-02-03T14:30:00+08:00,2026-02-04,60.6,2026-02-06,61.9,0.021452145214521323,0.015485153128738771,random_forest,test,2,0.3161853306498939,0.3277478825583853,0.35606678679172066,BUY
2303,2026-02-04,2026-02-04T14:30:00+08:00,2026-02-05,61.8,2026-02-09,62.4,0.009708737864077666,0.003810346954618904,random_forest,test,1,0.37670044297696587,0.30024523498586314,0.32305432203717116,SELL
2303,2026-02-05,2026-02-05T14:30:00+08:00,2026-02-06,61.1,2026-02-10,62.4,0.02127659574468077,0.015310629161954692,random_forest,test,2,0.26833695622387377,0.33765793858874205,0.39400510518738385,BUY
2303,2026-02-06,2026-02-06T14:30:00+08:00,2026-02-09,63.6,2026-02-11,62.8,-0.012578616352201366,-0.01834681176807329,random_forest,test,0,0.3495523030540578,0.28063851468267204,0.36980918226327014,BUY
2303,2026-02-09,2026-02-09T14:30:00+08:00,2026-02-10,62.8,2026-02-23,63.9,0.01751592356687892,0.011571925611099765,random_forest,test,2,0.339100851050834,0.4565353581086827,0.20436379084048353,HOLD
2303,2026-02-10,2026-02-10T14:30:00+08:00,2026-02-11,62.9,2026-02-24,67.5,0.0731319554848966,0.06686306671181175,random_forest,test,2,0.4202213139021206,0.23073143916817,0.3490472469297095,SELL
2303,2026-02-11,2026-02-11T14:30:00+08:00,2026-02-23,65.2,2026-02-25,65.5,0.004601226993864893,-0.0012673274939041246,random_forest,test,1,0.3067045575111445,0.3659815373598414,0.32731390512901387,HOLD
2303,2026-02-23,2026-02-23T14:30:00+08:00,2026-02-24,64.3,2026-02-26,65.4,0.017107309486780853,0.011165698521908185,random_forest,test,2,0.2922234289162655,0.36833742072601877,0.3394391503577156,HOLD
2303,2026-02-24,2026-02-24T14:30:00+08:00,2026-02-25,69.3,2026-03-02,64.5,-0.06926406926406925,-0.0747011266520966,random_forest,test,0,0.351535748467642,0.32430778069934973,0.3241564708330083,SELL
2303,2026-02-25,2026-02-25T14:30:00+08:00,2026-02-26,66.0,2026-03-03,62.6,-0.051515151515151514,-0.05705589232313646,random_forest,test,0,0.3774519288008853,0.3207576123112556,0.30179045888785916,SELL
2303,2026-02-26,2026-02-26T14:30:00+08:00,2026-03-02,64.1,2026-03-04,60.0,-0.06396255850234,-0.06943058559649218,random_forest,test,0,0.37967926778666644,0.33652870243500266,0.2837920297783311,SELL
2303,2026-03-02,2026-03-02T14:30:00+08:00,2026-03-03,64.5,2026-03-05,62.1,-0.037209302325581395,-0.04283361326388979,random_forest,test,0,0.34182741162031993,0.30041912734022586,0.3577534610394542,BUY
2303,2026-03-03,2026-03-03T14:30:00+08:00,2026-03-04,61.0,2026-03-06,62.0,0.016393442622950838,0.010456001836727014,random_forest,test,2,0.37950801035147597,0.25380792979660294,0.36668405985192104,SELL
2303,2026-03-04,2026-03-04T14:30:00+08:00,2026-03-05,62.5,2026-03-09,59.7,-0.04479999999999995,-0.05037996854482352,random_forest,test,0,0.39494177574322337,0.27164240865000944,0.3334158156067674,SELL
2303,2026-03-05,2026-03-05T14:30:00+08:00,2026-03-06,62.1,2026-03-10,60.4,-0.027375201288244777,-0.03305695985475143,random_forest,test,0,0.40472869484087787,0.2761232573713683,0.3191480477877537,SELL
2303,2026-03-06,2026-03-06T14:30:00+08:00,2026-03-09,58.3,2026-03-11,62.2,0.0668953687821614,0.06066291212552133,random_forest,test,2,0.3388051156741998,0.35265004968445335,0.3085448346413468,HOLD
2303,2026-03-09,2026-03-09T14:30:00+08:00,2026-03-10,60.8,2026-03-12,60.6,-0.003289473684210509,-0.00911193325826487,random_forest,test,1,0.3294926040642775,0.3378732797046024,0.33263411623112027,HOLD
2303,2026-03-10,2026-03-10T14:30:00+08:00,2026-03-11,62.2,2026-03-13,59.5,-0.043408360128617374,-0.048996458182138825,random_forest,test,0,0.44592506770784723,0.264780918095484,0.2892940141966686,SELL
2303,2026-03-11,2026-03-11T14:30:00+08:00,2026-03-12,62.2,2026-03-16,60.5,-0.027331189710610992,-0.033013205378477295,random_forest,test,0,0.3074282463071238,0.31072334256049944,0.38184841113237683,BUY
2303,2026-03-12,2026-03-12T14:30:00+08:00,2026-03-13,59.8,2026-03-17,60.7,0.015050167224080369,0.00912057341699457,random_forest,test,1,0.4644133468933026,0.2214353192172583,0.31415133388943906,SELL
2303,2026-03-13,2026-03-13T14:30:00+08:00,2026-03-16,60.5,2026-03-18,61.1,0.009917355371900749,0.004017745786634164,random_forest,test,1,0.3494199412972857,0.43044172212808335,0.2201383365746311,HOLD
2303,2026-03-16,2026-03-16T14:30:00+08:00,2026-03-17,60.9,2026-03-19,58.7,-0.03612479474548436,-0.04175544102527462,random_forest,test,0,0.36454350199848945,0.3322112505299231,0.30324524747158726,SELL
2303,2026-03-17,2026-03-17T14:30:00+08:00,2026-03-18,61.3,2026-03-20,57.8,-0.057096247960848334,-0.06260438581383687,random_forest,test,0,0.3479086566225409,0.24717951916828698,0.40491182420917204,BUY
2303,2026-03-18,2026-03-18T14:30:00+08:00,2026-03-19,60.4,2026-03-23,56.7,-0.06125827814569529,-0.06674210276845549,random_forest,test,0,0.42179776046120965,0.2553443434625411,0.32285789607624954,SELL
2303,2026-03-19,2026-03-19T14:30:00+08:00,2026-03-20,58.5,2026-03-24,56.5,-0.03418803418803418,-0.039829994394739665,random_forest,test,0,0.3768887209458828,0.2801299233450717,0.34298135570904525,SELL
2303,2026-03-20,2026-03-20T14:30:00+08:00,2026-03-23,56.0,2026-03-25,59.1,0.05535714285714288,0.04919208877349779,random_forest,test,2,0.353841211900772,0.3584369026967709,0.28772188540245713,HOLD
2303,2026-03-23,2026-03-23T14:30:00+08:00,2026-03-24,57.5,2026-03-26,58.2,0.012173913043478368,0.00626112138029411,random_forest,test,1,0.32039485926559763,0.3939330868599344,0.2856720538744678,HOLD
2303,2026-03-24,2026-03-24T14:30:00+08:00,2026-03-25,58.0,2026-03-27,57.8,-0.0034482758620689724,-0.009269807765313831,random_forest,test,1,0.3429351274905673,0.3169091455338025,0.34015572697563007,SELL
2303,2026-03-25,2026-03-25T14:30:00+08:00,2026-03-26,59.4,2026-03-30,57.0,-0.04040404040404033,-0.04600968871882827,random_forest,test,0,0.3586390702677592,0.3492377553965717,0.29212317433566914,SELL
2303,2026-03-26,2026-03-26T14:30:00+08:00,2026-03-27,57.1,2026-03-31,56.5,-0.010507880910682998,-0.01628817289128326,random_forest,test,0,0.3392165702755219,0.3041315499778274,0.3566518797466507,BUY
2303,2026-03-27,2026-03-27T14:30:00+08:00,2026-03-30,56.3,2026-04-01,57.4,0.019538188277087087,0.013582376906868587,random_forest,test,2,0.36755375434378257,0.3480334154032411,0.284412830252976,SELL
2303,2026-03-30,2026-03-30T14:30:00+08:00,2026-03-31,55.9,2026-04-02,53.6,-0.041144901610017826,-0.046746222053966724,random_forest,test,0,0.3723565329485198,0.3100128934083289,0.31763057364315134,SELL
2303,2026-03-31,2026-03-31T14:30:00+08:00,2026-04-01,57.5,2026-04-07,58.3,0.013913043478260834,0.007990092379229097,random_forest,test,1,0.34038792792931444,0.43498969938143217,0.2246223726892535,HOLD
2303,2026-04-01,2026-04-01T14:30:00+08:00,2026-04-02,57.5,2026-04-08,60.3,0.04869565217391303,0.04256951235793327,random_forest,test,2,0.411737714050774,0.29291036638764056,0.29535191956158546,SELL
2303,2026-04-02,2026-04-02T14:30:00+08:00,2026-04-07,54.7,2026-04-09,60.0,0.09689213893967086,0.09048445088235546,random_forest,test,2,0.40336263126913285,0.23872113625595337,0.3579162324749139,SELL
2303,2026-04-07,2026-04-07T14:30:00+08:00,2026-04-08,59.8,2026-04-10,62.0,0.03678929765886285,0.03073271090368479,random_forest,test,2,0.2976767842765425,0.47194600361045147,0.23037721211300619,HOLD
2303,2026-04-08,2026-04-08T14:30:00+08:00,2026-04-09,60.6,2026-04-13,60.1,-0.008250825082508295,-0.014044302051095303,random_forest,test,0,0.38453123825882474,0.3681826225428687,0.24728613919830666,SELL
2303,2026-04-09,2026-04-09T14:30:00+08:00,2026-04-10,59.7,2026-04-14,59.7,0.0,-0.005841675612252573,random_forest,test,1,0.2982751772851521,0.4560732473441489,0.24565157537069907,HOLD
2303,2026-04-10,2026-04-10T14:30:00+08:00,2026-04-13,61.5,2026-04-15,62.1,0.009756097560975618,0.003857429991530381,random_forest,test,1,0.4504999751145384,0.3000983773149717,0.2494016475704901,SELL
2303,2026-04-13,2026-04-13T14:30:00+08:00,2026-04-14,60.1,2026-04-16,68.3,0.13643926788685512,0.12980055833083437,random_forest,test,2,0.24859907433266568,0.35772830377066256,0.3936726218966718,BUY
2303,2026-04-14,2026-04-14T14:30:00+08:00,2026-04-15,60.1,2026-04-17,73.0,0.21464226289517474,0.20754671681040882,random_forest,test,2,0.3901460350088397,0.2866964174619536,0.32315754752920683,SELL
2303,2026-04-15,2026-04-15T14:30:00+08:00,2026-04-16,66.5,2026-04-20,76.9,0.1563909774436092,0.14963571647244778,random_forest,test,2,0.37455511121301055,0.352424390408412,0.27302049837857745,SELL
2303,2026-04-16,2026-04-16T14:30:00+08:00,2026-04-17,68.3,2026-04-21,76.2,0.11566617862371897,0.10914881871663762,random_forest,test,2,0.3468913015345178,0.34499965377059466,0.3081090446948875,SELL
2303,2026-04-17,2026-04-17T14:30:00+08:00,2026-04-20,78.0,2026-04-22,78.6,0.007692307692307665,0.0018056961138070982,random_forest,test,1,0.2520917639671553,0.27866074705379584,0.469247488979049,BUY
2303,2026-04-20,2026-04-20T14:30:00+08:00,2026-04-21,78.0,2026-04-23,73.6,-0.05641025641025643,-0.06192240160335638,random_forest,test,0,0.42298468158100483,0.3025158867108625,0.2744994317081328,SELL
2303,2026-04-21,2026-04-21T14:30:00+08:00,2026-04-22,76.5,2026-04-24,74.5,-0.02614379084967322,-0.031832742916507395,random_forest,test,0,0.410948747334016,0.23507042403812112,0.35398082862786295,SELL
2303,2026-04-22,2026-04-22T14:30:00+08:00,2026-04-23,79.5,2026-04-27,72.7,-0.08553459119496853,-0.09087660147183341,random_forest,test,0,0.3941638260499473,0.3175697435906653,0.28826643035938754,SELL
2303,2026-04-23,2026-04-23T14:30:00+08:00,2026-04-24,77.0,2026-04-28,75.1,-0.02467532467532474,-0.030372855045197045,random_forest,test,0,0.3284545724717763,0.30867234167747765,0.36287308585074585,BUY
2303,2026-04-24,2026-04-24T14:30:00+08:00,2026-04-27,76.0,2026-04-29,74.5,-0.019736842105263164,-0.02546322148832647,random_forest,test,0,0.41364326368951204,0.2940288659223142,0.29232787038817365,SELL
2303,2026-04-27,2026-04-27T14:30:00+08:00,2026-04-28,72.3,2026-04-30,77.3,0.06915629322268324,0.06291062897887811,random_forest,test,2,0.316212713792078,0.2610053131623237,0.4227819730455982,BUY
2303,2026-04-28,2026-04-28T14:30:00+08:00,2026-04-29,75.3,2026-05-04,81.2,0.07835325365205859,0.07205386374880596,random_forest,test,2,0.39597097147806226,0.3168145472149503,0.28721448130698757,SELL
2303,2026-04-29,2026-04-29T14:30:00+08:00,2026-04-30,80.5,2026-05-05,83.1,0.032298136645962705,0.02626778579654432,random_forest,test,2,0.28810150158778897,0.39256885985614703,0.31932963855606383,HOLD
2303,2026-04-30,2026-04-30T14:30:00+08:00,2026-05-04,80.0,2026-05-06,91.4,0.14250000000000007,0.13582588561300146,random_forest,test,2,0.32415797434413846,0.2766632167507883,0.39917880890507335,BUY
2303,2026-05-04,2026-05-04T14:30:00+08:00,2026-05-05,80.8,2026-05-07,96.5,0.19430693069306937,0.18733017702249555,random_forest,test,2,0.3629551197375219,0.35183064194028063,0.2852142383221974,SELL
2303,2026-05-05,2026-05-05T14:30:00+08:00,2026-05-06,88.5,2026-05-08,91.3,0.031638418079096065,0.025611921091540424,random_forest,test,2,0.33030980156263395,0.3328592505228625,0.33683094791450363,BUY
2303,2026-05-06,2026-05-06T14:30:00+08:00,2026-05-07,97.4,2026-05-11,95.0,-0.024640657084188944,-0.030338389970883006,random_forest,test,0,0.3135621856056208,0.2520320975778371,0.43440571681654205,BUY
2303,2026-05-07,2026-05-07T14:30:00+08:00,2026-05-08,96.5,2026-05-12,104.5,0.08290155440414515,0.076575594803312,random_forest,test,2,0.2807157902447173,0.42731158776565314,0.29197262198962964,HOLD
2303,2026-05-08,2026-05-08T14:30:00+08:00,2026-05-11,94.7,2026-05-13,98.4,0.03907074973600855,0.03300083547787058,random_forest,test,2,0.3421667111416732,0.32444763945218896,0.3333856494061381,SELL
2303,2026-05-11,2026-05-11T14:30:00+08:00,2026-05-12,96.7,2026-05-14,108.0,0.11685625646328845,0.11033194450751505,random_forest,test,2,0.3875043189670315,0.3046321735677328,0.3078635074652357,SELL
2303,2026-05-12,2026-05-12T14:30:00+08:00,2026-05-13,102.0,2026-05-15,110.0,0.07843137254901955,0.07213152630051178,random_forest,test,2,0.38260563065385655,0.29702355427448035,0.320370815071663,SELL
2303,2026-05-13,2026-05-13T14:30:00+08:00,2026-05-14,102.0,2026-05-18,111.0,0.08823529411764697,0.0818781765396075,random_forest,test,2,0.24912870271043122,0.3701361811441164,0.3807351161454523,BUY
2303,2026-05-14,2026-05-14T14:30:00+08:00,2026-05-15,112.0,2026-05-19,113.0,0.008928571428571397,0.0030347379983524103,random_forest,test,1,0.4204491503182688,0.2522407138023727,0.32731013587935837,SELL
2303,2026-05-15,2026-05-15T14:30:00+08:00,2026-05-18,108.5,2026-05-20,108.0,-0.004608294930875556,-0.010423050379016363,random_forest,test,0,0.4004617630573194,0.24369299271695882,0.3558452442257217,SELL
2303,2026-05-18,2026-05-18T14:30:00+08:00,2026-05-19,112.5,2026-05-21,116.0,0.03111111111111109,0.02508769447981063,random_forest,test,2,0.3514649569016693,0.2584444887979581,0.39009055430037287,BUY
2303,2026-05-19,2026-05-19T14:30:00+08:00,2026-05-20,114.0,2026-05-22,114.0,0.0,-0.005841675612252684,random_forest,test,1,0.3969690124075969,0.34074243925375536,0.2622885483386478,SELL
2303,2026-05-20,2026-05-20T14:30:00+08:00,2026-05-21,112.5,2026-05-25,125.0,0.11111111111111116,0.10462036043083045,random_forest,test,2,0.38827518307779135,0.2687859030358197,0.342938913886389,SELL
2303,2026-05-21,2026-05-21T14:30:00+08:00,2026-05-22,119.5,2026-05-26,130.5,0.09205020920502083,0.08567080613055267,random_forest,test,2,0.30252039895805927,0.3160783386080629,0.38140126243387806,BUY
2303,2026-05-22,2026-05-22T14:30:00+08:00,2026-05-25,115.0,2026-05-27,143.5,0.24782608695652164,0.24053669173601522,random_forest,test,2,0.32450632793037504,0.4033447115607599,0.27214896050886495,HOLD
2303,2026-05-25,2026-05-25T14:30:00+08:00,2026-05-26,129.0,2026-05-28,142.0,0.10077519379844957,0.09434482219426443,random_forest,test,2,0.39862125294173434,0.23375885191600748,0.3676198951422581,SELL
2303,2026-05-26,2026-05-26T14:30:00+08:00,2026-05-27,139.5,2026-05-29,144.5,0.03584229390680993,0.029791239240354983,random_forest,test,2,0.3877713485291926,0.2855605523575674,0.3266680991132402,SELL
2303,2026-05-27,2026-05-27T14:30:00+08:00,2026-05-28,145.0,2026-06-01,146.0,0.006896551724137945,0.0010145886938697224,random_forest,test,1,0.3018434602962804,0.32084003722939747,0.3773165024743221,BUY
2303,2026-05-28,2026-05-28T14:30:00+08:00,2026-05-29,149.0,2026-06-02,141.5,-0.05033557046979864,-0.05588320200760888,random_forest,test,0,0.40334501173711074,0.2950897811673902,0.30156520709549894,SELL
2303,2026-05-29,2026-05-29T14:30:00+08:00,2026-06-01,143.0,2026-06-03,130.5,-0.0874125874125874,-0.09274362704474792,random_forest,test,0,0.35877973716819445,0.32956582374380256,0.3116544390880029,SELL
2303,2026-06-01,2026-06-01T14:30:00+08:00,2026-06-02,147.0,2026-06-04,125.0,-0.1496598639455783,-0.1546272751804869,random_forest,test,0,0.3701965302876255,0.4154790878951819,0.21432438181719277,HOLD
2303,2026-06-02,2026-06-02T14:30:00+08:00,2026-06-03,141.5,2026-06-05,131.5,-0.07067137809187274,-0.07610021443824178,random_forest,test,0,0.3622258759976534,0.2848362223260774,0.3529379016762689,SELL
2303,2026-06-03,2026-06-03T14:30:00+08:00,2026-06-04,126.5,2026-06-08,121.0,-0.04347826086956519,-0.0490659505856329,random_forest,test,0,0.3908178519170215,0.2842484759051694,0.32493367217780894,SELL
2303,2026-06-04,2026-06-04T14:30:00+08:00,2026-06-05,127.0,2026-06-09,127.5,0.003937007874015741,-0.001927666461119748,random_forest,test,1,0.3000017561433289,0.46061024721769056,0.2393879966389803,HOLD
2303,2026-06-05,2026-06-05T14:30:00+08:00,2026-06-08,121.0,2026-06-10,118.5,-0.02066115702479343,-0.02638213685993329,random_forest,test,0,0.3702313614290521,0.24903537285033292,0.38073326572061494,BUY
2303,2026-06-08,2026-06-08T14:30:00+08:00,2026-06-09,124.5,2026-06-11,125.0,0.004016064257028162,-0.0018490718998520617,random_forest,test,1,0.36160285227690325,0.3138513470081108,0.3245458007149861,SELL
2303,2026-06-09,2026-06-09T14:30:00+08:00,2026-06-10,126.5,2026-06-12,133.5,0.05533596837944654,0.0491710379902317,random_forest,test,2,0.31291196720975667,0.3778818468700837,0.30920618592015997,HOLD
2303,2026-06-10,2026-06-10T14:30:00+08:00,2026-06-11,119.0,2026-06-15,141.5,0.18907563025210083,0.18212943614173338,random_forest,test,2,0.37481644495072997,0.2966941909820221,0.32848936406724777,SELL
2303,2026-06-11,2026-06-11T14:30:00+08:00,2026-06-12,134.0,2026-06-16,141.0,0.052238805970149294,0.046091968199047484,random_forest,test,2,0.3333375611372666,0.29786727105300065,0.3687951678097329,BUY
2303,2026-06-12,2026-06-12T14:30:00+08:00,2026-06-15,139.5,2026-06-17,140.0,0.0035842293906809264,-0.0022783841269917726,random_forest,test,1,0.3233242084833712,0.3287484243378803,0.34792736717874867,BUY
2303,2026-06-15,2026-06-15T14:30:00+08:00,2026-06-16,144.0,2026-06-18,145.5,0.01041666666666674,0.004514140266786537,random_forest,test,1,0.2945229541191095,0.38594268700425943,0.3195343588766309,HOLD
2303,2026-06-16,2026-06-16T14:30:00+08:00,2026-06-17,138.5,2026-06-22,160.0,0.15523465703971118,0.14848615091725348,random_forest,test,2,0.3875531784223001,0.3375793993896378,0.27486742218806215,SELL
2303,2026-06-17,2026-06-17T14:30:00+08:00,2026-06-18,141.0,2026-06-23,170.0,0.2056737588652482,0.19863060387175202,random_forest,test,2,0.317953793629275,0.2930673812719591,0.38897882509876597,BUY
2303,2026-06-18,2026-06-18T14:30:00+08:00,2026-06-22,160.0,2026-06-24,178.0,0.11250000000000004,0.10600113588136884,random_forest,test,2,0.3213127926013602,0.3281824696458303,0.3505047377528095,BUY
2303,2026-06-23,2026-06-23T14:30:00+08:00,2026-06-24,172.0,2026-06-26,164.0,-0.046511627906976716,-0.052081597676798874,random_forest,test,0,0.3390195909142909,0.35259347317796885,0.30838693590774036,HOLD
2303,2026-06-24,2026-06-24T14:30:00+08:00,2026-06-25,183.5,2026-06-29,164.0,-0.10626702997275206,-0.11148792806762631,random_forest,test,0,0.3458384389122841,0.3238717004738777,0.330289860613838,SELL
2303,2026-06-25,2026-06-25T14:30:00+08:00,2026-06-26,175.0,2026-06-30,164.5,-0.06000000000000005,-0.0654911750755175,random_forest,test,0,0.3097158918980274,0.3985012690488919,0.29178283905308067,HOLD
2330,2026-01-02,2026-01-02T14:30:00+08:00,2026-01-05,1630.0,2026-01-07,1675.0,0.027607361963190247,0.02160441309783856,random_forest,test,2,0.3181956474457005,0.339503786891887,0.3423005656624124,BUY
2330,2026-01-05,2026-01-05T14:30:00+08:00,2026-01-06,1645.0,2026-01-08,1685.0,0.024316109422492405,0.018332386986841698,random_forest,test,2,0.389370633107694,0.29199918012683906,0.31863018676546706,SELL
2330,2026-01-06,2026-01-06T14:30:00+08:00,2026-01-07,1665.0,2026-01-09,1680.0,0.009009009009008917,0.003114705688538111,random_forest,test,1,0.36525129344630536,0.2971126600143377,0.3376360465393569,SELL
2330,2026-01-07,2026-01-07T14:30:00+08:00,2026-01-08,1660.0,2026-01-12,1690.0,0.01807228915662651,0.01212504109355006,random_forest,test,2,0.380141462112687,0.4469897315050445,0.1728688063822686,HOLD
2330,2026-01-08,2026-01-08T14:30:00+08:00,2026-01-09,1665.0,2026-01-13,1710.0,0.027027027027026973,0.021027468290119034,random_forest,test,2,0.38880371625426646,0.36049055694360915,0.2507057268021245,SELL
2330,2026-01-09,2026-01-09T13:30:00+08:00,2026-01-12,1700.0,2026-01-14,1710.0,0.00588235294117645,6.314531204809626e-06,random_forest,test,1,0.3361896322776263,0.3863618076434495,0.27744856007892393,HOLD
2330,2026-01-12,2026-01-12T14:30:00+08:00,2026-01-13,1720.0,2026-01-15,1690.0,-0.01744186046511631,-0.023181646386457477,random_forest,test,0,0.36795347053914923,0.3931833310166374,0.23886319844421325,HOLD
2330,2026-01-13,2026-01-13T14:30:00+08:00,2026-01-14,1705.0,2026-01-16,1740.0,0.02052785923753664,0.014566266530604555,random_forest,test,2,0.33881249821919945,0.45919767287662827,0.20198982890417244,HOLD
2330,2026-01-14,2026-01-14T14:30:00+08:00,2026-01-15,1685.0,2026-01-19,1760.0,0.04451038575667665,0.03840869490945731,random_forest,test,2,0.3767065925261126,0.44209065191931335,0.18120275555457424,HOLD
2330,2026-01-15,2026-01-15T14:30:00+08:00,2026-01-16,1735.0,2026-01-20,1775.0,0.023054755043227626,0.01707840103069258,random_forest,test,2,0.28515580265989277,0.43434328805788425,0.28050090928222315,HOLD
2330,2026-01-16,2026-01-16T14:30:00+08:00,2026-01-19,1725.0,2026-01-21,1740.0,0.008695652173912993,0.0028031793824234708,random_forest,test,1,0.29969581783185106,0.3722112922857999,0.32809288988234914,HOLD
2330,2026-01-19,2026-01-19T14:30:00+08:00,2026-01-20,1740.0,2026-01-22,1760.0,0.011494252873563315,0.005585431564618215,random_forest,test,1,0.3288722762890842,0.36584509684983907,0.3052826268610767,HOLD
2330,2026-01-20,2026-01-20T14:30:00+08:00,2026-01-21,1745.0,2026-01-23,1770.0,0.014326647564469885,0.008401280324534799,random_forest,test,1,0.3145035840507079,0.3666946172748263,0.3188017986744656,HOLD
2330,2026-01-21,2026-01-21T14:30:00+08:00,2026-01-22,1765.0,2026-01-26,1755.0,-0.005665722379603388,-0.01147430067960531,random_forest,test,0,0.31886676723465135,0.4106136445291532,0.27051958823619593,HOLD
2330,2026-01-22,2026-01-22T14:30:00+08:00,2026-01-23,1770.0,2026-01-27,1780.0,0.005649717514124353,-0.00022496191514664865,random_forest,test,1,0.39569798671988315,0.40546048918474825,0.19884152409536873,HOLD
2330,2026-01-23,2026-01-23T14:30:00+08:00,2026-01-26,1765.0,2026-01-28,1820.0,0.031161473087818692,0.025137762258187202,random_forest,test,2,0.33416807680636923,0.39390258645222886,0.27192933674140185,HOLD
2330,2026-01-26,2026-01-26T14:30:00+08:00,2026-01-27,1760.0,2026-01-29,1805.0,0.02556818181818188,0.019577145181752353,random_forest,test,2,0.32766835426895846,0.3531514972167981,0.3191801485142435,HOLD
2330,2026-01-27,2026-01-27T14:30:00+08:00,2026-01-28,1790.0,2026-01-30,1775.0,-0.008379888268156388,-0.01417261129147962,random_forest,test,0,0.35049796345812806,0.3642841490368817,0.28521788750498994,HOLD
2330,2026-01-28,2026-01-28T14:30:00+08:00,2026-01-29,1830.0,2026-02-02,1765.0,-0.03551912568306015,-0.04115331008504142,random_forest,test,0,0.3761284904586633,0.36704827195422834,0.25682323758710834,SELL
2330,2026-01-29,2026-01-29T14:30:00+08:00,2026-01-30,1790.0,2026-02-03,1800.0,0.005586592178770999,-0.00028771849276798545,random_forest,test,1,0.33609292668458346,0.488493026073834,0.17541404724158263,HOLD
2330,2026-01-30,2026-01-30T14:30:00+08:00,2026-02-02,1750.0,2026-02-04,1785.0,0.020000000000000018,0.014041490875502438,random_forest,test,2,0.3988892963826148,0.3426628652308094,0.25844783838657565,SELL
2330,2026-02-02,2026-02-02T14:30:00+08:00,2026-02-03,1810.0,2026-02-05,1765.0,-0.024861878453038666,-0.030558319036257275,random_forest,test,0,0.30153736737312753,0.36299807479869023,0.33546455782818213,HOLD
2330,2026-02-03,2026-02-03T14:30:00+08:00,2026-02-04,1785.0,2026-02-06,1780.0,-0.0028011204481792618,-0.008626432823422792,random_forest,test,1,0.3411337650534669,0.3968667397916354,0.26199949515489823,HOLD
2330,2026-02-04,2026-02-04T14:30:00+08:00,2026-02-05,1765.0,2026-02-09,1815.0,0.028328611898017053,0.022321449724510778,random_forest,test,2,0.3856161505617153,0.3529718106005998,0.26141203883768493,SELL
2330,2026-02-05,2026-02-05T14:30:00+08:00,2026-02-06,1745.0,2026-02-10,1880.0,0.0773638968481376,0.07107028644639835,random_forest,test,2,0.27818432738814997,0.499132893888156,0.22268277872369407,HOLD
2330,2026-02-06,2026-02-06T14:30:00+08:00,2026-02-09,1830.0,2026-02-11,1915.0,0.04644808743169393,0.04033507715985585,random_forest,test,2,0.3619689558357075,0.38629257346526946,0.2517384706990232,HOLD
2330,2026-02-09,2026-02-09T14:30:00+08:00,2026-02-10,1845.0,2026-02-23,1900.0,0.02981029810298108,0.023794480399306428,random_forest,test,2,0.3412316156845462,0.4296634157203122,0.22910496859514154,HOLD
2330,2026-02-10,2026-02-10T14:30:00+08:00,2026-02-11,1880.0,2026-02-24,1965.0,0.04521276595744683,0.039106972032938225,random_forest,test,2,0.33142484649455284,0.4211908211775877,0.24738433232785945,HOLD
2330,2026-02-11,2026-02-11T14:30:00+08:00,2026-02-23,1900.0,2026-02-25,2015.0,0.06052631578947376,0.05433106507437424,random_forest,test,2,0.2937639402352239,0.4165991102734196,0.2896369494913565,HOLD
2330,2026-02-23,2026-02-23T14:30:00+08:00,2026-02-24,1915.0,2026-02-26,1995.0,0.04177545691906004,0.03568974263893265,random_forest,test,2,0.37236197355588385,0.3159599545887614,0.3116780718553545,SELL
2330,2026-02-24,2026-02-24T14:30:00+08:00,2026-02-25,1995.0,2026-03-02,1975.0,-0.010025062656641603,-0.015808175104861655,random_forest,test,0,0.3410869229760469,0.3441614020559492,0.31475167496800405,HOLD
2330,2026-02-25,2026-02-25T14:30:00+08:00,2026-02-26,2000.0,2026-03-03,1935.0,-0.03249999999999997,-0.03815182115485427,random_forest,test,0,0.3977975432328714,0.3999100333471434,0.20229242341998532,HOLD
2330,2026-02-26,2026-02-26T14:30:00+08:00,2026-03-02,1940.0,2026-03-04,1865.0,-0.03865979381443296,-0.0442756314519851,random_forest,test,0,0.37080617823280726,0.3712843922336736,0.2579094295335189,HOLD
2330,2026-03-02,2026-03-02T14:30:00+08:00,2026-03-03,1970.0,2026-03-05,1900.0,-0.035532994923857864,-0.04116709830623344,random_forest,test,0,0.3616276867610281,0.40003379826243746,0.23833851497653444,HOLD
2330,2026-03-03,2026-03-03T14:30:00+08:00,2026-03-04,1895.0,2026-03-06,1890.0,-0.0026385224274406704,-0.008464784647576495,random_forest,test,1,0.43549972814854887,0.2617282629536042,0.3027720088978473,SELL
2330,2026-03-04,2026-03-04T14:30:00+08:00,2026-03-05,1940.0,2026-03-09,1810.0,-0.0670103092783505,-0.07246053240112227,random_forest,test,0,0.3376635928817985,0.35369296550358764,0.30864344161461366,HOLD
2330,2026-03-05,2026-03-05T14:30:00+08:00,2026-03-06,1880.0,2026-03-10,1850.0,-0.015957446808510634,-0.021705904192908076,random_forest,test,0,0.31809377718461057,0.25769888733512675,0.4242073354802626,BUY
2330,2026-03-06,2026-03-06T14:30:00+08:00,2026-03-09,1775.0,2026-03-11,1940.0,0.09295774647887334,0.08657304186604509,random_forest,test,2,0.3978308167313612,0.3814428946818269,0.22072628858681173,SELL
2330,2026-03-09,2026-03-09T14:30:00+08:00,2026-03-10,1870.0,2026-03-12,1885.0,0.008021390374331583,0.0021328564015530294,random_forest,test,1,0.32181387570494374,0.37992160289726157,0.2982645213977947,HOLD
2330,2026-03-10,2026-03-10T14:30:00+08:00,2026-03-11,1885.0,2026-03-13,1865.0,-0.010610079575596787,-0.016389774544748548,random_forest,test,0,0.3930057893103946,0.2601111440247279,0.34688306666487734,SELL
2330,2026-03-11,2026-03-11T14:30:00+08:00,2026-03-12,1900.0,2026-03-16,1845.0,-0.02894736842105261,-0.03461994289716097,random_forest,test,0,0.38124318158175563,0.28672947529669224,0.3320273431215521,SELL
2330,2026-03-12,2026-03-12T14:30:00+08:00,2026-03-13,1840.0,2026-03-17,1870.0,0.016304347826086918,0.010367427502764981,random_forest,test,2,0.4142134257057294,0.25940077349915713,0.3263858007951132,SELL
2330,2026-03-13,2026-03-13T14:30:00+08:00,2026-03-16,1875.0,2026-03-18,1905.0,0.016000000000000014,0.010064857577951392,random_forest,test,2,0.4093407574550897,0.3102179460352158,0.28044129650969457,SELL
2330,2026-03-16,2026-03-16T14:30:00+08:00,2026-03-17,1875.0,2026-03-19,1850.0,-0.013333333333333308,-0.01909711993742247,random_forest,test,0,0.39271583453480224,0.36375998173053103,0.24352418373466678,SELL
2330,2026-03-17,2026-03-17T14:30:00+08:00,2026-03-18,1900.0,2026-03-20,1840.0,-0.03157894736842104,-0.037236149013970876,random_forest,test,0,0.3002623606536596,0.5025133670128291,0.19722427233351159,HOLD
2330,2026-03-18,2026-03-18T14:30:00+08:00,2026-03-19,1875.0,2026-03-23,1810.0,-0.03466666666666662,-0.04030583085769446,random_forest,test,0,0.3683787845801071,0.3533911253459007,0.27823009007399213,SELL
2330,2026-03-19,2026-03-19T14:30:00+08:00,2026-03-20,1860.0,2026-03-24,1810.0,-0.026881720430107503,-0.03256636175170813,random_forest,test,0,0.34371544043249214,0.3973134420839285,0.2589711174835793,HOLD
2330,2026-03-20,2026-03-20T14:30:00+08:00,2026-03-23,1790.0,2026-03-25,1845.0,0.030726256983240274,0.024705088544912712,random_forest,test,2,0.3456751084359716,0.40511737822127203,0.24920751334275645,HOLD
2330,2026-03-23,2026-03-23T14:30:00+08:00,2026-03-24,1850.0,2026-03-26,1840.0,-0.00540540540540535,-0.011215504392726894,random_forest,test,0,0.28798615653827253,0.4654332475194314,0.24658059594229612,HOLD
2330,2026-03-24,2026-03-24T14:30:00+08:00,2026-03-25,1865.0,2026-03-27,1820.0,-0.024128686327077764,-0.029829409980857702,random_forest,test,0,0.3062755496200395,0.4714193867055031,0.22230506367445732,HOLD
2330,2026-03-25,2026-03-25T14:30:00+08:00,2026-03-26,1850.0,2026-03-30,1780.0,-0.037837837837837784,-0.04345847707557282,random_forest,test,0,0.32148901555879406,0.39540735867761584,0.28310362576359027,HOLD
2330,2026-03-26,2026-03-26T14:30:00+08:00,2026-03-27,1805.0,2026-03-31,1760.0,-0.024930747922437657,-0.030626786192556432,random_forest,test,0,0.328156683492611,0.3405650399225795,0.33127827658480946,HOLD
2330,2026-03-27,2026-03-27T14:30:00+08:00,2026-03-30,1780.0,2026-04-01,1855.0,0.042134831460674205,0.036047017831051464,random_forest,test,2,0.34290355633717995,0.34507655640403406,0.31201988725878593,HOLD
2330,2026-03-30,2026-03-30T14:30:00+08:00,2026-03-31,1775.0,2026-04-02,1810.0,0.019718309859154903,0.0137614462770832,random_forest,test,2,0.3282491606393081,0.4033680281018561,0.26838281125883584,HOLD
2330,2026-03-31,2026-03-31T14:30:00+08:00,2026-04-01,1840.0,2026-04-07,1860.0,0.010869565217391353,0.004964393131092537,random_forest,test,1,0.3894239167948166,0.3153586481684515,0.29521743503673176,SELL
2330,2026-04-01,2026-04-01T14:30:00+08:00,2026-04-02,1865.0,2026-04-08,1950.0,0.04557640750670244,0.03946848930622382,random_forest,test,2,0.33240134340996447,0.37666693631550585,0.2909317202745298,HOLD
2330,2026-04-02,2026-04-02T14:30:00+08:00,2026-04-07,1850.0,2026-04-09,1955.0,0.05675675675675684,0.05058352658272769,random_forest,test,2,0.3998699058010648,0.29119666382562415,0.30893343037331095,SELL
2330,2026-04-07,2026-04-07T14:30:00+08:00,2026-04-08,1935.0,2026-04-10,2000.0,0.03359173126614978,0.02755382365658643,random_forest,test,2,0.3989545864867117,0.35282057358810953,0.24822483992517863,SELL
2330,2026-04-08,2026-04-08T14:30:00+08:00,2026-04-09,1945.0,2026-04-13,1990.0,0.023136246786632286,0.017159416725767374,random_forest,test,2,0.34537346341625436,0.40721086103147763,0.24741567555226815,HOLD
2330,2026-04-09,2026-04-09T14:30:00+08:00,2026-04-10,1975.0,2026-04-14,2055.0,0.040506329113924044,0.03442802866674488,random_forest,test,2,0.3745194754518706,0.3235215437724753,0.301958980775654,SELL
2330,2026-04-10,2026-04-10T14:30:00+08:00,2026-04-13,1985.0,2026-04-15,2080.0,0.04785894206549113,0.041737690038546216,random_forest,test,2,0.35849354102424213,0.39163047660729416,0.24987598236846364,HOLD
2330,2026-04-13,2026-04-13T14:30:00+08:00,2026-04-14,2015.0,2026-04-16,2085.0,0.03473945409429291,0.0286948418602746,random_forest,test,2,0.42564045371439363,0.32144508603112565,0.25291446025448083,SELL
2330,2026-04-14,2026-04-14T14:30:00+08:00,2026-04-15,2065.0,2026-04-17,2030.0,-0.016949152542372836,-0.022691816703570455,random_forest,test,0,0.37607502323329906,0.3062346068687854,0.31769036989791555,SELL
2330,2026-04-15,2026-04-15T14:30:00+08:00,2026-04-16,2080.0,2026-04-20,2025.0,-0.02644230769230771,-0.03212951592058233,random_forest,test,0,0.3564813060903681,0.3346845083088066,0.3088341856008254,SELL
2330,2026-04-16,2026-04-16T14:30:00+08:00,2026-04-17,2055.0,2026-04-21,2050.0,-0.0024330900243308973,-0.008260552313925862,random_forest,test,1,0.3265404531263028,0.33842471559195125,0.33503483128174577,HOLD
2330,2026-04-17,2026-04-17T14:30:00+08:00,2026-04-20,2030.0,2026-04-22,2050.0,0.009852216748768461,0.003952987682207976,random_forest,test,1,0.36765665616696785,0.3170754299900304,0.3152679138430015,SELL
2330,2026-04-20,2026-04-20T14:30:00+08:00,2026-04-21,2050.0,2026-04-23,2080.0,0.014634146341463428,0.008706982793421858,random_forest,test,1,0.39732941286341616,0.3712217869726049,0.23144880016397895,SELL
2330,2026-04-21,2026-04-21T14:30:00+08:00,2026-04-22,2045.0,2026-04-24,2185.0,0.06845965770171158,0.062218062976639565,random_forest,test,2,0.36152202530611866,0.4177019367186556,0.2207760379752259,HOLD
2330,2026-04-22,2026-04-22T14:30:00+08:00,2026-04-23,2090.0,2026-04-27,2265.0,0.08373205741626788,0.07740124628624301,random_forest,test,2,0.37185177952446496,0.38964783052733204,0.23850038994820305,HOLD
2330,2026-04-23,2026-04-23T14:30:00+08:00,2026-04-24,2110.0,2026-04-28,2215.0,0.04976303317535535,0.04363065806581079,random_forest,test,2,0.3310575087158767,0.2935427582732191,0.37539973301090407,BUY
2330,2026-04-24,2026-04-24T14:30:00+08:00,2026-04-27,2280.0,2026-04-29,2180.0,-0.04385964912280704,-0.049445110892416766,random_forest,test,0,0.3567879314881324,0.3412274307942799,0.3019846377175877,SELL
2330,2026-04-27,2026-04-27T14:30:00+08:00,2026-04-28,2245.0,2026-04-30,2135.0,-0.04899777282850781,-0.05455321934617352,random_forest,test,0,0.32760768613975905,0.3528488464275693,0.31954346743267165,HOLD
2330,2026-04-28,2026-04-28T14:30:00+08:00,2026-04-29,2175.0,2026-05-04,2275.0,0.04597701149425282,0.03986675309522991,random_forest,test,2,0.3589176721140086,0.3361831724189206,0.30489915546707075,SELL
2330,2026-04-29,2026-04-29T14:30:00+08:00,2026-04-30,2205.0,2026-05-05,2250.0,0.020408163265306145,0.014447269783415706,random_forest,test,2,0.3502209629382013,0.3102337162965549,0.3395453207652437,SELL
2330,2026-04-30,2026-04-30T14:30:00+08:00,2026-05-04,2200.0,2026-05-06,2250.0,0.022727272727272707,0.016752831760196152,random_forest,test,2,0.3691721214126826,0.2732691254086148,0.3575587531787026,SELL
2330,2026-05-04,2026-05-04T14:30:00+08:00,2026-05-05,2250.0,2026-05-07,2310.0,0.026666666666666616,0.02066921303808722,random_forest,test,2,0.4659641034283888,0.29006475326413883,0.24397114330747263,SELL
2330,2026-05-05,2026-05-05T14:30:00+08:00,2026-05-06,2250.0,2026-05-08,2290.0,0.01777777777777767,0.011832250154640622,random_forest,test,2,0.34623127363794054,0.31201712936562287,0.34175159699643665,SELL
2330,2026-05-06,2026-05-06T14:30:00+08:00,2026-05-07,2335.0,2026-05-11,2235.0,-0.04282655246252676,-0.04841804924770199,random_forest,test,0,0.39733257258692634,0.3192267093440399,0.2834407180690336,SELL
2330,2026-05-07,2026-05-07T14:30:00+08:00,2026-05-08,2300.0,2026-05-12,2255.0,-0.019565217391304346,-0.025292599350273837,random_forest,test,0,0.3321467558095256,0.40822118454756917,0.2596320596429049,HOLD
2330,2026-05-08,2026-05-08T14:30:00+08:00,2026-05-11,2265.0,2026-05-13,2220.0,-0.019867549668874163,-0.02559316550075086,random_forest,test,0,0.34453656771818175,0.4130046243897771,0.24245880789204108,HOLD
2330,2026-05-11,2026-05-11T14:30:00+08:00,2026-05-12,2235.0,2026-05-14,2270.0,0.015659955257270708,0.009726799266302821,random_forest,test,1,0.38939546930508845,0.294744730536754,0.3158598001581572,SELL
2330,2026-05-12,2026-05-12T14:30:00+08:00,2026-05-13,2205.0,2026-05-15,2265.0,0.027210884353741527,0.021210251581971873,random_forest,test,2,0.350229047516206,0.3791762110677703,0.2705947414160235,HOLD
2330,2026-05-13,2026-05-13T14:30:00+08:00,2026-05-14,2250.0,2026-05-18,2240.0,-0.004444444444444473,-0.010260157053975871,random_forest,test,0,0.403975807658676,0.3363455493419931,0.2596786429993308,SELL
2330,2026-05-14,2026-05-14T14:30:00+08:00,2026-05-15,2310.0,2026-05-19,2205.0,-0.045454545454545414,-0.05103069035715013,random_forest,test,0,0.28912926646804904,0.4465543541592687,0.2643163793726823,HOLD
2330,2026-05-15,2026-05-15T14:30:00+08:00,2026-05-18,2225.0,2026-05-20,2185.0,-0.017977528089887618,-0.02371418481472909,random_forest,test,0,0.38006490062454396,0.2642902460563351,0.35564485331912093,SELL
2330,2026-05-18,2026-05-18T14:30:00+08:00,2026-05-19,2220.0,2026-05-21,2230.0,0.0045045045045044585,-0.001363484961857231,random_forest,test,1,0.3018362524183184,0.41179410993628307,0.2863696376453987,HOLD
2330,2026-05-19,2026-05-19T14:30:00+08:00,2026-05-20,2205.0,2026-05-22,2255.0,0.0226757369614512,0.01670159704960117,random_forest,test,2,0.3955144460293507,0.3580877379547114,0.24639781601593788,SELL
2330,2026-05-20,2026-05-20T14:30:00+08:00,2026-05-21,2240.0,2026-05-25,2310.0,0.03125,0.025225772024864535,random_forest,test,2,0.36199555865022665,0.3963364690994954,0.24166797225027775,HOLD
2330,2026-05-21,2026-05-21T14:30:00+08:00,2026-05-22,2245.0,2026-05-26,2270.0,0.011135857461024523,0.00522912978182033,random_forest,test,1,0.367059510741701,0.34733559776721346,0.28560489149108553,SELL
2330,2026-05-22,2026-05-22T14:30:00+08:00,2026-05-25,2275.0,2026-05-27,2300.0,0.01098901098901095,0.005083141139260894,random_forest,test,1,0.28702726878245544,0.3973559977092259,0.31561673350831837,HOLD
2330,2026-05-25,2026-05-25T14:30:00+08:00,2026-05-26,2320.0,2026-05-28,2295.0,-0.010775862068965525,-0.016554588590568686,random_forest,test,0,0.3418843232446903,0.35628144863366884,0.3018342281216407,HOLD
2330,2026-05-26,2026-05-26T14:30:00+08:00,2026-05-27,2310.0,2026-05-29,2355.0,0.01948051948051943,0.013525044992703572,random_forest,test,2,0.36638100401654805,0.2926786010621454,0.34094039492130646,SELL
2330,2026-05-27,2026-05-27T14:30:00+08:00,2026-05-28,2350.0,2026-06-01,2355.0,0.0021276595744681437,-0.0037264451348320016,random_forest,test,1,0.4103900807895115,0.39498046571882256,0.1946294534916663,SELL
2330,2026-05-28,2026-05-28T14:30:00+08:00,2026-05-29,2340.0,2026-06-02,2380.0,0.017094017094017033,0.011152483778990918,random_forest,test,2,0.3783025857483836,0.34107078148904013,0.2806266327625762,SELL
2330,2026-05-29,2026-05-29T14:30:00+08:00,2026-06-01,2355.0,2026-06-03,2425.0,0.02972399150743099,0.023708677978890647,random_forest,test,2,0.3411391244232145,0.3499678114106049,0.30889306416618045,HOLD
2330,2026-06-01,2026-06-01T14:30:00+08:00,2026-06-02,2390.0,2026-06-04,2385.0,-0.0020920502092049986,-0.007921504742770757,random_forest,test,1,0.3484453682300446,0.4807529309411798,0.1708017008287757,HOLD
2330,2026-06-02,2026-06-02T14:30:00+08:00,2026-06-03,2425.0,2026-06-05,2365.0,-0.024742268041237137,-0.030439407349681424,random_forest,test,0,0.32056824300042114,0.4188392424029117,0.2605925145966671,HOLD
2330,2026-06-03,2026-06-03T14:30:00+08:00,2026-06-04,2385.0,2026-06-08,2295.0,-0.037735849056603765,-0.0433570840797145,random_forest,test,0,0.37066927564216795,0.39391766036125925,0.23541306399657308,HOLD
2330,2026-06-04,2026-06-04T14:30:00+08:00,2026-06-05,2395.0,2026-06-09,2305.0,-0.0375782881002088,-0.0432004435433162,random_forest,test,0,0.3296523904321145,0.37090434692790597,0.29944326263997956,HOLD
2330,2026-06-05,2026-06-05T14:30:00+08:00,2026-06-08,2230.0,2026-06-10,2255.0,0.011210762331838486,0.005303597082677358,random_forest,test,1,0.38536873230592283,0.30601285368971043,0.3086184140043666,SELL
2330,2026-06-08,2026-06-08T14:30:00+08:00,2026-06-09,2305.0,2026-06-11,2250.0,-0.02386117136659438,-0.029563457755995115,random_forest,test,0,0.360999524714951,0.38260164262915297,0.25639883265589614,HOLD
2330,2026-06-09,2026-06-09T14:30:00+08:00,2026-06-10,2285.0,2026-06-12,2310.0,0.010940919037199182,0.005035330125031434,random_forest,test,1,0.37967116723261873,0.3469398538518038,0.2733889789155775,SELL
2330,2026-06-10,2026-06-10T14:30:00+08:00,2026-06-11,2240.0,2026-06-15,2375.0,0.060267857142857206,0.05407411625933034,random_forest,test,2,0.37458667914578847,0.3879444300568233,0.23746889079738853,HOLD
2330,2026-06-11,2026-06-11T14:30:00+08:00,2026-06-12,2325.0,2026-06-16,2400.0,0.032258064516129004,0.026227947755094183,random_forest,test,2,0.3330442367356516,0.34434270922781196,0.3226130540365364,HOLD
2330,2026-06-12,2026-06-12T14:30:00+08:00,2026-06-15,2360.0,2026-06-17,2385.0,0.010593220338983134,0.004689662569821174,random_forest,test,1,0.39403322048204736,0.3903394177169326,0.21562736180101996,SELL
2330,2026-06-15,2026-06-15T14:30:00+08:00,2026-06-16,2375.0,2026-06-18,2410.0,0.01473684210526316,0.008809078641882628,random_forest,test,1,0.41771685555852733,0.3546932651383356,0.22758987930313726,SELL
2330,2026-06-16,2026-06-16T14:30:00+08:00,2026-06-17,2355.0,2026-06-22,2510.0,0.06581740976645434,0.059591250196707524,random_forest,test,2,0.36092247480869794,0.3029348149786426,0.3361427102126593,SELL
2330,2026-06-17,2026-06-17T14:30:00+08:00,2026-06-18,2395.0,2026-06-23,2490.0,0.039665970772442494,0.033592579426092284,random_forest,test,2,0.3332486083224234,0.406065396145598,0.26068599553197863,HOLD
2330,2026-06-18,2026-06-18T14:30:00+08:00,2026-06-22,2455.0,2026-06-24,2390.0,-0.02647657841140527,-0.032163586441256053,random_forest,test,0,0.41112838596926415,0.310670401369951,0.27820121266078496,SELL
2330,2026-06-22,2026-06-22T14:30:00+08:00,2026-06-23,2510.0,2026-06-25,2390.0,-0.047808764940239,-0.05337115725628838,random_forest,test,0,0.3891710581980906,0.2818817343929131,0.3289472074089961,SELL
2330,2026-06-23,2026-06-23T14:30:00+08:00,2026-06-24,2435.0,2026-06-26,2340.0,-0.03901437371663241,-0.044628140013417306,random_forest,test,0,0.3109353765353495,0.43421510731942453,0.2548495161452259,HOLD
2330,2026-06-24,2026-06-24T14:30:00+08:00,2026-06-25,2410.0,2026-06-29,2370.0,-0.016597510373444035,-0.022342228714124057,random_forest,test,0,0.31468769094005145,0.33391067585896017,0.3514016332009883,BUY
2330,2026-06-25,2026-06-25T14:30:00+08:00,2026-06-26,2360.0,2026-06-30,2410.0,0.021186440677966045,0.015221000751894698,random_forest,test,2,0.3887836202746264,0.35029034302929213,0.26092603669608155,SELL
2412,2026-01-02,2026-01-02T13:30:00+08:00,2026-01-05,131.5,2026-01-07,133.0,0.011406844106463865,0.005498533411181894,random_forest,test,1,0.29616030910548335,0.5563804100402127,0.14745928085430415,HOLD
2412,2026-01-05,2026-01-05T13:30:00+08:00,2026-01-06,133.0,2026-01-08,133.5,0.003759398496240518,-0.002104238302524153,random_forest,test,1,0.26937487369204915,0.5298562703956421,0.20076885591230872,HOLD
2412,2026-01-06,2026-01-06T13:30:00+08:00,2026-01-07,132.0,2026-01-09,133.5,0.011363636363636465,0.005455578073972012,random_forest,test,1,0.3041599481806461,0.5379746139906522,0.1578654378287018,HOLD
2412,2026-01-07,2026-01-07T13:30:00+08:00,2026-01-08,133.0,2026-01-12,133.5,0.003759398496240518,-0.002104238302524153,random_forest,test,1,0.2777557781673695,0.46758106121655524,0.2546631606160754,HOLD
2412,2026-01-08,2026-01-08T13:30:00+08:00,2026-01-09,133.0,2026-01-13,133.5,0.003759398496240518,-0.002104238302524153,random_forest,test,1,0.3263865827197604,0.508528853888624,0.16508456339161562,HOLD
2412,2026-01-09,2026-01-09T13:30:00+08:00,2026-01-12,133.0,2026-01-14,133.0,0.0,-0.005841675612252573,random_forest,test,1,0.358642909463476,0.43677338056364723,0.2045837099728768,HOLD
2412,2026-01-12,2026-01-12T13:30:00+08:00,2026-01-13,133.5,2026-01-15,133.5,0.0,-0.005841675612252462,random_forest,test,1,0.3189162905451152,0.5068303003614333,0.17425340909345166,HOLD
2412,2026-01-13,2026-01-13T13:30:00+08:00,2026-01-14,133.5,2026-01-16,133.0,-0.0037453183520599342,-0.009565115029435134,random_forest,test,1,0.33361938257343554,0.49422230887541985,0.17215830855114478,HOLD
2412,2026-01-14,2026-01-14T13:30:00+08:00,2026-01-15,133.5,2026-01-19,134.0,0.0037453183520599342,-0.0021182361950699002,random_forest,test,1,0.3196103142398847,0.5166525515378114,0.16373713422230396,HOLD
2412,2026-01-15,2026-01-15T13:30:00+08:00,2026-01-16,133.5,2026-01-20,133.0,-0.0037453183520599342,-0.009565115029435134,random_forest,test,1,0.29798222072511327,0.4722214029991674,0.22979637627571922,HOLD
2412,2026-01-16,2026-01-16T13:30:00+08:00,2026-01-19,133.5,2026-01-21,133.0,-0.0037453183520599342,-0.009565115029435134,random_forest,test,1,0.3292984315586596,0.4778977980208663,0.19280377042047422,HOLD
2412,2026-01-19,2026-01-19T13:30:00+08:00,2026-01-20,133.5,2026-01-22,133.0,-0.0037453183520599342,-0.009565115029435134,random_forest,test,1,0.28222121637637515,0.4747887814241117,0.2429900021995128,HOLD
2412,2026-01-20,2026-01-20T13:30:00+08:00,2026-01-21,133.5,2026-01-23,134.0,0.0037453183520599342,-0.0021182361950699002,random_forest,test,1,0.3140775249615433,0.5097173454454356,0.17620512959302137,HOLD
2412,2026-01-21,2026-01-21T13:30:00+08:00,2026-01-22,133.0,2026-01-26,134.0,0.007518796992481258,0.0016331990072042668,random_forest,test,1,0.32983442293401316,0.47943188068313525,0.19073369638285154,HOLD
2412,2026-01-22,2026-01-22T13:30:00+08:00,2026-01-23,133.5,2026-01-27,133.0,-0.0037453183520599342,-0.009565115029435134,random_forest,test,1,0.27058295968675217,0.563906330444198,0.1655107098690502,HOLD
2412,2026-01-23,2026-01-23T13:30:00+08:00,2026-01-26,134.0,2026-01-28,133.5,-0.003731343283582045,-0.009551221598773973,random_forest,test,1,0.2948176826811544,0.5608657795165781,0.14431653780226766,HOLD
2412,2026-01-26,2026-01-26T13:30:00+08:00,2026-01-27,134.0,2026-01-29,133.5,-0.003731343283582045,-0.009551221598773973,random_forest,test,1,0.2933254674266242,0.5333239597011391,0.17335057287223649,HOLD
2412,2026-01-27,2026-01-27T13:30:00+08:00,2026-01-28,133.5,2026-01-30,133.5,0.0,-0.005841675612252462,random_forest,test,1,0.30636168936418695,0.5338860010921843,0.15975230954362873,HOLD
2412,2026-01-28,2026-01-28T13:30:00+08:00,2026-01-29,133.5,2026-02-02,133.0,-0.0037453183520599342,-0.009565115029435134,random_forest,test,1,0.3292547985824557,0.5207503845886303,0.14999481682891402,HOLD
2412,2026-01-29,2026-01-29T13:30:00+08:00,2026-01-30,133.5,2026-02-03,133.5,0.0,-0.005841675612252462,random_forest,test,1,0.36500211051647485,0.44381477555517423,0.19118311392835108,HOLD
2412,2026-01-30,2026-01-30T13:30:00+08:00,2026-02-02,134.0,2026-02-04,133.0,-0.007462686567164201,-0.013260767585295596,random_forest,test,0,0.34202021785776915,0.4855045252651721,0.17247525687705906,HOLD
2412,2026-02-02,2026-02-02T13:30:00+08:00,2026-02-03,133.5,2026-02-05,132.5,-0.0074906367041198685,-0.013288554446617584,random_forest,test,0,0.335202604393313,0.44836060012287116,0.2164367954838157,HOLD
2412,2026-02-03,2026-02-03T13:30:00+08:00,2026-02-04,133.5,2026-02-06,133.0,-0.0037453183520599342,-0.009565115029435134,random_forest,test,1,0.31303679755238506,0.4592560049066007,0.22770719754101434,HOLD
2412,2026-02-04,2026-02-04T13:30:00+08:00,2026-02-05,133.0,2026-02-09,132.0,-0.007518796992481258,-0.013316550231709412,random_forest,test,0,0.29935506536852746,0.5522137116894663,0.1484312229420062,HOLD
2412,2026-02-05,2026-02-05T13:30:00+08:00,2026-02-06,132.5,2026-02-10,132.5,0.0,-0.005841675612252573,random_forest,test,1,0.311691659906019,0.44088994522027186,0.2474183948737092,HOLD
2412,2026-02-06,2026-02-06T13:30:00+08:00,2026-02-09,133.0,2026-02-11,133.0,0.0,-0.005841675612252573,random_forest,test,1,0.33740590759170047,0.4805739675283227,0.1820201248799771,HOLD
2412,2026-02-09,2026-02-09T13:30:00+08:00,2026-02-10,132.0,2026-02-23,135.0,0.022727272727272707,0.016752831760196374,random_forest,test,2,0.3464724345074844,0.40507700400554986,0.2484505614869659,HOLD
2412,2026-02-10,2026-02-10T13:30:00+08:00,2026-02-11,133.5,2026-02-24,135.5,0.014981273408239737,0.009052082056477673,random_forest,test,1,0.31658229451109343,0.5311887886512285,0.1522289168376779,HOLD
2412,2026-02-11,2026-02-11T13:30:00+08:00,2026-02-23,134.0,2026-02-25,136.0,0.014925373134328401,0.008996508333833253,random_forest,test,1,0.3192887508077673,0.48475180459129596,0.19595944460093673,HOLD
2412,2026-02-23,2026-02-23T13:30:00+08:00,2026-02-24,134.5,2026-02-26,134.0,-0.0037174721189591198,-0.009537431464995194,random_forest,test,1,0.2729774581418692,0.5720164512028628,0.15500609065526808,HOLD
2412,2026-02-24,2026-02-24T13:30:00+08:00,2026-02-25,135.0,2026-03-02,138.0,0.022222222222222143,0.016250731596364032,random_forest,test,2,0.2802718448126916,0.5724966443116364,0.1472315108756722,HOLD
2412,2026-02-25,2026-02-25T13:30:00+08:00,2026-02-26,136.0,2026-03-03,138.0,0.014705882352941124,0.008778299746390772,random_forest,test,1,0.31589934044996754,0.5215446778593573,0.16255598169067526,HOLD
2412,2026-02-26,2026-02-26T13:30:00+08:00,2026-03-02,135.0,2026-03-04,135.5,0.0037037037037037646,-0.002159607744149805,random_forest,test,1,0.40558005125797614,0.3295992317473526,0.26482071699467125,SELL
2412,2026-03-02,2026-03-02T13:30:00+08:00,2026-03-03,137.5,2026-03-05,137.0,-0.0036363636363636598,-0.009456796791844413,random_forest,test,1,0.3662506655631111,0.3756255520776184,0.2581237823592702,HOLD
2412,2026-03-03,2026-03-03T13:30:00+08:00,2026-03-04,137.0,2026-03-06,136.5,-0.0036496350364964014,-0.009469990664762618,random_forest,test,1,0.303053395181339,0.5307992937360438,0.16614731108261707,HOLD
2412,2026-03-04,2026-03-04T13:30:00+08:00,2026-03-05,136.5,2026-03-09,136.0,-0.00366300366300365,-0.009483281196090432,random_forest,test,1,0.28559284007443164,0.4905193424070262,0.22388781751854248,HOLD
2412,2026-03-05,2026-03-05T13:30:00+08:00,2026-03-06,136.5,2026-03-10,135.0,-0.01098901098901095,-0.01676649236376626,random_forest,test,0,0.2908631453222236,0.3810206929319823,0.32811616174579405,HOLD
2412,2026-03-06,2026-03-06T13:30:00+08:00,2026-03-09,134.5,2026-03-11,135.5,0.0074349442379182396,0.0015498360932324484,random_forest,test,1,0.2752930267945381,0.5689505997055158,0.1557563734999462,HOLD
2412,2026-03-09,2026-03-09T13:30:00+08:00,2026-03-10,137.0,2026-03-12,136.0,-0.007299270072992692,-0.013098305717272551,random_forest,test,0,0.3425423766412734,0.5007861569279727,0.15667146643075414,HOLD
2412,2026-03-10,2026-03-10T13:30:00+08:00,2026-03-11,136.0,2026-03-13,136.0,0.0,-0.005841675612252573,random_forest,test,1,0.40446648473139235,0.31587181585532487,0.2796616994132827,SELL
2412,2026-03-11,2026-03-11T13:30:00+08:00,2026-03-12,135.0,2026-03-16,136.5,0.011111111111111072,0.005204527992055619,random_forest,test,1,0.34815968976753275,0.39277163384186964,0.2590686763905976,HOLD
2412,2026-03-12,2026-03-12T13:30:00+08:00,2026-03-13,136.0,2026-03-17,137.0,0.007352941176470562,0.0014683120670690997,random_forest,test,1,0.32523972267068596,0.4653900441084863,0.2093702332208277,HOLD
2412,2026-03-13,2026-03-13T13:30:00+08:00,2026-03-16,136.5,2026-03-18,137.5,0.0073260073260073,0.0014415355554231457,random_forest,test,1,0.28529493816604623,0.5131664279687039,0.20153863386525026,HOLD
2412,2026-03-16,2026-03-16T13:30:00+08:00,2026-03-17,137.0,2026-03-19,135.5,-0.010948905109489093,-0.016726620769782707,random_forest,test,0,0.30752771974677867,0.49152820601560243,0.20094407423761912,HOLD
2412,2026-03-17,2026-03-17T13:30:00+08:00,2026-03-18,137.5,2026-03-20,134.0,-0.025454545454545507,-0.031147523869395344,random_forest,test,0,0.4494515873206607,0.27129268080998664,0.27925573186935276,SELL
2412,2026-03-18,2026-03-18T13:30:00+08:00,2026-03-19,137.0,2026-03-23,134.0,-0.021897810218978075,-0.02761156592731262,random_forest,test,0,0.27992987571075884,0.5842994307593281,0.13577069352991322,HOLD
2412,2026-03-19,2026-03-19T13:30:00+08:00,2026-03-20,136.0,2026-03-24,134.0,-0.014705882352941124,-0.020461650970895917,random_forest,test,0,0.30904044601127584,0.4424086307651794,0.24855092322354505,HOLD
2412,2026-03-20,2026-03-20T13:30:00+08:00,2026-03-23,133.0,2026-03-25,135.0,0.015037593984962516,0.009108073626660884,random_forest,test,1,0.32543050101914356,0.41657264779990066,0.25799685118095583,HOLD
2412,2026-03-23,2026-03-23T13:30:00+08:00,2026-03-24,134.0,2026-03-26,134.5,0.003731343283582156,-0.0021321296257312827,random_forest,test,1,0.2939343063091103,0.4335823207993781,0.27248337289151164,HOLD
2412,2026-03-24,2026-03-24T13:30:00+08:00,2026-03-25,135.5,2026-03-27,134.0,-0.011070110701106972,-0.016847118317651955,random_forest,test,0,0.3004701383852273,0.5592421122338254,0.14028774938094732,HOLD
2412,2026-03-25,2026-03-25T13:30:00+08:00,2026-03-26,135.5,2026-03-30,134.0,-0.011070110701106972,-0.016847118317651955,random_forest,test,0,0.34677542757423646,0.3581631466766714,0.2950614257490923,HOLD
2412,2026-03-26,2026-03-26T13:30:00+08:00,2026-03-27,134.5,2026-03-31,133.0,-0.01115241635687736,-0.016928943170480326,random_forest,test,0,0.3292580409833709,0.4430717153471282,0.2276702436695008,HOLD
2412,2026-03-27,2026-03-27T13:30:00+08:00,2026-03-30,133.5,2026-04-01,134.0,0.0037453183520599342,-0.0021182361950699002,random_forest,test,1,0.3067071289700718,0.5101436236654084,0.18314924736451987,HOLD
2412,2026-03-30,2026-03-30T13:30:00+08:00,2026-03-31,133.5,2026-04-02,134.0,0.0037453183520599342,-0.0021182361950699002,random_forest,test,1,0.2806172426029214,0.509464894370022,0.2099178630270567,HOLD
2412,2026-03-31,2026-03-31T13:30:00+08:00,2026-04-01,134.0,2026-04-07,134.0,0.0,-0.005841675612252684,random_forest,test,1,0.3253114648935619,0.4928532699702006,0.18183526513623768,HOLD
2412,2026-04-01,2026-04-01T13:30:00+08:00,2026-04-02,134.5,2026-04-08,134.0,-0.0037174721189591198,-0.009537431464995194,random_forest,test,1,0.3838164084056994,0.4244655363211512,0.19171805527314928,HOLD
2412,2026-04-02,2026-04-02T13:30:00+08:00,2026-04-07,134.0,2026-04-09,135.0,0.00746268656716409,0.0015774163607902292,random_forest,test,1,0.38955056098720675,0.385198201363622,0.2252512376491713,SELL
2412,2026-04-07,2026-04-07T13:30:00+08:00,2026-04-08,134.5,2026-04-10,135.5,0.0074349442379182396,0.0015498360932324484,random_forest,test,1,0.3049760443720108,0.4942619235799889,0.20076203204800044,HOLD
2412,2026-04-08,2026-04-08T13:30:00+08:00,2026-04-09,134.0,2026-04-13,134.5,0.003731343283582156,-0.0021321296257312827,random_forest,test,1,0.3523819425914889,0.4428933643464608,0.2047246930620505,HOLD
2412,2026-04-09,2026-04-09T13:30:00+08:00,2026-04-10,135.0,2026-04-14,135.0,0.0,-0.005841675612252573,random_forest,test,1,0.2830286201294644,0.46609568042523053,0.25087569944530513,HOLD
2412,2026-04-10,2026-04-10T13:30:00+08:00,2026-04-13,135.0,2026-04-15,135.5,0.0037037037037037646,-0.002159607744149805,random_forest,test,1,0.328153784434717,0.48709528132474367,0.18475093424053937,HOLD
2412,2026-04-13,2026-04-13T13:30:00+08:00,2026-04-14,135.0,2026-04-16,136.5,0.011111111111111072,0.005204527992055619,random_forest,test,1,0.29440560757862116,0.47573013915832824,0.22986425326305052,HOLD
2412,2026-04-14,2026-04-14T13:30:00+08:00,2026-04-15,135.0,2026-04-17,137.5,0.0185185185185186,0.012568663728261154,random_forest,test,2,0.27633437034216024,0.5612482982981449,0.16241733135969483,HOLD
2412,2026-04-15,2026-04-15T13:30:00+08:00,2026-04-16,136.0,2026-04-20,137.0,0.007352941176470562,0.0014683120670690997,random_forest,test,1,0.37658507756901466,0.4343780638978279,0.1890368585331576,HOLD
2412,2026-04-16,2026-04-16T13:30:00+08:00,2026-04-17,137.0,2026-04-21,137.0,0.0,-0.005841675612252462,random_forest,test,1,0.29962120985382507,0.4778175907227454,0.22256119942342967,HOLD
2412,2026-04-17,2026-04-17T13:30:00+08:00,2026-04-20,137.5,2026-04-22,136.5,-0.0072727272727273196,-0.013071917971436364,random_forest,test,0,0.30708208181702146,0.4891929158947278,0.20372500228825097,HOLD
2412,2026-04-20,2026-04-20T13:30:00+08:00,2026-04-21,137.5,2026-04-23,136.0,-0.010909090909090868,-0.016687039151028094,random_forest,test,0,0.34996328335341836,0.3925665362029088,0.2574701804436728,HOLD
2412,2026-04-21,2026-04-21T13:30:00+08:00,2026-04-22,137.5,2026-04-24,135.5,-0.014545454545454528,-0.020302160330619934,random_forest,test,0,0.30897249965819606,0.49977668576378187,0.1912508145780223,HOLD
2412,2026-04-22,2026-04-22T13:30:00+08:00,2026-04-23,136.0,2026-04-27,137.0,0.007352941176470562,0.0014683120670690997,random_forest,test,1,0.34626615505458025,0.3640795222474527,0.28965432269796704,HOLD
2412,2026-04-23,2026-04-23T13:30:00+08:00,2026-04-24,136.0,2026-04-28,137.0,0.007352941176470562,0.0014683120670690997,random_forest,test,1,0.40427875154815107,0.42558227284725697,0.17013897560459187,HOLD
2412,2026-04-24,2026-04-24T13:30:00+08:00,2026-04-27,135.0,2026-04-29,136.5,0.011111111111111072,0.005204527992055619,random_forest,test,1,0.2945257998702566,0.5264024022518066,0.17907179787793676,HOLD
2412,2026-04-27,2026-04-27T13:30:00+08:00,2026-04-28,137.5,2026-04-30,136.0,-0.010909090909090868,-0.016687039151028094,random_forest,test,0,0.3241545662056688,0.38869321438969373,0.28715221940463787,HOLD
2412,2026-04-28,2026-04-28T13:30:00+08:00,2026-04-29,137.5,2026-05-04,135.5,-0.014545454545454528,-0.020302160330619934,random_forest,test,0,0.33520620720881544,0.4759673515111465,0.18882644128003825,HOLD
2412,2026-04-29,2026-04-29T13:30:00+08:00,2026-04-30,136.0,2026-05-05,136.0,0.0,-0.005841675612252573,random_forest,test,1,0.37693602655801167,0.4117385229560039,0.2113254504859844,HOLD
2412,2026-04-30,2026-04-30T13:30:00+08:00,2026-05-04,137.0,2026-05-06,136.0,-0.007299270072992692,-0.013098305717272551,random_forest,test,0,0.3260786766610708,0.36784934507986733,0.3060719782590616,HOLD
2412,2026-05-04,2026-05-04T13:30:00+08:00,2026-05-05,135.5,2026-05-07,135.5,0.0,-0.005841675612252573,random_forest,test,1,0.3402077724144747,0.4388511167071596,0.22094111087836585,HOLD
2412,2026-05-05,2026-05-05T13:30:00+08:00,2026-05-06,137.0,2026-05-08,136.5,-0.0036496350364964014,-0.009469990664762618,random_forest,test,1,0.270215148356087,0.579694694639804,0.15009015700410908,HOLD
2412,2026-05-06,2026-05-06T13:30:00+08:00,2026-05-07,135.5,2026-05-11,135.5,0.0,-0.005841675612252573,random_forest,test,1,0.2914970821252378,0.5520279063660675,0.15647501150869486,HOLD
2412,2026-05-07,2026-05-07T13:30:00+08:00,2026-05-08,136.0,2026-05-12,135.5,-0.003676470588235281,-0.00949666945191352,random_forest,test,1,0.36736992496609,0.4648446009689402,0.1677854740649699,HOLD
2412,2026-05-08,2026-05-08T13:30:00+08:00,2026-05-11,136.5,2026-05-13,137.5,0.0073260073260073,0.0014415355554231457,random_forest,test,1,0.30370793791242184,0.5471583387478894,0.14913372333968905,HOLD
2412,2026-05-11,2026-05-11T13:30:00+08:00,2026-05-12,135.5,2026-05-14,137.5,0.014760147601476037,0.008832247994946751,random_forest,test,1,0.30320753852402527,0.513064916279839,0.18372754519613596,HOLD
2412,2026-05-12,2026-05-12T13:30:00+08:00,2026-05-13,136.5,2026-05-15,138.0,0.01098901098901095,0.005083141139261116,random_forest,test,1,0.34021869124005766,0.48029789424360136,0.17948341451634114,HOLD
2412,2026-05-13,2026-05-13T13:30:00+08:00,2026-05-14,136.5,2026-05-18,137.0,0.00366300366300365,-0.0022000700284146024,random_forest,test,1,0.2865480634384572,0.5244308623945757,0.1890210741669669,HOLD
2412,2026-05-14,2026-05-14T13:30:00+08:00,2026-05-15,137.5,2026-05-19,142.5,0.036363636363636376,0.030309536183665386,random_forest,test,2,0.32117025440605446,0.5130502279238116,0.16577951767013385,HOLD
2412,2026-05-15,2026-05-15T13:30:00+08:00,2026-05-18,138.0,2026-05-20,139.0,0.007246376811594235,0.0013623702166443152,random_forest,test,1,0.2921522482339829,0.5006713499940085,0.20717640177200866,HOLD
2412,2026-05-18,2026-05-18T13:30:00+08:00,2026-05-19,137.0,2026-05-21,137.5,0.0036496350364962904,-0.0022133605597425277,random_forest,test,1,0.31394281879716596,0.5330360999968878,0.15302108120594626,HOLD
2412,2026-05-19,2026-05-19T13:30:00+08:00,2026-05-20,142.5,2026-05-22,137.0,-0.038596491228070184,-0.04421269865879707,random_forest,test,0,0.3455466730447091,0.2772325668105202,0.3772207601447708,BUY
2412,2026-05-20,2026-05-20T13:30:00+08:00,2026-05-21,139.0,2026-05-25,136.5,-0.017985611510791366,-0.02372222101490984,random_forest,test,0,0.329164276768646,0.2973043825247795,0.3735313407065746,BUY
2412,2026-05-21,2026-05-21T13:30:00+08:00,2026-05-22,137.5,2026-05-26,136.0,-0.010909090909090868,-0.016687039151028094,random_forest,test,0,0.3232353938880877,0.4305962173618971,0.246168388750015,HOLD
2412,2026-05-22,2026-05-22T13:30:00+08:00,2026-05-25,137.5,2026-05-27,137.0,-0.0036363636363636598,-0.009456796791844413,random_forest,test,1,0.3257772989181795,0.4942178998663247,0.1800048012154959,HOLD
2412,2026-05-25,2026-05-25T13:30:00+08:00,2026-05-26,136.5,2026-05-28,136.5,0.0,-0.005841675612252684,random_forest,test,1,0.31613078497820507,0.4950676853393585,0.18880152968243644,HOLD
2412,2026-05-26,2026-05-26T13:30:00+08:00,2026-05-27,137.0,2026-05-29,137.0,0.0,-0.005841675612252462,random_forest,test,1,0.3254613315890564,0.4355272622316986,0.23901140617924527,HOLD
2412,2026-05-27,2026-05-27T13:30:00+08:00,2026-05-28,137.0,2026-06-01,140.5,0.025547445255474477,0.019556529755317742,random_forest,test,2,0.32892767038814164,0.44959480583890105,0.22147752377295743,HOLD
2412,2026-05-28,2026-05-28T13:30:00+08:00,2026-05-29,137.5,2026-06-02,142.0,0.032727272727272716,0.026694415004073546,random_forest,test,2,0.26431561916057067,0.49804514852801796,0.23763923231141162,HOLD
2412,2026-05-29,2026-05-29T13:30:00+08:00,2026-06-01,137.0,2026-06-03,141.0,0.029197080291970767,0.023184844807827565,random_forest,test,2,0.34120439174396977,0.4407276093656035,0.2180679988904266,HOLD
2412,2026-06-01,2026-06-01T13:30:00+08:00,2026-06-02,140.0,2026-06-04,141.5,0.010714285714285676,0.004810020720473318,random_forest,test,1,0.29451682833871046,0.42234808727014017,0.2831350843911493,HOLD
2412,2026-06-02,2026-06-02T13:30:00+08:00,2026-06-03,142.0,2026-06-05,141.0,-0.007042253521126751,-0.012842790572729745,random_forest,test,0,0.2667210679846106,0.507351112567067,0.22592781944832263,HOLD
2412,2026-06-03,2026-06-03T13:30:00+08:00,2026-06-04,141.0,2026-06-08,138.5,-0.01773049645390068,-0.023468596257425478,random_forest,test,0,0.3033583494216218,0.3938729502436146,0.30276870033476383,HOLD
2412,2026-06-04,2026-06-04T13:30:00+08:00,2026-06-05,141.0,2026-06-09,142.0,0.007092198581560183,0.0012090926458163676,random_forest,test,1,0.2990189069212492,0.46441002418017374,0.23657106889857726,HOLD
2412,2026-06-05,2026-06-05T13:30:00+08:00,2026-06-08,139.5,2026-06-10,144.0,0.032258064516129004,0.02622794775509396,random_forest,test,2,0.31503144008177714,0.4542013985813507,0.23076716133687236,HOLD
2412,2026-06-08,2026-06-08T13:30:00+08:00,2026-06-09,138.0,2026-06-11,145.0,0.050724637681159424,0.04458664519002453,random_forest,test,2,0.3211790132604201,0.3545089369095139,0.3243120498300658,HOLD
2412,2026-06-09,2026-06-09T13:30:00+08:00,2026-06-10,141.5,2026-06-12,145.0,0.02473498233215543,0.01874881297684361,random_forest,test,2,0.39347310177940265,0.3524400456750877,0.2540868525455097,SELL
2412,2026-06-10,2026-06-10T13:30:00+08:00,2026-06-11,144.0,2026-06-15,145.5,0.01041666666666674,0.004514140266786537,random_forest,test,1,0.2884840786107972,0.5193830250821506,0.19213289630705213,HOLD
2412,2026-06-11,2026-06-11T13:30:00+08:00,2026-06-12,145.0,2026-06-16,146.5,0.010344827586206806,0.00444272084693087,random_forest,test,1,0.32575943856484435,0.4252520087083525,0.24898855272680323,HOLD
2412,2026-06-12,2026-06-12T13:30:00+08:00,2026-06-15,146.0,2026-06-17,145.5,-0.003424657534246589,-0.009246327408101052,random_forest,test,1,0.345270097895934,0.46305907653942846,0.19167082556463771,HOLD
2412,2026-06-15,2026-06-15T13:30:00+08:00,2026-06-16,146.0,2026-06-18,144.0,-0.013698630136986356,-0.01946028279564649,random_forest,test,0,0.3213894639754684,0.5258881110332926,0.15272242499123886,HOLD
2412,2026-06-16,2026-06-16T13:30:00+08:00,2026-06-17,145.5,2026-06-22,144.5,-0.0068728522336769515,-0.012674378872649328,random_forest,test,0,0.31187090398777073,0.438405413388827,0.2497236826234025,HOLD
2412,2026-06-17,2026-06-17T13:30:00+08:00,2026-06-18,145.0,2026-06-23,144.0,-0.006896551724137945,-0.012697939918374979,random_forest,test,0,0.33722365125526577,0.47017658450119604,0.19259976424353834,HOLD
2412,2026-06-18,2026-06-18T13:30:00+08:00,2026-06-22,144.0,2026-06-24,143.5,-0.00347222222222221,-0.009293614238598757,random_forest,test,1,0.2909472417241269,0.5312642734763707,0.17778848479950263,HOLD
2412,2026-06-22,2026-06-22T13:30:00+08:00,2026-06-23,145.0,2026-06-25,144.0,-0.006896551724137945,-0.012697939918374979,random_forest,test,0,0.3106305801172127,0.4156002051868209,0.27376921469596655,HOLD
2412,2026-06-23,2026-06-23T13:30:00+08:00,2026-06-24,143.5,2026-06-26,143.0,-0.0034843205574912606,-0.009305641899317929,random_forest,test,1,0.30297556042184753,0.41922818287593877,0.27779625670221364,HOLD
2412,2026-06-24,2026-06-24T13:30:00+08:00,2026-06-25,144.0,2026-06-29,142.0,-0.01388888888888884,-0.019649430117637978,random_forest,test,0,0.3455312032169731,0.4223109964031956,0.23215780037983128,HOLD
2412,2026-06-25,2026-06-25T13:30:00+08:00,2026-06-26,144.0,2026-06-30,141.5,-0.01736111111111116,-0.023101368743984163,random_forest,test,0,0.34354311259937154,0.32857885237141765,0.3278780350292109,SELL
2881,2026-01-02,2026-01-02T13:30:00+08:00,2026-01-05,95.6,2026-01-07,96.1,0.0052301255230124966,-0.0006421027859567774,random_forest,test,1,0.31355165409817143,0.28308063885898455,0.403367707042844,BUY
2881,2026-01-05,2026-01-05T13:30:00+08:00,2026-01-06,97.3,2026-01-08,97.0,-0.0030832476875641834,-0.008906911966993891,random_forest,test,1,0.357586452531683,0.26576319328562553,0.37665035418269177,BUY
2881,2026-01-06,2026-01-06T13:30:00+08:00,2026-01-07,96.5,2026-01-09,95.5,-0.010362694300518172,-0.0161438344141982,random_forest,test,0,0.3270124368564187,0.3039568330359008,0.3690307301076804,BUY
2881,2026-01-07,2026-01-07T13:30:00+08:00,2026-01-08,96.3,2026-01-12,95.0,-0.01349948078920038,-0.01926229681374858,random_forest,test,0,0.34234329142836,0.26772542252773623,0.3899312860439037,BUY
2881,2026-01-08,2026-01-08T13:30:00+08:00,2026-01-09,97.0,2026-01-13,94.2,-0.028865979381443307,-0.034539029305919566,random_forest,test,0,0.31781998879636875,0.314020914691529,0.36815909651210227,BUY
2881,2026-01-09,2026-01-09T13:30:00+08:00,2026-01-12,95.6,2026-01-14,93.8,-0.01882845188284521,-0.024560137786917124,random_forest,test,0,0.3159814826519414,0.24966915364746634,0.4343493637005922,BUY
2881,2026-01-12,2026-01-12T13:30:00+08:00,2026-01-13,95.2,2026-01-15,94.1,-0.011554621848739566,-0.017328799108329518,random_forest,test,0,0.31677650514554895,0.29416029799514587,0.3890631968593052,BUY
2881,2026-01-13,2026-01-13T13:30:00+08:00,2026-01-14,94.5,2026-01-16,95.0,0.005291005291005346,-0.0005815786578201587,random_forest,test,1,0.3324021713242314,0.3030706253284717,0.36452720334729705,BUY
2881,2026-01-14,2026-01-14T13:30:00+08:00,2026-01-15,94.6,2026-01-19,95.0,0.0042283298097252064,-0.0016380463336573836,random_forest,test,1,0.3326370364881588,0.3037981005596104,0.3635648629522307,BUY
2881,2026-01-15,2026-01-15T13:30:00+08:00,2026-01-16,94.6,2026-01-20,94.0,-0.006342494714587699,-0.012147119530145134,random_forest,test,0,0.38578511317613673,0.28960052311210144,0.3246143637117618,SELL
2881,2026-01-16,2026-01-16T13:30:00+08:00,2026-01-19,94.4,2026-01-21,93.0,-0.014830508474576343,-0.020585549067155595,random_forest,test,0,0.3519707683814646,0.31679367214301996,0.3312355594755154,SELL
2881,2026-01-19,2026-01-19T13:30:00+08:00,2026-01-20,94.9,2026-01-22,93.0,-0.020021074815595452,-0.025745793803366612,random_forest,test,0,0.34056953551191,0.2818994460227071,0.377531018465383,BUY
2881,2026-01-20,2026-01-20T13:30:00+08:00,2026-01-21,93.7,2026-01-23,93.5,-0.002134471718249764,-0.007963678439120714,random_forest,test,1,0.33944716192310687,0.27030699268620295,0.39024584539069,BUY
2881,2026-01-21,2026-01-21T13:30:00+08:00,2026-01-22,93.7,2026-01-26,93.2,-0.005336179295624355,-0.011146682679422981,random_forest,test,0,0.3319069554188809,0.2849046334992733,0.3831884110818457,BUY
2881,2026-01-22,2026-01-22T13:30:00+08:00,2026-01-23,93.7,2026-01-27,92.4,-0.01387406616862319,-0.019634693986895768,random_forest,test,0,0.39938603516038357,0.2939676573407055,0.30664630749891103,SELL
2881,2026-01-23,2026-01-23T13:30:00+08:00,2026-01-26,93.5,2026-01-28,92.5,-0.010695187165775444,-0.016474384963993227,random_forest,test,0,0.357441134955487,0.28714301761761485,0.3554158474268982,SELL
2881,2026-01-26,2026-01-26T13:30:00+08:00,2026-01-27,93.5,2026-01-29,92.3,-0.012834224598930466,-0.018600926834341447,random_forest,test,0,0.34796407370625215,0.27223617198723554,0.37979975430651214,BUY
2881,2026-01-27,2026-01-27T13:30:00+08:00,2026-01-28,92.9,2026-01-30,90.9,-0.02152852529601723,-0.027244438247080227,random_forest,test,0,0.29816617816338054,0.24388374907064808,0.45795007276597127,BUY
2881,2026-01-28,2026-01-28T13:30:00+08:00,2026-01-29,92.1,2026-02-02,90.5,-0.017372421281215966,-0.02311261284374433,random_forest,test,0,0.35679127216042134,0.28176514903557304,0.3614435788040056,BUY
2881,2026-01-29,2026-01-29T13:30:00+08:00,2026-01-30,92.2,2026-02-03,91.8,-0.004338394793926281,-0.010154726911114853,random_forest,test,0,0.32631918711321317,0.3806750939836476,0.29300571890313926,HOLD
2881,2026-01-30,2026-01-30T13:30:00+08:00,2026-02-02,91.5,2026-02-04,92.7,0.013114754098360715,0.007196466346931052,random_forest,test,1,0.3513256855538479,0.2785810005146894,0.37009331393146255,BUY
2881,2026-02-02,2026-02-02T13:30:00+08:00,2026-02-03,91.6,2026-02-05,93.5,0.020742358078602585,0.01477951233902175,random_forest,test,2,0.38108281693983337,0.30882582098096506,0.31009136207920146,SELL
2881,2026-02-03,2026-02-03T13:30:00+08:00,2026-02-04,91.7,2026-02-06,92.4,0.007633587786259666,0.0017473192304018337,random_forest,test,1,0.3505583805834734,0.35882970756022464,0.29061191185630186,HOLD
2881,2026-02-04,2026-02-04T13:30:00+08:00,2026-02-05,92.8,2026-02-09,93.8,0.010775862068965525,0.004871237366063763,random_forest,test,1,0.31356810700360804,0.28808715792003975,0.39834473507635226,BUY
2881,2026-02-05,2026-02-05T13:30:00+08:00,2026-02-06,92.7,2026-02-10,94.5,0.01941747572815533,0.013462369521489936,random_forest,test,2,0.27785856587590446,0.2986385310450092,0.4235029030790864,BUY
2881,2026-02-06,2026-02-06T13:30:00+08:00,2026-02-09,93.0,2026-02-11,95.2,0.023655913978494647,0.017676048190468308,random_forest,test,2,0.36046136719759914,0.3016345734729853,0.3379040593294157,SELL
2881,2026-02-09,2026-02-09T13:30:00+08:00,2026-02-10,94.2,2026-02-23,95.7,0.015923566878981,0.00998887095443135,random_forest,test,1,0.32519876256680375,0.30366964327977425,0.3711315941534219,BUY
2881,2026-02-10,2026-02-10T13:30:00+08:00,2026-02-11,95.0,2026-02-24,94.1,-0.009473684210526412,-0.015260017632768075,random_forest,test,0,0.2917310370332387,0.23374731844221672,0.4745216445245445,BUY
2881,2026-02-11,2026-02-11T13:30:00+08:00,2026-02-23,96.5,2026-02-25,92.9,-0.03730569948186524,-0.04292944729925663,random_forest,test,0,0.32079964507141184,0.28994059721357,0.3892597577150181,BUY
2881,2026-02-23,2026-02-23T13:30:00+08:00,2026-02-24,95.8,2026-02-26,94.2,-0.01670146137787054,-0.02244557247050305,random_forest,test,0,0.3517910294492975,0.35138523365237473,0.2968237368983278,SELL
2881,2026-02-24,2026-02-24T13:30:00+08:00,2026-02-25,94.0,2026-03-02,93.0,-0.010638297872340385,-0.016417827999356205,random_forest,test,0,0.3594934595237465,0.2639874240047262,0.37651911647152714,BUY
2881,2026-02-25,2026-02-25T13:30:00+08:00,2026-02-26,92.9,2026-03-03,93.1,0.002152852529601512,-0.003701399348770007,random_forest,test,1,0.340022621163606,0.3291844587115936,0.3307929201248006,SELL
2881,2026-02-26,2026-02-26T13:30:00+08:00,2026-03-02,94.2,2026-03-04,89.8,-0.04670912951167738,-0.05227794554119214,random_forest,test,0,0.31531504237365393,0.31645911814509015,0.3682258394812558,BUY
2881,2026-03-02,2026-03-02T13:30:00+08:00,2026-03-03,92.7,2026-03-05,90.5,-0.02373247033441206,-0.02943550855349364,random_forest,test,0,0.37605090486290293,0.2491795441492422,0.3747695509878548,SELL
2881,2026-03-03,2026-03-03T13:30:00+08:00,2026-03-04,92.2,2026-03-06,88.8,-0.03687635574837311,-0.04250261165258162,random_forest,test,0,0.33939226540813655,0.2880070239146887,0.37260071067717476,BUY
2881,2026-03-04,2026-03-04T13:30:00+08:00,2026-03-05,90.8,2026-03-09,87.2,-0.03964757709251099,-0.045257644420577336,random_forest,test,0,0.36175433768808707,0.37542195594112343,0.2628237063707895,HOLD
2881,2026-03-05,2026-03-05T13:30:00+08:00,2026-03-06,89.8,2026-03-10,88.3,-0.016703786191536785,-0.022447883703361926,random_forest,test,0,0.2960581163866843,0.3268668525243871,0.37707503108892865,BUY
2881,2026-03-06,2026-03-06T13:30:00+08:00,2026-03-09,84.0,2026-03-11,89.2,0.06190476190476191,0.05570145875460808,random_forest,test,2,0.3165498419404886,0.2590717170861022,0.42437844097340927,BUY
2881,2026-03-09,2026-03-09T13:30:00+08:00,2026-03-10,88.7,2026-03-12,89.4,0.007891770011273946,0.002003993238609114,random_forest,test,1,0.3554765146964835,0.31099211701502627,0.3335313682884902,SELL
2881,2026-03-10,2026-03-10T13:30:00+08:00,2026-03-11,88.0,2026-03-13,88.1,0.001136363636363491,-0.004711950243630136,random_forest,test,1,0.27944333963869616,0.33066317345561363,0.38989348690569015,BUY
2881,2026-03-11,2026-03-11T13:30:00+08:00,2026-03-12,88.0,2026-03-16,88.8,0.009090909090909038,0.003196127336726917,random_forest,test,1,0.29209184366151997,0.28108507127418814,0.42682308506429206,BUY
2881,2026-03-12,2026-03-12T13:30:00+08:00,2026-03-13,88.5,2026-03-17,89.8,0.014689265536723228,0.008761780000222652,random_forest,test,1,0.32113530643781796,0.3629882089376094,0.3158764846245725,HOLD
2881,2026-03-13,2026-03-13T13:30:00+08:00,2026-03-16,89.1,2026-03-18,89.5,0.004489337822671136,-0.0013785630448552855,random_forest,test,1,0.31805768638874005,0.48174172053441106,0.20020059307684882,HOLD
2881,2026-03-16,2026-03-16T13:30:00+08:00,2026-03-17,89.5,2026-03-19,88.2,-0.014525139664804398,-0.02028196412291261,random_forest,test,0,0.29457032418347157,0.28271651977762285,0.4227131560389053,BUY
2881,2026-03-17,2026-03-17T13:30:00+08:00,2026-03-18,90.9,2026-03-20,88.6,-0.025302530253025424,-0.030996396691370554,random_forest,test,0,0.40343585949983374,0.24189035846842227,0.3546737820317441,SELL
2881,2026-03-18,2026-03-18T13:30:00+08:00,2026-03-19,89.0,2026-03-23,86.8,-0.024719101123595544,-0.03041637576565759,random_forest,test,0,0.3844377604468584,0.230409211014993,0.3851530285381484,BUY
2881,2026-03-19,2026-03-19T13:30:00+08:00,2026-03-20,87.5,2026-03-24,87.1,-0.004571428571428671,-0.010386399380882372,random_forest,test,0,0.31815488048706403,0.32287474582131975,0.3589703736916162,BUY
2881,2026-03-20,2026-03-20T13:30:00+08:00,2026-03-23,85.8,2026-03-25,88.8,0.034965034965035,0.02891910496074579,random_forest,test,2,0.3044022038664229,0.4080196481999263,0.2875781479336509,HOLD
2881,2026-03-23,2026-03-23T13:30:00+08:00,2026-03-24,87.3,2026-03-26,88.6,0.014891179839633395,0.0089625147852741,random_forest,test,1,0.25708563368522347,0.389228649049565,0.3536857172652114,HOLD
2881,2026-03-24,2026-03-24T13:30:00+08:00,2026-03-25,89.2,2026-03-27,87.7,-0.01681614349775784,-0.02255958465464747,random_forest,test,0,0.31535917306726907,0.42291775700118817,0.2617230699315428,HOLD
2881,2026-03-25,2026-03-25T13:30:00+08:00,2026-03-26,89.2,2026-03-30,86.4,-0.03139013452914796,-0.037048439158056334,random_forest,test,0,0.32861681273255733,0.3289777887775239,0.34240539848991874,BUY
2881,2026-03-26,2026-03-26T13:30:00+08:00,2026-03-27,87.8,2026-03-31,86.0,-0.02050113895216399,-0.026223053560976206,random_forest,test,0,0.35585540968673024,0.28086263131084394,0.36328195900242577,BUY
2881,2026-03-27,2026-03-27T13:30:00+08:00,2026-03-30,86.2,2026-04-01,87.8,0.01856148491879339,0.012611379132763778,random_forest,test,2,0.32770136138753986,0.3074950752722131,0.3648035633402472,BUY
2881,2026-03-30,2026-03-30T13:30:00+08:00,2026-03-31,85.8,2026-04-02,87.8,0.02331002331002341,0.01733217810307952,random_forest,test,2,0.3211652024609585,0.2838109911366424,0.39502380640239926,BUY
2881,2026-03-31,2026-03-31T13:30:00+08:00,2026-04-01,87.6,2026-04-07,87.7,0.0011415525114155667,-0.00470679168030308,random_forest,test,1,0.30978787768698607,0.3147038768049827,0.3755082455080313,BUY
2881,2026-04-01,2026-04-01T13:30:00+08:00,2026-04-02,88.1,2026-04-08,89.2,0.012485811577752637,0.006571197904507109,random_forest,test,1,0.3679897308320062,0.2606559626419625,0.3713543065260311,BUY
2881,2026-04-02,2026-04-02T13:30:00+08:00,2026-04-07,87.9,2026-04-09,88.5,0.0068259385665527805,0.000944388035445165,random_forest,test,1,0.35921608798028015,0.3173112128499015,0.32347269916981825,SELL
2881,2026-04-07,2026-04-07T13:30:00+08:00,2026-04-08,89.2,2026-04-10,87.6,-0.017937219730941756,-0.023674111924140484,random_forest,test,0,0.33505184181351644,0.2842104000811385,0.38073775810534494,BUY
2881,2026-04-08,2026-04-08T13:30:00+08:00,2026-04-09,89.2,2026-04-13,86.7,-0.028026905829596438,-0.03370485734957729,random_forest,test,0,0.3241816183834817,0.326526587245895,0.34929179437062347,BUY
2881,2026-04-09,2026-04-09T13:30:00+08:00,2026-04-10,87.5,2026-04-14,87.6,0.0011428571428571122,-0.004705494670095289,random_forest,test,1,0.2877975457308493,0.40608104504062437,0.30612140922852604,HOLD
2881,2026-04-10,2026-04-10T13:30:00+08:00,2026-04-13,87.5,2026-04-15,87.5,0.0,-0.005841675612252573,random_forest,test,1,0.34603343375305573,0.27577370956687025,0.3781928566800742,BUY
2881,2026-04-13,2026-04-13T13:30:00+08:00,2026-04-14,86.7,2026-04-16,87.9,0.01384083044982698,0.007918301195882327,random_forest,test,1,0.32645557021791355,0.27085516254244957,0.40268926723963683,BUY
2881,2026-04-14,2026-04-14T13:30:00+08:00,2026-04-15,88.0,2026-04-17,88.0,0.0,-0.005841675612252462,random_forest,test,1,0.3474518575261618,0.30623923386762114,0.34630890860621705,SELL
2881,2026-04-15,2026-04-15T13:30:00+08:00,2026-04-16,87.3,2026-04-20,87.2,-0.001145475372279381,-0.006980459488985402,random_forest,test,1,0.32332073686537577,0.24665906160007264,0.4300202015345514,BUY
2881,2026-04-16,2026-04-16T13:30:00+08:00,2026-04-17,88.0,2026-04-21,87.7,-0.003409090909090917,-0.009230851718119881,random_forest,test,1,0.30005339929079733,0.2393923781301719,0.4605542225790306,BUY
2881,2026-04-17,2026-04-17T13:30:00+08:00,2026-04-20,87.9,2026-04-22,88.3,0.004550625711035261,-0.0013176331804539698,random_forest,test,1,0.3090191131343864,0.2895349624893186,0.4014459243762949,BUY
2881,2026-04-20,2026-04-20T13:30:00+08:00,2026-04-21,88.1,2026-04-23,88.3,0.002270147559591429,-0.0035847895182961054,random_forest,test,1,0.34970289878698735,0.3244225146511258,0.3258745865618868,SELL
2881,2026-04-21,2026-04-21T13:30:00+08:00,2026-04-22,87.8,2026-04-24,87.8,0.0,-0.005841675612252462,random_forest,test,1,0.33391979628647006,0.28835731466365816,0.37772288904987183,BUY
2881,2026-04-22,2026-04-22T13:30:00+08:00,2026-04-23,88.2,2026-04-27,87.9,-0.003401360544217691,-0.009223166511530656,random_forest,test,1,0.3162454768492221,0.26195276862433503,0.4218017545264429,BUY
2881,2026-04-23,2026-04-23T13:30:00+08:00,2026-04-24,88.2,2026-04-28,88.6,0.0045351473922901064,-0.0013330210798819797,random_forest,test,1,0.3302067509461439,0.3189736886846699,0.3508195603691862,BUY
2881,2026-04-24,2026-04-24T13:30:00+08:00,2026-04-27,87.5,2026-04-29,91.3,0.04342857142857137,0.03733320018972952,random_forest,test,2,0.34059283822473363,0.28219514403650225,0.37721201773876417,BUY
2881,2026-04-27,2026-04-27T13:30:00+08:00,2026-04-28,88.5,2026-04-30,90.0,0.016949152542372836,0.0110084654790652,random_forest,test,2,0.3470074465435966,0.3150620381451207,0.33793051531128276,SELL
2881,2026-04-28,2026-04-28T13:30:00+08:00,2026-04-29,89.4,2026-05-04,91.0,0.017897091722594904,0.011950867106096164,random_forest,test,2,0.3481784193423305,0.288170875706572,0.36365070495109736,BUY
2881,2026-04-29,2026-04-29T13:30:00+08:00,2026-04-30,90.4,2026-05-05,92.2,0.019911504424778625,0.013953512262724788,random_forest,test,2,0.3837102891449539,0.2716650855466645,0.3446246253083816,SELL
2881,2026-04-30,2026-04-30T13:30:00+08:00,2026-05-04,91.8,2026-05-06,92.8,0.01089324618736387,0.00498793576452039,random_forest,test,1,0.410408463231987,0.24044769621834963,0.3491438405496634,SELL
2881,2026-05-04,2026-05-04T13:30:00+08:00,2026-05-05,91.5,2026-05-07,94.5,0.032786885245901676,0.026753679285706378,random_forest,test,2,0.36899862149077367,0.2301687240530158,0.4008326544562105,BUY
2881,2026-05-05,2026-05-05T13:30:00+08:00,2026-05-06,93.0,2026-05-08,96.7,0.03978494623655915,0.033710859874141796,random_forest,test,2,0.3661855685862933,0.3713822076943768,0.26243222371933006,HOLD
2881,2026-05-06,2026-05-06T13:30:00+08:00,2026-05-07,93.3,2026-05-11,95.5,0.023579849946409492,0.017600428499784382,random_forest,test,2,0.3540883535453181,0.3623639895139143,0.2835476569407675,HOLD
2881,2026-05-07,2026-05-07T13:30:00+08:00,2026-05-08,94.5,2026-05-12,93.7,-0.008465608465608399,-0.014257830739344723,random_forest,test,0,0.3977753400334182,0.2653119981987858,0.3369126617677957,SELL
2881,2026-05-08,2026-05-08T13:30:00+08:00,2026-05-11,96.7,2026-05-13,94.7,-0.020682523267838704,-0.026403378288317736,random_forest,test,0,0.3602226342343326,0.2549389207409205,0.3848384450247465,BUY
2881,2026-05-11,2026-05-11T13:30:00+08:00,2026-05-12,96.0,2026-05-14,94.6,-0.014583333333333393,-0.02033981784290717,random_forest,test,0,0.33211941856679295,0.3310387438061909,0.336841837627016,BUY
2881,2026-05-12,2026-05-12T13:30:00+08:00,2026-05-13,93.5,2026-05-15,96.1,0.027807486631016065,0.02180336870227295,random_forest,test,2,0.3506607025160918,0.3320786342417125,0.3172606632421957,SELL
2881,2026-05-13,2026-05-13T13:30:00+08:00,2026-05-14,93.9,2026-05-18,95.2,0.013844515441959526,0.007921964661486092,random_forest,test,1,0.2948970409752423,0.3335375391220565,0.37156541990270125,BUY
2881,2026-05-14,2026-05-14T13:30:00+08:00,2026-05-15,96.5,2026-05-19,97.2,0.007253886010362809,0.0013698355491094105,random_forest,test,1,0.3596804397181909,0.37565337196155957,0.2646661883202494,HOLD
2881,2026-05-15,2026-05-15T13:30:00+08:00,2026-05-18,96.3,2026-05-20,95.8,-0.005192107995846351,-0.01100345299744332,random_forest,test,0,0.3788274618639729,0.2863200729467263,0.3348524651893006,SELL
2881,2026-05-18,2026-05-18T13:30:00+08:00,2026-05-19,95.7,2026-05-21,96.1,0.004179728317659226,-0.0016863639115723972,random_forest,test,1,0.3577715555345165,0.3164171630730198,0.32581128139246374,SELL
2881,2026-05-19,2026-05-19T13:30:00+08:00,2026-05-20,97.1,2026-05-22,95.1,-0.02059732234809475,-0.026318675084708754,random_forest,test,0,0.3702151715705089,0.34904416863789073,0.28074065979160023,SELL
2881,2026-05-20,2026-05-20T13:30:00+08:00,2026-05-21,96.5,2026-05-25,97.7,0.012435233160621895,0.006520914950082224,random_forest,test,1,0.31289184641440637,0.3013601161536942,0.3857480374318994,BUY
2881,2026-05-21,2026-05-21T13:30:00+08:00,2026-05-22,95.4,2026-05-26,103.5,0.08490566037735836,0.07856799343953713,random_forest,test,2,0.33921711395889675,0.3735153161995381,0.2872675698415654,HOLD
2881,2026-05-22,2026-05-22T13:30:00+08:00,2026-05-25,95.4,2026-05-27,110.0,0.1530398322851152,0.14630414761689936,random_forest,test,2,0.39318539842719086,0.3347106200890213,0.27210398148378806,SELL
2881,2026-05-25,2026-05-25T13:30:00+08:00,2026-05-26,97.8,2026-05-28,110.0,0.12474437627811863,0.11817398448519656,random_forest,test,2,0.3421476169362787,0.3022104707805584,0.3556419122831629,BUY
2881,2026-05-26,2026-05-26T13:30:00+08:00,2026-05-27,104.5,2026-05-29,110.0,0.05263157894736836,0.04648244672394464,random_forest,test,2,0.29120922171849467,0.3089277039400374,0.3998630743414683,BUY
2881,2026-05-27,2026-05-27T13:30:00+08:00,2026-05-28,110.0,2026-06-01,110.5,0.00454545454545463,-0.0013227741377628277,random_forest,test,1,0.39646082539174077,0.27845537981554636,0.3250837947927131,SELL
2881,2026-05-28,2026-05-28T13:30:00+08:00,2026-05-29,110.5,2026-06-02,113.5,0.02714932126696823,0.02114904812678131,random_forest,test,2,0.453048400187082,0.20805176687004384,0.3388998329428741,SELL
2881,2026-05-29,2026-05-29T13:30:00+08:00,2026-06-01,109.5,2026-06-03,113.0,0.03196347031963476,0.02593507448233301,random_forest,test,2,0.37451094849035454,0.3302945651814756,0.29519448632816986,SELL
2881,2026-06-01,2026-06-01T13:30:00+08:00,2026-06-02,110.5,2026-06-04,114.0,0.03167420814479649,0.02564750208328692,random_forest,test,2,0.33611604512385185,0.2533499515865102,0.4105340032896381,BUY
2881,2026-06-02,2026-06-02T13:30:00+08:00,2026-06-03,115.5,2026-06-05,118.0,0.02164502164502169,0.015676902837698847,random_forest,test,2,0.32343365201933616,0.3029632485279856,0.37360309945267844,BUY
2881,2026-06-03,2026-06-03T13:30:00+08:00,2026-06-04,113.5,2026-06-08,116.0,0.022026431718061623,0.016056084836816753,random_forest,test,2,0.401964777002664,0.22626852452866378,0.37176669846867233,SELL
2881,2026-06-04,2026-06-04T13:30:00+08:00,2026-06-05,114.0,2026-06-09,125.0,0.09649122807017552,0.09008588200410883,random_forest,test,2,0.3357958097296465,0.4830132857546882,0.1811909045156651,HOLD
2881,2026-06-05,2026-06-05T13:30:00+08:00,2026-06-08,112.0,2026-06-10,122.5,0.09375,0.08736066729909875,random_forest,test,2,0.28825555087464644,0.38883304658541634,0.3229114025399374,HOLD
2881,2026-06-08,2026-06-08T13:30:00+08:00,2026-06-09,115.0,2026-06-11,125.5,0.09130434782608687,0.084929301831846,random_forest,test,2,0.34439889555764336,0.22991741868420879,0.425683685758148,BUY
2881,2026-06-09,2026-06-09T13:30:00+08:00,2026-06-10,124.0,2026-06-12,122.0,-0.016129032258064502,-0.02187648729592584,random_forest,test,0,0.3410127258240152,0.34479570867860404,0.314191565497381,HOLD
2881,2026-06-10,2026-06-10T13:30:00+08:00,2026-06-11,125.0,2026-06-15,127.5,0.020000000000000018,0.014041490875502438,random_forest,test,2,0.3299926912192867,0.3471056976960185,0.3229016110846947,HOLD
2881,2026-06-11,2026-06-11T13:30:00+08:00,2026-06-12,127.0,2026-06-16,132.0,0.03937007874015741,0.03329841589907612,random_forest,test,2,0.30774923152721934,0.3460616984861108,0.34618906998666993,BUY
2881,2026-06-12,2026-06-12T13:30:00+08:00,2026-06-15,126.0,2026-06-17,135.5,0.07539682539682535,0.06911470598841074,random_forest,test,2,0.31754404240857653,0.35690545622157116,0.32555050136985214,HOLD
2881,2026-06-15,2026-06-15T13:30:00+08:00,2026-06-16,128.5,2026-06-18,138.0,0.07392996108949412,0.0676564106265305,random_forest,test,2,0.3109604459730539,0.5188702086436713,0.17016934538327477,HOLD
2881,2026-06-16,2026-06-16T13:30:00+08:00,2026-06-17,133.0,2026-06-22,138.5,0.041353383458646586,0.03527013479475949,random_forest,test,2,0.30182402674530867,0.3221289362513479,0.3760470370033437,BUY
2881,2026-06-17,2026-06-17T13:30:00+08:00,2026-06-18,137.0,2026-06-23,137.5,0.0036496350364962904,-0.0022133605597425277,random_forest,test,1,0.3016413890582809,0.36547130492935787,0.33288730601236155,HOLD
2881,2026-06-18,2026-06-18T13:30:00+08:00,2026-06-22,139.5,2026-06-24,134.5,-0.03584229390681004,-0.04147459046486013,random_forest,test,0,0.3497800540582213,0.3789471398771307,0.2712728060646478,HOLD
2881,2026-06-22,2026-06-22T13:30:00+08:00,2026-06-23,137.0,2026-06-25,136.0,-0.007299270072992692,-0.013098305717272551,random_forest,test,0,0.35682427622442114,0.3849281162577845,0.2582476075177942,HOLD
2881,2026-06-23,2026-06-23T13:30:00+08:00,2026-06-24,135.5,2026-06-26,134.0,-0.011070110701106972,-0.016847118317651955,random_forest,test,0,0.3723710478136401,0.393731378896316,0.23389757329004415,HOLD
2881,2026-06-24,2026-06-24T13:30:00+08:00,2026-06-25,133.5,2026-06-29,128.5,-0.03745318352059923,-0.0430760697840783,random_forest,test,0,0.3869056656280485,0.35913584722373465,0.253958487148217,SELL
2881,2026-06-25,2026-06-25T13:30:00+08:00,2026-06-26,136.0,2026-06-30,129.5,-0.047794117647058876,-0.05335659552784344,random_forest,test,0,0.28645670907687876,0.35828357885484335,0.3552597120682783,HOLD
2882,2026-01-02,2026-01-02T13:30:00+08:00,2026-01-05,75.0,2026-01-07,75.6,0.008000000000000007,0.0021115909828492985,random_forest,test,1,0.42425491734262194,0.2877455363911074,0.2879995462662708,SELL
2882,2026-01-05,2026-01-05T13:30:00+08:00,2026-01-06,76.1,2026-01-08,76.4,0.003942181340341744,-0.001922523216505656,random_forest,test,1,0.354007961552491,0.32962156428560996,0.31637047416189906,SELL
2882,2026-01-06,2026-01-06T13:30:00+08:00,2026-01-07,76.5,2026-01-09,75.9,-0.007843137254901933,-0.013638995803529008,random_forest,test,0,0.3353617308190864,0.30844631913355175,0.35619195004736176,BUY
2882,2026-01-07,2026-01-07T13:30:00+08:00,2026-01-08,75.6,2026-01-12,76.1,0.006613756613756516,0.000733445580788139,random_forest,test,1,0.35902790195447165,0.26042323950733126,0.38054885853819725,BUY
2882,2026-01-08,2026-01-08T13:30:00+08:00,2026-01-09,76.5,2026-01-13,77.4,0.011764705882353121,0.005854304674662192,random_forest,test,1,0.3024124727469117,0.3312907073472276,0.36629681990586066,BUY
2882,2026-01-09,2026-01-09T13:30:00+08:00,2026-01-12,76.4,2026-01-14,74.7,-0.022251308900523625,-0.027962999584231096,random_forest,test,0,0.34016643904124083,0.30843275055448965,0.3514008104042694,BUY
2882,2026-01-12,2026-01-12T13:30:00+08:00,2026-01-13,76.2,2026-01-15,75.2,-0.013123359580052507,-0.018888372782695617,random_forest,test,0,0.37165322678908036,0.3202588115858191,0.30808796162510055,SELL
2882,2026-01-13,2026-01-13T13:30:00+08:00,2026-01-14,77.5,2026-01-16,76.2,-0.01677419354838705,-0.022517879763272908,random_forest,test,0,0.3921516768003683,0.294644191933774,0.31320413126585794,SELL
2882,2026-01-14,2026-01-14T13:30:00+08:00,2026-01-15,74.9,2026-01-19,77.4,0.03337783711615483,0.027341179006830973,random_forest,test,2,0.29339265809180826,0.21979673455872453,0.4868106073494669,BUY
2882,2026-01-15,2026-01-15T13:30:00+08:00,2026-01-16,75.6,2026-01-20,76.6,0.013227513227513255,0.007308566773828851,random_forest,test,1,0.3159108099040501,0.45552963800139556,0.22855955209455453,HOLD
2882,2026-01-16,2026-01-16T13:30:00+08:00,2026-01-19,76.2,2026-01-21,75.7,-0.006561679790026198,-0.012365024197474095,random_forest,test,0,0.35302977042518413,0.29503061761336163,0.3519396119614544,SELL
2882,2026-01-19,2026-01-19T13:30:00+08:00,2026-01-20,76.9,2026-01-22,75.6,-0.016905071521456594,-0.022647993189678917,random_forest,test,0,0.3919077251567177,0.3197551239753049,0.28833715086797757,SELL
2882,2026-01-20,2026-01-20T13:30:00+08:00,2026-01-21,76.6,2026-01-23,76.6,0.0,-0.005841675612252573,random_forest,test,1,0.39266077755033224,0.2752497018979415,0.3320895205517262,SELL
2882,2026-01-21,2026-01-21T13:30:00+08:00,2026-01-22,76.0,2026-01-26,77.1,0.014473684210526194,0.008547458030201627,random_forest,test,1,0.3438852231138218,0.30143126096255707,0.354683515923621,BUY
2882,2026-01-22,2026-01-22T13:30:00+08:00,2026-01-23,75.9,2026-01-27,75.9,0.0,-0.005841675612252684,random_forest,test,1,0.34202551731597125,0.27541745447563537,0.3825570282083933,BUY
2882,2026-01-23,2026-01-23T13:30:00+08:00,2026-01-26,76.6,2026-01-28,75.8,-0.010443864229764954,-0.016224530175048768,random_forest,test,0,0.33785452739755084,0.40339537398659425,0.25875009861585463,HOLD
2882,2026-01-26,2026-01-26T13:30:00+08:00,2026-01-27,77.0,2026-01-29,76.4,-0.007792207792207684,-0.013588363854234897,random_forest,test,0,0.3930647276834786,0.25709479203914876,0.34984048027737275,SELL
2882,2026-01-27,2026-01-27T13:30:00+08:00,2026-01-28,76.1,2026-01-30,75.4,-0.009198423127463662,-0.014986364535661378,random_forest,test,0,0.30670490049155313,0.3016513917731189,0.3916437077353281,BUY
2882,2026-01-28,2026-01-28T13:30:00+08:00,2026-01-29,75.4,2026-02-02,74.3,-0.01458885941644572,-0.02034531164443465,random_forest,test,0,0.3819434151691005,0.36535428065115283,0.25270230417974676,SELL
2882,2026-01-29,2026-01-29T13:30:00+08:00,2026-01-30,76.1,2026-02-03,74.7,-0.018396846254927657,-0.024131053459070295,random_forest,test,0,0.36744774934127455,0.3704324176104972,0.26211983304822817,HOLD
2882,2026-01-30,2026-01-30T13:30:00+08:00,2026-02-02,75.7,2026-02-04,76.2,0.006605019815059343,0.0007247598196347127,random_forest,test,1,0.3724032907294142,0.2934904152995087,0.3341062939710773,SELL
2882,2026-02-02,2026-02-02T13:30:00+08:00,2026-02-03,74.9,2026-02-05,76.0,0.014686248331108098,0.008758780420144108,random_forest,test,1,0.39662690744743473,0.2608785172513106,0.3424945753012547,SELL
2882,2026-02-03,2026-02-03T13:30:00+08:00,2026-02-04,75.0,2026-02-06,75.7,0.009333333333333416,0.003437135415366388,random_forest,test,1,0.3372918847135653,0.36596136370039317,0.2967467515860412,HOLD
2882,2026-02-04,2026-02-04T13:30:00+08:00,2026-02-05,75.8,2026-02-09,77.2,0.018469656992084582,0.012520087635014665,random_forest,test,2,0.3318933419413679,0.28454097742187656,0.3835656806367557,BUY
2882,2026-02-05,2026-02-05T13:30:00+08:00,2026-02-06,75.9,2026-02-10,77.9,0.026350461133069825,0.020354854674644596,random_forest,test,2,0.3052416609108019,0.3192359920510245,0.3755223470381736,BUY
2882,2026-02-06,2026-02-06T13:30:00+08:00,2026-02-09,76.2,2026-02-11,78.8,0.034120734908136496,0.02807973703089872,random_forest,test,2,0.3367093742661806,0.33625516670380373,0.32703545903001563,SELL
2882,2026-02-09,2026-02-09T13:30:00+08:00,2026-02-10,77.5,2026-02-23,79.6,0.02709677419354839,0.021096808016318525,random_forest,test,2,0.35896502122481017,0.3443761289320971,0.2966588498430928,SELL
2882,2026-02-10,2026-02-10T13:30:00+08:00,2026-02-11,78.4,2026-02-24,78.2,-0.0025510204081633514,-0.008377793786711218,random_forest,test,1,0.29881711622056967,0.27884187969320506,0.4223410040862252,BUY
2882,2026-02-11,2026-02-11T13:30:00+08:00,2026-02-23,81.4,2026-02-25,76.9,-0.055282555282555323,-0.060801288139830656,random_forest,test,0,0.2879680204760537,0.2940042558048495,0.41802772371909674,BUY
2882,2026-02-23,2026-02-23T13:30:00+08:00,2026-02-24,79.2,2026-02-26,79.7,0.0063131313131312705,0.0004345764356499249,random_forest,test,1,0.32420920249233276,0.46355037578115266,0.2122404217265148,HOLD
2882,2026-02-24,2026-02-24T13:30:00+08:00,2026-02-25,78.2,2026-03-02,77.9,-0.0038363171355498826,-0.009655582227550696,random_forest,test,1,0.343660424348587,0.20656761135283072,0.449771964298582,BUY
2882,2026-02-25,2026-02-25T13:30:00+08:00,2026-02-26,77.0,2026-03-03,77.6,0.007792207792207684,0.001905012629729974,random_forest,test,1,0.3297240738439379,0.44855186539593217,0.22172406076013004,HOLD
2882,2026-02-26,2026-02-26T13:30:00+08:00,2026-03-02,79.4,2026-03-04,73.2,-0.07808564231738035,-0.08347116693724044,random_forest,test,0,0.3661626098198244,0.26200153049311586,0.3718358596870598,BUY
2882,2026-03-02,2026-03-02T13:30:00+08:00,2026-03-03,77.3,2026-03-05,73.6,-0.04786545924967667,-0.0534275203759611,random_forest,test,0,0.3278095541398911,0.3353492013425452,0.3368412445175636,BUY
2882,2026-03-03,2026-03-03T13:30:00+08:00,2026-03-04,76.5,2026-03-06,73.0,-0.04575163398692805,-0.051326043394698595,random_forest,test,0,0.3473090943332484,0.3531187259123439,0.2995721797544077,HOLD
2882,2026-03-04,2026-03-04T13:30:00+08:00,2026-03-05,74.3,2026-03-09,70.0,-0.05787348586810226,-0.0633770833493631,random_forest,test,0,0.35022165193345517,0.34068451485822954,0.3090938332083151,SELL
2882,2026-03-05,2026-03-05T13:30:00+08:00,2026-03-06,73.0,2026-03-10,71.1,-0.026027397260274032,-0.03171702926070086,random_forest,test,0,0.3148197674946821,0.373503026947527,0.3116772055577908,HOLD
2882,2026-03-06,2026-03-06T13:30:00+08:00,2026-03-09,68.3,2026-03-11,71.8,0.051244509516837455,0.0451034801030783,random_forest,test,2,0.3508057465594615,0.29539357603222594,0.3538006774083127,BUY
2882,2026-03-09,2026-03-09T13:30:00+08:00,2026-03-10,71.6,2026-03-12,72.5,0.012569832402234749,0.006654727906587832,random_forest,test,1,0.3387291097434238,0.3509194186613208,0.31035147159525533,HOLD
2882,2026-03-10,2026-03-10T13:30:00+08:00,2026-03-11,71.2,2026-03-13,71.7,0.0070224719101124045,0.00113977329496473,random_forest,test,1,0.3552401108106934,0.25046669624856244,0.39429319294074394,BUY
2882,2026-03-11,2026-03-11T13:30:00+08:00,2026-03-12,72.6,2026-03-16,72.4,-0.0027548209366389242,-0.008580403778609691,random_forest,test,1,0.3635237081141677,0.3483340086075494,0.28814228327828295,SELL
2882,2026-03-12,2026-03-12T13:30:00+08:00,2026-03-13,71.6,2026-03-17,73.2,0.022346368715083997,0.01637415286568622,random_forest,test,2,0.2890148216246214,0.4627715777088528,0.2482136006665257,HOLD
2882,2026-03-13,2026-03-13T13:30:00+08:00,2026-03-16,72.2,2026-03-18,73.4,0.016620498614958512,0.010681731441283482,random_forest,test,2,0.31178243705950837,0.5387265151604517,0.14949104778004008,HOLD
2882,2026-03-16,2026-03-16T13:30:00+08:00,2026-03-17,72.5,2026-03-19,71.6,-0.012413793103448367,-0.01818295136327286,random_forest,test,0,0.3522105504304988,0.3304073281742945,0.31738212139520666,SELL
2882,2026-03-17,2026-03-17T13:30:00+08:00,2026-03-18,74.2,2026-03-20,72.0,-0.02964959568733161,-0.03531806797954429,random_forest,test,0,0.33767595524825217,0.3167271850315199,0.34559685972022786,BUY
2882,2026-03-18,2026-03-18T13:30:00+08:00,2026-03-19,73.0,2026-03-23,71.7,-0.017808219178082174,-0.023545864950664575,random_forest,test,0,0.31811997882570087,0.27820727446257376,0.40367274671172537,BUY
2882,2026-03-19,2026-03-19T13:30:00+08:00,2026-03-20,71.3,2026-03-24,70.8,-0.007012622720897643,-0.012813332866023486,random_forest,test,0,0.3506761549060633,0.31259183912561866,0.33673200596831826,SELL
2882,2026-03-20,2026-03-20T13:30:00+08:00,2026-03-23,70.1,2026-03-25,71.4,0.018544935805991702,0.012594926694510455,random_forest,test,2,0.24022367233701097,0.4115804232787081,0.34819590438428105,HOLD
2882,2026-03-23,2026-03-23T13:30:00+08:00,2026-03-24,71.8,2026-03-26,70.8,-0.013927576601671321,-0.019687891829352044,random_forest,test,0,0.324669408706562,0.3005979913871657,0.37473259990627206,BUY
2882,2026-03-24,2026-03-24T13:30:00+08:00,2026-03-25,72.4,2026-03-27,70.6,-0.024861878453038777,-0.030558319036257497,random_forest,test,0,0.37663155376686347,0.2890367354436874,0.33433171078944907,SELL
2882,2026-03-25,2026-03-25T13:30:00+08:00,2026-03-26,71.4,2026-03-30,70.4,-0.014005602240896309,-0.019765461668103335,random_forest,test,0,0.325561621076678,0.3454785745793182,0.32895980434400374,HOLD
2882,2026-03-26,2026-03-26T13:30:00+08:00,2026-03-27,70.4,2026-03-31,70.3,-0.0014204545454546968,-0.007253832323030562,random_forest,test,1,0.2888617013928242,0.25307633880584346,0.4580619598013324,BUY
2882,2026-03-27,2026-03-27T13:30:00+08:00,2026-03-30,69.1,2026-04-01,71.9,0.0405209840810421,0.034442598024299054,random_forest,test,2,0.36866914094092573,0.2454927372258849,0.38583812183318966,BUY
2882,2026-03-30,2026-03-30T13:30:00+08:00,2026-03-31,69.8,2026-04-02,71.8,0.02865329512893977,0.02264423626132195,random_forest,test,2,0.34644039057647885,0.3321347907222246,0.3214248187012964,SELL
2882,2026-03-31,2026-03-31T13:30:00+08:00,2026-04-01,71.6,2026-04-07,71.9,0.0041899441340784715,-0.0016762077726388824,random_forest,test,1,0.38708327822533567,0.28849003279218116,0.324426688982483,SELL
2882,2026-04-01,2026-04-01T13:30:00+08:00,2026-04-02,72.1,2026-04-08,73.8,0.023578363384188616,0.01759895062157768,random_forest,test,2,0.39816552891048673,0.27232139513826814,0.3295130759512452,SELL
2882,2026-04-02,2026-04-02T13:30:00+08:00,2026-04-07,72.2,2026-04-09,73.6,0.01939058171745134,0.013435632616872528,random_forest,test,2,0.34573279056798595,0.34580672735782775,0.3084604820741862,HOLD
2882,2026-04-07,2026-04-07T13:30:00+08:00,2026-04-08,73.6,2026-04-10,72.9,-0.009510869565217184,-0.015296985762679238,random_forest,test,0,0.3854506998326008,0.30532043611453497,0.30922886405286404,SELL
2882,2026-04-08,2026-04-08T13:30:00+08:00,2026-04-09,74.3,2026-04-13,72.0,-0.030955585464333746,-0.03661642858791636,random_forest,test,0,0.34862317676277926,0.3643820639634027,0.2869947592738181,HOLD
2882,2026-04-09,2026-04-09T13:30:00+08:00,2026-04-10,73.9,2026-04-14,72.7,-0.016238159675236896,-0.02198497722612658,random_forest,test,0,0.32454233637944435,0.32227665490396334,0.3531810087165923,BUY
2882,2026-04-10,2026-04-10T13:30:00+08:00,2026-04-13,72.6,2026-04-15,72.9,0.004132231404958775,-0.001733583362716118,random_forest,test,1,0.3367911873025197,0.3027579785333567,0.3604508341641234,BUY
2882,2026-04-13,2026-04-13T13:30:00+08:00,2026-04-14,71.5,2026-04-16,74.2,0.03776223776223775,0.03169996740658543,random_forest,test,2,0.3502176827370818,0.296440322984546,0.35334199427837215,BUY
2882,2026-04-14,2026-04-14T13:30:00+08:00,2026-04-15,72.9,2026-04-17,75.0,0.028806584362139898,0.022796630028546705,random_forest,test,2,0.31944284575180326,0.3879826419564381,0.2925745122917585,HOLD
2882,2026-04-15,2026-04-15T13:30:00+08:00,2026-04-16,73.0,2026-04-20,74.6,0.021917808219177992,0.015948095881177293,random_forest,test,2,0.33426985961982864,0.300960050247632,0.36477009013253914,BUY
2882,2026-04-16,2026-04-16T13:30:00+08:00,2026-04-17,74.2,2026-04-21,75.5,0.017520215633423097,0.011576192604783486,random_forest,test,2,0.3789396928574195,0.27044372833342195,0.35061657880915853,SELL
2882,2026-04-17,2026-04-17T13:30:00+08:00,2026-04-20,74.8,2026-04-22,75.9,0.014705882352941346,0.008778299746390994,random_forest,test,1,0.31270638187293875,0.4166355661404007,0.2706580519866607,HOLD
2882,2026-04-20,2026-04-20T13:30:00+08:00,2026-04-21,75.4,2026-04-23,74.8,-0.007957559681697757,-0.013752749811624665,random_forest,test,0,0.3018339452241746,0.2503453255713207,0.4478207292045046,BUY
2882,2026-04-21,2026-04-21T13:30:00+08:00,2026-04-22,75.5,2026-04-24,74.9,-0.007947019867549643,-0.013742271567651732,random_forest,test,0,0.27628137226437105,0.38944895071907015,0.3342696770165589,HOLD
2882,2026-04-22,2026-04-22T13:30:00+08:00,2026-04-23,75.1,2026-04-27,74.5,-0.00798934753661773,-0.013784351972207731,random_forest,test,0,0.31016810205708284,0.3495704180190252,0.34026147992389183,HOLD
2882,2026-04-23,2026-04-23T13:30:00+08:00,2026-04-24,74.5,2026-04-28,74.7,0.0026845637583892135,-0.003172794204500007,random_forest,test,1,0.31886630004699545,0.32257761609448343,0.35855608385852117,BUY
2882,2026-04-24,2026-04-24T13:30:00+08:00,2026-04-27,74.1,2026-04-29,78.6,0.06072874493927127,0.054532311698744396,random_forest,test,2,0.3141011256015945,0.32626603905794854,0.3596328353404569,BUY
2882,2026-04-27,2026-04-27T13:30:00+08:00,2026-04-28,74.5,2026-04-30,77.2,0.03624161073825505,0.030188223392404234,random_forest,test,2,0.3594251883813899,0.3021285491975228,0.3384462624210871,SELL
2882,2026-04-28,2026-04-28T13:30:00+08:00,2026-04-29,75.9,2026-05-04,76.2,0.0039525691699604515,-0.0019121960692181084,random_forest,test,1,0.3728444680249974,0.3179765959563687,0.3091789360186339,SELL
2882,2026-04-29,2026-04-29T13:30:00+08:00,2026-04-30,78.0,2026-05-05,77.2,-0.01025641025641022,-0.016038171246998578,random_forest,test,0,0.3488117735981352,0.37858665260769414,0.2726015737941707,HOLD
2882,2026-04-30,2026-04-30T13:30:00+08:00,2026-05-04,77.8,2026-05-06,78.7,0.011568123393316254,0.0056588705567575115,random_forest,test,1,0.4028414332465773,0.2532262060966253,0.3439323606567971,SELL
2882,2026-05-04,2026-05-04T13:30:00+08:00,2026-05-05,76.2,2026-05-07,79.0,0.03674540682414684,0.03068907646498742,random_forest,test,2,0.3775916982783985,0.249585399831989,0.3728229018896124,SELL
2882,2026-05-05,2026-05-05T13:30:00+08:00,2026-05-06,77.7,2026-05-08,80.0,0.029601029601029616,0.02358643437605923,random_forest,test,2,0.39585428104226134,0.356475614731491,0.24767010422624744,SELL
2882,2026-05-06,2026-05-06T13:30:00+08:00,2026-05-07,78.5,2026-05-11,78.4,-0.00127388535031836,-0.007108119337587149,random_forest,test,1,0.3133939381156005,0.2910843563824774,0.395521705501922,BUY
2882,2026-05-07,2026-05-07T13:30:00+08:00,2026-05-08,79.5,2026-05-12,76.4,-0.03899371069182378,-0.04460759769529676,random_forest,test,0,0.3414099808763024,0.26255203195617743,0.3960379871675201,BUY
2882,2026-05-08,2026-05-08T13:30:00+08:00,2026-05-11,79.6,2026-05-13,77.3,-0.028894472361808976,-0.03456735583953652,random_forest,test,0,0.3540115811675916,0.4036212730603303,0.2423671457720782,HOLD
2882,2026-05-11,2026-05-11T13:30:00+08:00,2026-05-12,78.7,2026-05-14,76.7,-0.02541296060991105,-0.031106181949933642,random_forest,test,0,0.3504018041852999,0.28423791912965213,0.3653602766850479,BUY
2882,2026-05-12,2026-05-12T13:30:00+08:00,2026-05-13,76.6,2026-05-15,77.9,0.016971279373368287,0.011030463052291717,random_forest,test,2,0.3226954556651054,0.2972979213375479,0.38000662299734655,BUY
2882,2026-05-13,2026-05-13T13:30:00+08:00,2026-05-14,76.9,2026-05-18,76.8,-0.0013003901170351995,-0.007134469272054633,random_forest,test,1,0.3048255873362197,0.4284202774289346,0.2667541352348459,HOLD
2882,2026-05-14,2026-05-14T13:30:00+08:00,2026-05-15,77.4,2026-05-19,77.8,0.0051679586563306845,-0.0007039064939698969,random_forest,test,1,0.31254767577833137,0.18934888972321534,0.4981034344984533,BUY
2882,2026-05-15,2026-05-15T13:30:00+08:00,2026-05-18,78.0,2026-05-20,77.9,-0.0012820512820511665,-0.007116237566595629,random_forest,test,1,0.32472117631893044,0.391406395118196,0.2838724285628738,HOLD
2882,2026-05-18,2026-05-18T13:30:00+08:00,2026-05-19,77.5,2026-05-21,78.7,0.015483870967742064,0.009551743604073959,random_forest,test,1,0.38746294314105945,0.3343620209876321,0.27817503587130843,SELL
2882,2026-05-19,2026-05-19T13:30:00+08:00,2026-05-20,78.0,2026-05-22,79.7,0.02179487179487194,0.01582587761158316,random_forest,test,2,0.4341641101681216,0.29361405365860166,0.27222183617327683,SELL
2882,2026-05-20,2026-05-20T13:30:00+08:00,2026-05-21,77.8,2026-05-25,81.5,0.04755784061696655,0.04143834752701059,random_forest,test,2,0.33943578161353277,0.2950569227811233,0.3655072956053441,BUY
2882,2026-05-21,2026-05-21T13:30:00+08:00,2026-05-22,78.5,2026-05-26,83.1,0.05859872611464967,0.05241473575314415,random_forest,test,2,0.3365097680078496,0.3036195783777107,0.35987065361443976,BUY
2882,2026-05-22,2026-05-22T13:30:00+08:00,2026-05-25,79.9,2026-05-27,85.4,0.06883604505632035,0.06259225159841852,random_forest,test,2,0.34749848757631485,0.311737824539969,0.3407636878837162,SELL
2882,2026-05-25,2026-05-25T13:30:00+08:00,2026-05-26,80.6,2026-05-28,84.8,0.05210918114143914,0.04596310059653819,random_forest,test,2,0.28803239545042053,0.35884375068305574,0.3531238538665239,HOLD
2882,2026-05-26,2026-05-26T13:30:00+08:00,2026-05-27,83.1,2026-05-29,85.7,0.03128760529482566,0.02526315764175635,random_forest,test,2,0.37016600704874725,0.29807899089295686,0.33175500205829583,SELL
2882,2026-05-27,2026-05-27T13:30:00+08:00,2026-05-28,85.4,2026-06-01,88.2,0.032786885245901676,0.026753679285706156,random_forest,test,2,0.3306927009819664,0.3617108733272075,0.30759642569082635,HOLD
2882,2026-05-28,2026-05-28T13:30:00+08:00,2026-05-29,85.6,2026-06-02,89.2,0.0420560747663552,0.03596872120779282,random_forest,test,2,0.4485030729829861,0.26431002972482387,0.2871868972921899,SELL
2882,2026-05-29,2026-05-29T13:30:00+08:00,2026-06-01,86.6,2026-06-03,91.8,0.06004618937644346,0.05385374340410176,random_forest,test,2,0.3040694599865534,0.3208818853732373,0.3750486546402093,BUY
2882,2026-06-01,2026-06-01T13:30:00+08:00,2026-06-02,88.5,2026-06-04,94.4,0.06666666666666665,0.06043554601359724,random_forest,test,2,0.278212712180208,0.323929869812659,0.3978574180071331,BUY
2882,2026-06-02,2026-06-02T13:30:00+08:00,2026-06-03,89.9,2026-06-05,100.0,0.11234705228031139,0.1058490816326445,random_forest,test,2,0.3650142672643468,0.3882045653495038,0.24678116738614925,HOLD
2882,2026-06-03,2026-06-03T13:30:00+08:00,2026-06-04,96.3,2026-06-08,95.0,-0.01349948078920038,-0.01926229681374858,random_forest,test,0,0.41894610564882095,0.3331686829668205,0.2478852113843587,SELL
2882,2026-06-04,2026-06-04T13:30:00+08:00,2026-06-05,94.4,2026-06-09,104.0,0.10169491525423724,0.09525917093565406,random_forest,test,2,0.3458715942916043,0.29391291929403535,0.3602154864143604,BUY
2882,2026-06-05,2026-06-05T13:30:00+08:00,2026-06-08,97.8,2026-06-10,99.9,0.021472392638036908,0.01550528227337411,random_forest,test,2,0.32714954620079745,0.38424203142071794,0.2886084223784849,HOLD
2882,2026-06-08,2026-06-08T13:30:00+08:00,2026-06-09,95.3,2026-06-11,100.5,0.05456453305351516,0.04840410913923021,random_forest,test,2,0.46315591951521917,0.31107958848147454,0.2257644920033063,SELL
2882,2026-06-09,2026-06-09T13:30:00+08:00,2026-06-10,102.0,2026-06-12,100.5,-0.014705882352941124,-0.020461650970895917,random_forest,test,0,0.32957653674409493,0.28389532211052837,0.38652814114537665,BUY
2882,2026-06-10,2026-06-10T13:30:00+08:00,2026-06-11,101.0,2026-06-15,104.0,0.02970297029702973,0.023687779567581613,random_forest,test,2,0.3250599194547461,0.31017691771865374,0.3647631628266001,BUY
2882,2026-06-11,2026-06-11T13:30:00+08:00,2026-06-12,102.0,2026-06-16,109.5,0.07352941176470584,0.06725820118096415,random_forest,test,2,0.2640521317801049,0.30740776944473464,0.4285400987751607,BUY
2882,2026-06-12,2026-06-12T13:30:00+08:00,2026-06-15,105.0,2026-06-17,113.5,0.08095238095238089,0.07463780779056495,random_forest,test,2,0.35488804228210197,0.24567909352322256,0.39943286419467555,BUY
2882,2026-06-15,2026-06-15T13:30:00+08:00,2026-06-16,104.5,2026-06-18,115.5,0.10526315789473695,0.09880656906014207,random_forest,test,2,0.3959486267608891,0.33878205261198324,0.26526932062712766,SELL
2882,2026-06-16,2026-06-16T13:30:00+08:00,2026-06-17,110.0,2026-06-22,113.0,0.027272727272727337,0.021271733234685897,random_forest,test,2,0.3641301577661875,0.2788850277268702,0.35698481450694225,SELL
2882,2026-06-17,2026-06-17T13:30:00+08:00,2026-06-18,115.0,2026-06-23,113.5,-0.013043478260869601,-0.01880895810426675,random_forest,test,0,0.3919055583391198,0.39609605525562297,0.21199838640525737,HOLD
2882,2026-06-18,2026-06-18T13:30:00+08:00,2026-06-22,117.0,2026-06-24,110.0,-0.05982905982905984,-0.0653212334816049,random_forest,test,0,0.2909856621422438,0.39404080231047467,0.3149735355472814,HOLD
2882,2026-06-22,2026-06-22T13:30:00+08:00,2026-06-23,113.0,2026-06-25,111.5,-0.013274336283185861,-0.019038467528904035,random_forest,test,0,0.3742958307023526,0.3992763298263673,0.22642783947128003,HOLD
2882,2026-06-23,2026-06-23T13:30:00+08:00,2026-06-24,110.5,2026-06-26,106.0,-0.040723981900452455,-0.04632776122080329,random_forest,test,0,0.31236236180596566,0.4141444773695352,0.2734931608244993,HOLD
2882,2026-06-24,2026-06-24T13:30:00+08:00,2026-06-25,110.0,2026-06-29,101.5,-0.07727272727272727,-0.08266300067857857,random_forest,test,0,0.4050642494860601,0.33924920116594204,0.255686549347998,SELL
2882,2026-06-25,2026-06-25T13:30:00+08:00,2026-06-26,110.5,2026-06-30,98.3,-0.11040723981900458,-0.11560395215099029,random_forest,test,0,0.3279874874807387,0.3926490822644787,0.27936343025478255,HOLD
2002,2025-01-02,2025-01-02T13:30:00+08:00,2025-01-03,19.25,2025-01-07,18.95,-0.01558441558441559,-0.021335052096217444,xgboost,validation,0,0.2994896471500397,0.5225352644920349,0.1779751181602478,HOLD
2002,2025-01-03,2025-01-03T13:30:00+08:00,2025-01-06,19.0,2025-01-08,18.9,-0.0052631578947369695,-0.011074087845872382,xgboost,validation,0,0.3689826726913452,0.5028536915779114,0.1281636506319046,HOLD
2002,2025-01-06,2025-01-06T13:30:00+08:00,2025-01-07,19.25,2025-01-09,18.6,-0.033766233766233666,-0.03941065799417642,xgboost,validation,0,0.47293078899383545,0.2819546163082123,0.24511463940143585,SELL
2002,2025-01-07,2025-01-07T13:30:00+08:00,2025-01-08,18.95,2025-01-10,18.3,-0.03430079155672816,-0.03994209307146268,xgboost,validation,0,0.5033614039421082,0.4009315073490143,0.09570709615945816,SELL
2002,2025-01-08,2025-01-08T13:30:00+08:00,2025-01-09,18.85,2025-01-13,18.1,-0.039787798408488007,-0.04539704660911248,xgboost,validation,0,0.31238311529159546,0.37778159976005554,0.3098353147506714,HOLD
2002,2025-01-09,2025-01-09T13:30:00+08:00,2025-01-10,18.55,2025-01-14,18.35,-0.010781671159029615,-0.016560363745813045,xgboost,validation,0,0.42757439613342285,0.4087023437023163,0.16372328996658325,SELL
2002,2025-01-10,2025-01-10T13:30:00+08:00,2025-01-13,18.25,2025-01-15,18.7,0.024657534246575352,0.018671817317856165,xgboost,validation,2,0.4107976257801056,0.4164091944694519,0.1727932244539261,HOLD
2002,2025-01-13,2025-01-13T13:30:00+08:00,2025-01-14,18.1,2025-01-16,18.9,0.044198895027624197,0.03809902380820018,xgboost,validation,2,0.19856320321559906,0.6388680338859558,0.16256879270076752,HOLD
2002,2025-01-14,2025-01-14T13:30:00+08:00,2025-01-15,18.35,2025-01-17,19.55,0.06539509536784727,0.05917140282182354,xgboost,validation,2,0.2878510355949402,0.47274091839790344,0.23940809071063995,HOLD
2002,2025-01-15,2025-01-15T13:30:00+08:00,2025-01-16,19.0,2025-01-20,19.55,0.02894736842105261,0.022936591672656048,xgboost,validation,2,0.5046547651290894,0.30296453833580017,0.1923806518316269,SELL
2002,2025-01-16,2025-01-16T13:30:00+08:00,2025-01-17,19.1,2025-01-21,20.1,0.05235602094240832,0.046208498439461954,xgboost,validation,2,0.4845212697982788,0.3337298631668091,0.1817488670349121,SELL
2002,2025-01-17,2025-01-17T13:30:00+08:00,2025-01-20,19.6,2025-01-22,20.15,0.028061224489795755,0.02205562430679109,xgboost,validation,2,0.27089443802833557,0.4408392310142517,0.2882663905620575,HOLD
2002,2025-01-20,2025-01-20T13:30:00+08:00,2025-01-21,19.7,2025-02-03,20.0,0.015228426395939021,0.009297791256596355,xgboost,validation,1,0.3763578236103058,0.4273391366004944,0.19630303978919983,HOLD
2002,2025-01-21,2025-01-21T13:30:00+08:00,2025-01-22,20.3,2025-02-04,19.6,-0.03448275862068961,-0.04012299714286449,xgboost,validation,0,0.2757924497127533,0.3143113851547241,0.4098961353302002,BUY
2002,2025-01-22,2025-01-22T13:30:00+08:00,2025-02-03,19.95,2025-02-05,19.6,-0.01754385964912275,-0.02328304972431816,xgboost,validation,0,0.3438984453678131,0.4041321873664856,0.2519693970680237,HOLD
2002,2025-02-03,2025-02-03T13:30:00+08:00,2025-02-04,20.15,2025-02-06,19.9,-0.012406947890818865,-0.018176146138155214,xgboost,validation,0,0.5116847157478333,0.35762491822242737,0.13069042563438416,SELL
2002,2025-02-04,2025-02-04T13:30:00+08:00,2025-02-05,19.8,2025-02-07,19.65,-0.00757575757575768,-0.01337317806973548,xgboost,validation,0,0.4710196256637573,0.24364390969276428,0.2853364646434784,SELL
2002,2025-02-05,2025-02-05T13:30:00+08:00,2025-02-06,19.9,2025-02-10,20.05,0.007537688442211143,0.0016519800992131906,xgboost,validation,1,0.3248109817504883,0.24412856996059418,0.43106046319007874,BUY
2002,2025-02-06,2025-02-06T13:30:00+08:00,2025-02-07,19.9,2025-02-11,19.9,0.0,-0.005841675612252573,xgboost,validation,1,0.3024543225765228,0.48879221081733704,0.20875349640846252,HOLD
2002,2025-02-07,2025-02-07T13:30:00+08:00,2025-02-10,19.65,2025-02-12,20.1,0.022900763358778775,0.016925308915711312,xgboost,validation,2,0.31953251361846924,0.36826786398887634,0.31219959259033203,HOLD
2002,2025-02-10,2025-02-10T13:30:00+08:00,2025-02-11,20.15,2025-02-13,21.9,0.08684863523573205,0.08049961806906536,xgboost,validation,2,0.3483647406101227,0.3979502320289612,0.25368499755859375,HOLD
2002,2025-02-11,2025-02-11T13:30:00+08:00,2025-02-12,20.0,2025-02-14,23.25,0.1625000000000001,0.15570905210075647,xgboost,validation,2,0.31075406074523926,0.4340725839138031,0.25517338514328003,HOLD
2002,2025-02-12,2025-02-12T13:30:00+08:00,2025-02-13,20.2,2025-02-17,22.85,0.1311881188118813,0.12458008476534821,xgboost,validation,2,0.4591587483882904,0.4377773106098175,0.10306398570537567,SELL
2002,2025-02-13,2025-02-13T13:30:00+08:00,2025-02-14,22.0,2025-02-18,22.4,0.018181818181818077,0.012233930285706407,xgboost,validation,2,0.2661590576171875,0.5092414021492004,0.22459958493709564,HOLD
2002,2025-02-14,2025-02-14T13:30:00+08:00,2025-02-17,23.4,2025-02-19,22.35,-0.04487179487179471,-0.050451344014266764,xgboost,validation,0,0.517386794090271,0.24448645114898682,0.23812681436538696,SELL
2002,2025-02-17,2025-02-17T13:30:00+08:00,2025-02-18,22.65,2025-02-20,22.65,0.0,-0.005841675612252462,xgboost,validation,1,0.3639087378978729,0.48865190148353577,0.1474393606185913,HOLD
2002,2025-02-18,2025-02-18T13:30:00+08:00,2025-02-19,22.45,2025-02-21,23.0,0.024498886414253906,0.0185140962547079,xgboost,validation,2,0.5449144840240479,0.32093197107315063,0.1341535598039627,SELL
2002,2025-02-19,2025-02-19T13:30:00+08:00,2025-02-20,22.6,2025-02-24,23.2,0.0265486725663715,0.020551908221050352,xgboost,validation,2,0.45701050758361816,0.3754657208919525,0.16752377152442932,SELL
2002,2025-02-20,2025-02-20T13:30:00+08:00,2025-02-21,22.8,2025-02-25,23.9,0.048245614035087536,0.04212210319592824,xgboost,validation,2,0.5823888778686523,0.22297303378582,0.19463813304901123,SELL
2002,2025-02-21,2025-02-21T13:30:00+08:00,2025-02-24,22.95,2025-02-26,23.8,0.0370370370370372,0.0309790030687751,xgboost,validation,2,0.3930407166481018,0.33841845393180847,0.2685408592224121,SELL
2002,2025-02-24,2025-02-24T13:30:00+08:00,2025-02-25,23.1,2025-02-27,24.35,0.054112554112554,0.04795477051262553,xgboost,validation,2,0.2223649024963379,0.43661966919898987,0.34101539850234985,HOLD
2002,2025-02-25,2025-02-25T13:30:00+08:00,2025-02-26,23.95,2025-03-03,24.0,0.0020876826722338038,-0.003766188504971235,xgboost,validation,1,0.19000305235385895,0.4475853145122528,0.3624116778373718,HOLD
2002,2025-02-26,2025-02-26T13:30:00+08:00,2025-02-27,23.9,2025-03-04,23.6,-0.012552301255229992,-0.018320650395362237,xgboost,validation,0,0.2968346178531647,0.39957934617996216,0.30358603596687317,HOLD
2002,2025-02-27,2025-02-27T13:30:00+08:00,2025-03-03,23.6,2025-03-05,24.1,0.021186440677966045,0.015221000751894698,xgboost,validation,2,0.4034092128276825,0.39849528670310974,0.19809553027153015,SELL
2002,2025-03-03,2025-03-03T13:30:00+08:00,2025-03-04,23.75,2025-03-06,24.25,0.021052631578947434,0.015087973322226444,xgboost,validation,2,0.5504781603813171,0.3292289674282074,0.12029285728931427,SELL
2002,2025-03-04,2025-03-04T13:30:00+08:00,2025-03-05,23.6,2025-03-07,24.25,0.02754237288135597,0.021539803661138723,xgboost,validation,2,0.3337544798851013,0.3387541174888611,0.3274914026260376,HOLD
2002,2025-03-05,2025-03-05T13:30:00+08:00,2025-03-06,24.2,2025-03-10,24.7,0.02066115702479343,0.014698785635428147,xgboost,validation,2,0.5654606223106384,0.318363755941391,0.11617560684680939,SELL
2002,2025-03-06,2025-03-06T13:30:00+08:00,2025-03-07,24.15,2025-03-11,24.3,0.006211180124223725,0.0003332208125161884,xgboost,validation,1,0.35773494839668274,0.42155754566192627,0.22070753574371338,HOLD
2002,2025-03-07,2025-03-07T13:30:00+08:00,2025-03-10,24.35,2025-03-12,24.15,-0.008213552361396426,-0.014007247065129347,xgboost,validation,0,0.2870679497718811,0.2458813637495041,0.4670506417751312,BUY
2002,2025-03-10,2025-03-10T13:30:00+08:00,2025-03-11,24.45,2025-03-13,23.7,-0.030674846625766916,-0.03633732973457604,xgboost,validation,0,0.4592311382293701,0.3311921954154968,0.20957666635513306,SELL
2002,2025-03-11,2025-03-11T13:30:00+08:00,2025-03-12,24.4,2025-03-14,24.3,-0.004098360655737654,-0.009916094974497414,xgboost,validation,1,0.23008976876735687,0.4522753059864044,0.3176349401473999,HOLD
2002,2025-03-12,2025-03-12T13:30:00+08:00,2025-03-13,24.15,2025-03-17,24.1,-0.0020703933747411307,-0.007899974420508604,xgboost,validation,1,0.32172635197639465,0.3106996715068817,0.36757394671440125,BUY
2002,2025-03-13,2025-03-13T13:30:00+08:00,2025-03-14,23.8,2025-03-18,24.15,0.014705882352941124,0.008778299746390772,xgboost,validation,1,0.47257035970687866,0.33743125200271606,0.1899983137845993,SELL
2002,2025-03-14,2025-03-14T13:30:00+08:00,2025-03-17,24.2,2025-03-19,24.1,-0.004132231404958553,-0.009949767861788583,xgboost,validation,1,0.3383844196796417,0.2616789937019348,0.39993661642074585,BUY
2002,2025-03-17,2025-03-17T13:30:00+08:00,2025-03-18,24.15,2025-03-20,24.35,0.008281573498964967,0.002391519620772442,xgboost,validation,1,0.3725399971008301,0.47091740369796753,0.15654264390468597,HOLD
2002,2025-03-18,2025-03-18T13:30:00+08:00,2025-03-19,24.0,2025-03-21,23.8,-0.008333333333333304,-0.01412632831548366,xgboost,validation,0,0.3175062835216522,0.5960940718650818,0.08639965951442719,HOLD
2002,2025-03-19,2025-03-19T13:30:00+08:00,2025-03-20,24.3,2025-03-24,23.7,-0.024691358024691468,-0.030388794732937652,xgboost,validation,0,0.310935378074646,0.48463183641433716,0.20443281531333923,HOLD
2002,2025-03-20,2025-03-20T13:30:00+08:00,2025-03-21,24.35,2025-03-25,23.1,-0.05133470225872694,-0.05687649719273247,xgboost,validation,0,0.35395124554634094,0.4698460102081299,0.1762026995420456,HOLD
2002,2025-03-21,2025-03-21T13:30:00+08:00,2025-03-24,23.8,2025-03-26,23.2,-0.025210084033613467,-0.0309044905127841,xgboost,validation,0,0.38816383481025696,0.23035502433776855,0.3814811408519745,SELL
2002,2025-03-24,2025-03-24T13:30:00+08:00,2025-03-25,23.9,2025-03-27,23.45,-0.01882845188284521,-0.024560137786917124,xgboost,validation,0,0.34627658128738403,0.4918239414691925,0.16189947724342346,HOLD
2002,2025-03-25,2025-03-25T13:30:00+08:00,2025-03-26,23.1,2025-03-28,23.0,-0.0043290043290044045,-0.01014539130224279,xgboost,validation,0,0.395988404750824,0.21168041229248047,0.39233121275901794,SELL
2002,2025-03-26,2025-03-26T13:30:00+08:00,2025-03-27,23.1,2025-03-31,22.4,-0.030303030303030387,-0.035967685442184316,xgboost,validation,0,0.48018503189086914,0.26434919238090515,0.2554657757282257,SELL
2002,2025-03-27,2025-03-27T13:30:00+08:00,2025-03-28,23.55,2025-04-01,22.95,-0.025477707006369532,-0.03117055011894687,xgboost,validation,0,0.4360896944999695,0.2713482677936554,0.2925620675086975,SELL
2002,2025-03-28,2025-03-28T13:30:00+08:00,2025-03-31,22.65,2025-04-02,22.85,0.008830022075055233,0.0029367643381914554,xgboost,validation,1,0.5023245811462402,0.17936374247074127,0.3183116018772125,SELL
2002,2025-03-31,2025-03-31T13:30:00+08:00,2025-04-01,22.5,2025-04-07,20.6,-0.08444444444444443,-0.08979282300499558,xgboost,validation,0,0.6075688600540161,0.24822674691677094,0.14420434832572937,SELL
2002,2025-04-01,2025-04-01T13:30:00+08:00,2025-04-02,23.0,2025-04-08,20.45,-0.11086956521739133,-0.1160635767943724,xgboost,validation,0,0.34581509232521057,0.4490961730480194,0.20508870482444763,HOLD
2002,2025-04-02,2025-04-02T13:30:00+08:00,2025-04-07,20.6,2025-04-09,19.0,-0.07766990291262144,-0.08305785614722316,xgboost,validation,0,0.4844028651714325,0.27743270993232727,0.23816435039043427,SELL
2002,2025-04-08,2025-04-08T13:30:00+08:00,2025-04-09,19.9,2025-04-11,20.45,0.027638190954773822,0.021635061996454263,xgboost,validation,2,0.63828444480896,0.22735880315303802,0.1343567669391632,SELL
2002,2025-04-09,2025-04-09T13:30:00+08:00,2025-04-10,20.9,2025-04-14,21.15,0.011961722488038173,0.006050170373246955,xgboost,validation,1,0.49655649065971375,0.25184670090675354,0.25159674882888794,SELL
2002,2025-04-11,2025-04-11T13:30:00+08:00,2025-04-14,20.9,2025-04-16,20.9,0.0,-0.005841675612252462,xgboost,validation,1,0.1734026074409485,0.7115586400032043,0.11503878235816956,HOLD
2002,2025-04-14,2025-04-14T13:30:00+08:00,2025-04-15,21.2,2025-04-17,20.5,-0.03301886792452824,-0.0386676580212818,xgboost,validation,0,0.6291183829307556,0.23222899436950684,0.13865259289741516,SELL
2002,2025-04-15,2025-04-15T13:30:00+08:00,2025-04-16,21.05,2025-04-18,20.4,-0.030878859857482288,-0.036540151187171244,xgboost,validation,0,0.5049772262573242,0.33916231989860535,0.15586045384407043,SELL
2002,2025-04-16,2025-04-16T13:30:00+08:00,2025-04-17,20.9,2025-04-21,20.0,-0.04306220095693769,-0.04865232116005014,xgboost,validation,0,0.4221092760562897,0.22756615281105042,0.35032451152801514,SELL
2002,2025-04-17,2025-04-17T13:30:00+08:00,2025-04-18,20.55,2025-04-22,20.2,-0.017031630170316392,-0.022773812523966153,xgboost,validation,0,0.3747178316116333,0.40146443247795105,0.22381773591041565,HOLD
2002,2025-04-18,2025-04-18T13:30:00+08:00,2025-04-21,20.4,2025-04-23,20.65,0.01225490196078427,0.006341637186616955,xgboost,validation,1,0.34637972712516785,0.4654405415058136,0.18817973136901855,HOLD
2002,2025-04-21,2025-04-21T13:30:00+08:00,2025-04-22,19.95,2025-04-24,20.5,0.027568922305764465,0.02156619799242221,xgboost,validation,2,0.39361920952796936,0.33806851506233215,0.2683122754096985,SELL
2002,2025-04-22,2025-04-22T13:30:00+08:00,2025-04-23,20.4,2025-04-25,20.3,-0.004901960784313597,-0.010715000731800317,xgboost,validation,0,0.410401314496994,0.3448840081691742,0.2447146773338318,SELL
2002,2025-04-23,2025-04-23T13:30:00+08:00,2025-04-24,20.6,2025-04-28,20.45,-0.00728155339805836,-0.013080692537406069,xgboost,validation,0,0.3535116910934448,0.4707244038581848,0.17576391994953156,HOLD
2002,2025-04-24,2025-04-24T13:30:00+08:00,2025-04-25,20.55,2025-04-29,20.65,0.0048661800486617945,-0.001003922208905994,xgboost,validation,1,0.33111003041267395,0.4920269548892975,0.17686304450035095,HOLD
2002,2025-04-25,2025-04-25T13:30:00+08:00,2025-04-28,20.4,2025-04-30,20.65,0.01225490196078427,0.006341637186616955,xgboost,validation,1,0.4311436116695404,0.1944151520729065,0.3744411766529083,SELL
2002,2025-04-28,2025-04-28T13:30:00+08:00,2025-04-29,20.5,2025-05-02,20.7,0.009756097560975618,0.003857429991530381,xgboost,validation,1,0.35894328355789185,0.5017332434654236,0.13932344317436218,HOLD
2002,2025-04-29,2025-04-29T13:30:00+08:00,2025-04-30,20.45,2025-05-05,21.15,0.03422982885085579,0.02818819368219372,xgboost,validation,2,0.3251512944698334,0.39613908529281616,0.27870965003967285,HOLD
2002,2025-04-30,2025-04-30T13:30:00+08:00,2025-05-02,20.65,2025-05-06,21.9,0.060532687651331685,0.054337399713882295,xgboost,validation,2,0.37958911061286926,0.4999423027038574,0.12046854197978973,HOLD
2002,2025-05-02,2025-05-02T13:30:00+08:00,2025-05-05,20.9,2025-05-07,21.55,0.031100478468899517,0.02507712395004602,xgboost,validation,2,0.5723426938056946,0.2943250238895416,0.133332297205925,SELL
2002,2025-05-05,2025-05-05T13:30:00+08:00,2025-05-06,21.5,2025-05-08,21.25,-0.011627906976744207,-0.017401656128389176,xgboost,validation,0,0.33188754320144653,0.3786138892173767,0.28949856758117676,HOLD
2002,2025-05-06,2025-05-06T13:30:00+08:00,2025-05-07,21.95,2025-05-09,21.3,-0.029612756264236872,-0.03528144376040887,xgboost,validation,0,0.5202779173851013,0.403922438621521,0.07579964399337769,SELL
2002,2025-05-07,2025-05-07T13:30:00+08:00,2025-05-08,21.55,2025-05-12,21.35,-0.009280742459396696,-0.015068202984760526,xgboost,validation,0,0.4255233705043793,0.2513141334056854,0.3231625258922577,SELL
2002,2025-05-08,2025-05-08T13:30:00+08:00,2025-05-09,21.2,2025-05-13,21.4,0.00943396226415083,0.0035371765046128267,xgboost,validation,1,0.4460235834121704,0.30592358112335205,0.24805280566215515,SELL
2002,2025-05-09,2025-05-09T13:30:00+08:00,2025-05-12,21.4,2025-05-14,21.5,0.004672897196261738,-0.0011960759655808006,xgboost,validation,1,0.35075056552886963,0.28675755858421326,0.3624919056892395,BUY
2002,2025-05-12,2025-05-12T13:30:00+08:00,2025-05-13,21.45,2025-05-15,21.3,-0.006993006993006978,-0.012793831726852112,xgboost,validation,0,0.42642369866371155,0.35867682099342346,0.21489951014518738,SELL
2002,2025-05-13,2025-05-13T13:30:00+08:00,2025-05-14,21.5,2025-05-16,21.0,-0.023255813953488413,-0.02896163664452578,xgboost,validation,0,0.356131911277771,0.3468044698238373,0.2970636487007141,SELL
2002,2025-05-14,2025-05-14T13:30:00+08:00,2025-05-15,21.4,2025-05-19,21.1,-0.014018691588784882,-0.019778474552267666,xgboost,validation,0,0.3454797565937042,0.3652116358280182,0.2893086075782776,HOLD
2002,2025-05-15,2025-05-15T13:30:00+08:00,2025-05-16,21.0,2025-05-20,21.65,0.030952380952380842,0.024929891571177754,xgboost,validation,2,0.29479342699050903,0.43385621905326843,0.27135029435157776,HOLD
2002,2025-05-16,2025-05-16T13:30:00+08:00,2025-05-19,21.0,2025-05-21,21.05,0.0023809523809523725,-0.00347463198275777,xgboost,validation,1,0.5187858939170837,0.2756728231906891,0.20554125308990479,SELL
2002,2025-05-19,2025-05-19T13:30:00+08:00,2025-05-20,21.2,2025-05-22,20.45,-0.035377358490566,-0.041012371050498264,xgboost,validation,0,0.5659440159797668,0.30175966024398804,0.13229629397392273,SELL
2002,2025-05-20,2025-05-20T13:30:00+08:00,2025-05-21,21.55,2025-05-23,20.3,-0.058004640371229654,-0.06350747169042814,xgboost,validation,0,0.47755125164985657,0.3619541823863983,0.1604946106672287,SELL
2002,2025-05-21,2025-05-21T13:30:00+08:00,2025-05-22,21.05,2025-05-26,20.2,-0.040380047505938266,-0.045985835979453826,xgboost,validation,0,0.24738815426826477,0.5421559810638428,0.21045589447021484,HOLD
2002,2025-05-22,2025-05-22T13:30:00+08:00,2025-05-23,20.5,2025-05-27,20.0,-0.024390243902439046,-0.030089439621709735,xgboost,validation,0,0.4808345139026642,0.27544692158699036,0.24371853470802307,SELL
2002,2025-05-23,2025-05-23T13:30:00+08:00,2025-05-26,20.3,2025-05-28,20.05,-0.012315270935960632,-0.018085004730328258,xgboost,validation,0,0.444162517786026,0.23136301338672638,0.3244744837284088,SELL
2002,2025-05-26,2025-05-26T13:30:00+08:00,2025-05-27,20.1,2025-05-29,19.75,-0.017412935323383172,-0.023152890216019406,xgboost,validation,0,0.3499768376350403,0.3704451024532318,0.2795780301094055,HOLD
2002,2025-05-27,2025-05-27T13:30:00+08:00,2025-05-28,20.2,2025-06-02,19.2,-0.04950495049504955,-0.05505743424530929,xgboost,validation,0,0.35056912899017334,0.37204107642173767,0.277389794588089,HOLD
2002,2025-05-28,2025-05-28T13:30:00+08:00,2025-05-29,20.15,2025-06-03,19.25,-0.04466501240694787,-0.05024576950550186,xgboost,validation,0,0.6088643670082092,0.14562000334262848,0.2455156445503235,SELL
2002,2025-05-29,2025-05-29T13:30:00+08:00,2025-06-02,19.7,2025-06-04,19.2,-0.025380710659898442,-0.031074120393667415,xgboost,validation,0,0.36367958784103394,0.43291670083999634,0.20340366661548615,HOLD
2002,2025-06-02,2025-06-02T13:30:00+08:00,2025-06-03,19.2,2025-06-05,19.4,0.01041666666666674,0.004514140266786315,xgboost,validation,1,0.32638105750083923,0.5492887496948242,0.12433017790317535,HOLD
2002,2025-06-03,2025-06-03T13:30:00+08:00,2025-06-04,19.35,2025-06-06,19.55,0.010335917312661369,0.004433862624313223,xgboost,validation,1,0.22253334522247314,0.48647791147232056,0.2909887135028839,HOLD
2002,2025-06-04,2025-06-04T13:30:00+08:00,2025-06-05,19.3,2025-06-09,19.35,0.002590673575129543,-0.003266135911766166,xgboost,validation,1,0.3140872120857239,0.5086365342140198,0.17727625370025635,HOLD
2002,2025-06-05,2025-06-05T13:30:00+08:00,2025-06-06,19.45,2025-06-10,19.4,-0.0025706940874036244,-0.008397352538699221,xgboost,validation,1,0.2958693504333496,0.49797317385673523,0.20615747570991516,HOLD
2002,2025-06-06,2025-06-06T13:30:00+08:00,2025-06-09,19.75,2025-06-11,19.5,-0.012658227848101222,-0.018425958199439374,xgboost,validation,0,0.405164897441864,0.40683913230895996,0.18799595534801483,HOLD
2002,2025-06-09,2025-06-09T13:30:00+08:00,2025-06-10,19.4,2025-06-12,19.45,0.002577319587628857,-0.0032794118896037894,xgboost,validation,1,0.4410925805568695,0.14644001424312592,0.41246742010116577,SELL
2002,2025-06-10,2025-06-10T13:30:00+08:00,2025-06-11,19.45,2025-06-13,19.2,-0.01285347043701801,-0.018620060244485814,xgboost,validation,0,0.3680495619773865,0.45181962847709656,0.18013086915016174,HOLD
2002,2025-06-11,2025-06-11T13:30:00+08:00,2025-06-12,19.5,2025-06-16,19.2,-0.015384615384615441,-0.021136419064371692,xgboost,validation,0,0.4503621757030487,0.2885322868824005,0.26110556721687317,SELL
2002,2025-06-12,2025-06-12T13:30:00+08:00,2025-06-13,19.25,2025-06-17,19.1,-0.007792207792207684,-0.013588363854234897,xgboost,validation,0,0.23327131569385529,0.580730140209198,0.18599852919578552,HOLD
2002,2025-06-13,2025-06-13T13:30:00+08:00,2025-06-16,19.2,2025-06-18,19.1,-0.005208333333333259,-0.011019583551772016,xgboost,validation,0,0.2396247833967209,0.5682558417320251,0.19211935997009277,HOLD
2002,2025-06-16,2025-06-16T13:30:00+08:00,2025-06-17,19.2,2025-06-19,18.95,-0.01302083333333337,-0.01878644546105135,xgboost,validation,0,0.3281082212924957,0.47030603885650635,0.20158569514751434,HOLD
2002,2025-06-17,2025-06-17T13:30:00+08:00,2025-06-18,19.1,2025-06-20,18.65,-0.023560209424083878,-0.02926425393552423,xgboost,validation,0,0.4108883738517761,0.47798287868499756,0.11112872511148453,HOLD
2002,2025-06-18,2025-06-18T13:30:00+08:00,2025-06-19,19.1,2025-06-23,18.45,-0.034031413612565564,-0.03967428874586709,xgboost,validation,0,0.4523474872112274,0.36185410618782043,0.18579840660095215,SELL
2002,2025-06-19,2025-06-19T13:30:00+08:00,2025-06-20,18.95,2025-06-24,18.9,-0.0026385224274406704,-0.008464784647576384,xgboost,validation,1,0.42524442076683044,0.38145527243614197,0.19330032169818878,SELL
2002,2025-06-20,2025-06-20T13:30:00+08:00,2025-06-23,18.5,2025-06-25,18.75,0.013513513513513598,0.0075928963389331194,xgboost,validation,1,0.32852569222450256,0.36500003933906555,0.3064742982387543,HOLD
2002,2025-06-23,2025-06-23T13:30:00+08:00,2025-06-24,18.7,2025-06-26,19.0,0.016042780748663166,0.010107388415358631,xgboost,validation,2,0.33391743898391724,0.4023984670639038,0.26368406414985657,HOLD
2002,2025-06-24,2025-06-24T13:30:00+08:00,2025-06-25,19.0,2025-06-27,19.1,0.0052631578947368585,-0.0006092633786327628,xgboost,validation,1,0.2742583751678467,0.4607084095478058,0.26503318548202515,HOLD
2002,2025-06-25,2025-06-25T13:30:00+08:00,2025-06-26,18.85,2025-06-30,18.8,-0.0026525198938992522,-0.008478700345376677,xgboost,validation,1,0.3377273678779602,0.42832276225090027,0.23394988477230072,HOLD
2303,2025-01-02,2025-01-02T13:30:00+08:00,2025-01-03,43.95,2025-01-07,42.35,-0.0364050056882822,-0.04203401506664162,xgboost,validation,0,0.374788761138916,0.3388305604457855,0.28638070821762085,SELL
2303,2025-01-03,2025-01-03T13:30:00+08:00,2025-01-06,43.6,2025-01-08,42.7,-0.020642201834862317,-0.026363292400072957,xgboost,validation,0,0.3479502201080322,0.319670170545578,0.33237963914871216,SELL
2303,2025-01-06,2025-01-06T13:30:00+08:00,2025-01-07,43.65,2025-01-09,41.6,-0.04696449026345928,-0.05253181455829792,xgboost,validation,0,0.3834502398967743,0.3165423274040222,0.3000074625015259,SELL
2303,2025-01-07,2025-01-07T13:30:00+08:00,2025-01-08,42.4,2025-01-10,41.3,-0.025943396226415172,-0.031633518933632865,xgboost,validation,0,0.1686306744813919,0.26880940794944763,0.562559962272644,BUY
2303,2025-01-08,2025-01-08T13:30:00+08:00,2025-01-09,42.7,2025-01-13,40.9,-0.042154566744730726,-0.04774998905248551,xgboost,validation,0,0.3420647084712982,0.420736700296402,0.23719853162765503,HOLD
2303,2025-01-09,2025-01-09T13:30:00+08:00,2025-01-10,41.25,2025-01-14,42.25,0.024242424242424176,0.018259132251692733,xgboost,validation,2,0.3368608057498932,0.24872861802577972,0.4144105911254883,BUY
2303,2025-01-10,2025-01-10T13:30:00+08:00,2025-01-13,41.0,2025-01-15,41.45,0.01097560975609757,0.00506981819200325,xgboost,validation,1,0.23833763599395752,0.5243391990661621,0.2373231202363968,HOLD
2303,2025-01-13,2025-01-13T13:30:00+08:00,2025-01-14,41.2,2025-01-16,41.55,0.00849514563106779,0.002603844133759914,xgboost,validation,1,0.26931747794151306,0.3066425621509552,0.42403995990753174,BUY
2303,2025-01-14,2025-01-14T13:30:00+08:00,2025-01-15,42.05,2025-01-17,41.2,-0.02021403091557661,-0.02593762271640432,xgboost,validation,0,0.29851993918418884,0.2713353931903839,0.43014469742774963,BUY
2303,2025-01-15,2025-01-15T13:30:00+08:00,2025-01-16,41.9,2025-01-20,42.75,0.020286396181384392,0.014326214023298478,xgboost,validation,2,0.2775837779045105,0.3637045621871948,0.3587116599082947,HOLD
2303,2025-01-16,2025-01-16T13:30:00+08:00,2025-01-17,41.4,2025-01-21,42.95,0.037439613526570215,0.031379227837047274,xgboost,validation,2,0.2894577383995056,0.39233291149139404,0.31820932030677795,HOLD
2303,2025-01-17,2025-01-17T13:30:00+08:00,2025-01-20,41.55,2025-01-22,40.2,-0.032490974729241784,-0.038142848606800284,xgboost,validation,0,0.2887979745864868,0.375760018825531,0.3354419767856598,HOLD
2303,2025-01-20,2025-01-20T13:30:00+08:00,2025-01-21,42.75,2025-02-03,40.5,-0.052631578947368474,-0.05816579794844967,xgboost,validation,0,0.3423316776752472,0.24353145062923431,0.4141368567943573,BUY
2303,2025-01-21,2025-01-21T13:30:00+08:00,2025-01-22,39.7,2025-02-04,40.1,0.010075566750629594,0.004175032945810342,xgboost,validation,1,0.2424941509962082,0.19422957301139832,0.5632762908935547,BUY
2303,2025-01-22,2025-01-22T13:30:00+08:00,2025-02-03,40.2,2025-02-05,40.1,-0.0024875621890547706,-0.00831470626993347,xgboost,validation,1,0.3326353132724762,0.29389846324920654,0.3734661936759949,BUY
2303,2025-02-03,2025-02-03T13:30:00+08:00,2025-02-04,40.95,2025-02-06,40.1,-0.020757020757020794,-0.026477440587334033,xgboost,validation,0,0.18474870920181274,0.5004788041114807,0.31477248668670654,HOLD
2303,2025-02-04,2025-02-04T13:30:00+08:00,2025-02-05,40.4,2025-02-07,40.15,-0.006188118811881194,-0.011993645441384593,xgboost,validation,0,0.21832582354545593,0.21725031733512878,0.5644239187240601,BUY
2303,2025-02-05,2025-02-05T13:30:00+08:00,2025-02-06,40.3,2025-02-10,40.2,-0.002481389578163684,-0.0083085697174331,xgboost,validation,1,0.36610522866249084,0.23308467864990234,0.4008100926876068,BUY
2303,2025-02-06,2025-02-06T13:30:00+08:00,2025-02-07,40.1,2025-02-11,40.4,0.007481296758104605,0.00159591783703239,xgboost,validation,1,0.3557034134864807,0.3732364773750305,0.27106010913848877,HOLD
2303,2025-02-07,2025-02-07T13:30:00+08:00,2025-02-10,40.15,2025-02-12,40.1,-0.001245330012453194,-0.007079730810742868,xgboost,validation,1,0.30680495500564575,0.379878968000412,0.31331607699394226,HOLD
2303,2025-02-10,2025-02-10T13:30:00+08:00,2025-02-11,40.3,2025-02-13,41.4,0.027295285359801635,0.021294159544733127,xgboost,validation,2,0.41521620750427246,0.43687063455581665,0.1479131430387497,HOLD
2303,2025-02-11,2025-02-11T13:30:00+08:00,2025-02-12,40.4,2025-02-14,41.4,0.024752475247524774,0.018766203704275952,xgboost,validation,2,0.3400844633579254,0.29862135648727417,0.3612941801548004,BUY
2303,2025-02-12,2025-02-12T13:30:00+08:00,2025-02-13,40.25,2025-02-17,42.0,0.04347826086956519,0.037382599361127866,xgboost,validation,2,0.23649877309799194,0.25483182072639465,0.508669376373291,BUY
2303,2025-02-13,2025-02-13T13:30:00+08:00,2025-02-14,41.5,2025-02-18,41.95,0.010843373493975905,0.00493835441122914,xgboost,validation,1,0.4893409311771393,0.23057521879673004,0.2800838351249695,SELL
2303,2025-02-14,2025-02-14T13:30:00+08:00,2025-02-17,41.5,2025-02-19,42.55,0.025301204819277112,0.01931172777587098,xgboost,validation,2,0.38776442408561707,0.2784433662891388,0.33379220962524414,SELL
2303,2025-02-17,2025-02-17T13:30:00+08:00,2025-02-18,42.05,2025-02-20,43.0,0.022592152199762294,0.01661850056297598,xgboost,validation,2,0.29274848103523254,0.21531488001346588,0.49193665385246277,BUY
2303,2025-02-18,2025-02-18T13:30:00+08:00,2025-02-19,42.2,2025-02-21,43.6,0.033175355450236976,0.027139880173122855,xgboost,validation,2,0.29995056986808777,0.33478686213493347,0.36526253819465637,BUY
2303,2025-02-19,2025-02-19T13:30:00+08:00,2025-02-20,43.0,2025-02-24,43.55,0.012790697674418539,0.006874302955497624,xgboost,validation,1,0.4506849944591522,0.20362375676631927,0.3456912636756897,SELL
2303,2025-02-20,2025-02-20T13:30:00+08:00,2025-02-21,43.35,2025-02-25,43.3,-0.0011534025374856371,-0.006988340346263944,xgboost,validation,1,0.39566847681999207,0.3199010491371155,0.28443047404289246,SELL
2303,2025-02-21,2025-02-21T13:30:00+08:00,2025-02-24,43.05,2025-02-26,43.6,0.012775842044134844,0.006859534106987031,xgboost,validation,1,0.41371840238571167,0.3159421980381012,0.2703394293785095,SELL
2303,2025-02-24,2025-02-24T13:30:00+08:00,2025-02-25,43.05,2025-02-27,43.7,0.015098722415795685,0.009168844965030676,xgboost,validation,1,0.19667936861515045,0.2586950659751892,0.5446255803108215,BUY
2303,2025-02-25,2025-02-25T13:30:00+08:00,2025-02-26,43.1,2025-03-03,43.6,0.011600928074245953,0.005691483603382563,xgboost,validation,1,0.22050286829471588,0.2909480631351471,0.48854905366897583,BUY
2303,2025-02-26,2025-02-26T13:30:00+08:00,2025-02-27,44.0,2025-03-04,43.6,-0.009090909090909038,-0.014879478561232062,xgboost,validation,0,0.3674488365650177,0.37458112835884094,0.25797006487846375,HOLD
2303,2025-02-27,2025-02-27T13:30:00+08:00,2025-03-03,43.1,2025-03-05,44.0,0.02088167053364276,0.01491801097589085,xgboost,validation,2,0.2553950846195221,0.35829171538352966,0.38631319999694824,BUY
2303,2025-03-03,2025-03-03T13:30:00+08:00,2025-03-04,42.95,2025-03-06,44.0,0.024447031431897415,0.018462544192337393,xgboost,validation,2,0.2375543862581253,0.562329888343811,0.20011572539806366,HOLD
2303,2025-03-04,2025-03-04T13:30:00+08:00,2025-03-05,44.1,2025-03-07,44.15,0.0011337868480725266,-0.004714511979159952,xgboost,validation,1,0.2738400101661682,0.5569364428520203,0.16922348737716675,HOLD
2303,2025-03-05,2025-03-05T13:30:00+08:00,2025-03-06,44.3,2025-03-10,45.05,0.016930022573363512,0.01098944726112916,xgboost,validation,2,0.3182419240474701,0.2793436050415039,0.402414470911026,BUY
2303,2025-03-06,2025-03-06T13:30:00+08:00,2025-03-07,44.0,2025-03-11,44.85,0.01931818181818179,0.013363655654329065,xgboost,validation,2,0.2681746482849121,0.26515495777130127,0.466670423746109,BUY
2303,2025-03-07,2025-03-07T13:30:00+08:00,2025-03-10,44.55,2025-03-12,44.8,0.0056116722783390305,-0.0002627849030059082,xgboost,validation,1,0.26086169481277466,0.25014734268188477,0.4889909327030182,BUY
2303,2025-03-10,2025-03-10T13:30:00+08:00,2025-03-11,44.3,2025-03-13,43.7,-0.013544018058690654,-0.019306573910957803,xgboost,validation,0,0.3317384421825409,0.3359856605529785,0.332275927066803,HOLD
2303,2025-03-11,2025-03-11T13:30:00+08:00,2025-03-12,44.7,2025-03-14,44.9,0.004474272930648615,-0.001393539932665555,xgboost,validation,1,0.2865053415298462,0.5146741271018982,0.19882047176361084,HOLD
2303,2025-03-12,2025-03-12T13:30:00+08:00,2025-03-13,44.7,2025-03-17,44.1,-0.01342281879194629,-0.019186082651014402,xgboost,validation,0,0.33249127864837646,0.2952502369880676,0.3722584843635559,BUY
2303,2025-03-13,2025-03-13T13:30:00+08:00,2025-03-14,43.55,2025-03-18,44.5,0.021814006888633886,0.015844900924334437,xgboost,validation,2,0.3653579354286194,0.2605380117893219,0.3741040825843811,BUY
2303,2025-03-14,2025-03-14T13:30:00+08:00,2025-03-17,45.0,2025-03-19,44.3,-0.015555555555555656,-0.021306360658284174,xgboost,validation,0,0.3657803535461426,0.2127169817686081,0.42150261998176575,BUY
2303,2025-03-17,2025-03-17T13:30:00+08:00,2025-03-18,44.2,2025-03-20,45.15,0.02149321266968318,0.015525980681149187,xgboost,validation,2,0.2884276807308197,0.28372395038604736,0.4278483986854553,BUY
2303,2025-03-18,2025-03-18T13:30:00+08:00,2025-03-19,44.5,2025-03-21,45.0,0.011235955056179803,0.005328642639295111,xgboost,validation,1,0.39676088094711304,0.30119946599006653,0.30203965306282043,SELL
2303,2025-03-19,2025-03-19T13:30:00+08:00,2025-03-20,44.7,2025-03-24,44.85,0.003355704697986628,-0.002505573852562226,xgboost,validation,1,0.3164156377315521,0.37594255805015564,0.30764177441596985,HOLD
2303,2025-03-20,2025-03-20T13:30:00+08:00,2025-03-21,45.0,2025-03-25,44.85,-0.0033333333333332993,-0.009155536693544963,xgboost,validation,1,0.3819412291049957,0.3418862521648407,0.27617254853248596,SELL
2303,2025-03-21,2025-03-21T13:30:00+08:00,2025-03-24,45.0,2025-03-26,44.55,-0.010000000000000009,-0.015783258856129967,xgboost,validation,0,0.33485186100006104,0.3446914851665497,0.32045668363571167,HOLD
2303,2025-03-24,2025-03-24T13:30:00+08:00,2025-03-25,45.0,2025-03-27,44.8,-0.004444444444444473,-0.010260157053975871,xgboost,validation,0,0.4141828715801239,0.3013080358505249,0.2845091223716736,SELL
2303,2025-03-25,2025-03-25T13:30:00+08:00,2025-03-26,44.75,2025-03-28,44.55,-0.004469273743016866,-0.010284841307840353,xgboost,validation,0,0.24871113896369934,0.3954993188381195,0.35578957200050354,HOLD
2303,2025-03-26,2025-03-26T13:30:00+08:00,2025-03-27,44.1,2025-03-31,44.65,0.012471655328798015,0.00655712435176703,xgboost,validation,1,0.2284376323223114,0.2679227888584137,0.5036395788192749,BUY
2303,2025-03-27,2025-03-27T13:30:00+08:00,2025-03-28,44.6,2025-04-01,45.95,0.030269058295964157,0.024250560664058174,xgboost,validation,2,0.2176712602376938,0.4834977090358734,0.2988310158252716,HOLD
2303,2025-03-28,2025-03-28T13:30:00+08:00,2025-03-31,43.55,2025-04-02,45.25,0.039035591274397374,0.032965882400587176,xgboost,validation,2,0.3481581211090088,0.25222861766815186,0.39961326122283936,BUY
2303,2025-03-31,2025-03-31T13:30:00+08:00,2025-04-01,47.2,2025-04-07,40.75,-0.13665254237288138,-0.1416959381610019,xgboost,validation,0,0.25370997190475464,0.4984064996242523,0.24788352847099304,HOLD
2303,2025-04-01,2025-04-01T13:30:00+08:00,2025-04-02,45.8,2025-04-08,41.7,-0.08951965065502177,-0.09483838150722557,xgboost,validation,0,0.6361621618270874,0.12993068993091583,0.23390716314315796,SELL
2303,2025-04-02,2025-04-02T13:30:00+08:00,2025-04-07,40.75,2025-04-09,39.9,-0.020858895705521463,-0.026578720415432744,xgboost,validation,0,0.386152446269989,0.3081508278846741,0.3056967556476593,SELL
2303,2025-04-08,2025-04-08T13:30:00+08:00,2025-04-09,40.55,2025-04-11,44.1,0.08754623921085081,0.08119314686805579,xgboost,validation,2,0.3497728407382965,0.21141739189624786,0.4388098120689392,BUY
2303,2025-04-09,2025-04-09T13:30:00+08:00,2025-04-10,43.85,2025-04-14,44.3,0.010262257696693089,0.004360633303927219,xgboost,validation,1,0.5880821347236633,0.20304018259048462,0.20887766778469086,SELL
2303,2025-04-10,2025-04-10T13:30:00+08:00,2025-04-11,42.7,2025-04-15,44.7,0.04683840749414525,0.040723117099117356,xgboost,validation,2,0.3195648193359375,0.4678876996040344,0.21254746615886688,HOLD
2303,2025-04-11,2025-04-11T13:30:00+08:00,2025-04-14,44.8,2025-04-16,44.95,0.0033482142857144126,-0.0025130205082755097,xgboost,validation,1,0.3711784780025482,0.19066286087036133,0.43815869092941284,BUY
2303,2025-04-14,2025-04-14T13:30:00+08:00,2025-04-15,44.5,2025-04-17,44.1,-0.008988764044943753,-0.01477793021349072,xgboost,validation,0,0.3095812201499939,0.25670239329338074,0.43371641635894775,BUY
2303,2025-04-15,2025-04-15T13:30:00+08:00,2025-04-16,44.2,2025-04-18,44.3,0.002262443438913797,-0.0035924486339997674,xgboost,validation,1,0.4966331124305725,0.26724573969841003,0.23612110316753387,SELL
2303,2025-04-16,2025-04-16T13:30:00+08:00,2025-04-17,44.85,2025-04-21,43.65,-0.026755852842809458,-0.03244122944202521,xgboost,validation,0,0.28647637367248535,0.30358272790908813,0.4099408686161041,BUY
2303,2025-04-17,2025-04-17T13:30:00+08:00,2025-04-18,44.45,2025-04-22,44.3,-0.003374578177727905,-0.00919654059893793,xgboost,validation,1,0.2799546718597412,0.2795511782169342,0.4404941201210022,BUY
2303,2025-04-18,2025-04-18T13:30:00+08:00,2025-04-21,44.35,2025-04-23,45.1,0.016910935738444266,0.01097047192530809,xgboost,validation,2,0.35096287727355957,0.3144294321537018,0.33460772037506104,SELL
2303,2025-04-21,2025-04-21T13:30:00+08:00,2025-04-22,43.6,2025-04-24,43.4,-0.004587155963302836,-0.010402034898435053,xgboost,validation,0,0.2848479151725769,0.3003234267234802,0.41482865810394287,BUY
2303,2025-04-22,2025-04-22T13:30:00+08:00,2025-04-23,44.95,2025-04-25,44.65,-0.006674082313681939,-0.012476770102048396,xgboost,validation,0,0.33054685592651367,0.3619169294834137,0.30753618478775024,HOLD
2303,2025-04-23,2025-04-23T13:30:00+08:00,2025-04-24,44.75,2025-04-28,44.9,0.003351955307262511,-0.0025093013405619313,xgboost,validation,1,0.28663089871406555,0.22443965077400208,0.48892948031425476,BUY
2303,2025-04-24,2025-04-24T13:30:00+08:00,2025-04-25,44.1,2025-04-29,44.95,0.01927437641723362,0.013320106150322975,xgboost,validation,2,0.49829939007759094,0.17263148725032806,0.3290691375732422,SELL
2303,2025-04-25,2025-04-25T13:30:00+08:00,2025-04-28,44.55,2025-04-30,45.2,0.014590347923681302,0.008663440231788666,xgboost,validation,1,0.4017927944660187,0.33797523379325867,0.26023200154304504,SELL
2303,2025-04-28,2025-04-28T13:30:00+08:00,2025-04-29,44.7,2025-05-02,45.65,0.021252796420581532,0.015286968865786621,xgboost,validation,2,0.40263864398002625,0.3329651355743408,0.2643962502479553,SELL
2303,2025-04-29,2025-04-29T13:30:00+08:00,2025-04-30,44.75,2025-05-05,45.05,0.006703910614525022,0.000823072931128932,xgboost,validation,1,0.3506639003753662,0.2934834361076355,0.3558526933193207,BUY
2303,2025-04-30,2025-04-30T13:30:00+08:00,2025-05-02,45.2,2025-05-06,45.4,0.004424778761061843,-0.0014427449733689368,xgboost,validation,1,0.39440909028053284,0.3832133710384369,0.22237752377986908,SELL
2303,2025-05-02,2025-05-02T13:30:00+08:00,2025-05-05,45.75,2025-05-07,45.75,0.0,-0.005841675612252573,xgboost,validation,1,0.5130724906921387,0.26412567496299744,0.2228017896413803,SELL
2303,2025-05-05,2025-05-05T13:30:00+08:00,2025-05-06,45.0,2025-05-08,45.3,0.006666666666666599,0.000786046550332431,xgboost,validation,1,0.32288822531700134,0.23836897313594818,0.43874281644821167,BUY
2303,2025-05-06,2025-05-06T13:30:00+08:00,2025-05-07,45.6,2025-05-09,45.55,-0.0010964912280703176,-0.006931761494256783,xgboost,validation,1,0.4640873372554779,0.35620206594467163,0.17971062660217285,SELL
2303,2025-05-07,2025-05-07T13:30:00+08:00,2025-05-08,45.4,2025-05-12,46.45,0.023127753303964882,0.017150972859270253,xgboost,validation,2,0.4096165597438812,0.3134116530418396,0.2769717872142792,SELL
2303,2025-05-08,2025-05-08T13:30:00+08:00,2025-05-09,45.2,2025-05-13,46.55,0.02986725663716805,0.023851106200213135,xgboost,validation,2,0.5107155442237854,0.25957080721855164,0.22971366345882416,SELL
2303,2025-05-09,2025-05-09T13:30:00+08:00,2025-05-12,45.75,2025-05-14,47.0,0.02732240437158473,0.02132112013604659,xgboost,validation,2,0.4230901002883911,0.30652526021003723,0.27038463950157166,SELL
2303,2025-05-12,2025-05-12T13:30:00+08:00,2025-05-13,46.65,2025-05-15,47.5,0.018220793140407254,0.012272677565230428,xgboost,validation,2,0.2523983418941498,0.37310531735420227,0.37449631094932556,BUY
2303,2025-05-13,2025-05-13T13:30:00+08:00,2025-05-14,46.9,2025-05-16,47.8,0.019189765458422103,0.013235989461286346,xgboost,validation,2,0.35537317395210266,0.27123504877090454,0.3733917772769928,BUY
2303,2025-05-14,2025-05-14T13:30:00+08:00,2025-05-15,46.95,2025-05-19,47.75,0.017039403620873195,0.011098189340041253,xgboost,validation,2,0.419268935918808,0.28556400537490845,0.29516705870628357,SELL
2303,2025-05-15,2025-05-15T13:30:00+08:00,2025-05-16,47.6,2025-05-20,47.85,0.005252100840336116,-0.0006202558413085368,xgboost,validation,1,0.42325031757354736,0.27622443437576294,0.3005251884460449,SELL
2303,2025-05-16,2025-05-16T13:30:00+08:00,2025-05-19,47.6,2025-05-21,49.55,0.0409663865546217,0.03488539860111084,xgboost,validation,2,0.3063463866710663,0.2930552661418915,0.40059834718704224,BUY
2303,2025-05-19,2025-05-19T13:30:00+08:00,2025-05-20,47.95,2025-05-22,49.45,0.031282586027111536,0.02525816769497613,xgboost,validation,2,0.371188223361969,0.38088878989219666,0.24792300164699554,HOLD
2303,2025-05-20,2025-05-20T13:30:00+08:00,2025-05-21,48.0,2025-05-23,48.05,0.0010416666666666075,-0.004806094024348617,xgboost,validation,1,0.4004916250705719,0.2198588103055954,0.3796496093273163,SELL
2303,2025-05-21,2025-05-21T13:30:00+08:00,2025-05-22,49.45,2025-05-26,47.1,-0.04752275025278063,-0.05308681337385446,xgboost,validation,0,0.2507593035697937,0.38904163241386414,0.36019906401634216,HOLD
2303,2025-05-22,2025-05-22T13:30:00+08:00,2025-05-23,48.1,2025-05-27,46.0,-0.04365904365904372,-0.04924567730069895,xgboost,validation,0,0.3469271957874298,0.26882266998291016,0.38425013422966003,BUY
2303,2025-05-23,2025-05-23T13:30:00+08:00,2025-05-26,47.8,2025-05-28,47.05,-0.01569037656903771,-0.021440394091139736,xgboost,validation,0,0.44828420877456665,0.2593826651573181,0.29233318567276,SELL
2303,2025-05-26,2025-05-26T13:30:00+08:00,2025-05-27,47.1,2025-05-29,46.75,-0.007430997876857748,-0.013229264010038433,xgboost,validation,0,0.29676398634910583,0.36146441102027893,0.34177160263061523,HOLD
2303,2025-05-27,2025-05-27T13:30:00+08:00,2025-05-28,46.4,2025-06-02,46.95,0.0118534482758621,0.005942528663895441,xgboost,validation,1,0.3466459810733795,0.34951460361480713,0.30383938550949097,HOLD
2303,2025-05-28,2025-05-28T13:30:00+08:00,2025-05-29,47.4,2025-06-03,47.25,-0.0031645569620253333,-0.0089877462590493,xgboost,validation,1,0.5664190649986267,0.28178495168685913,0.15179599821567535,SELL
2303,2025-05-29,2025-05-29T13:30:00+08:00,2025-06-02,46.8,2025-06-04,45.95,-0.018162393162392987,-0.023897969965448684,xgboost,validation,0,0.5664284229278564,0.26675331592559814,0.1668182611465454,SELL
2303,2025-06-02,2025-06-02T13:30:00+08:00,2025-06-03,46.7,2025-06-05,45.3,-0.029978586723768852,-0.0356451371570673,xgboost,validation,0,0.24168197810649872,0.4473634660243988,0.31095460057258606,HOLD
2303,2025-06-03,2025-06-03T13:30:00+08:00,2025-06-04,47.1,2025-06-06,45.0,-0.04458598726114649,-0.05016720599896751,xgboost,validation,0,0.5224940776824951,0.23084980249404907,0.246656134724617,SELL
2303,2025-06-04,2025-06-04T13:30:00+08:00,2025-06-05,45.65,2025-06-09,45.65,0.0,-0.005841675612252684,xgboost,validation,1,0.31417226791381836,0.19020484387874603,0.495622843503952,BUY
2303,2025-06-05,2025-06-05T13:30:00+08:00,2025-06-06,45.3,2025-06-10,46.4,0.02428256070640189,0.018299034251467727,xgboost,validation,2,0.5648118257522583,0.20845870673656464,0.22672945261001587,SELL
2303,2025-06-06,2025-06-06T13:30:00+08:00,2025-06-09,45.0,2025-06-11,47.25,0.050000000000000044,0.04386624060713484,xgboost,validation,2,0.28200629353523254,0.2482968270778656,0.46969684958457947,BUY
2303,2025-06-09,2025-06-09T13:30:00+08:00,2025-06-10,45.85,2025-06-12,47.3,0.0316248636859322,0.025598445878744824,xgboost,validation,2,0.40738481283187866,0.14465752243995667,0.44795769453048706,BUY
2303,2025-06-10,2025-06-10T13:30:00+08:00,2025-06-11,46.55,2025-06-13,47.45,0.019334049409237553,0.01337943055206492,xgboost,validation,2,0.45811259746551514,0.2627238631248474,0.27916353940963745,SELL
2303,2025-06-11,2025-06-11T13:30:00+08:00,2025-06-12,47.25,2025-06-16,48.0,0.015873015873015817,0.009938615251045002,xgboost,validation,1,0.36421164870262146,0.3835969865322113,0.252191424369812,HOLD
2303,2025-06-12,2025-06-12T13:30:00+08:00,2025-06-13,46.8,2025-06-17,47.5,0.014957264957265126,0.009028213855085454,xgboost,validation,1,0.43401774764060974,0.3368557393550873,0.2291264683008194,SELL
2303,2025-06-13,2025-06-13T13:30:00+08:00,2025-06-16,47.35,2025-06-18,48.3,0.020063357972544882,0.014104478731324255,xgboost,validation,2,0.30375024676322937,0.27513808012008667,0.42111173272132874,BUY
2303,2025-06-16,2025-06-16T13:30:00+08:00,2025-06-17,48.25,2025-06-19,47.75,-0.010362694300518172,-0.0161438344141982,xgboost,validation,0,0.3706261217594147,0.2882995009422302,0.3410743772983551,SELL
2303,2025-06-17,2025-06-17T13:30:00+08:00,2025-06-18,47.7,2025-06-20,47.65,-0.0010482180293501786,-0.006883770291904345,xgboost,validation,1,0.3085324168205261,0.16455014050006866,0.5269174575805664,BUY
2303,2025-06-18,2025-06-18T13:30:00+08:00,2025-06-19,48.4,2025-06-23,47.0,-0.02892561983471076,-0.034598321359005535,xgboost,validation,0,0.3379859924316406,0.3016318678855896,0.3603821396827698,BUY
2303,2025-06-19,2025-06-19T13:30:00+08:00,2025-06-20,47.3,2025-06-24,45.35,-0.04122621564482021,-0.046827061078554943,xgboost,validation,0,0.3720415234565735,0.29360201954841614,0.33435648679733276,SELL
2303,2025-06-20,2025-06-20T13:30:00+08:00,2025-06-23,46.5,2025-06-25,43.8,-0.058064516129032295,-0.06356699767347662,xgboost,validation,0,0.23454098403453827,0.2798948287963867,0.48556414246559143,BUY
2303,2025-06-23,2025-06-23T13:30:00+08:00,2025-06-24,42.5,2025-06-26,43.25,0.01764705882352935,0.011702294818119352,xgboost,validation,2,0.46284013986587524,0.15922081470489502,0.37793904542922974,SELL
2303,2025-06-24,2025-06-24T13:30:00+08:00,2025-06-25,45.45,2025-06-27,44.3,-0.025302530253025424,-0.030996396691370554,xgboost,validation,0,0.3718561828136444,0.158953458070755,0.4691903293132782,BUY
2303,2025-06-25,2025-06-25T13:30:00+08:00,2025-06-26,43.8,2025-06-30,44.2,0.009132420091324311,0.0032373958433433714,xgboost,validation,1,0.36095884442329407,0.28902146220207214,0.3500196635723114,SELL
2330,2025-01-02,2025-01-02T13:30:00+08:00,2025-01-03,1080.0,2025-01-07,1130.0,0.04629629629629628,0.040184172739031965,xgboost,validation,2,0.5192386507987976,0.30863893032073975,0.17212244868278503,SELL
2330,2025-01-03,2025-01-03T13:30:00+08:00,2025-01-06,1100.0,2025-01-08,1105.0,0.00454545454545463,-0.0013227741377629387,xgboost,validation,1,0.42054280638694763,0.3374350666999817,0.2420220673084259,SELL
2330,2025-01-06,2025-01-06T13:30:00+08:00,2025-01-07,1150.0,2025-01-09,1100.0,-0.04347826086956519,-0.04906595058563301,xgboost,validation,0,0.5709742307662964,0.301935613155365,0.1270902007818222,SELL
2330,2025-01-07,2025-01-07T13:30:00+08:00,2025-01-08,1110.0,2025-01-10,1100.0,-0.009009009009009028,-0.014798056913043145,xgboost,validation,0,0.22338731586933136,0.5284647345542908,0.24814793467521667,HOLD
2330,2025-01-08,2025-01-08T13:30:00+08:00,2025-01-09,1100.0,2025-01-13,1075.0,-0.022727272727272707,-0.02843618298470152,xgboost,validation,0,0.432760626077652,0.2846575081348419,0.2825819253921509,SELL
2330,2025-01-09,2025-01-09T13:30:00+08:00,2025-01-10,1100.0,2025-01-14,1090.0,-0.009090909090909038,-0.014879478561232062,xgboost,validation,0,0.4640634059906006,0.42523783445358276,0.11069876700639725,SELL
2330,2025-01-10,2025-01-10T13:30:00+08:00,2025-01-13,1110.0,2025-01-15,1065.0,-0.04054054054054057,-0.04614539146580998,xgboost,validation,0,0.29194265604019165,0.5797943472862244,0.1282629668712616,HOLD
2330,2025-01-13,2025-01-13T13:30:00+08:00,2025-01-14,1085.0,2025-01-16,1105.0,0.018433179723502224,0.01248382345480259,xgboost,validation,2,0.41491520404815674,0.17771250009536743,0.40737226605415344,SELL
2330,2025-01-14,2025-01-14T13:30:00+08:00,2025-01-15,1085.0,2025-01-17,1120.0,0.032258064516129004,0.026227947755094183,xgboost,validation,2,0.48733994364738464,0.3414324223995209,0.17122763395309448,SELL
2330,2025-01-15,2025-01-15T13:30:00+08:00,2025-01-16,1095.0,2025-01-20,1120.0,0.022831050228310446,0.016856003026737287,xgboost,validation,2,0.3884885013103485,0.44532501697540283,0.16618649661540985,HOLD
2330,2025-01-16,2025-01-16T13:30:00+08:00,2025-01-17,1125.0,2025-01-21,1120.0,-0.004444444444444473,-0.010260157053975871,xgboost,validation,0,0.5081125497817993,0.3271937668323517,0.1646937131881714,SELL
2330,2025-01-17,2025-01-17T13:30:00+08:00,2025-01-20,1125.0,2025-01-22,1135.0,0.008888888888888946,0.002995287271194025,xgboost,validation,1,0.33908095955848694,0.5081017017364502,0.15281733870506287,HOLD
2330,2025-01-20,2025-01-20T13:30:00+08:00,2025-01-21,1115.0,2025-02-03,1070.0,-0.04035874439461884,-0.045964657314000235,xgboost,validation,0,0.43812620639801025,0.4550086557865143,0.10686508566141129,HOLD
2330,2025-01-21,2025-01-21T13:30:00+08:00,2025-01-22,1140.0,2025-02-04,1095.0,-0.03947368421052633,-0.04508476736440048,xgboost,validation,0,0.35843682289123535,0.3996845483779907,0.24187864363193512,HOLD
2330,2025-01-22,2025-01-22T13:30:00+08:00,2025-02-03,1065.0,2025-02-05,1110.0,0.04225352112676051,0.03616501415061002,xgboost,validation,2,0.3573385775089264,0.525521457195282,0.11713997274637222,HOLD
2330,2025-02-03,2025-02-03T13:30:00+08:00,2025-02-04,1085.0,2025-02-06,1115.0,0.02764976958525356,0.021646572988330393,xgboost,validation,2,0.40675216913223267,0.3505123257637024,0.24273546040058136,SELL
2330,2025-02-04,2025-02-04T13:30:00+08:00,2025-02-05,1110.0,2025-02-07,1125.0,0.013513513513513598,0.0075928963389331194,xgboost,validation,1,0.30156517028808594,0.532128095626831,0.16630668938159943,HOLD
2330,2025-02-05,2025-02-05T13:30:00+08:00,2025-02-06,1120.0,2025-02-10,1105.0,-0.013392857142857095,-0.019156296028159936,xgboost,validation,0,0.37025561928749084,0.4716567099094391,0.1580876260995865,HOLD
2330,2025-02-06,2025-02-06T13:30:00+08:00,2025-02-07,1110.0,2025-02-11,1110.0,0.0,-0.005841675612252573,xgboost,validation,1,0.5301530957221985,0.3404063582420349,0.12944059073925018,SELL
2330,2025-02-07,2025-02-07T13:30:00+08:00,2025-02-10,1125.0,2025-02-12,1100.0,-0.022222222222222254,-0.027934082820869288,xgboost,validation,0,0.20429062843322754,0.6028925776481628,0.1928168088197708,HOLD
2330,2025-02-10,2025-02-10T13:30:00+08:00,2025-02-11,1110.0,2025-02-13,1090.0,-0.018018018018018056,-0.023754438213833495,xgboost,validation,0,0.5108591318130493,0.3350714445114136,0.1540694534778595,SELL
2330,2025-02-11,2025-02-11T13:30:00+08:00,2025-02-12,1110.0,2025-02-14,1060.0,-0.04504504504504503,-0.0506235821162051,xgboost,validation,0,0.4051345884799957,0.3896980285644531,0.20516741275787354,SELL
2330,2025-02-12,2025-02-12T13:30:00+08:00,2025-02-13,1090.0,2025-02-17,1085.0,-0.004587155963302725,-0.01040203489843472,xgboost,validation,0,0.5454096794128418,0.2942071855068207,0.16038314998149872,SELL
2330,2025-02-13,2025-02-13T13:30:00+08:00,2025-02-14,1065.0,2025-02-18,1100.0,0.032863849765258246,0.026830194203307123,xgboost,validation,2,0.19866029918193817,0.695079505443573,0.10626021027565002,HOLD
2330,2025-02-14,2025-02-14T13:30:00+08:00,2025-02-17,1065.0,2025-02-19,1090.0,0.023474178403755763,0.01749537425600467,xgboost,validation,2,0.566906213760376,0.31243667006492615,0.12065710127353668,SELL
2330,2025-02-17,2025-02-17T13:30:00+08:00,2025-02-18,1085.0,2025-02-20,1080.0,-0.004608294930875556,-0.010423050379016363,xgboost,validation,0,0.39975547790527344,0.4495282471179962,0.15071624517440796,HOLD
2330,2025-02-18,2025-02-18T13:30:00+08:00,2025-02-19,1090.0,2025-02-21,1095.0,0.004587155963302836,-0.0012813163260702032,xgboost,validation,1,0.34379342198371887,0.4219748377799988,0.23423169553279877,HOLD
2330,2025-02-19,2025-02-19T13:30:00+08:00,2025-02-20,1080.0,2025-02-24,1075.0,-0.00462962962962965,-0.010444260447381004,xgboost,validation,0,0.3330027163028717,0.3965362310409546,0.27046099305152893,HOLD
2330,2025-02-20,2025-02-20T13:30:00+08:00,2025-02-21,1085.0,2025-02-25,1055.0,-0.027649769585253448,-0.03332992421283543,xgboost,validation,0,0.4647148549556732,0.30426573753356934,0.23101937770843506,SELL
2330,2025-02-21,2025-02-21T13:30:00+08:00,2025-02-24,1080.0,2025-02-26,1060.0,-0.01851851851851849,-0.0242520149527663,xgboost,validation,0,0.3741702437400818,0.5051476955413818,0.12068202346563339,HOLD
2330,2025-02-24,2025-02-24T13:30:00+08:00,2025-02-25,1055.0,2025-02-27,1040.0,-0.014218009478673022,-0.01997662809169931,xgboost,validation,0,0.36904239654541016,0.4725291132926941,0.15842847526073456,HOLD
2330,2025-02-25,2025-02-25T13:30:00+08:00,2025-02-26,1045.0,2025-03-03,1020.0,-0.02392344497607657,-0.029625367583251405,xgboost,validation,0,0.3201501667499542,0.15905997157096863,0.5207898616790771,BUY
2330,2025-02-26,2025-02-26T13:30:00+08:00,2025-02-27,1065.0,2025-03-04,1000.0,-0.06103286384976525,-0.06651800526972074,xgboost,validation,0,0.3503376841545105,0.5231580138206482,0.12650428712368011,HOLD
2330,2025-02-27,2025-02-27T13:30:00+08:00,2025-03-03,1000.0,2025-03-05,1020.0,0.020000000000000018,0.014041490875502438,xgboost,validation,2,0.3729332685470581,0.20220838487148285,0.42485830187797546,BUY
2330,2025-03-03,2025-03-03T13:30:00+08:00,2025-03-04,996.0,2025-03-06,1005.0,0.009036144578313143,0.0031416827406487435,xgboost,validation,1,0.3049739897251129,0.3393767476081848,0.35564929246902466,BUY
2330,2025-03-04,2025-03-04T13:30:00+08:00,2025-03-05,1020.0,2025-03-07,1005.0,-0.014705882352941124,-0.020461650970895917,xgboost,validation,0,0.30371931195259094,0.3104882538318634,0.38579246401786804,BUY
2330,2025-03-05,2025-03-05T13:30:00+08:00,2025-03-06,1020.0,2025-03-10,998.0,-0.021568627450980427,-0.027284306138262715,xgboost,validation,0,0.3779369592666626,0.40522903203964233,0.21683399379253387,HOLD
2330,2025-03-06,2025-03-06T13:30:00+08:00,2025-03-07,1005.0,2025-03-11,971.0,-0.03383084577114426,-0.03947489255671377,xgboost,validation,0,0.33081719279289246,0.2840242087841034,0.38515859842300415,BUY
2330,2025-03-07,2025-03-07T13:30:00+08:00,2025-03-10,1005.0,2025-03-12,988.0,-0.01691542288557213,-0.022658284084483116,xgboost,validation,0,0.6453384757041931,0.2606705129146576,0.09399101138114929,SELL
2330,2025-03-10,2025-03-10T13:30:00+08:00,2025-03-11,969.0,2025-03-13,965.0,-0.0041279669762641635,-0.00994552834450324,xgboost,validation,1,0.3620762825012207,0.21831394731998444,0.41960981488227844,BUY
2330,2025-03-11,2025-03-11T13:30:00+08:00,2025-03-12,980.0,2025-03-14,959.0,-0.021428571428571463,-0.027145068277704243,xgboost,validation,0,0.3101111352443695,0.3005596399307251,0.389329195022583,BUY
2330,2025-03-12,2025-03-12T13:30:00+08:00,2025-03-13,1000.0,2025-03-17,970.0,-0.030000000000000027,-0.03566642534388487,xgboost,validation,0,0.4541913866996765,0.15748773515224457,0.3883208632469177,SELL
2330,2025-03-13,2025-03-13T13:30:00+08:00,2025-03-14,965.0,2025-03-18,971.0,0.006217616580310947,0.0003396196689147146,xgboost,validation,1,0.2611428499221802,0.2204553484916687,0.5184018015861511,BUY
2330,2025-03-14,2025-03-14T13:30:00+08:00,2025-03-17,977.0,2025-03-19,952.0,-0.025588536335721557,-0.03128073201930859,xgboost,validation,0,0.3266638219356537,0.2637762725353241,0.4095599353313446,BUY
2330,2025-03-17,2025-03-17T13:30:00+08:00,2025-03-18,976.0,2025-03-20,985.0,0.009221311475409832,0.0033257679527984862,xgboost,validation,1,0.31132984161376953,0.2887461185455322,0.39992403984069824,BUY
2330,2025-03-18,2025-03-18T13:30:00+08:00,2025-03-19,965.0,2025-03-21,972.0,0.007253886010362587,0.0013698355491094105,xgboost,validation,1,0.3965986967086792,0.2540839910507202,0.3493173122406006,SELL
2330,2025-03-19,2025-03-19T13:30:00+08:00,2025-03-20,978.0,2025-03-24,972.0,-0.006134969325153339,-0.011940806436717244,xgboost,validation,0,0.29571533203125,0.16376030445098877,0.5405243635177612,BUY
2330,2025-03-20,2025-03-20T13:30:00+08:00,2025-03-21,985.0,2025-03-25,990.0,0.0050761421319796,-0.0007951866559696708,xgboost,validation,1,0.32711195945739746,0.24075867235660553,0.4321293830871582,BUY
2330,2025-03-21,2025-03-21T13:30:00+08:00,2025-03-24,986.0,2025-03-26,980.0,-0.006085192697768749,-0.011891320588242826,xgboost,validation,0,0.3353177607059479,0.21978867053985596,0.4448935389518738,BUY
2330,2025-03-24,2025-03-24T13:30:00+08:00,2025-03-25,989.0,2025-03-27,958.0,-0.03134479271991908,-0.03700336222096856,xgboost,validation,0,0.4272008538246155,0.18637801706790924,0.3864211142063141,SELL
2330,2025-03-25,2025-03-25T13:30:00+08:00,2025-03-26,995.0,2025-03-28,952.0,-0.04321608040201008,-0.048805301691321024,xgboost,validation,0,0.36021044850349426,0.3023221492767334,0.33746740221977234,SELL
2330,2025-03-26,2025-03-26T13:30:00+08:00,2025-03-27,961.0,2025-03-31,910.0,-0.05306971904266389,-0.05860137857143577,xgboost,validation,0,0.2397303432226181,0.23499752581119537,0.5252721309661865,BUY
2330,2025-03-27,2025-03-27T13:30:00+08:00,2025-03-28,946.0,2025-04-01,944.0,-0.0021141649048626032,-0.007943490251550167,xgboost,validation,1,0.31258857250213623,0.2471039891242981,0.4403074383735657,BUY
2330,2025-03-28,2025-03-28T13:30:00+08:00,2025-03-31,920.0,2025-04-02,942.0,0.023913043478260843,0.01793167562310649,xgboost,validation,2,0.31036481261253357,0.3186870813369751,0.37094810605049133,BUY
2330,2025-03-31,2025-03-31T13:30:00+08:00,2025-04-01,929.0,2025-04-07,848.0,-0.08719052744886979,-0.0925228642833048,xgboost,validation,0,0.33293619751930237,0.34934425354003906,0.31771957874298096,HOLD
2330,2025-04-01,2025-04-01T13:30:00+08:00,2025-04-02,949.0,2025-04-08,816.0,-0.1401475237091675,-0.14517050295005074,xgboost,validation,0,0.39389657974243164,0.15415124595165253,0.45195215940475464,BUY
2330,2025-04-02,2025-04-02T13:30:00+08:00,2025-04-07,848.0,2025-04-09,785.0,-0.0742924528301887,-0.07970013603256865,xgboost,validation,0,0.4469138979911804,0.2129879742860794,0.3400980830192566,SELL
2330,2025-04-08,2025-04-08T13:30:00+08:00,2025-04-09,809.0,2025-04-11,889.0,0.09888751545117436,0.09246817105155447,xgboost,validation,2,0.4660583734512329,0.2052079141139984,0.3287337124347687,SELL
2330,2025-04-09,2025-04-09T13:30:00+08:00,2025-04-10,863.0,2025-04-14,865.0,0.002317497103128563,-0.003537716575432781,xgboost,validation,1,0.5129715204238892,0.23815688490867615,0.2488715648651123,SELL
2330,2025-04-11,2025-04-11T13:30:00+08:00,2025-04-14,895.0,2025-04-16,855.0,-0.04469273743016755,-0.0502733325681296,xgboost,validation,0,0.41056394577026367,0.17592714726924896,0.41350892186164856,BUY
2330,2025-04-14,2025-04-14T13:30:00+08:00,2025-04-15,874.0,2025-04-17,847.0,-0.03089244851258577,-0.03655366046175956,xgboost,validation,0,0.3145585060119629,0.21112744510173798,0.47431403398513794,BUY
2330,2025-04-15,2025-04-15T13:30:00+08:00,2025-04-16,867.0,2025-04-18,850.0,-0.019607843137254943,-0.025334976090443773,xgboost,validation,0,0.4347137212753296,0.3058590888977051,0.2594272196292877,SELL
2330,2025-04-16,2025-04-16T13:30:00+08:00,2025-04-17,849.0,2025-04-21,835.0,-0.01648998822143699,-0.022235334671650064,xgboost,validation,0,0.2637871503829956,0.14309757947921753,0.5931152701377869,BUY
2330,2025-04-17,2025-04-17T13:30:00+08:00,2025-04-18,853.0,2025-04-22,816.0,-0.04337631887456039,-0.0489646041026941,xgboost,validation,0,0.3481323719024658,0.36005133390426636,0.2918162941932678,HOLD
2330,2025-04-18,2025-04-18T13:30:00+08:00,2025-04-21,844.0,2025-04-23,873.0,0.034360189573459765,0.028317792879743564,xgboost,validation,2,0.2813315987586975,0.3364719748497009,0.38219642639160156,BUY
2330,2025-04-21,2025-04-21T13:30:00+08:00,2025-04-22,826.0,2025-04-24,864.0,0.04600484261501214,0.039894421635609856,xgboost,validation,2,0.27815350890159607,0.280103474855423,0.44174307584762573,BUY
2330,2025-04-22,2025-04-22T13:30:00+08:00,2025-04-23,853.0,2025-04-25,888.0,0.041031652989449,0.03495028377059772,xgboost,validation,2,0.25556790828704834,0.26706743240356445,0.4773646593093872,BUY
2330,2025-04-23,2025-04-23T13:30:00+08:00,2025-04-24,886.0,2025-04-28,897.0,0.01241534988713311,0.006501147828227305,xgboost,validation,1,0.2718351185321808,0.3157956600189209,0.41236916184425354,BUY
2330,2025-04-24,2025-04-24T13:30:00+08:00,2025-04-25,900.0,2025-04-29,902.0,0.0022222222222221255,-0.0036324348913908677,xgboost,validation,1,0.43474286794662476,0.1850682497024536,0.38018885254859924,SELL
2330,2025-04-25,2025-04-25T13:30:00+08:00,2025-04-28,898.0,2025-04-30,908.0,0.011135857461024523,0.00522912978182033,xgboost,validation,1,0.3622473478317261,0.3548482656478882,0.28290441632270813,SELL
2330,2025-04-28,2025-04-28T13:30:00+08:00,2025-04-29,897.0,2025-05-02,950.0,0.059085841694537455,0.05289900576182838,xgboost,validation,2,0.4419103264808655,0.33954212069511414,0.21854758262634277,SELL
2330,2025-04-29,2025-04-29T13:30:00+08:00,2025-04-30,901.0,2025-05-05,938.0,0.04106548279689237,0.03498391595527983,xgboost,validation,2,0.29461586475372314,0.5234358310699463,0.18194825947284698,HOLD
2330,2025-04-30,2025-04-30T13:30:00+08:00,2025-05-02,938.0,2025-05-06,920.0,-0.019189765458422214,-0.02491934068579138,xgboost,validation,0,0.5322279930114746,0.2667883336544037,0.20098373293876648,SELL
2330,2025-05-02,2025-05-02T13:30:00+08:00,2025-05-05,956.0,2025-05-07,928.0,-0.029288702928870314,-0.034959283439508715,xgboost,validation,0,0.3231613039970398,0.23199930787086487,0.4448394179344177,BUY
2330,2025-05-05,2025-05-05T13:30:00+08:00,2025-05-06,916.0,2025-05-08,918.0,0.0021834061135370675,-0.003671024248960486,xgboost,validation,1,0.20841312408447266,0.2372979372739792,0.5542889833450317,BUY
2330,2025-05-06,2025-05-06T13:30:00+08:00,2025-05-07,925.0,2025-05-09,949.0,0.025945945945945903,0.019952702534024036,xgboost,validation,2,0.4102354943752289,0.20959296822547913,0.380171537399292,SELL
2330,2025-05-07,2025-05-07T13:30:00+08:00,2025-05-08,933.0,2025-05-12,957.0,0.025723472668810254,0.019731528873605964,xgboost,validation,2,0.3926087021827698,0.3557160198688507,0.2516752779483795,SELL
2330,2025-05-08,2025-05-08T13:30:00+08:00,2025-05-09,938.0,2025-05-13,969.0,0.03304904051172697,0.027014303125508787,xgboost,validation,2,0.4486188292503357,0.19213607907295227,0.35924506187438965,SELL
2330,2025-05-09,2025-05-09T13:30:00+08:00,2025-05-12,954.0,2025-05-14,999.0,0.04716981132075482,0.04105258497207509,xgboost,validation,2,0.3562368154525757,0.24287763237953186,0.40088555216789246,BUY
2330,2025-05-12,2025-05-12T13:30:00+08:00,2025-05-13,990.0,2025-05-15,993.0,0.003030303030302939,-0.0028290746292594093,xgboost,validation,1,0.28175219893455505,0.28458571434020996,0.4336620569229126,BUY
2330,2025-05-13,2025-05-13T13:30:00+08:00,2025-05-14,990.0,2025-05-16,998.0,0.008080808080808133,0.0021919270090626775,xgboost,validation,1,0.4173271059989929,0.2959912121295929,0.2866816818714142,SELL
2330,2025-05-14,2025-05-14T13:30:00+08:00,2025-05-15,1000.0,2025-05-19,984.0,-0.016000000000000014,-0.021748208802456426,xgboost,validation,0,0.2926312983036041,0.3626748025417328,0.3446938991546631,HOLD
2330,2025-05-15,2025-05-15T13:30:00+08:00,2025-05-16,991.0,2025-05-20,978.0,-0.013118062563067578,-0.018883106709165598,xgboost,validation,0,0.4304872453212738,0.2359805703163147,0.3335321545600891,SELL
2330,2025-05-16,2025-05-16T13:30:00+08:00,2025-05-19,993.0,2025-05-21,990.0,-0.0030211480362537513,-0.008845175081702017,xgboost,validation,1,0.40824824571609497,0.34134796261787415,0.25040382146835327,SELL
2330,2025-05-19,2025-05-19T13:30:00+08:00,2025-05-20,991.0,2025-05-22,982.0,-0.00908173562058523,-0.014870358679346163,xgboost,validation,0,0.28572556376457214,0.31582069396972656,0.39845380187034607,BUY
2330,2025-05-20,2025-05-20T13:30:00+08:00,2025-05-21,986.0,2025-05-23,984.0,-0.0020283975659228792,-0.00785822393758262,xgboost,validation,1,0.35027870535850525,0.21400867402553558,0.43571263551712036,BUY
2330,2025-05-21,2025-05-21T13:30:00+08:00,2025-05-22,988.0,2025-05-26,976.0,-0.012145748987854255,-0.01791647307445199,xgboost,validation,0,0.27532848715782166,0.22008684277534485,0.5045846700668335,BUY
2330,2025-05-22,2025-05-22T13:30:00+08:00,2025-05-23,993.0,2025-05-27,965.0,-0.028197381671701938,-0.033874337327113535,xgboost,validation,0,0.28644508123397827,0.3433972895145416,0.3701576292514801,BUY
2330,2025-05-23,2025-05-23T13:30:00+08:00,2025-05-26,975.0,2025-05-28,967.0,-0.008205128205128198,-0.013998872120049466,xgboost,validation,0,0.3068794012069702,0.1884029507637024,0.5047176480293274,BUY
2330,2025-05-26,2025-05-26T13:30:00+08:00,2025-05-27,971.0,2025-05-29,967.0,-0.004119464469618972,-0.009937075506743831,xgboost,validation,1,0.4367353320121765,0.3024778962135315,0.2607868015766144,SELL
2330,2025-05-27,2025-05-27T13:30:00+08:00,2025-05-28,984.0,2025-06-02,946.0,-0.03861788617886175,-0.044233968627226505,xgboost,validation,0,0.2993166148662567,0.29641878604888916,0.4042646288871765,BUY
2330,2025-05-28,2025-05-28T13:30:00+08:00,2025-05-29,986.0,2025-06-03,950.0,-0.0365111561866126,-0.04213954546819465,xgboost,validation,0,0.32350099086761475,0.13836365938186646,0.5381353497505188,BUY
2330,2025-05-29,2025-05-29T13:30:00+08:00,2025-06-02,958.0,2025-06-04,990.0,0.03340292275574108,0.027366118104248383,xgboost,validation,2,0.299020916223526,0.400136798620224,0.30084228515625,HOLD
2330,2025-06-02,2025-06-02T13:30:00+08:00,2025-06-03,960.0,2025-06-05,998.0,0.039583333333333304,0.033510424728095733,xgboost,validation,2,0.41989362239837646,0.19150835275650024,0.3885979652404785,SELL
2330,2025-06-03,2025-06-03T13:30:00+08:00,2025-06-04,974.0,2025-06-06,995.0,0.021560574948665368,0.015592949451548987,xgboost,validation,2,0.30984967947006226,0.24701178073883057,0.4431384801864624,BUY
2330,2025-06-04,2025-06-04T13:30:00+08:00,2025-06-05,1000.0,2025-06-09,1005.0,0.004999999999999893,-0.0008708839903137644,xgboost,validation,1,0.29128527641296387,0.2497049868106842,0.45900970697402954,BUY
2330,2025-06-05,2025-06-05T13:30:00+08:00,2025-06-06,997.0,2025-06-10,1045.0,0.0481444332998997,0.042021513525773324,xgboost,validation,2,0.4029267132282257,0.32957765460014343,0.26749560236930847,SELL
2330,2025-06-06,2025-06-06T13:30:00+08:00,2025-06-09,1005.0,2025-06-11,1065.0,0.05970149253731338,0.05351106017209051,xgboost,validation,2,0.3729258179664612,0.35756585001945496,0.26950833201408386,SELL
2330,2025-06-09,2025-06-09T13:30:00+08:00,2025-06-10,1025.0,2025-06-12,1045.0,0.019512195121951237,0.013556535595313335,xgboost,validation,2,0.46316391229629517,0.3613412380218506,0.17549487948417664,SELL
2330,2025-06-10,2025-06-10T13:30:00+08:00,2025-06-11,1065.0,2025-06-13,1030.0,-0.032863849765258246,-0.03851354542781227,xgboost,validation,0,0.37230509519577026,0.41544976830482483,0.2122451514005661,HOLD
2330,2025-06-11,2025-06-11T13:30:00+08:00,2025-06-12,1055.0,2025-06-16,1025.0,-0.028436018957345932,-0.03411158057114583,xgboost,validation,0,0.5827885270118713,0.2877767086029053,0.129434734582901,SELL
2330,2025-06-12,2025-06-12T13:30:00+08:00,2025-06-13,1040.0,2025-06-17,1045.0,0.004807692307692291,-0.0010620682834653339,xgboost,validation,1,0.4504196345806122,0.24555867910385132,0.3040216863155365,SELL
2330,2025-06-13,2025-06-13T13:30:00+08:00,2025-06-16,1030.0,2025-06-18,1055.0,0.024271844660194164,0.018288380804925897,xgboost,validation,2,0.1987999975681305,0.5494065284729004,0.2517935037612915,HOLD
2330,2025-06-16,2025-06-16T13:30:00+08:00,2025-06-17,1040.0,2025-06-19,1035.0,-0.004807692307692291,-0.0106212829410397,xgboost,validation,0,0.25128141045570374,0.5745291113853455,0.1741895079612732,HOLD
2330,2025-06-17,2025-06-17T13:30:00+08:00,2025-06-18,1040.0,2025-06-20,1055.0,0.014423076923076872,0.008497146374109255,xgboost,validation,1,0.4791514575481415,0.2745530903339386,0.24629537761211395,SELL
2330,2025-06-18,2025-06-18T13:30:00+08:00,2025-06-19,1045.0,2025-06-23,1020.0,-0.02392344497607657,-0.029625367583251405,xgboost,validation,0,0.3980771005153656,0.2235678732395172,0.3783550560474396,SELL
2330,2025-06-19,2025-06-19T13:30:00+08:00,2025-06-20,1030.0,2025-06-24,1050.0,0.01941747572815533,0.013462369521490158,xgboost,validation,2,0.5096195936203003,0.3329818546772003,0.1573985069990158,SELL
2330,2025-06-20,2025-06-20T13:30:00+08:00,2025-06-23,1025.0,2025-06-25,1070.0,0.04390243902439028,0.0378042996047705,xgboost,validation,2,0.35282978415489197,0.44557347893714905,0.2015966922044754,HOLD
2330,2025-06-23,2025-06-23T13:30:00+08:00,2025-06-24,1045.0,2025-06-26,1075.0,0.028708133971291794,0.022698754752945804,xgboost,validation,2,0.2323966771364212,0.21431995928287506,0.5532833933830261,BUY
2330,2025-06-24,2025-06-24T13:30:00+08:00,2025-06-25,1060.0,2025-06-27,1080.0,0.018867924528301883,0.012916028621478448,xgboost,validation,2,0.49124178290367126,0.28698182106018066,0.22177641093730927,SELL
2330,2025-06-25,2025-06-25T13:30:00+08:00,2025-06-26,1075.0,2025-06-30,1060.0,-0.013953488372092981,-0.019713652231616252,xgboost,validation,0,0.46867963671684265,0.3188737630844116,0.2124466449022293,SELL
2412,2025-01-02,2025-01-02T13:30:00+08:00,2025-01-03,123.0,2025-01-07,123.0,0.0,-0.005841675612252573,xgboost,validation,1,0.3359453082084656,0.5637006759643555,0.10035400092601776,HOLD
2412,2025-01-03,2025-01-03T13:30:00+08:00,2025-01-06,123.0,2025-01-08,123.5,0.004065040650406582,-0.0018003816106763049,xgboost,validation,1,0.34581631422042847,0.5867992639541626,0.06738439202308655,HOLD
2412,2025-01-06,2025-01-06T13:30:00+08:00,2025-01-07,124.0,2025-01-09,123.0,-0.008064516129032251,-0.013859081454089206,xgboost,validation,0,0.3617200553417206,0.4419109523296356,0.1963689923286438,HOLD
2412,2025-01-07,2025-01-07T13:30:00+08:00,2025-01-08,123.5,2025-01-10,123.0,-0.004048582995951455,-0.009866608099652341,xgboost,validation,1,0.23843301832675934,0.5839243531227112,0.17764265835285187,HOLD
2412,2025-01-08,2025-01-08T13:30:00+08:00,2025-01-09,123.5,2025-01-13,123.0,-0.004048582995951455,-0.009866608099652341,xgboost,validation,1,0.26404717564582825,0.5873507261276245,0.14860203862190247,HOLD
2412,2025-01-09,2025-01-09T13:30:00+08:00,2025-01-10,123.0,2025-01-14,123.5,0.004065040650406582,-0.0018003816106763049,xgboost,validation,1,0.1263154149055481,0.8425585627555847,0.03112606517970562,HOLD
2412,2025-01-10,2025-01-10T13:30:00+08:00,2025-01-13,122.5,2025-01-15,123.5,0.008163265306122547,0.0022739025460147833,xgboost,validation,1,0.16177214682102203,0.7695714235305786,0.06865643709897995,HOLD
2412,2025-01-13,2025-01-13T13:30:00+08:00,2025-01-14,123.0,2025-01-16,124.0,0.008130081300812941,0.002240912390899963,xgboost,validation,1,0.10489847511053085,0.8250306248664856,0.07007092237472534,HOLD
2412,2025-01-14,2025-01-14T13:30:00+08:00,2025-01-15,123.5,2025-01-17,124.0,0.004048582995951344,-0.0018167431248528043,xgboost,validation,1,0.1728643774986267,0.6479747295379639,0.17916086316108704,HOLD
2412,2025-01-15,2025-01-15T13:30:00+08:00,2025-01-16,123.5,2025-01-20,123.5,0.0,-0.005841675612252573,xgboost,validation,1,0.24004201591014862,0.6768292188644409,0.08312872052192688,HOLD
2412,2025-01-16,2025-01-16T13:30:00+08:00,2025-01-17,123.5,2025-01-21,123.5,0.0,-0.005841675612252573,xgboost,validation,1,0.24441546201705933,0.7083142399787903,0.04727034270763397,HOLD
2412,2025-01-17,2025-01-17T13:30:00+08:00,2025-01-20,124.0,2025-01-22,124.5,0.0040322580645162365,-0.0018329726913340894,xgboost,validation,1,0.13501925766468048,0.7433302998542786,0.12165044993162155,HOLD
2412,2025-01-20,2025-01-20T13:30:00+08:00,2025-01-21,123.5,2025-02-03,125.5,0.0161943319838056,0.0102580543373465,xgboost,validation,2,0.21169346570968628,0.6821824908256531,0.10612399131059647,HOLD
2412,2025-01-21,2025-01-21T13:30:00+08:00,2025-01-22,124.0,2025-02-04,125.0,0.008064516129032251,0.002175730229584172,xgboost,validation,1,0.15742528438568115,0.7479676008224487,0.09460707753896713,HOLD
2412,2025-01-22,2025-01-22T13:30:00+08:00,2025-02-03,124.5,2025-02-05,126.0,0.012048192771084265,0.006136135524949182,xgboost,validation,1,0.17497192323207855,0.7240224480628967,0.10100559890270233,HOLD
2412,2025-02-03,2025-02-03T13:30:00+08:00,2025-02-04,125.5,2025-02-06,126.0,0.003984063745019917,-0.0018808854752495607,xgboost,validation,1,0.17988106608390808,0.5946620106697083,0.22545689344406128,HOLD
2412,2025-02-04,2025-02-04T13:30:00+08:00,2025-02-05,126.0,2025-02-07,126.0,0.0,-0.005841675612252684,xgboost,validation,1,0.12759482860565186,0.6170578002929688,0.2553474009037018,HOLD
2412,2025-02-05,2025-02-05T13:30:00+08:00,2025-02-06,126.0,2025-02-10,125.5,-0.003968253968253954,-0.009786748328077022,xgboost,validation,1,0.2778017818927765,0.6502336263656616,0.07196462154388428,HOLD
2412,2025-02-06,2025-02-06T13:30:00+08:00,2025-02-07,125.5,2025-02-11,125.5,0.0,-0.005841675612252573,xgboost,validation,1,0.17156462371349335,0.7788714170455933,0.04956398531794548,HOLD
2412,2025-02-07,2025-02-07T13:30:00+08:00,2025-02-10,125.5,2025-02-12,126.0,0.003984063745019917,-0.0018808854752495607,xgboost,validation,1,0.1422874927520752,0.8225426077842712,0.03516986221075058,HOLD
2412,2025-02-10,2025-02-10T13:30:00+08:00,2025-02-11,125.5,2025-02-13,125.5,0.0,-0.005841675612252573,xgboost,validation,1,0.21592269837856293,0.6805981397628784,0.10347916930913925,HOLD
2412,2025-02-11,2025-02-11T13:30:00+08:00,2025-02-12,126.0,2025-02-14,125.5,-0.003968253968253954,-0.009786748328077022,xgboost,validation,1,0.20939312875270844,0.6839644908905029,0.10664238035678864,HOLD
2412,2025-02-12,2025-02-12T13:30:00+08:00,2025-02-13,126.0,2025-02-17,126.0,0.0,-0.005841675612252684,xgboost,validation,1,0.532148003578186,0.3888537287712097,0.07899828255176544,SELL
2412,2025-02-13,2025-02-13T13:30:00+08:00,2025-02-14,126.0,2025-02-18,126.5,0.003968253968253954,-0.0018966028964282344,xgboost,validation,1,0.24913255870342255,0.6611558794975281,0.08971155434846878,HOLD
2412,2025-02-14,2025-02-14T13:30:00+08:00,2025-02-17,126.0,2025-02-19,126.5,0.003968253968253954,-0.0018966028964282344,xgboost,validation,1,0.2528430223464966,0.5697147250175476,0.17744222283363342,HOLD
2412,2025-02-17,2025-02-17T13:30:00+08:00,2025-02-18,126.0,2025-02-20,126.5,0.003968253968253954,-0.0018966028964282344,xgboost,validation,1,0.16784970462322235,0.7815833687782288,0.05056691914796829,HOLD
2412,2025-02-18,2025-02-18T13:30:00+08:00,2025-02-19,126.5,2025-02-21,127.0,0.0039525691699604515,-0.0019121960692179973,xgboost,validation,1,0.29570311307907104,0.5848248600959778,0.11947199702262878,HOLD
2412,2025-02-19,2025-02-19T13:30:00+08:00,2025-02-20,126.5,2025-02-24,127.0,0.0039525691699604515,-0.0019121960692179973,xgboost,validation,1,0.4404062032699585,0.41771650314331055,0.14187729358673096,SELL
2412,2025-02-20,2025-02-20T13:30:00+08:00,2025-02-21,126.5,2025-02-25,126.5,0.0,-0.005841675612252573,xgboost,validation,1,0.20123796164989471,0.7515814900398254,0.04718053713440895,HOLD
2412,2025-02-21,2025-02-21T13:30:00+08:00,2025-02-24,126.5,2025-02-26,127.5,0.007905138339920903,0.002017283473816578,xgboost,validation,1,0.264207124710083,0.5291472673416138,0.2066456377506256,HOLD
2412,2025-02-24,2025-02-24T13:30:00+08:00,2025-02-25,126.5,2025-02-27,128.0,0.011857707509881354,0.005946763016851264,xgboost,validation,1,0.30264294147491455,0.6316441297531128,0.06571290642023087,HOLD
2412,2025-02-25,2025-02-25T13:30:00+08:00,2025-02-26,126.5,2025-03-03,128.5,0.015810276679841806,0.009876242559885728,xgboost,validation,1,0.34969040751457214,0.4758952856063843,0.17441426217556,HOLD
2412,2025-02-26,2025-02-26T13:30:00+08:00,2025-02-27,128.0,2025-03-04,127.0,-0.0078125,-0.013608537521531905,xgboost,validation,0,0.3189404606819153,0.5823574662208557,0.09870210289955139,HOLD
2412,2025-02-27,2025-02-27T13:30:00+08:00,2025-03-03,128.0,2025-03-05,127.5,-0.00390625,-0.009725106566892183,xgboost,validation,1,0.29764842987060547,0.5466515421867371,0.15570004284381866,HOLD
2412,2025-03-03,2025-03-03T13:30:00+08:00,2025-03-04,128.5,2025-03-06,128.0,-0.0038910505836575737,-0.009709995940609506,xgboost,validation,1,0.39401763677597046,0.525044858455658,0.08093749731779099,HOLD
2412,2025-03-04,2025-03-04T13:30:00+08:00,2025-03-05,127.5,2025-03-07,128.0,0.0039215686274509665,-0.0019430155166142438,xgboost,validation,1,0.25219962000846863,0.6142730712890625,0.1335272490978241,HOLD
2412,2025-03-05,2025-03-05T13:30:00+08:00,2025-03-06,128.0,2025-03-10,128.0,0.0,-0.005841675612252573,xgboost,validation,1,0.26996275782585144,0.6383606195449829,0.09167664498090744,HOLD
2412,2025-03-06,2025-03-06T13:30:00+08:00,2025-03-07,128.0,2025-03-11,127.5,-0.00390625,-0.009725106566892183,xgboost,validation,1,0.25488531589508057,0.6376892328262329,0.10742545872926712,HOLD
2412,2025-03-07,2025-03-07T13:30:00+08:00,2025-03-10,128.0,2025-03-12,128.0,0.0,-0.005841675612252573,xgboost,validation,1,0.20828892290592194,0.6430407166481018,0.14867036044597626,HOLD
2412,2025-03-10,2025-03-10T13:30:00+08:00,2025-03-11,127.5,2025-03-13,128.5,0.007843137254901933,0.001955644579023863,xgboost,validation,1,0.24082042276859283,0.5540193319320679,0.2051602154970169,HOLD
2412,2025-03-11,2025-03-11T13:30:00+08:00,2025-03-12,127.5,2025-03-14,128.5,0.007843137254901933,0.001955644579023863,xgboost,validation,1,0.20036570727825165,0.5896111130714417,0.2100231647491455,HOLD
2412,2025-03-12,2025-03-12T13:30:00+08:00,2025-03-13,128.5,2025-03-17,128.0,-0.0038910505836575737,-0.009709995940609506,xgboost,validation,1,0.3845764994621277,0.5202102065086365,0.09521332383155823,HOLD
2412,2025-03-13,2025-03-13T13:30:00+08:00,2025-03-14,128.5,2025-03-18,129.0,0.0038910505836575737,-0.001973355283895639,xgboost,validation,1,0.28442904353141785,0.6341704726219177,0.08140043169260025,HOLD
2412,2025-03-14,2025-03-14T13:30:00+08:00,2025-03-17,128.0,2025-03-19,128.5,0.00390625,-0.001958244657612962,xgboost,validation,1,0.20258161425590515,0.5038602352142334,0.29355812072753906,HOLD
2412,2025-03-17,2025-03-17T13:30:00+08:00,2025-03-18,128.5,2025-03-20,129.0,0.0038910505836575737,-0.001973355283895639,xgboost,validation,1,0.41603195667266846,0.46453985571861267,0.11942822486162186,HOLD
2412,2025-03-18,2025-03-18T13:30:00+08:00,2025-03-19,129.0,2025-03-21,130.0,0.007751937984496138,0.0018649780651716075,xgboost,validation,1,0.21092046797275543,0.7631267309188843,0.025952771306037903,HOLD
2412,2025-03-19,2025-03-19T13:30:00+08:00,2025-03-20,129.0,2025-03-24,129.0,0.0,-0.005841675612252795,xgboost,validation,1,0.2823617458343506,0.656211256980896,0.06142698600888252,HOLD
2412,2025-03-20,2025-03-20T13:30:00+08:00,2025-03-21,129.0,2025-03-25,129.0,0.0,-0.005841675612252795,xgboost,validation,1,0.2869521975517273,0.49511805176734924,0.21792978048324585,HOLD
2412,2025-03-21,2025-03-21T13:30:00+08:00,2025-03-24,130.0,2025-03-26,129.0,-0.007692307692307665,-0.013489047338312243,xgboost,validation,0,0.26964035630226135,0.5920089483261108,0.1383506804704666,HOLD
2412,2025-03-24,2025-03-24T13:30:00+08:00,2025-03-25,129.5,2025-03-27,130.0,0.0038610038610038533,-0.0020032264833423907,xgboost,validation,1,0.2698485851287842,0.5680634379386902,0.16208797693252563,HOLD
2412,2025-03-25,2025-03-25T13:30:00+08:00,2025-03-26,129.5,2025-03-28,130.0,0.0038610038610038533,-0.0020032264833423907,xgboost,validation,1,0.21911776065826416,0.7021698355674744,0.07871240377426147,HOLD
2412,2025-03-26,2025-03-26T13:30:00+08:00,2025-03-27,129.0,2025-03-31,128.5,-0.003875968992248069,-0.009695002450964885,xgboost,validation,1,0.2367345690727234,0.6205385327339172,0.14272689819335938,HOLD
2412,2025-03-27,2025-03-27T13:30:00+08:00,2025-03-28,129.5,2025-04-01,130.0,0.0038610038610038533,-0.0020032264833423907,xgboost,validation,1,0.16153810918331146,0.7343429923057556,0.10411887615919113,HOLD
2412,2025-03-28,2025-03-28T13:30:00+08:00,2025-03-31,129.0,2025-04-02,130.0,0.007751937984496138,0.0018649780651716075,xgboost,validation,1,0.25453317165374756,0.5968831777572632,0.14858363568782806,HOLD
2412,2025-03-31,2025-03-31T13:30:00+08:00,2025-04-01,129.0,2025-04-07,124.0,-0.03875968992248058,-0.04437494399937458,xgboost,validation,0,0.19016192853450775,0.5703884363174438,0.2394496500492096,HOLD
2412,2025-04-01,2025-04-01T13:30:00+08:00,2025-04-02,129.5,2025-04-08,127.0,-0.019305019305019266,-0.025033921256803704,xgboost,validation,0,0.26930031180381775,0.512648344039917,0.21805138885974884,HOLD
2412,2025-04-02,2025-04-02T13:30:00+08:00,2025-04-07,123.0,2025-04-09,126.0,0.024390243902439046,0.01840608839720459,xgboost,validation,2,0.33708202838897705,0.49320706725120544,0.1697108894586563,HOLD
2412,2025-04-07,2025-04-07T13:30:00+08:00,2025-04-08,125.5,2025-04-10,127.0,0.01195219123505975,0.006040694798756352,xgboost,validation,1,0.5878923535346985,0.30408138036727905,0.10802625864744186,SELL
2412,2025-04-08,2025-04-08T13:30:00+08:00,2025-04-09,126.0,2025-04-11,128.5,0.01984126984126977,0.01388368796686934,xgboost,validation,2,0.2812875807285309,0.46106088161468506,0.25765153765678406,HOLD
2412,2025-04-09,2025-04-09T13:30:00+08:00,2025-04-10,129.0,2025-04-14,127.5,-0.011627906976744207,-0.017401656128389287,xgboost,validation,0,0.3770299255847931,0.36286911368370056,0.26010099053382874,SELL
2412,2025-04-10,2025-04-10T13:30:00+08:00,2025-04-11,127.5,2025-04-15,129.0,0.0117647058823529,0.00585430467466197,xgboost,validation,1,0.3510591983795166,0.5025668740272522,0.1463738977909088,HOLD
2412,2025-04-11,2025-04-11T13:30:00+08:00,2025-04-14,128.0,2025-04-16,128.5,0.00390625,-0.001958244657612962,xgboost,validation,1,0.33197423815727234,0.5223205089569092,0.14570528268814087,HOLD
2412,2025-04-14,2025-04-14T13:30:00+08:00,2025-04-15,128.0,2025-04-17,128.0,0.0,-0.005841675612252573,xgboost,validation,1,0.39212605357170105,0.47722870111465454,0.1306452453136444,HOLD
2412,2025-04-15,2025-04-15T13:30:00+08:00,2025-04-16,128.5,2025-04-18,128.0,-0.0038910505836575737,-0.009709995940609506,xgboost,validation,1,0.19609835743904114,0.6494726538658142,0.15442895889282227,HOLD
2412,2025-04-16,2025-04-16T13:30:00+08:00,2025-04-17,129.0,2025-04-21,127.0,-0.015503875968992276,-0.021254982967101488,xgboost,validation,0,0.23084983229637146,0.6408612728118896,0.1282888799905777,HOLD
2412,2025-04-17,2025-04-17T13:30:00+08:00,2025-04-18,129.0,2025-04-22,128.0,-0.007751937984496138,-0.013548329289677086,xgboost,validation,0,0.241696298122406,0.6312983632087708,0.12700535356998444,HOLD
2412,2025-04-18,2025-04-18T13:30:00+08:00,2025-04-21,128.0,2025-04-23,127.5,-0.00390625,-0.009725106566892183,xgboost,validation,1,0.27859780192375183,0.6509326100349426,0.07046960294246674,HOLD
2412,2025-04-21,2025-04-21T13:30:00+08:00,2025-04-22,128.0,2025-04-24,127.0,-0.0078125,-0.013608537521531905,xgboost,validation,0,0.3864610493183136,0.5106647610664368,0.10287416726350784,HOLD
2412,2025-04-22,2025-04-22T13:30:00+08:00,2025-04-23,128.5,2025-04-25,126.5,-0.015564202334630295,-0.021314956925680528,xgboost,validation,0,0.416525661945343,0.44625601172447205,0.13721831142902374,HOLD
2412,2025-04-23,2025-04-23T13:30:00+08:00,2025-04-24,127.5,2025-04-28,128.0,0.0039215686274509665,-0.0019430155166142438,xgboost,validation,1,0.3623257577419281,0.45058685541152954,0.18708737194538116,HOLD
2412,2025-04-24,2025-04-24T13:30:00+08:00,2025-04-25,127.0,2025-04-29,129.0,0.015748031496062964,0.009814360992278726,xgboost,validation,1,0.31672725081443787,0.6050360202789307,0.07823672145605087,HOLD
2412,2025-04-25,2025-04-25T13:30:00+08:00,2025-04-28,127.0,2025-04-30,129.5,0.019685039370078705,0.013728370143411661,xgboost,validation,2,0.37807875871658325,0.5481172800064087,0.07380396872758865,HOLD
2412,2025-04-28,2025-04-28T13:30:00+08:00,2025-04-29,128.0,2025-05-02,128.5,0.00390625,-0.001958244657612962,xgboost,validation,1,0.5066929459571838,0.3888779580593109,0.10442911088466644,SELL
2412,2025-04-29,2025-04-29T13:30:00+08:00,2025-04-30,129.0,2025-05-05,129.5,0.003875968992248069,-0.0019883487735403715,xgboost,validation,1,0.3309306800365448,0.5607536435127258,0.10831569135189056,HOLD
2412,2025-04-30,2025-04-30T13:30:00+08:00,2025-05-02,129.5,2025-05-06,130.0,0.0038610038610038533,-0.0020032264833423907,xgboost,validation,1,0.33279290795326233,0.5069073438644409,0.16029977798461914,HOLD
2412,2025-05-02,2025-05-02T13:30:00+08:00,2025-05-05,129.0,2025-05-07,131.0,0.015503875968992276,0.00957163174259601,xgboost,validation,1,0.41195207834243774,0.47633975744247437,0.11170820891857147,HOLD
2412,2025-05-05,2025-05-05T13:30:00+08:00,2025-05-06,129.5,2025-05-08,129.5,0.0,-0.005841675612252573,xgboost,validation,1,0.229482501745224,0.722765326499939,0.047752171754837036,HOLD
2412,2025-05-06,2025-05-06T13:30:00+08:00,2025-05-07,130.5,2025-05-09,131.0,0.003831417624521105,-0.0020326398866289397,xgboost,validation,1,0.2915382385253906,0.6491517424583435,0.059310030192136765,HOLD
2412,2025-05-07,2025-05-07T13:30:00+08:00,2025-05-08,131.0,2025-05-12,131.0,0.0,-0.005841675612252684,xgboost,validation,1,0.24483506381511688,0.6338456273078918,0.12131928652524948,HOLD
2412,2025-05-08,2025-05-08T13:30:00+08:00,2025-05-09,129.5,2025-05-13,130.0,0.0038610038610038533,-0.0020032264833423907,xgboost,validation,1,0.35572969913482666,0.5183903574943542,0.1258799284696579,HOLD
2412,2025-05-09,2025-05-09T13:30:00+08:00,2025-05-12,131.0,2025-05-14,129.5,-0.011450381679389277,-0.017225167876234404,xgboost,validation,0,0.1840769648551941,0.6440296769142151,0.1718934029340744,HOLD
2412,2025-05-13,2025-05-13T13:30:00+08:00,2025-05-14,130.5,2025-05-16,131.0,0.003831417624521105,-0.0020326398866289397,xgboost,validation,1,0.3638876974582672,0.46853166818618774,0.16758055984973907,HOLD
2412,2025-05-14,2025-05-14T13:30:00+08:00,2025-05-15,129.5,2025-05-19,131.0,0.01158301158301156,0.005673671774478084,xgboost,validation,1,0.33426281809806824,0.531043291091919,0.13469387590885162,HOLD
2412,2025-05-15,2025-05-15T13:30:00+08:00,2025-05-16,131.0,2025-05-20,131.5,0.003816793893129722,-0.0020471781909252584,xgboost,validation,1,0.27115264534950256,0.5816541314125061,0.14719322323799133,HOLD
2412,2025-05-16,2025-05-16T13:30:00+08:00,2025-05-19,131.0,2025-05-21,132.5,0.011450381679389388,0.00554181665172937,xgboost,validation,1,0.3970548212528229,0.46448883414268494,0.1384562999010086,HOLD
2412,2025-05-19,2025-05-19T13:30:00+08:00,2025-05-20,131.5,2025-05-22,133.0,0.011406844106463865,0.005498533411181894,xgboost,validation,1,0.3388441801071167,0.5437787771224976,0.11737705022096634,HOLD
2412,2025-05-20,2025-05-20T13:30:00+08:00,2025-05-21,132.0,2025-05-23,133.0,0.007575757575757569,0.0016898268452303356,xgboost,validation,1,0.3960855007171631,0.4814726710319519,0.1224418431520462,HOLD
2412,2025-05-21,2025-05-21T13:30:00+08:00,2025-05-22,132.0,2025-05-26,133.0,0.007575757575757569,0.0016898268452303356,xgboost,validation,1,0.22521011531352997,0.6835036873817444,0.09128617495298386,HOLD
2412,2025-05-22,2025-05-22T13:30:00+08:00,2025-05-23,133.0,2025-05-27,131.5,-0.011278195488721776,-0.01705398754143761,xgboost,validation,0,0.3446483910083771,0.5643786191940308,0.09097298979759216,HOLD
2412,2025-05-23,2025-05-23T13:30:00+08:00,2025-05-26,133.0,2025-05-28,132.0,-0.007518796992481258,-0.013316550231709412,xgboost,validation,0,0.24984359741210938,0.5258569717407227,0.22429946064949036,HOLD
2412,2025-05-26,2025-05-26T13:30:00+08:00,2025-05-27,133.0,2025-05-29,129.5,-0.02631578947368418,-0.03200373678035118,xgboost,validation,0,0.2626416087150574,0.644372284412384,0.092986099421978,HOLD
2412,2025-05-27,2025-05-27T13:30:00+08:00,2025-05-28,131.5,2025-06-02,131.5,0.0,-0.005841675612252462,xgboost,validation,1,0.37985217571258545,0.5298817753791809,0.09026603400707245,HOLD
2412,2025-05-28,2025-05-28T13:30:00+08:00,2025-05-29,132.5,2025-06-03,130.0,-0.018867924528301883,-0.024599379845983815,xgboost,validation,0,0.3416281044483185,0.5534612536430359,0.10491066426038742,HOLD
2412,2025-05-29,2025-05-29T13:30:00+08:00,2025-06-02,130.0,2025-06-04,129.5,-0.0038461538461538325,-0.009665361475282297,xgboost,validation,1,0.5006344318389893,0.2932245433330536,0.20614100992679596,SELL
2412,2025-06-02,2025-06-02T13:30:00+08:00,2025-06-03,131.5,2025-06-05,130.0,-0.011406844106463865,-0.01718188463568704,xgboost,validation,0,0.2003927379846573,0.6740729808807373,0.1255342960357666,HOLD
2412,2025-06-03,2025-06-03T13:30:00+08:00,2025-06-04,130.5,2025-06-06,130.0,-0.003831417624521105,-0.009650711337876094,xgboost,validation,1,0.2211294025182724,0.5747914910316467,0.20407910645008087,HOLD
2412,2025-06-04,2025-06-04T13:30:00+08:00,2025-06-05,129.5,2025-06-09,132.5,0.02316602316602312,0.01718901916120874,xgboost,validation,2,0.49307024478912354,0.36517101526260376,0.1417587846517563,SELL
2412,2025-06-05,2025-06-05T13:30:00+08:00,2025-06-06,130.5,2025-06-10,133.0,0.019157088122605304,0.013203503015865259,xgboost,validation,2,0.30337846279144287,0.5913578271865845,0.10526371002197266,HOLD
2412,2025-06-06,2025-06-06T13:30:00+08:00,2025-06-09,130.0,2025-06-11,133.0,0.023076923076922995,0.017100439565926218,xgboost,validation,2,0.31086888909339905,0.5672498941421509,0.12188123911619186,HOLD
2412,2025-06-09,2025-06-09T13:30:00+08:00,2025-06-10,132.0,2025-06-12,134.0,0.015151515151515138,0.009221329302713466,xgboost,validation,1,0.20793800055980682,0.5571523308753967,0.23490971326828003,HOLD
2412,2025-06-10,2025-06-10T13:30:00+08:00,2025-06-11,132.5,2025-06-13,135.0,0.018867924528301883,0.012916028621478448,xgboost,validation,2,0.23873616755008698,0.6380874514579773,0.12317637354135513,HOLD
2412,2025-06-11,2025-06-11T13:30:00+08:00,2025-06-12,133.0,2025-06-16,136.0,0.022556390977443552,0.016582948246117724,xgboost,validation,2,0.22662265598773956,0.6543325781822205,0.11904477328062057,HOLD
2412,2025-06-12,2025-06-12T13:30:00+08:00,2025-06-13,133.0,2025-06-17,136.5,0.026315789473684292,0.020320385555846032,xgboost,validation,2,0.33146679401397705,0.4738428592681885,0.1946903020143509,HOLD
2412,2025-06-13,2025-06-13T13:30:00+08:00,2025-06-16,135.0,2025-06-18,137.0,0.014814814814814836,0.008886595860158497,xgboost,validation,1,0.39976876974105835,0.4449092447757721,0.15532195568084717,HOLD
2412,2025-06-16,2025-06-16T13:30:00+08:00,2025-06-17,136.0,2025-06-19,136.5,0.003676470588235281,-0.0021866817725918475,xgboost,validation,1,0.6243525743484497,0.2818126082420349,0.0938347801566124,SELL
2412,2025-06-17,2025-06-17T13:30:00+08:00,2025-06-18,136.0,2025-06-20,136.5,0.003676470588235281,-0.0021866817725918475,xgboost,validation,1,0.41107577085494995,0.4108094871044159,0.17811475694179535,SELL
2412,2025-06-18,2025-06-18T13:30:00+08:00,2025-06-19,136.0,2025-06-23,136.5,0.003676470588235281,-0.0021866817725918475,xgboost,validation,1,0.39242392778396606,0.4420299828052521,0.16554611921310425,HOLD
2412,2025-06-19,2025-06-19T13:30:00+08:00,2025-06-20,136.0,2025-06-24,135.5,-0.003676470588235281,-0.00949666945191352,xgboost,validation,1,0.38443201780319214,0.48806270956993103,0.1275053173303604,HOLD
2412,2025-06-20,2025-06-20T13:30:00+08:00,2025-06-23,136.0,2025-06-25,137.0,0.007352941176470562,0.0014683120670690997,xgboost,validation,1,0.38423576951026917,0.558861255645752,0.056902963668107986,HOLD
2412,2025-06-23,2025-06-23T13:30:00+08:00,2025-06-24,136.5,2025-06-26,137.0,0.00366300366300365,-0.0022000700284146024,xgboost,validation,1,0.4007476270198822,0.4148619472980499,0.18439041078090668,HOLD
2412,2025-06-24,2025-06-24T13:30:00+08:00,2025-06-25,136.5,2025-06-27,136.5,0.0,-0.005841675612252684,xgboost,validation,1,0.3605622947216034,0.5294559001922607,0.10998179763555527,HOLD
2412,2025-06-25,2025-06-25T13:30:00+08:00,2025-06-26,136.5,2025-06-30,135.0,-0.01098901098901095,-0.01676649236376626,xgboost,validation,0,0.2713765501976013,0.6012993454933167,0.12732408940792084,HOLD
2881,2025-01-02,2025-01-02T13:30:00+08:00,2025-01-03,90.9,2025-01-07,91.9,0.011001100110010986,0.005095159639537883,xgboost,validation,1,0.38035380840301514,0.4233947694301605,0.19625139236450195,HOLD
2881,2025-01-03,2025-01-03T13:30:00+08:00,2025-01-06,91.3,2025-01-08,91.1,-0.0021905805038335835,-0.008019459455380296,xgboost,validation,1,0.42992618680000305,0.3176496624946594,0.2524242103099823,SELL
2881,2025-01-06,2025-01-06T13:30:00+08:00,2025-01-07,92.1,2025-01-09,91.1,-0.010857763300760048,-0.016636011381935045,xgboost,validation,0,0.251589298248291,0.38549861311912537,0.36291205883026123,HOLD
2881,2025-01-07,2025-01-07T13:30:00+08:00,2025-01-08,91.8,2025-01-10,89.9,-0.020697167755991175,-0.026417937228120802,xgboost,validation,0,0.29650968313217163,0.34327641129493713,0.36021390557289124,BUY
2881,2025-01-08,2025-01-08T13:30:00+08:00,2025-01-09,91.3,2025-01-13,89.8,-0.01642935377875132,-0.022175054435709662,xgboost,validation,0,0.3130721151828766,0.25754451751708984,0.42938336730003357,BUY
2881,2025-01-09,2025-01-09T13:30:00+08:00,2025-01-10,91.1,2025-01-14,90.8,-0.003293084522502765,-0.009115523003211168,xgboost,validation,1,0.2622874975204468,0.3649924695491791,0.37272006273269653,BUY
2881,2025-01-10,2025-01-10T13:30:00+08:00,2025-01-13,90.2,2025-01-15,90.4,0.0022172949002217113,-0.0036373334295745074,xgboost,validation,1,0.25612175464630127,0.29542845487594604,0.4484497606754303,BUY
2881,2025-01-13,2025-01-13T13:30:00+08:00,2025-01-14,90.1,2025-01-16,91.6,0.01664816870144281,0.010709239888098354,xgboost,validation,2,0.3009989857673645,0.1965685933828354,0.5024324059486389,BUY
2881,2025-01-14,2025-01-14T13:30:00+08:00,2025-01-15,91.0,2025-01-17,91.0,0.0,-0.005841675612252684,xgboost,validation,1,0.4490838944911957,0.22201527655124664,0.3289008140563965,SELL
2881,2025-01-15,2025-01-15T13:30:00+08:00,2025-01-16,91.5,2025-01-20,90.5,-0.010928961748633892,-0.01670679391157215,xgboost,validation,0,0.3662830889225006,0.2429223656654358,0.390794575214386,BUY
2881,2025-01-16,2025-01-16T13:30:00+08:00,2025-01-17,91.6,2025-01-21,91.5,-0.0010917030567685337,-0.00692700129389856,xgboost,validation,1,0.4536840319633484,0.27549535036087036,0.27082058787345886,SELL
2881,2025-01-17,2025-01-17T13:30:00+08:00,2025-01-20,91.2,2025-01-22,92.8,0.01754385964912264,0.011599698499813238,xgboost,validation,2,0.3751438558101654,0.3282333314418793,0.29662278294563293,SELL
2881,2025-01-20,2025-01-20T13:30:00+08:00,2025-01-21,90.8,2025-02-03,91.4,0.006607929515418665,0.0007276525224684249,xgboost,validation,1,0.38816264271736145,0.28027236461639404,0.33156493306159973,SELL
2881,2025-01-21,2025-01-21T13:30:00+08:00,2025-01-22,92.2,2025-02-04,90.3,-0.020607375271149753,-0.026328669281848294,xgboost,validation,0,0.3125423192977905,0.26893094182014465,0.4185267984867096,BUY
2881,2025-01-22,2025-01-22T13:30:00+08:00,2025-02-03,91.5,2025-02-05,91.8,0.003278688524590123,-0.002582140122456722,xgboost,validation,1,0.38467150926589966,0.37765422463417053,0.23767423629760742,SELL
2881,2025-02-03,2025-02-03T13:30:00+08:00,2025-02-04,92.0,2025-02-06,93.0,0.010869565217391353,0.004964393131092537,xgboost,validation,1,0.1936560422182083,0.4068042039871216,0.3995397984981537,HOLD
2881,2025-02-04,2025-02-04T13:30:00+08:00,2025-02-05,91.5,2025-02-07,92.3,0.008743169398907069,0.002850419027203177,xgboost,validation,1,0.3190293610095978,0.25479626655578613,0.4261743426322937,BUY
2881,2025-02-05,2025-02-05T13:30:00+08:00,2025-02-06,92.0,2025-02-10,93.4,0.01521739130434785,0.009286820628430448,xgboost,validation,1,0.42625534534454346,0.29453301429748535,0.2792116403579712,SELL
2881,2025-02-06,2025-02-06T13:30:00+08:00,2025-02-07,92.6,2025-02-11,93.8,0.012958963282937441,0.007041585610914725,xgboost,validation,1,0.3241426348686218,0.3338058292865753,0.34205150604248047,BUY
2881,2025-02-07,2025-02-07T13:30:00+08:00,2025-02-10,92.0,2025-02-12,93.4,0.01521739130434785,0.009286820628430448,xgboost,validation,1,0.44066953659057617,0.26454684138298035,0.2947835624217987,SELL
2881,2025-02-10,2025-02-10T13:30:00+08:00,2025-02-11,93.6,2025-02-13,93.4,-0.002136752136752018,-0.007965945536157926,xgboost,validation,1,0.3550170063972473,0.2628541886806488,0.3821287751197815,BUY
2881,2025-02-11,2025-02-11T13:30:00+08:00,2025-02-12,93.3,2025-02-14,93.1,-0.002143622722400873,-0.007972775986074154,xgboost,validation,1,0.3368760049343109,0.2912587523460388,0.3718651831150055,BUY
2881,2025-02-12,2025-02-12T13:30:00+08:00,2025-02-13,93.0,2025-02-17,94.0,0.010752688172043001,0.004848198843529827,xgboost,validation,1,0.29357072710990906,0.30840933322906494,0.398019939661026,BUY
2881,2025-02-13,2025-02-13T13:30:00+08:00,2025-02-14,93.2,2025-02-18,94.3,0.011802575107296098,0.005891952679877521,xgboost,validation,1,0.3690860867500305,0.22501732409000397,0.4058966338634491,BUY
2881,2025-02-14,2025-02-14T13:30:00+08:00,2025-02-17,93.5,2025-02-19,92.4,-0.0117647058823529,-0.017537655899167337,xgboost,validation,0,0.31798869371414185,0.2588960826396942,0.42311522364616394,BUY
2881,2025-02-17,2025-02-17T13:30:00+08:00,2025-02-18,93.7,2025-02-20,92.0,-0.018143009605122717,-0.02387869964063216,xgboost,validation,0,0.4076416790485382,0.3222073018550873,0.2701510488986969,SELL
2881,2025-02-18,2025-02-18T13:30:00+08:00,2025-02-19,93.9,2025-02-21,92.6,-0.013844515441959637,-0.01960531588599157,xgboost,validation,0,0.34604963660240173,0.37182220816612244,0.28212809562683105,HOLD
2881,2025-02-19,2025-02-19T13:30:00+08:00,2025-02-20,92.3,2025-02-24,91.6,-0.007583965330444253,-0.013381337877381827,xgboost,validation,0,0.3225115239620209,0.1997063010931015,0.47778213024139404,BUY
2881,2025-02-20,2025-02-20T13:30:00+08:00,2025-02-21,92.0,2025-02-25,91.7,-0.003260869565217317,-0.009083496235256061,xgboost,validation,1,0.3339098393917084,0.306731253862381,0.3593589663505554,BUY
2881,2025-02-21,2025-02-21T13:30:00+08:00,2025-02-24,91.9,2025-02-26,92.8,0.009793253536452662,0.0038943689138515314,xgboost,validation,1,0.38231906294822693,0.38369593024253845,0.23398499190807343,HOLD
2881,2025-02-24,2025-02-24T13:30:00+08:00,2025-02-25,91.3,2025-02-27,92.3,0.010952902519167473,0.005047243603385265,xgboost,validation,1,0.33376625180244446,0.33316731452941895,0.3330664038658142,SELL
2881,2025-02-25,2025-02-25T13:30:00+08:00,2025-02-26,91.3,2025-03-03,92.8,0.016429353778751432,0.010491703211204406,xgboost,validation,2,0.37580838799476624,0.37029197812080383,0.25389963388442993,SELL
2881,2025-02-26,2025-02-26T13:30:00+08:00,2025-02-27,92.6,2025-03-04,91.2,-0.015118790496760126,-0.020872147039281086,xgboost,validation,0,0.4315374791622162,0.27799850702285767,0.29046404361724854,SELL
2881,2025-02-27,2025-02-27T13:30:00+08:00,2025-03-03,92.0,2025-03-05,91.8,-0.0021739130434782483,-0.008002889360921639,xgboost,validation,1,0.3344132900238037,0.2384871244430542,0.42709964513778687,BUY
2881,2025-03-03,2025-03-03T13:30:00+08:00,2025-03-04,91.5,2025-03-06,92.5,0.010928961748633892,0.0050234426870672255,xgboost,validation,1,0.2732824981212616,0.48105260729789734,0.24566487967967987,HOLD
2881,2025-03-04,2025-03-04T13:30:00+08:00,2025-03-05,91.2,2025-03-07,90.9,-0.003289473684210509,-0.00911193325826476,xgboost,validation,1,0.4472576081752777,0.2561754286289215,0.2965669333934784,SELL
2881,2025-03-05,2025-03-05T13:30:00+08:00,2025-03-06,91.5,2025-03-10,90.7,-0.008743169398907069,-0.014533770251708211,xgboost,validation,0,0.27822375297546387,0.2703157663345337,0.4514605402946472,BUY
2881,2025-03-06,2025-03-06T13:30:00+08:00,2025-03-07,91.8,2025-03-11,89.7,-0.02287581699346397,-0.028583859503475417,xgboost,validation,0,0.32575249671936035,0.3235543668270111,0.35069313645362854,BUY
2881,2025-03-07,2025-03-07T13:30:00+08:00,2025-03-10,91.3,2025-03-12,89.5,-0.019715224534501585,-0.02544173020040097,xgboost,validation,0,0.31926241517066956,0.2125265747308731,0.46821096539497375,BUY
2881,2025-03-10,2025-03-10T13:30:00+08:00,2025-03-11,89.8,2025-03-13,89.0,-0.008908685968819552,-0.014698319927510917,xgboost,validation,0,0.219275563955307,0.26941654086112976,0.5113078951835632,BUY
2881,2025-03-11,2025-03-11T13:30:00+08:00,2025-03-12,89.8,2025-03-14,88.2,-0.017817371937639104,-0.02355496424276926,xgboost,validation,0,0.25369417667388916,0.2894342243671417,0.45687156915664673,BUY
2881,2025-03-12,2025-03-12T13:30:00+08:00,2025-03-13,90.1,2025-03-17,90.0,-0.0011098779134294245,-0.00694506997894262,xgboost,validation,1,0.2631419897079468,0.3914972245693207,0.34536078572273254,HOLD
2881,2025-03-13,2025-03-13T13:30:00+08:00,2025-03-14,89.0,2025-03-18,90.4,0.01573033707865168,0.009796769939914407,xgboost,validation,1,0.21623104810714722,0.27277693152427673,0.5109919905662537,BUY
2881,2025-03-14,2025-03-14T13:30:00+08:00,2025-03-17,88.8,2025-03-19,89.0,0.0022522522522523403,-0.0036025802870550683,xgboost,validation,1,0.2097005695104599,0.1670970767736435,0.623202383518219,BUY
2881,2025-03-17,2025-03-17T13:30:00+08:00,2025-03-18,90.4,2025-03-20,89.9,-0.00553097345132747,-0.011340338910857395,xgboost,validation,0,0.420307993888855,0.31115928292274475,0.26853278279304504,SELL
2881,2025-03-18,2025-03-18T13:30:00+08:00,2025-03-19,90.2,2025-03-21,89.0,-0.013303769401330379,-0.019067728708320186,xgboost,validation,0,0.3855683207511902,0.23136423528194427,0.38306745886802673,SELL
2881,2025-03-19,2025-03-19T13:30:00+08:00,2025-03-20,89.7,2025-03-24,89.0,-0.0078037904124861335,-0.01359987881260305,xgboost,validation,0,0.27405214309692383,0.2957039177417755,0.43024396896362305,BUY
2881,2025-03-20,2025-03-20T13:30:00+08:00,2025-03-21,89.9,2025-03-25,89.7,-0.0022246941045606095,-0.008053373775517847,xgboost,validation,1,0.31056278944015503,0.4047373831272125,0.2846998870372772,HOLD
2881,2025-03-21,2025-03-21T13:30:00+08:00,2025-03-24,89.2,2025-03-26,89.9,0.007847533632286963,0.0019600152741983123,xgboost,validation,1,0.3535749018192291,0.32372385263442993,0.32270121574401855,SELL
2881,2025-03-24,2025-03-24T13:30:00+08:00,2025-03-25,89.5,2025-03-27,89.9,0.004469273743016755,-0.0013985099166647919,xgboost,validation,1,0.2819752097129822,0.1738707572221756,0.5441539883613586,BUY
2881,2025-03-25,2025-03-25T13:30:00+08:00,2025-03-26,89.7,2025-03-28,88.2,-0.01672240802675584,-0.022466396755860485,xgboost,validation,0,0.29639944434165955,0.3194480240345001,0.38415253162384033,BUY
2881,2025-03-26,2025-03-26T13:30:00+08:00,2025-03-27,89.5,2025-03-31,85.3,-0.04692737430167604,-0.05249491541592344,xgboost,validation,0,0.40058058500289917,0.2592529058456421,0.3401665687561035,SELL
2881,2025-03-27,2025-03-27T13:30:00+08:00,2025-03-28,89.3,2025-04-01,87.4,-0.02127659574468077,-0.026993980386459837,xgboost,validation,0,0.2497037649154663,0.36548087000846863,0.3848153352737427,BUY
2881,2025-03-28,2025-03-28T13:30:00+08:00,2025-03-31,86.5,2025-04-02,87.6,0.012716763005780285,0.006800800189210143,xgboost,validation,1,0.22256191074848175,0.25365567207336426,0.5237824320793152,BUY
2881,2025-03-31,2025-03-31T13:30:00+08:00,2025-04-01,85.8,2025-04-07,78.9,-0.0804195804195803,-0.08579147093014816,xgboost,validation,0,0.2463262379169464,0.4236409664154053,0.3300327956676483,HOLD
2881,2025-04-01,2025-04-01T13:30:00+08:00,2025-04-02,86.9,2025-04-08,77.9,-0.10356731875719216,-0.1088039876892345,xgboost,validation,0,0.2944807708263397,0.25496020913124084,0.4505590796470642,BUY
2881,2025-04-02,2025-04-02T13:30:00+08:00,2025-04-07,78.9,2025-04-09,72.1,-0.08618504435994945,-0.09152325490042346,xgboost,validation,0,0.34308287501335144,0.3897468149662018,0.26717036962509155,HOLD
2881,2025-04-08,2025-04-08T13:30:00+08:00,2025-04-09,79.0,2025-04-11,80.4,0.017721518987341867,0.01177632000980866,xgboost,validation,2,0.34961050748825073,0.290288507938385,0.36010101437568665,BUY
2881,2025-04-09,2025-04-09T13:30:00+08:00,2025-04-10,79.3,2025-04-14,80.9,0.020176544766708826,0.014217004324952986,xgboost,validation,2,0.46565282344818115,0.32166510820388794,0.21268205344676971,SELL
2881,2025-04-11,2025-04-11T13:30:00+08:00,2025-04-14,80.8,2025-04-16,80.1,-0.008663366336633671,-0.014454433373037534,xgboost,validation,0,0.1888950765132904,0.42061400413513184,0.39049097895622253,HOLD
2881,2025-04-14,2025-04-14T13:30:00+08:00,2025-04-15,81.3,2025-04-17,79.6,-0.02091020910209107,-0.026629734055784948,xgboost,validation,0,0.30140221118927,0.4280026853084564,0.27059513330459595,HOLD
2881,2025-04-15,2025-04-15T13:30:00+08:00,2025-04-16,81.5,2025-04-18,79.5,-0.024539877300613466,-0.03023819891011148,xgboost,validation,0,0.42972227931022644,0.24339783191680908,0.3268798589706421,SELL
2881,2025-04-16,2025-04-16T13:30:00+08:00,2025-04-17,80.1,2025-04-21,79.0,-0.013732833957552981,-0.019494286808588557,xgboost,validation,0,0.34326934814453125,0.29696938395500183,0.3597612679004669,BUY
2881,2025-04-17,2025-04-17T13:30:00+08:00,2025-04-18,80.0,2025-04-22,77.3,-0.03375000000000006,-0.039394519060339084,xgboost,validation,0,0.3979479670524597,0.27058789134025574,0.33146417140960693,SELL
2881,2025-04-18,2025-04-18T13:30:00+08:00,2025-04-21,79.5,2025-04-23,79.3,-0.002515723270440251,-0.00834270284341676,xgboost,validation,1,0.40167152881622314,0.3226863443851471,0.27564215660095215,SELL
2881,2025-04-21,2025-04-21T13:30:00+08:00,2025-04-22,77.6,2025-04-24,78.3,0.009020618556700999,0.0031262474170183907,xgboost,validation,1,0.2639603614807129,0.37102198600769043,0.36501771211624146,HOLD
2881,2025-04-22,2025-04-22T13:30:00+08:00,2025-04-23,78.3,2025-04-25,79.4,0.014048531289910793,0.00812478871503397,xgboost,validation,1,0.30809304118156433,0.30244413018226624,0.38946282863616943,BUY
2881,2025-04-23,2025-04-23T13:30:00+08:00,2025-04-24,79.2,2025-04-28,79.2,0.0,-0.005841675612252462,xgboost,validation,1,0.3269557058811188,0.19831407070159912,0.4747301936149597,BUY
2881,2025-04-24,2025-04-24T13:30:00+08:00,2025-04-25,79.3,2025-04-29,81.4,0.02648171500630525,0.020485341805329682,xgboost,validation,2,0.30518838763237,0.2967250645160675,0.3980865180492401,BUY
2881,2025-04-25,2025-04-25T13:30:00+08:00,2025-04-28,79.9,2025-04-30,84.3,0.05506883604505619,0.048905466156284216,xgboost,validation,2,0.36381205916404724,0.2746905982494354,0.3614974021911621,SELL
2881,2025-04-28,2025-04-28T13:30:00+08:00,2025-04-29,79.5,2025-05-02,85.0,0.0691823899371069,0.06293657324476154,xgboost,validation,2,0.3425329625606537,0.35783877968788147,0.29962819814682007,HOLD
2881,2025-04-29,2025-04-29T13:30:00+08:00,2025-04-30,82.5,2025-05-05,80.0,-0.030303030303030276,-0.035967685442184316,xgboost,validation,0,0.29346078634262085,0.5016121864318848,0.204926997423172,HOLD
2881,2025-04-30,2025-04-30T13:30:00+08:00,2025-05-02,84.7,2025-05-06,79.0,-0.06729634002361273,-0.07274489224755565,xgboost,validation,0,0.5138052701950073,0.22039876878261566,0.2657959461212158,SELL
2881,2025-05-02,2025-05-02T13:30:00+08:00,2025-05-05,80.0,2025-05-07,78.0,-0.025000000000000022,-0.03069563372194628,xgboost,validation,0,0.35161441564559937,0.29918983578681946,0.3491957485675812,SELL
2881,2025-05-05,2025-05-05T13:30:00+08:00,2025-05-06,78.3,2025-05-08,78.1,-0.0025542784163473664,-0.008381032762668217,xgboost,validation,1,0.3273962140083313,0.2556977868080139,0.41690593957901,BUY
2881,2025-05-06,2025-05-06T13:30:00+08:00,2025-05-07,79.2,2025-05-09,77.4,-0.022727272727272707,-0.028436182984701297,xgboost,validation,0,0.2415504902601242,0.35832399129867554,0.40012550354003906,BUY
2881,2025-05-07,2025-05-07T13:30:00+08:00,2025-05-08,78.0,2025-05-12,78.1,0.0012820512820512775,-0.004567113657909183,xgboost,validation,1,0.4074910581111908,0.17659004032611847,0.41591891646385193,BUY
2881,2025-05-08,2025-05-08T13:30:00+08:00,2025-05-09,77.2,2025-05-13,79.0,0.023316062176165664,0.017338181692124977,xgboost,validation,2,0.29340124130249023,0.37596097588539124,0.3306378126144409,HOLD
2881,2025-05-09,2025-05-09T13:30:00+08:00,2025-05-12,77.6,2025-05-14,80.0,0.030927835051546504,0.024905489059533492,xgboost,validation,2,0.25151267647743225,0.24061748385429382,0.5078698396682739,BUY
2881,2025-05-12,2025-05-12T13:30:00+08:00,2025-05-13,78.8,2025-05-15,80.5,0.021573604060913798,0.015605902451950149,xgboost,validation,2,0.28030523657798767,0.183722123503685,0.5359726548194885,BUY
2881,2025-05-13,2025-05-13T13:30:00+08:00,2025-05-14,79.6,2025-05-16,81.9,0.028894472361809198,0.022884004615031817,xgboost,validation,2,0.2633233964443207,0.21749290823936462,0.5191836953163147,BUY
2881,2025-05-14,2025-05-14T13:30:00+08:00,2025-05-15,80.4,2025-05-19,79.8,-0.007462686567164312,-0.013260767585295596,xgboost,validation,0,0.3093099594116211,0.33148592710494995,0.35920414328575134,BUY
2881,2025-05-15,2025-05-15T13:30:00+08:00,2025-05-16,80.2,2025-05-20,80.7,0.006234413965087171,0.00035631892881826666,xgboost,validation,1,0.28399309515953064,0.26300257444381714,0.45300427079200745,BUY
2881,2025-05-16,2025-05-16T13:30:00+08:00,2025-05-19,81.1,2025-05-21,81.5,0.004932182490752224,-0.0009383053316716072,xgboost,validation,1,0.4353916347026825,0.159129798412323,0.4054785370826721,SELL
2881,2025-05-19,2025-05-19T13:30:00+08:00,2025-05-20,80.7,2025-05-22,81.9,0.014869888475836479,0.008941347798717691,xgboost,validation,1,0.2892649471759796,0.2191227525472641,0.4916122555732727,BUY
2881,2025-05-20,2025-05-20T13:30:00+08:00,2025-05-21,80.5,2025-05-23,81.5,0.012422360248447228,0.006508117237284727,xgboost,validation,1,0.3838287591934204,0.2648504972457886,0.3513208031654358,SELL
2881,2025-05-21,2025-05-21T13:30:00+08:00,2025-05-22,80.5,2025-05-26,80.9,0.00496894409937898,-0.0009017584724375638,xgboost,validation,1,0.2113453894853592,0.325346976518631,0.46330755949020386,BUY
2881,2025-05-22,2025-05-22T13:30:00+08:00,2025-05-23,81.7,2025-05-27,80.3,-0.017135862913096767,-0.022877436372874982,xgboost,validation,0,0.23742076754570007,0.37035071849823,0.3922285735607147,BUY
2881,2025-05-23,2025-05-23T13:30:00+08:00,2025-05-26,81.3,2025-05-28,79.5,-0.022140221402213944,-0.027852561023051337,xgboost,validation,0,0.2921205461025238,0.4017551839351654,0.3061242997646332,HOLD
2881,2025-05-26,2025-05-26T13:30:00+08:00,2025-05-27,80.7,2025-05-29,79.6,-0.01363073110285018,-0.019392780405642074,xgboost,validation,0,0.2528841495513916,0.3986506164073944,0.3484652042388916,HOLD
2881,2025-05-27,2025-05-27T13:30:00+08:00,2025-05-28,80.7,2025-06-02,81.8,0.013630731102850069,0.007709429181136818,xgboost,validation,1,0.26234009861946106,0.4066844582557678,0.3309754729270935,HOLD
2881,2025-05-28,2025-05-28T13:30:00+08:00,2025-05-29,80.0,2025-06-03,83.6,0.04499999999999993,0.038895448985196035,xgboost,validation,2,0.3085591197013855,0.19635532796382904,0.49508556723594666,BUY
2881,2025-05-29,2025-05-29T13:30:00+08:00,2025-06-02,79.6,2025-06-04,87.1,0.0942211055276383,0.08782902078106547,xgboost,validation,2,0.2912695109844208,0.34470054507255554,0.36402997374534607,BUY
2881,2025-06-02,2025-06-02T13:30:00+08:00,2025-06-03,81.8,2025-06-05,87.1,0.06479217603911969,0.05857200555223474,xgboost,validation,2,0.3816485106945038,0.3301410675048828,0.2882104218006134,SELL
2881,2025-06-03,2025-06-03T13:30:00+08:00,2025-06-04,83.9,2025-06-06,87.8,0.04648390941597125,0.04037068988372128,xgboost,validation,2,0.31502172350883484,0.31579530239105225,0.3691829741001129,BUY
2881,2025-06-04,2025-06-04T13:30:00+08:00,2025-06-05,86.4,2025-06-09,88.5,0.02430555555555558,0.01832189477217172,xgboost,validation,2,0.5132648944854736,0.21611811220645905,0.27061697840690613,SELL
2881,2025-06-05,2025-06-05T13:30:00+08:00,2025-06-06,87.0,2025-06-10,87.7,0.008045977011494232,0.0021572994115568456,xgboost,validation,1,0.35339367389678955,0.3133515417575836,0.33325478434562683,SELL
2881,2025-06-06,2025-06-06T13:30:00+08:00,2025-06-09,87.8,2025-06-11,90.1,0.026195899772209597,0.020201196211116823,xgboost,validation,2,0.38901227712631226,0.36096248030662537,0.25002521276474,SELL
2881,2025-06-09,2025-06-09T13:30:00+08:00,2025-06-10,88.2,2025-06-12,87.5,-0.00793650793650802,-0.01373182104390136,xgboost,validation,0,0.3315035402774811,0.43497559428215027,0.23352089524269104,HOLD
2881,2025-06-10,2025-06-10T13:30:00+08:00,2025-06-11,87.1,2025-06-13,86.5,-0.006888633754305373,-0.012690068202753535,xgboost,validation,0,0.35600271821022034,0.4646052122116089,0.1793920397758484,HOLD
2881,2025-06-11,2025-06-11T13:30:00+08:00,2025-06-12,87.8,2025-06-16,86.0,-0.02050113895216399,-0.026223053560976206,xgboost,validation,0,0.27221256494522095,0.4186283051967621,0.3091590702533722,HOLD
2881,2025-06-12,2025-06-12T13:30:00+08:00,2025-06-13,86.5,2025-06-17,85.8,-0.008092485549133,-0.013886887485910604,xgboost,validation,0,0.3658658564090729,0.304217129945755,0.3299170434474945,SELL
2881,2025-06-13,2025-06-13T13:30:00+08:00,2025-06-16,86.5,2025-06-18,87.4,0.010404624277456698,0.004502168225307912,xgboost,validation,1,0.4577525854110718,0.3029972314834595,0.23925022780895233,SELL
2881,2025-06-16,2025-06-16T13:30:00+08:00,2025-06-17,86.3,2025-06-19,86.7,0.004634994206257348,-0.0012337575386128785,xgboost,validation,1,0.2962254583835602,0.44868147373199463,0.25509312748908997,HOLD
2881,2025-06-17,2025-06-17T13:30:00+08:00,2025-06-18,86.2,2025-06-20,84.9,-0.015081206496519672,-0.020834782592578094,xgboost,validation,0,0.24393397569656372,0.5730945467948914,0.1829715222120285,HOLD
2881,2025-06-18,2025-06-18T13:30:00+08:00,2025-06-19,86.6,2025-06-23,84.7,-0.021939953810623414,-0.027653463329766592,xgboost,validation,0,0.49139299988746643,0.24042606353759766,0.2681809663772583,SELL
2881,2025-06-19,2025-06-19T13:30:00+08:00,2025-06-20,86.1,2025-06-24,86.1,0.0,-0.005841675612252573,xgboost,validation,1,0.40922194719314575,0.20536066591739655,0.3854173421859741,SELL
2881,2025-06-20,2025-06-20T13:30:00+08:00,2025-06-23,84.2,2025-06-25,85.7,0.017814726840855055,0.011868983373277464,xgboost,validation,2,0.2905113101005554,0.28179529309272766,0.42769333720207214,BUY
2881,2025-06-23,2025-06-23T13:30:00+08:00,2025-06-24,85.2,2025-06-26,86.1,0.010563380281690016,0.0046599968284630755,xgboost,validation,1,0.32706019282341003,0.3176630735397339,0.35527676343917847,BUY
2881,2025-06-24,2025-06-24T13:30:00+08:00,2025-06-25,86.5,2025-06-27,86.1,-0.0046242774566475076,-0.010438939540057257,xgboost,validation,0,0.44825366139411926,0.21390216052532196,0.33784419298171997,SELL
2881,2025-06-25,2025-06-25T13:30:00+08:00,2025-06-26,86.0,2025-06-30,87.3,0.015116279069767424,0.009186299058725034,xgboost,validation,1,0.2620374858379364,0.2125372737646103,0.5254251956939697,BUY
2882,2025-01-02,2025-01-02T13:30:00+08:00,2025-01-03,68.1,2025-01-07,69.1,0.014684287812041008,0.00875683135379357,xgboost,validation,1,0.3242805004119873,0.3959859609603882,0.27973347902297974,HOLD
2882,2025-01-03,2025-01-03T13:30:00+08:00,2025-01-06,68.3,2025-01-08,68.8,0.007320644216691097,0.0014362037756519008,xgboost,validation,1,0.48319336771965027,0.1855635792016983,0.33124300837516785,SELL
2882,2025-01-06,2025-01-06T13:30:00+08:00,2025-01-07,69.1,2025-01-09,68.3,-0.011577424023154759,-0.01735146807983856,xgboost,validation,0,0.27687183022499084,0.25737348198890686,0.4657546877861023,BUY
2882,2025-01-07,2025-01-07T13:30:00+08:00,2025-01-08,68.8,2025-01-10,65.1,-0.053779069767441956,-0.05930658549938428,xgboost,validation,0,0.4137137830257416,0.29709863662719727,0.28918761014938354,SELL
2882,2025-01-08,2025-01-08T13:30:00+08:00,2025-01-09,68.6,2025-01-13,64.2,-0.06413994169096193,-0.06960693257006723,xgboost,validation,0,0.2688506841659546,0.2973574101924896,0.4337919354438782,BUY
2882,2025-01-09,2025-01-09T13:30:00+08:00,2025-01-10,67.5,2025-01-14,65.5,-0.029629629629629672,-0.03529821855707471,xgboost,validation,0,0.2823733687400818,0.356096088886261,0.36153051257133484,BUY
2882,2025-01-10,2025-01-10T13:30:00+08:00,2025-01-13,65.0,2025-01-15,64.7,-0.004615384615384577,-0.010430098647888242,xgboost,validation,0,0.4194503724575043,0.29903629422187805,0.2815133333206177,SELL
2882,2025-01-13,2025-01-13T13:30:00+08:00,2025-01-14,64.5,2025-01-16,65.5,0.015503875968992276,0.00957163174259601,xgboost,validation,1,0.3008449673652649,0.33020997047424316,0.36894506216049194,BUY
2882,2025-01-14,2025-01-14T13:30:00+08:00,2025-01-15,65.5,2025-01-17,65.5,0.0,-0.005841675612252684,xgboost,validation,1,0.3410774767398834,0.3273105025291443,0.3316120207309723,SELL
2882,2025-01-15,2025-01-15T13:30:00+08:00,2025-01-16,65.6,2025-01-20,65.1,-0.007621951219512146,-0.013419101865207894,xgboost,validation,0,0.3936988413333893,0.4514654874801636,0.15483564138412476,HOLD
2882,2025-01-16,2025-01-16T13:30:00+08:00,2025-01-17,65.8,2025-01-21,65.9,0.001519756838905817,-0.00433079669980907,xgboost,validation,1,0.3739669919013977,0.42139577865600586,0.20463725924491882,HOLD
2882,2025-01-17,2025-01-17T13:30:00+08:00,2025-01-20,65.7,2025-01-22,66.8,0.016742770167427645,0.01080328872300651,xgboost,validation,2,0.38839206099510193,0.35214948654174805,0.25945842266082764,SELL
2882,2025-01-20,2025-01-20T13:30:00+08:00,2025-01-21,65.3,2025-02-03,66.0,0.010719754977029039,0.004815458033557984,xgboost,validation,1,0.26794448494911194,0.30302685499191284,0.42902863025665283,BUY
2882,2025-01-21,2025-01-21T13:30:00+08:00,2025-01-22,66.5,2025-02-04,65.2,-0.019548872180451093,-0.02527634962284009,xgboost,validation,0,0.3313795328140259,0.2853752374649048,0.38324522972106934,BUY
2882,2025-01-22,2025-01-22T13:30:00+08:00,2025-02-03,65.1,2025-02-05,66.5,0.021505376344086002,0.015538073299312005,xgboost,validation,2,0.3396441340446472,0.3377593159675598,0.3225965201854706,SELL
2882,2025-02-03,2025-02-03T13:30:00+08:00,2025-02-04,66.5,2025-02-06,66.9,0.00601503759398514,0.00013822408331298774,xgboost,validation,1,0.3054240643978119,0.34389728307724,0.3506786525249481,BUY
2882,2025-02-04,2025-02-04T13:30:00+08:00,2025-02-05,65.9,2025-02-07,66.9,0.015174506828528056,0.00924418666980742,xgboost,validation,1,0.31323742866516113,0.3096737861633301,0.37708884477615356,BUY
2882,2025-02-05,2025-02-05T13:30:00+08:00,2025-02-06,66.8,2025-02-10,67.4,0.008982035928143839,0.0030878901756614674,xgboost,validation,1,0.3896697759628296,0.2985105812549591,0.3118197023868561,SELL
2882,2025-02-06,2025-02-06T13:30:00+08:00,2025-02-07,66.6,2025-02-11,68.5,0.028528528528528607,0.022520198506917666,xgboost,validation,2,0.317417711019516,0.36208853125572205,0.3204936981201172,HOLD
2882,2025-02-07,2025-02-07T13:30:00+08:00,2025-02-10,66.7,2025-02-12,68.7,0.02998500749625177,0.02396816919697531,xgboost,validation,2,0.4426996111869812,0.2716183662414551,0.28568199276924133,SELL
2882,2025-02-10,2025-02-10T13:30:00+08:00,2025-02-11,68.1,2025-02-13,68.7,0.008810572687224738,0.002917428567375424,xgboost,validation,1,0.4205962121486664,0.3290810286998749,0.25032272934913635,SELL
2882,2025-02-11,2025-02-11T13:30:00+08:00,2025-02-12,68.6,2025-02-14,68.7,0.001457725947521915,-0.004392465226847553,xgboost,validation,1,0.31290310621261597,0.3525139391422272,0.33458295464515686,HOLD
2882,2025-02-12,2025-02-12T13:30:00+08:00,2025-02-13,68.6,2025-02-17,69.0,0.005830903790087438,-4.483407063293754e-05,xgboost,validation,1,0.40556833148002625,0.3585624694824219,0.23586918413639069,SELL
2882,2025-02-13,2025-02-13T13:30:00+08:00,2025-02-14,68.7,2025-02-18,69.2,0.00727802037845704,0.0013938289320540864,xgboost,validation,1,0.431634783744812,0.4089394509792328,0.1594257801771164,SELL
2882,2025-02-14,2025-02-14T13:30:00+08:00,2025-02-17,68.9,2025-02-19,68.7,-0.002902757619738794,-0.008727476263595824,xgboost,validation,1,0.2639200687408447,0.5063777565956116,0.2297021597623825,HOLD
2882,2025-02-17,2025-02-17T13:30:00+08:00,2025-02-18,68.7,2025-02-20,68.8,0.0014556040756912303,-0.00439457470339133,xgboost,validation,1,0.27022990584373474,0.3100193738937378,0.4197506606578827,BUY
2882,2025-02-18,2025-02-18T13:30:00+08:00,2025-02-19,69.0,2025-02-21,68.9,-0.0014492753623187582,-0.00728248477803195,xgboost,validation,1,0.37296876311302185,0.43363332748413086,0.19339792430400848,HOLD
2882,2025-02-19,2025-02-19T13:30:00+08:00,2025-02-20,68.7,2025-02-24,68.7,0.0,-0.005841675612252462,xgboost,validation,1,0.3059544861316681,0.28561654686927795,0.40842896699905396,BUY
2882,2025-02-20,2025-02-20T13:30:00+08:00,2025-02-21,68.6,2025-02-25,68.7,0.001457725947521915,-0.004392465226847553,xgboost,validation,1,0.2567322850227356,0.3464701771736145,0.3967975378036499,BUY
2882,2025-02-21,2025-02-21T13:30:00+08:00,2025-02-24,68.4,2025-02-26,69.2,0.011695906432748426,0.005785907129124412,xgboost,validation,1,0.2984601557254791,0.38911759853363037,0.3124222755432129,HOLD
2882,2025-02-24,2025-02-24T13:30:00+08:00,2025-02-25,68.2,2025-02-27,68.4,0.0029325513196480912,-0.00292625530613011,xgboost,validation,1,0.2548340857028961,0.4174458980560303,0.3277200162410736,HOLD
2882,2025-02-25,2025-02-25T13:30:00+08:00,2025-02-26,68.5,2025-03-03,68.8,0.004379562043795637,-0.0014876975492404965,xgboost,validation,1,0.36188486218452454,0.2488396316766739,0.38927555084228516,BUY
2882,2025-02-26,2025-02-26T13:30:00+08:00,2025-02-27,69.0,2025-03-04,67.7,-0.018840579710144856,-0.024572194767383926,xgboost,validation,0,0.3340051770210266,0.31328725814819336,0.35270753502845764,BUY
2882,2025-02-27,2025-02-27T13:30:00+08:00,2025-03-03,68.7,2025-03-05,68.2,-0.00727802037845704,-0.013077180156559232,xgboost,validation,0,0.3223164677619934,0.40089187026023865,0.27679160237312317,HOLD
2882,2025-03-03,2025-03-03T13:30:00+08:00,2025-03-04,67.8,2025-03-06,68.7,0.013274336283185972,0.007355116304399223,xgboost,validation,1,0.3148687183856964,0.4100005626678467,0.2751306891441345,HOLD
2882,2025-03-04,2025-03-04T13:30:00+08:00,2025-03-05,67.9,2025-03-07,67.3,-0.008836524300441906,-0.014626579804191464,xgboost,validation,0,0.30381664633750916,0.3458842635154724,0.35029903054237366,BUY
2882,2025-03-05,2025-03-05T13:30:00+08:00,2025-03-06,68.0,2025-03-10,67.3,-0.010294117647058898,-0.016075658363303047,xgboost,validation,0,0.3610571622848511,0.33398622274398804,0.3049566149711609,SELL
2882,2025-03-06,2025-03-06T13:30:00+08:00,2025-03-07,68.3,2025-03-11,65.9,-0.03513909224011702,-0.04077549667419378,xgboost,validation,0,0.3683694005012512,0.28660011291503906,0.3450305163860321,SELL
2882,2025-03-07,2025-03-07T13:30:00+08:00,2025-03-10,67.2,2025-03-12,66.5,-0.01041666666666674,-0.016197491491291682,xgboost,validation,0,0.31441715359687805,0.17542758584022522,0.5101552605628967,BUY
2882,2025-03-10,2025-03-10T13:30:00+08:00,2025-03-11,66.0,2025-03-13,65.9,-0.0015151515151514694,-0.007347976103748932,xgboost,validation,1,0.229567751288414,0.3153354823589325,0.4550967514514923,BUY
2882,2025-03-11,2025-03-11T13:30:00+08:00,2025-03-12,66.0,2025-03-14,66.0,0.0,-0.005841675612252573,xgboost,validation,1,0.16616253554821014,0.39659273624420166,0.4372447431087494,BUY
2882,2025-03-12,2025-03-12T13:30:00+08:00,2025-03-13,66.8,2025-03-17,66.0,-0.0119760479041916,-0.017747763329471145,xgboost,validation,0,0.3222354054450989,0.36661723256111145,0.3111473619937897,HOLD
2882,2025-03-13,2025-03-13T13:30:00+08:00,2025-03-14,66.6,2025-03-18,66.5,-0.0015015015015014122,-0.007334405829050872,xgboost,validation,1,0.30014568567276,0.35886040329933167,0.3409939110279083,HOLD
2882,2025-03-14,2025-03-14T13:30:00+08:00,2025-03-17,65.8,2025-03-19,65.3,-0.0075987841945288626,-0.013396070174469643,xgboost,validation,0,0.3472844660282135,0.4880122244358063,0.16470332443714142,HOLD
2882,2025-03-17,2025-03-17T13:30:00+08:00,2025-03-18,66.3,2025-03-20,65.9,-0.006033182503770607,-0.011839614220926498,xgboost,validation,0,0.3752298057079315,0.33331844210624695,0.2914517819881439,SELL
2882,2025-03-18,2025-03-18T13:30:00+08:00,2025-03-19,66.3,2025-03-21,65.1,-0.018099547511312264,-0.023835491438275014,xgboost,validation,0,0.45104727149009705,0.263579398393631,0.2853732705116272,SELL
2882,2025-03-19,2025-03-19T13:30:00+08:00,2025-03-20,65.8,2025-03-24,65.0,-0.012158054711246202,-0.017928706911799708,xgboost,validation,0,0.3071447014808655,0.42372554540634155,0.26912978291511536,HOLD
2882,2025-03-20,2025-03-20T13:30:00+08:00,2025-03-21,65.6,2025-03-25,65.0,-0.009146341463414531,-0.01493458711579898,xgboost,validation,0,0.23909936845302582,0.3300856351852417,0.4308149516582489,BUY
2882,2025-03-21,2025-03-21T13:30:00+08:00,2025-03-24,65.3,2025-03-26,65.4,0.0015313935681471325,-0.004319227948565207,xgboost,validation,1,0.222000390291214,0.4138818085193634,0.364117830991745,HOLD
2882,2025-03-24,2025-03-24T13:30:00+08:00,2025-03-25,65.4,2025-03-27,65.3,-0.00152905198776776,-0.007361795374313473,xgboost,validation,1,0.2847630977630615,0.3169260621070862,0.3983108103275299,BUY
2882,2025-03-25,2025-03-25T13:30:00+08:00,2025-03-26,65.5,2025-03-28,64.0,-0.022900763358778664,-0.028608660140216347,xgboost,validation,0,0.3630388677120209,0.3970582187175751,0.23990294337272644,HOLD
2882,2025-03-26,2025-03-26T13:30:00+08:00,2025-03-27,65.1,2025-03-31,61.2,-0.05990783410138234,-0.06539954758018185,xgboost,validation,0,0.19775094091892242,0.2954563796520233,0.5067926645278931,BUY
2882,2025-03-27,2025-03-27T13:30:00+08:00,2025-03-28,65.0,2025-04-01,61.6,-0.05230769230769228,-0.05784380334945771,xgboost,validation,0,0.17636162042617798,0.3884563744068146,0.4351820647716522,BUY
2882,2025-03-28,2025-03-28T13:30:00+08:00,2025-03-31,62.8,2025-04-02,61.6,-0.019108280254776955,-0.024838331492273102,xgboost,validation,0,0.20617619156837463,0.24206291139125824,0.5517609119415283,BUY
2882,2025-03-31,2025-03-31T13:30:00+08:00,2025-04-01,61.5,2025-04-07,55.5,-0.09756097560975607,-0.10283273165008155,xgboost,validation,0,0.31765803694725037,0.32545676827430725,0.3568851351737976,BUY
2882,2025-04-01,2025-04-01T13:30:00+08:00,2025-04-02,61.6,2025-04-08,54.1,-0.12175324675324672,-0.1268836793932283,xgboost,validation,0,0.33256757259368896,0.3781323730945587,0.28930002450942993,HOLD
2882,2025-04-02,2025-04-02T13:30:00+08:00,2025-04-07,55.5,2025-04-09,49.5,-0.10810810810810811,-0.11331825122173877,xgboost,validation,0,0.27125445008277893,0.3934522569179535,0.3352932631969452,HOLD
2882,2025-04-08,2025-04-08T13:30:00+08:00,2025-04-09,53.5,2025-04-11,54.2,0.013084112149532867,0.007166003398428433,xgboost,validation,1,0.3392220139503479,0.22397899627685547,0.436799019575119,BUY
2882,2025-04-09,2025-04-09T13:30:00+08:00,2025-04-10,54.4,2025-04-14,54.5,0.0018382352941177516,-0.0040141786924221545,xgboost,validation,1,0.46636542677879333,0.25798824429512024,0.2756463289260864,SELL
2882,2025-04-11,2025-04-11T13:30:00+08:00,2025-04-14,54.4,2025-04-16,54.8,0.007352941176470562,0.0014683120670690997,xgboost,validation,1,0.35842111706733704,0.3382604420185089,0.30331844091415405,SELL
2882,2025-04-14,2025-04-14T13:30:00+08:00,2025-04-15,54.8,2025-04-17,53.9,-0.01642335766423353,-0.022169093348547664,xgboost,validation,0,0.5036903619766235,0.19360670447349548,0.30270299315452576,SELL
2882,2025-04-15,2025-04-15T13:30:00+08:00,2025-04-16,55.1,2025-04-18,53.6,-0.02722323049001818,-0.03290587682063051,xgboost,validation,0,0.30020803213119507,0.3988366723060608,0.30095529556274414,HOLD
2882,2025-04-16,2025-04-16T13:30:00+08:00,2025-04-17,54.5,2025-04-21,54.1,-0.007339449541284404,-0.013138250470144275,xgboost,validation,0,0.3707479238510132,0.3137275278568268,0.31552454829216003,SELL
2882,2025-04-17,2025-04-17T13:30:00+08:00,2025-04-18,53.6,2025-04-22,52.5,-0.020522388059701524,-0.026244178538120555,xgboost,validation,0,0.3217896521091461,0.29962700605392456,0.3785833418369293,BUY
2882,2025-04-18,2025-04-18T13:30:00+08:00,2025-04-21,53.8,2025-04-23,53.6,-0.0037174721189590088,-0.009537431464995083,xgboost,validation,1,0.4365001320838928,0.4089881479740143,0.1545116901397705,SELL
2882,2025-04-21,2025-04-21T13:30:00+08:00,2025-04-22,53.1,2025-04-24,53.5,0.007532956685499137,0.0016472759838885853,xgboost,validation,1,0.362730473279953,0.4028571844100952,0.23441235721111298,HOLD
2882,2025-04-22,2025-04-22T13:30:00+08:00,2025-04-23,53.6,2025-04-25,54.1,0.009328358208955168,0.003432189354050985,xgboost,validation,1,0.5324372053146362,0.2376152127981186,0.22994756698608398,SELL
2882,2025-04-23,2025-04-23T13:30:00+08:00,2025-04-24,53.7,2025-04-28,54.6,0.016759776536312776,0.0108201957462013,xgboost,validation,2,0.35625752806663513,0.37149322032928467,0.272249311208725,HOLD
2882,2025-04-24,2025-04-24T13:30:00+08:00,2025-04-25,54.0,2025-04-29,55.7,0.031481481481481444,0.025455901266620895,xgboost,validation,2,0.3512028753757477,0.39994481205940247,0.24885229766368866,HOLD
2882,2025-04-25,2025-04-25T13:30:00+08:00,2025-04-28,54.8,2025-04-30,58.5,0.0675182481751826,0.061282152859182926,xgboost,validation,2,0.35564741492271423,0.4266331195831299,0.21771949529647827,HOLD
2882,2025-04-28,2025-04-28T13:30:00+08:00,2025-04-29,54.6,2025-05-02,58.7,0.07509157509157505,0.06881123885642437,xgboost,validation,2,0.3780219852924347,0.2826804518699646,0.3392975926399231,SELL
2882,2025-04-29,2025-04-29T13:30:00+08:00,2025-04-30,58.4,2025-05-05,54.7,-0.06335616438356162,-0.06882773383544871,xgboost,validation,0,0.2544117867946625,0.49790671467781067,0.24768146872520447,HOLD
2882,2025-04-30,2025-04-30T13:30:00+08:00,2025-05-02,58.5,2025-05-06,55.9,-0.04444444444444451,-0.05002649002948578,xgboost,validation,0,0.32490190863609314,0.42843180894851685,0.24666628241539001,HOLD
2882,2025-05-02,2025-05-02T13:30:00+08:00,2025-05-05,55.1,2025-05-07,56.2,0.019963702359346636,0.014005405273891158,xgboost,validation,2,0.342496395111084,0.35648539662361145,0.30101820826530457,HOLD
2882,2025-05-05,2025-05-05T13:30:00+08:00,2025-05-06,53.9,2025-05-08,55.2,0.024118738404452778,0.018136168946264464,xgboost,validation,2,0.2401021271944046,0.38807034492492676,0.37182748317718506,HOLD
2882,2025-05-06,2025-05-06T13:30:00+08:00,2025-05-07,55.7,2025-05-09,55.2,-0.008976660682226245,-0.014765897554691931,xgboost,validation,0,0.4718434810638428,0.22177791595458984,0.306378573179245,SELL
2882,2025-05-07,2025-05-07T13:30:00+08:00,2025-05-08,55.1,2025-05-12,56.1,0.01814882032667886,0.012201125193332496,xgboost,validation,2,0.32100769877433777,0.3610880970954895,0.3179042339324951,HOLD
2882,2025-05-08,2025-05-08T13:30:00+08:00,2025-05-09,54.6,2025-05-13,57.9,0.06043956043956045,0.054244816521072714,xgboost,validation,2,0.271115779876709,0.42448049783706665,0.30440372228622437,HOLD
2882,2025-05-09,2025-05-09T13:30:00+08:00,2025-05-12,55.0,2025-05-14,58.8,0.06909090909090909,0.06284562679999173,xgboost,validation,2,0.25196120142936707,0.37431561946868896,0.37372320890426636,HOLD
2882,2025-05-12,2025-05-12T13:30:00+08:00,2025-05-13,57.3,2025-05-15,59.6,0.04013961605584648,0.03406345782739528,xgboost,validation,2,0.31178101897239685,0.41629329323768616,0.2719256579875946,HOLD
2882,2025-05-13,2025-05-13T13:30:00+08:00,2025-05-14,58.6,2025-05-16,63.0,0.07508532423208192,0.06880502451242454,xgboost,validation,2,0.19159375131130219,0.45104485750198364,0.35736140608787537,HOLD
2882,2025-05-14,2025-05-14T13:30:00+08:00,2025-05-15,59.3,2025-05-19,60.5,0.02023608768971341,0.014276199417516455,xgboost,validation,2,0.24920813739299774,0.4215969145298004,0.3291949927806854,HOLD
2882,2025-05-15,2025-05-15T13:30:00+08:00,2025-05-16,59.9,2025-05-20,61.5,0.026711185308848195,0.02071347161680248,xgboost,validation,2,0.3308919370174408,0.5165683627128601,0.15253977477550507,HOLD
2882,2025-05-16,2025-05-16T13:30:00+08:00,2025-05-19,61.5,2025-05-21,63.5,0.03252032520325199,0.026488676400357125,xgboost,validation,2,0.42609351873397827,0.2650018036365509,0.3089046776294708,SELL
2882,2025-05-19,2025-05-19T13:30:00+08:00,2025-05-20,60.8,2025-05-22,65.6,0.07894736842105265,0.07264450789204324,xgboost,validation,2,0.3929316997528076,0.3046920895576477,0.3023761510848999,SELL
2882,2025-05-20,2025-05-20T13:30:00+08:00,2025-05-21,61.7,2025-05-23,65.7,0.06482982171799034,0.05860943131726115,xgboost,validation,2,0.4071974456310272,0.2797510623931885,0.3130515515804291,SELL
2882,2025-05-21,2025-05-21T13:30:00+08:00,2025-05-22,62.2,2025-05-26,63.0,0.012861736334405016,0.006944926630676473,xgboost,validation,1,0.42164573073387146,0.3051416277885437,0.2732126712799072,SELL
2882,2025-05-22,2025-05-22T13:30:00+08:00,2025-05-23,65.0,2025-05-27,62.2,-0.04307692307692301,-0.04866695727818626,xgboost,validation,0,0.5034826397895813,0.24722790718078613,0.24928942322731018,SELL
2882,2025-05-23,2025-05-23T13:30:00+08:00,2025-05-26,65.4,2025-05-28,61.2,-0.06422018348623859,-0.06968670561880508,xgboost,validation,0,0.4213646352291107,0.29203665256500244,0.28659865260124207,SELL
2882,2025-05-26,2025-05-26T13:30:00+08:00,2025-05-27,62.6,2025-05-29,59.8,-0.04472843450479236,-0.05030882111202406,xgboost,validation,0,0.39420074224472046,0.4047953486442566,0.20100390911102295,HOLD
2882,2025-05-27,2025-05-27T13:30:00+08:00,2025-05-28,62.6,2025-06-02,60.4,-0.03514376996805113,-0.0407801470763588,xgboost,validation,0,0.2810928225517273,0.39807721972465515,0.32082998752593994,HOLD
2882,2025-05-28,2025-05-28T13:30:00+08:00,2025-05-29,61.6,2025-06-03,63.9,0.037337662337662225,0.031277872213913316,xgboost,validation,2,0.2847387194633484,0.2573363482952118,0.4579249322414398,BUY
2882,2025-05-29,2025-05-29T13:30:00+08:00,2025-06-02,59.7,2025-06-04,64.7,0.08375209380234505,0.07742116562625223,xgboost,validation,2,0.3200981020927429,0.28466156125068665,0.3952403962612152,BUY
2882,2025-06-02,2025-06-02T13:30:00+08:00,2025-06-03,60.1,2025-06-05,66.1,0.09983361064891838,0.09340873946805495,xgboost,validation,2,0.23509304225444794,0.39248126745224,0.37242573499679565,HOLD
2882,2025-06-03,2025-06-03T13:30:00+08:00,2025-06-04,63.0,2025-06-06,66.3,0.05238095238095242,0.04623328423662931,xgboost,validation,2,0.27546966075897217,0.35043829679489136,0.3740920424461365,BUY
2882,2025-06-04,2025-06-04T13:30:00+08:00,2025-06-05,64.3,2025-06-09,67.7,0.05287713841368591,0.046726571711516396,xgboost,validation,2,0.3202607333660126,0.293753445148468,0.3859858810901642,BUY
2882,2025-06-05,2025-06-05T13:30:00+08:00,2025-06-06,64.9,2025-06-10,66.0,0.016949152542372836,0.011008465479064977,xgboost,validation,2,0.35846850275993347,0.3649866580963135,0.27654483914375305,HOLD
2882,2025-06-06,2025-06-06T13:30:00+08:00,2025-06-09,66.5,2025-06-11,68.4,0.028571428571428692,0.022562847941683062,xgboost,validation,2,0.40164923667907715,0.33141249418258667,0.26693829894065857,SELL
2882,2025-06-09,2025-06-09T13:30:00+08:00,2025-06-10,67.7,2025-06-12,68.5,0.011816838995568624,0.00590613324314182,xgboost,validation,1,0.3824324309825897,0.37187591195106506,0.24569165706634521,SELL
2882,2025-06-10,2025-06-10T13:30:00+08:00,2025-06-11,66.4,2025-06-13,69.0,0.03915662650602392,0.03308621058365313,xgboost,validation,2,0.3599887490272522,0.2702599763870239,0.3697512745857239,BUY
2882,2025-06-11,2025-06-11T13:30:00+08:00,2025-06-12,67.1,2025-06-16,67.3,0.0029806259314455463,-0.002878461530619991,xgboost,validation,1,0.18962383270263672,0.3840375542640686,0.4263386130332947,BUY
2882,2025-06-12,2025-06-12T13:30:00+08:00,2025-06-13,67.5,2025-06-17,65.7,-0.026666666666666616,-0.032352564262592476,xgboost,validation,0,0.4334498941898346,0.3174004852771759,0.2491496503353119,SELL
2882,2025-06-13,2025-06-13T13:30:00+08:00,2025-06-16,68.7,2025-06-18,67.3,-0.02037845705967989,-0.02610108833631164,xgboost,validation,0,0.2339470386505127,0.40795859694480896,0.35809430480003357,HOLD
2882,2025-06-16,2025-06-16T13:30:00+08:00,2025-06-17,67.3,2025-06-19,66.2,-0.01634472511144125,-0.022090920141621173,xgboost,validation,0,0.37344762682914734,0.4717485010623932,0.15480388700962067,HOLD
2882,2025-06-17,2025-06-17T13:30:00+08:00,2025-06-18,66.3,2025-06-20,65.6,-0.010558069381598867,-0.01633806817743233,xgboost,validation,0,0.44139236211776733,0.2580031156539917,0.3006044924259186,SELL
2882,2025-06-18,2025-06-18T13:30:00+08:00,2025-06-19,66.5,2025-06-23,65.9,-0.009022556390977376,-0.01481152515560058,xgboost,validation,0,0.4147059917449951,0.2058219313621521,0.379472017288208,SELL
2882,2025-06-19,2025-06-19T13:30:00+08:00,2025-06-20,66.2,2025-06-24,66.5,0.004531722054380571,-0.001336426408078517,xgboost,validation,1,0.44550055265426636,0.2670971751213074,0.28740230202674866,SELL
2882,2025-06-20,2025-06-20T13:30:00+08:00,2025-06-23,65.0,2025-06-25,66.5,0.023076923076922995,0.017100439565926218,xgboost,validation,2,0.2890720069408417,0.3142559230327606,0.3966720998287201,BUY
2882,2025-06-23,2025-06-23T13:30:00+08:00,2025-06-24,66.2,2025-06-26,66.7,0.007552870090634434,0.0016670730613710383,xgboost,validation,1,0.41509386897087097,0.34387660026550293,0.2410295456647873,SELL
2882,2025-06-24,2025-06-24T13:30:00+08:00,2025-06-25,66.9,2025-06-27,67.9,0.014947683109117982,0.009018687980987261,xgboost,validation,1,0.22600945830345154,0.2586858868598938,0.515304684638977,BUY
2882,2025-06-25,2025-06-25T13:30:00+08:00,2025-06-26,66.4,2025-06-30,62.8,-0.05421686746987964,-0.05974182572966069,xgboost,validation,0,0.2277221977710724,0.4585362374782562,0.313741534948349,HOLD
2002,2026-01-02,2026-01-02T13:30:00+08:00,2026-01-05,18.8,2026-01-07,19.45,0.034574468085106336,0.02853081964583426,xgboost,test,2,0.4885769486427307,0.28862813115119934,0.22279489040374756,SELL
2002,2026-01-05,2026-01-05T13:30:00+08:00,2026-01-06,18.7,2026-01-08,19.15,0.024064171122994527,0.01808192042916379,xgboost,test,2,0.3609902262687683,0.3615874946117401,0.2774222493171692,HOLD
2002,2026-01-06,2026-01-06T13:30:00+08:00,2026-01-07,18.65,2026-01-09,19.0,0.018766756032171594,0.012815451118884935,xgboost,test,2,0.4334498941898346,0.2419542670249939,0.3245958685874939,SELL
2002,2026-01-07,2026-01-07T13:30:00+08:00,2026-01-08,19.7,2026-01-12,19.55,-0.0076142131979695105,-0.013411409046676925,xgboost,test,0,0.4704783856868744,0.3136526346206665,0.2158690243959427,SELL
2002,2026-01-08,2026-01-08T13:30:00+08:00,2026-01-09,19.15,2026-01-13,19.45,0.015665796344647598,0.009732606231941832,xgboost,test,1,0.4268950819969177,0.22027693688869476,0.3528279960155487,SELL
2002,2026-01-09,2026-01-09T13:30:00+08:00,2026-01-12,19.0,2026-01-14,19.4,0.021052631578947212,0.015087973322226222,xgboost,test,2,0.41321462392807007,0.3820190727710724,0.20476628839969635,SELL
2002,2026-01-12,2026-01-12T13:30:00+08:00,2026-01-13,19.75,2026-01-15,19.45,-0.0151898734177216,-0.020942814716876756,xgboost,test,0,0.43938395380973816,0.3136492371559143,0.24696677923202515,SELL
2002,2026-01-13,2026-01-13T13:30:00+08:00,2026-01-14,19.5,2026-01-16,19.25,-0.012820512820512775,-0.018587295155685246,xgboost,test,0,0.34647437930107117,0.4761127233505249,0.17741288244724274,HOLD
2002,2026-01-14,2026-01-14T13:30:00+08:00,2026-01-15,19.5,2026-01-19,19.65,0.007692307692307665,0.0018056961138070982,xgboost,test,1,0.47793734073638916,0.38960108160972595,0.1324615776538849,SELL
2002,2026-01-15,2026-01-15T13:30:00+08:00,2026-01-16,19.55,2026-01-20,19.15,-0.020460358056266115,-0.02618251089384338,xgboost,test,0,0.5676652193069458,0.2258223444223404,0.20651240646839142,SELL
2002,2026-01-16,2026-01-16T13:30:00+08:00,2026-01-19,19.25,2026-01-21,18.95,-0.01558441558441559,-0.021335052096217444,xgboost,test,0,0.5295422673225403,0.24536733329296112,0.22509044408798218,SELL
2002,2026-01-19,2026-01-19T13:30:00+08:00,2026-01-20,19.65,2026-01-22,19.0,-0.03307888040712459,-0.03872731993042211,xgboost,test,0,0.3199559152126312,0.3255816698074341,0.35446247458457947,BUY
2002,2026-01-20,2026-01-20T13:30:00+08:00,2026-01-21,19.1,2026-01-23,19.15,0.002617801047120283,-0.0032391669096668574,xgboost,test,1,0.48639193177223206,0.2787286639213562,0.23487944900989532,SELL
2002,2026-01-21,2026-01-21T13:30:00+08:00,2026-01-22,19.15,2026-01-26,19.65,0.02610966057441244,0.02011546079473825,xgboost,test,2,0.4784829616546631,0.4440060257911682,0.07751096040010452,SELL
2002,2026-01-22,2026-01-22T13:30:00+08:00,2026-01-23,19.1,2026-01-27,19.35,0.01308900523560208,0.0071708679006761145,xgboost,test,1,0.4722398519515991,0.40582260489463806,0.12193754315376282,SELL
2002,2026-01-23,2026-01-23T13:30:00+08:00,2026-01-26,19.2,2026-01-28,19.6,0.02083333333333348,0.014869956145825647,xgboost,test,2,0.46381592750549316,0.4106833338737488,0.12550072371959686,SELL
2002,2026-01-26,2026-01-26T13:30:00+08:00,2026-01-27,19.75,2026-01-29,20.7,0.048101265822784844,0.041978598219056806,xgboost,test,2,0.3916930854320526,0.30405497550964355,0.30425193905830383,SELL
2002,2026-01-27,2026-01-27T13:30:00+08:00,2026-01-28,19.35,2026-01-30,20.75,0.07235142118863047,0.06608709204370822,xgboost,test,2,0.30641648173332214,0.2091396450996399,0.48444387316703796,BUY
2002,2026-01-28,2026-01-28T13:30:00+08:00,2026-01-29,19.85,2026-02-02,21.1,0.06297229219143574,0.05676275287564092,xgboost,test,2,0.42936670780181885,0.252727746963501,0.3179055452346802,SELL
2002,2026-01-29,2026-01-29T13:30:00+08:00,2026-01-30,20.8,2026-02-03,20.65,-0.007211538461538547,-0.013011086605433486,xgboost,test,0,0.5200109481811523,0.3557038903236389,0.12428516149520874,SELL
2002,2026-01-30,2026-01-30T13:30:00+08:00,2026-02-02,21.05,2026-02-04,20.95,-0.004750593824228044,-0.010564518008393975,xgboost,test,0,0.5528753995895386,0.3505178391933441,0.09660675376653671,SELL
2002,2026-02-02,2026-02-02T13:30:00+08:00,2026-02-03,21.4,2026-02-05,20.95,-0.02102803738317749,-0.02674687402227538,xgboost,test,0,0.6615692973136902,0.2926000952720642,0.045830611139535904,SELL
2002,2026-02-03,2026-02-03T13:30:00+08:00,2026-02-04,20.65,2026-02-06,20.4,-0.01210653753026636,-0.01787749067747957,xgboost,test,0,0.4056392312049866,0.28892162442207336,0.30543917417526245,SELL
2002,2026-02-04,2026-02-04T13:30:00+08:00,2026-02-05,21.15,2026-02-09,20.35,-0.03782505910165468,-0.04344577298862107,xgboost,test,0,0.585216760635376,0.2092454433441162,0.2055378407239914,SELL
2002,2026-02-05,2026-02-05T13:30:00+08:00,2026-02-06,20.8,2026-02-10,20.5,-0.014423076923076983,-0.02018049759861429,xgboost,test,0,0.46432316303253174,0.36237388849258423,0.17330293357372284,SELL
2002,2026-02-06,2026-02-06T13:30:00+08:00,2026-02-09,20.6,2026-02-11,20.9,0.014563106796116276,0.00863635823805442,xgboost,test,1,0.3743537664413452,0.3801362216472626,0.24550999701023102,HOLD
2002,2026-02-09,2026-02-09T13:30:00+08:00,2026-02-10,20.45,2026-02-23,20.45,0.0,-0.005841675612252462,xgboost,test,1,0.41137009859085083,0.4725477397441864,0.11608221381902695,HOLD
2002,2026-02-10,2026-02-10T13:30:00+08:00,2026-02-11,20.6,2026-02-24,20.7,0.004854368932038833,-0.0010156643288168343,xgboost,test,1,0.450590580701828,0.3809070289134979,0.16850242018699646,SELL
2002,2026-02-11,2026-02-11T13:30:00+08:00,2026-02-23,20.75,2026-02-25,21.25,0.024096385542168752,0.018113946662150937,xgboost,test,2,0.26572734117507935,0.4783100187778473,0.255962610244751,HOLD
2002,2026-02-23,2026-02-23T13:30:00+08:00,2026-02-24,20.6,2026-02-26,20.75,0.007281553398058138,0.0013973413129009238,xgboost,test,1,0.44725608825683594,0.33627963066101074,0.21646425127983093,SELL
2002,2026-02-24,2026-02-24T13:30:00+08:00,2026-02-25,20.7,2026-03-02,20.25,-0.021739130434782594,-0.02745381309894268,xgboost,test,0,0.3640793263912201,0.4270901679992676,0.20883050560951233,HOLD
2002,2026-02-25,2026-02-25T13:30:00+08:00,2026-02-26,21.25,2026-03-03,20.05,-0.05647058823529405,-0.061982380989442976,xgboost,test,0,0.3616815209388733,0.33642077445983887,0.30189773440361023,SELL
2002,2026-02-26,2026-02-26T13:30:00+08:00,2026-03-02,20.4,2026-03-04,19.2,-0.05882352941176472,-0.06432157704682584,xgboost,test,0,0.5821806788444519,0.29229530692100525,0.12552399933338165,SELL
2002,2026-03-02,2026-03-02T13:30:00+08:00,2026-03-03,20.1,2026-03-05,19.3,-0.03980099502487566,-0.04541016613514803,xgboost,test,0,0.45857325196266174,0.3990723192691803,0.14235444366931915,SELL
2002,2026-03-03,2026-03-03T13:30:00+08:00,2026-03-04,19.8,2026-03-06,19.9,0.005050505050504972,-0.0008206739739307078,xgboost,test,1,0.4221842288970947,0.3784702718257904,0.19934552907943726,SELL
2002,2026-03-04,2026-03-04T13:30:00+08:00,2026-03-05,19.6,2026-03-09,19.15,-0.022959183673469497,-0.028666739182379608,xgboost,test,0,0.33764639496803284,0.5258197784423828,0.13653385639190674,HOLD
2002,2026-03-05,2026-03-05T13:30:00+08:00,2026-03-06,19.1,2026-03-10,19.2,0.005235602094240788,-0.0006366582070810312,xgboost,test,1,0.45655637979507446,0.24009573459625244,0.30334794521331787,SELL
2002,2026-03-06,2026-03-06T13:30:00+08:00,2026-03-09,19.15,2026-03-11,19.5,0.018276762402088753,0.012328319872640936,xgboost,test,2,0.38219645619392395,0.48605504631996155,0.13174845278263092,HOLD
2002,2026-03-09,2026-03-09T13:30:00+08:00,2026-03-10,19.4,2026-03-12,19.35,-0.002577319587628746,-0.008403939334901245,xgboost,test,1,0.30140194296836853,0.3193700611591339,0.37922799587249756,BUY
2002,2026-03-10,2026-03-10T13:30:00+08:00,2026-03-11,19.25,2026-03-13,19.1,-0.007792207792207684,-0.013588363854234897,xgboost,test,0,0.4574272930622101,0.33363762497901917,0.20893512666225433,SELL
2002,2026-03-11,2026-03-11T13:30:00+08:00,2026-03-12,19.3,2026-03-16,19.15,-0.00777202072538874,-0.013568294713711793,xgboost,test,0,0.37779271602630615,0.413816899061203,0.20839044451713562,HOLD
2002,2026-03-12,2026-03-12T13:30:00+08:00,2026-03-13,19.3,2026-03-17,19.25,-0.002590673575129543,-0.00841721531273909,xgboost,test,1,0.40257528424263,0.3329612612724304,0.2644633948802948,SELL
2002,2026-03-13,2026-03-13T13:30:00+08:00,2026-03-16,19.2,2026-03-18,19.3,0.005208333333333481,-0.0006637676727330177,xgboost,test,1,0.3095417320728302,0.4034387469291687,0.2870195508003235,HOLD
2002,2026-03-16,2026-03-16T13:30:00+08:00,2026-03-17,19.25,2026-03-19,18.8,-0.023376623376623384,-0.02908174033819988,xgboost,test,0,0.4126319885253906,0.3654729127883911,0.22189506888389587,SELL
2002,2026-03-17,2026-03-17T13:30:00+08:00,2026-03-18,19.4,2026-03-20,19.45,0.002577319587628857,-0.0032794118896037894,xgboost,test,1,0.35400068759918213,0.36998945474624634,0.27600982785224915,HOLD
2002,2026-03-18,2026-03-18T13:30:00+08:00,2026-03-19,19.0,2026-03-23,19.05,0.0026315789473685403,-0.0032254694954426677,xgboost,test,1,0.4397857189178467,0.40794652700424194,0.15226773917675018,SELL
2002,2026-03-19,2026-03-19T13:30:00+08:00,2026-03-20,19.1,2026-03-24,19.2,0.005235602094240788,-0.0006366582070810312,xgboost,test,1,0.4934324324131012,0.3713257908821106,0.13524183630943298,SELL
2002,2026-03-20,2026-03-20T13:30:00+08:00,2026-03-23,19.8,2026-03-25,19.3,-0.025252525252525304,-0.03094668380386234,xgboost,test,0,0.3664320111274719,0.39971858263015747,0.2338494062423706,HOLD
2002,2026-03-23,2026-03-23T13:30:00+08:00,2026-03-24,19.35,2026-03-26,19.75,0.02067183462532296,0.014709400860879018,xgboost,test,2,0.4203547537326813,0.46463266015052795,0.11501255631446838,HOLD
2002,2026-03-24,2026-03-24T13:30:00+08:00,2026-03-25,19.5,2026-03-27,19.6,0.00512820512820511,-0.0007434277948793477,xgboost,test,1,0.29821935296058655,0.49386802315711975,0.20791266858577728,HOLD
2002,2026-03-25,2026-03-25T13:30:00+08:00,2026-03-26,19.45,2026-03-30,19.15,-0.015424164524421635,-0.021175737170932574,xgboost,test,0,0.5221114158630371,0.2680717408657074,0.2098168581724167,SELL
2002,2026-03-26,2026-03-26T13:30:00+08:00,2026-03-27,19.75,2026-03-31,18.9,-0.04303797468354442,-0.04862823640868741,xgboost,test,0,0.4305889308452606,0.24946321547031403,0.3199478089809418,SELL
2002,2026-03-27,2026-03-27T13:30:00+08:00,2026-03-30,19.25,2026-04-01,19.5,0.01298701298701288,0.0070694714577181905,xgboost,test,1,0.6068320274353027,0.1319279968738556,0.26124000549316406,SELL
2002,2026-03-30,2026-03-30T13:30:00+08:00,2026-03-31,19.0,2026-04-02,19.5,0.026315789473684292,0.020320385555846032,xgboost,test,2,0.2933933436870575,0.4341513514518738,0.2724553644657135,HOLD
2002,2026-03-31,2026-03-31T13:30:00+08:00,2026-04-01,19.25,2026-04-07,19.5,0.01298701298701288,0.0070694714577181905,xgboost,test,1,0.35087424516677856,0.42374491691589355,0.2253808230161667,HOLD
2002,2026-04-01,2026-04-01T13:30:00+08:00,2026-04-02,19.6,2026-04-08,19.95,0.017857142857142794,0.01191115160895695,xgboost,test,2,0.3225010633468628,0.24410665035247803,0.43339231610298157,BUY
2002,2026-04-02,2026-04-02T13:30:00+08:00,2026-04-07,19.5,2026-04-09,20.2,0.03589743589743577,0.029846059109359002,xgboost,test,2,0.4906032383441925,0.3099810779094696,0.1994156539440155,SELL
2002,2026-04-07,2026-04-07T13:30:00+08:00,2026-04-08,19.8,2026-04-10,20.05,0.012626262626262541,0.006710828483552422,xgboost,test,1,0.3511475920677185,0.4175490140914917,0.2313033938407898,HOLD
2002,2026-04-08,2026-04-08T13:30:00+08:00,2026-04-09,20.0,2026-04-13,20.2,0.010000000000000009,0.004099907631624822,xgboost,test,1,0.478706419467926,0.3100576102733612,0.21123602986335754,SELL
2002,2026-04-09,2026-04-09T13:30:00+08:00,2026-04-10,20.3,2026-04-14,20.5,0.009852216748768461,0.003952987682207976,xgboost,test,1,0.36479708552360535,0.36616989970207214,0.2690329849720001,HOLD
2002,2026-04-10,2026-04-10T13:30:00+08:00,2026-04-13,20.05,2026-04-15,20.1,0.0024937655860348684,-0.0033624777958242147,xgboost,test,1,0.4863700866699219,0.2372036725282669,0.27642619609832764,SELL
2002,2026-04-13,2026-04-13T13:30:00+08:00,2026-04-14,20.2,2026-04-16,19.95,-0.012376237623762387,-0.018145615270516724,xgboost,test,0,0.38814806938171387,0.360506147146225,0.25134575366973877,SELL
2002,2026-04-14,2026-04-14T13:30:00+08:00,2026-04-15,20.5,2026-04-17,20.1,-0.019512195121951126,-0.02523988681981837,xgboost,test,0,0.378385454416275,0.2757343351840973,0.3458802103996277,SELL
2002,2026-04-15,2026-04-15T13:30:00+08:00,2026-04-16,20.25,2026-04-20,19.85,-0.01975308641975304,-0.02547937090880048,xgboost,test,0,0.4181209206581116,0.29956504702568054,0.2823140621185303,SELL
2002,2026-04-16,2026-04-16T13:30:00+08:00,2026-04-17,20.05,2026-04-21,19.75,-0.014962593516209544,-0.020716862510822276,xgboost,test,0,0.3635375499725342,0.4469301104545593,0.18953238427639008,HOLD
2002,2026-04-17,2026-04-17T13:30:00+08:00,2026-04-20,20.15,2026-04-22,19.55,-0.02977667493796521,-0.03544440487441869,xgboost,test,0,0.3675256073474884,0.4846341013908386,0.1478402465581894,HOLD
2002,2026-04-20,2026-04-20T13:30:00+08:00,2026-04-21,19.9,2026-04-23,19.15,-0.03768844221105527,-0.04330995416957961,xgboost,test,0,0.437132328748703,0.3393763601779938,0.2234913408756256,SELL
2002,2026-04-21,2026-04-21T13:30:00+08:00,2026-04-22,19.75,2026-04-24,19.0,-0.03797468354430378,-0.04359452337381253,xgboost,test,0,0.33200573921203613,0.4346887171268463,0.23330551385879517,HOLD
2002,2026-04-22,2026-04-22T13:30:00+08:00,2026-04-23,19.4,2026-04-27,18.75,-0.03350515463917514,-0.0391511040066872,xgboost,test,0,0.4794389307498932,0.2292250692844391,0.29133597016334534,SELL
2002,2026-04-23,2026-04-23T13:30:00+08:00,2026-04-24,19.15,2026-04-28,18.75,-0.02088772845952991,-0.026607384737845075,xgboost,test,0,0.6484991312026978,0.16114218533039093,0.19035865366458893,SELL
2002,2026-04-24,2026-04-24T13:30:00+08:00,2026-04-27,18.8,2026-04-29,19.0,0.010638297872340496,0.004734476774851171,xgboost,test,1,0.3879362940788269,0.33167651295661926,0.2803872227668762,SELL
2002,2026-04-27,2026-04-27T13:30:00+08:00,2026-04-28,18.75,2026-04-30,18.75,0.0,-0.005841675612252573,xgboost,test,1,0.35598182678222656,0.44365841150283813,0.2003597468137741,HOLD
2002,2026-04-28,2026-04-28T13:30:00+08:00,2026-04-29,18.75,2026-05-04,18.6,-0.007999999999999896,-0.013794942207354555,xgboost,test,0,0.3856823146343231,0.37241294980049133,0.24190478026866913,SELL
2002,2026-04-29,2026-04-29T13:30:00+08:00,2026-04-30,18.9,2026-05-05,18.6,-0.015873015873015706,-0.021621966475550147,xgboost,test,0,0.45376577973365784,0.39325475692749023,0.1529795080423355,SELL
2002,2026-04-30,2026-04-30T13:30:00+08:00,2026-05-04,18.8,2026-05-06,18.8,0.0,-0.005841675612252684,xgboost,test,1,0.29945439100265503,0.5596059560775757,0.14093968272209167,HOLD
2002,2026-05-04,2026-05-04T13:30:00+08:00,2026-05-05,18.6,2026-05-07,18.85,0.013440860215053752,0.007520667457475261,xgboost,test,1,0.44966602325439453,0.42255404591560364,0.12777993083000183,SELL
2002,2026-05-05,2026-05-05T13:30:00+08:00,2026-05-06,18.6,2026-05-08,18.75,0.008064516129032251,0.002175730229584172,xgboost,test,1,0.3268265724182129,0.3867845833301544,0.2863888144493103,HOLD
2002,2026-05-06,2026-05-06T13:30:00+08:00,2026-05-07,18.8,2026-05-11,18.6,-0.010638297872340385,-0.016417827999356427,xgboost,test,0,0.28976428508758545,0.33937937021255493,0.37085631489753723,BUY
2002,2026-05-07,2026-05-07T13:30:00+08:00,2026-05-08,18.85,2026-05-12,18.5,-0.018567639257294544,-0.02430084874412053,xgboost,test,0,0.2444077879190445,0.5959246158599854,0.15966758131980896,HOLD
2002,2026-05-08,2026-05-08T13:30:00+08:00,2026-05-11,18.85,2026-05-13,18.4,-0.023872679045092937,-0.02957489821036874,xgboost,test,0,0.33853888511657715,0.5329309701919556,0.12853015959262848,HOLD
2002,2026-05-11,2026-05-11T13:30:00+08:00,2026-05-12,18.8,2026-05-14,18.3,-0.02659574468085102,-0.03228205658001182,xgboost,test,0,0.3586863875389099,0.3667297959327698,0.2745837867259979,HOLD
2002,2026-05-12,2026-05-12T13:30:00+08:00,2026-05-13,18.5,2026-05-15,18.15,-0.018918918918918948,-0.02465007634391292,xgboost,test,0,0.4086265563964844,0.38634824752807617,0.20502522587776184,SELL
2002,2026-05-13,2026-05-13T13:30:00+08:00,2026-05-14,18.5,2026-05-18,18.2,-0.016216216216216273,-0.021963161953675647,xgboost,test,0,0.322122722864151,0.5141327977180481,0.16374444961547852,HOLD
2002,2026-05-14,2026-05-14T13:30:00+08:00,2026-05-15,18.3,2026-05-19,18.2,-0.005464480874317057,-0.011274234761912472,xgboost,test,0,0.4622611999511719,0.2890154719352722,0.24872325360774994,SELL
2002,2026-05-15,2026-05-15T13:30:00+08:00,2026-05-18,18.15,2026-05-20,18.1,-0.0027548209366389242,-0.008580403778609691,xgboost,test,1,0.38386473059654236,0.3557243347167969,0.26041093468666077,SELL
2002,2026-05-18,2026-05-18T13:30:00+08:00,2026-05-19,18.35,2026-05-21,18.2,-0.008174386920981047,-0.013968310416512253,xgboost,test,0,0.4428650140762329,0.38294440507888794,0.17419058084487915,SELL
2002,2026-05-19,2026-05-19T13:30:00+08:00,2026-05-20,18.25,2026-05-22,18.15,-0.005479452054794609,-0.011289118485610317,xgboost,test,0,0.3320314586162567,0.4495633840560913,0.21840521693229675,HOLD
2002,2026-05-20,2026-05-20T13:30:00+08:00,2026-05-21,18.3,2026-05-25,19.95,0.0901639344262295,0.08379555035713437,xgboost,test,2,0.46207594871520996,0.43519100546836853,0.10273300111293793,SELL
2002,2026-05-21,2026-05-21T13:30:00+08:00,2026-05-22,18.25,2026-05-26,19.5,0.06849315068493156,0.06225136030471634,xgboost,test,2,0.31652116775512695,0.45288002490997314,0.2305988371372223,HOLD
2002,2026-05-22,2026-05-22T13:30:00+08:00,2026-05-25,18.5,2026-05-27,19.1,0.032432432432432545,0.026401297070593355,xgboost,test,2,0.3848440647125244,0.4441964030265808,0.1709594875574112,HOLD
2002,2026-05-25,2026-05-25T13:30:00+08:00,2026-05-26,21.0,2026-05-28,18.85,-0.10238095238095235,-0.10762455168052187,xgboost,test,0,0.575371503829956,0.2343142330646515,0.19031424820423126,SELL
2002,2026-05-26,2026-05-26T13:30:00+08:00,2026-05-27,19.65,2026-05-29,19.1,-0.027989821882951516,-0.03366799003531906,xgboost,test,0,0.30809855461120605,0.24626970291137695,0.4456317722797394,BUY
2002,2026-05-27,2026-05-27T13:30:00+08:00,2026-05-28,19.1,2026-06-01,19.1,0.0,-0.005841675612252462,xgboost,test,1,0.476870059967041,0.2543941140174866,0.2687358856201172,SELL
2002,2026-05-28,2026-05-28T13:30:00+08:00,2026-05-29,19.05,2026-06-02,18.95,-0.005249343832021025,-0.011060354480429746,xgboost,test,0,0.5614678263664246,0.3160058856010437,0.12252631038427353,SELL
2002,2026-05-29,2026-05-29T13:30:00+08:00,2026-06-01,19.2,2026-06-03,19.4,0.01041666666666674,0.004514140266786315,xgboost,test,1,0.3401535153388977,0.4301505386829376,0.22969591617584229,HOLD
2002,2026-06-01,2026-06-01T13:30:00+08:00,2026-06-02,19.1,2026-06-04,19.25,0.00785340314136107,0.001965850495504462,xgboost,test,1,0.36269885301589966,0.30015432834625244,0.3371467590332031,SELL
2002,2026-06-02,2026-06-02T13:30:00+08:00,2026-06-03,19.1,2026-06-05,19.3,0.010471204188481575,0.004568359198090288,xgboost,test,1,0.48264068365097046,0.384011834859848,0.13334746658802032,SELL
2002,2026-06-03,2026-06-03T13:30:00+08:00,2026-06-04,19.45,2026-06-08,18.65,-0.04113110539845766,-0.04673250643539906,xgboost,test,0,0.44763341546058655,0.4346514940261841,0.11771507561206818,SELL
2002,2026-06-04,2026-06-04T13:30:00+08:00,2026-06-05,19.35,2026-06-09,18.75,-0.03100775193798455,-0.03666829032195029,xgboost,test,0,0.5323362350463867,0.26850998401641846,0.19915376603603363,SELL
2002,2026-06-05,2026-06-05T13:30:00+08:00,2026-06-08,18.6,2026-06-10,18.7,0.005376344086021501,-0.0004967383843615947,xgboost,test,1,0.4079919755458832,0.4641937017440796,0.12781432271003723,HOLD
2002,2026-06-08,2026-06-08T13:30:00+08:00,2026-06-09,18.75,2026-06-11,18.55,-0.010666666666666602,-0.0164460310723884,xgboost,test,0,0.3554495573043823,0.38426339626312256,0.2602870464324951,HOLD
2002,2026-06-09,2026-06-09T13:30:00+08:00,2026-06-10,18.75,2026-06-12,18.9,0.008000000000000007,0.0021115909828492985,xgboost,test,1,0.44421181082725525,0.34329724311828613,0.21249091625213623,SELL
2002,2026-06-10,2026-06-10T13:30:00+08:00,2026-06-11,18.7,2026-06-15,19.0,0.016042780748663166,0.010107388415358631,xgboost,test,2,0.5063186883926392,0.388586163520813,0.10509516298770905,SELL
2002,2026-06-11,2026-06-11T13:30:00+08:00,2026-06-12,18.75,2026-06-16,18.65,-0.005333333333333412,-0.011143853342320709,xgboost,test,0,0.40035685896873474,0.43352821469306946,0.1661149114370346,HOLD
2002,2026-06-12,2026-06-12T13:30:00+08:00,2026-06-15,19.2,2026-06-17,18.75,-0.0234375,-0.029142261340090347,xgboost,test,0,0.4310392439365387,0.4241582155227661,0.144802525639534,SELL
2002,2026-06-15,2026-06-15T13:30:00+08:00,2026-06-16,19.05,2026-06-18,19.1,0.002624671916010568,-0.003232336178163986,xgboost,test,1,0.48840540647506714,0.3215823471546173,0.19001224637031555,SELL
2002,2026-06-16,2026-06-16T13:30:00+08:00,2026-06-17,18.65,2026-06-22,19.5,0.04557640750670244,0.03946848930622382,xgboost,test,2,0.5115402340888977,0.27277320623397827,0.21568657457828522,SELL
2002,2026-06-17,2026-06-17T13:30:00+08:00,2026-06-18,18.8,2026-06-23,19.2,0.02127659574468077,0.015310629161954692,xgboost,test,2,0.2638891339302063,0.4598400890827179,0.2762707471847534,HOLD
2002,2026-06-18,2026-06-18T13:30:00+08:00,2026-06-22,19.25,2026-06-24,19.35,0.0051948051948051965,-0.0006772167842641341,xgboost,test,1,0.40053147077560425,0.45776256918907166,0.1417059302330017,HOLD
2002,2026-06-22,2026-06-22T13:30:00+08:00,2026-06-23,19.75,2026-06-25,19.05,-0.03544303797468351,-0.04107766685637537,xgboost,test,0,0.4098091721534729,0.24871595203876495,0.34147483110427856,SELL
2002,2026-06-23,2026-06-23T13:30:00+08:00,2026-06-24,19.15,2026-06-26,19.0,-0.007832898172323688,-0.013628816534349664,xgboost,test,0,0.39950037002563477,0.32482054829597473,0.2756790816783905,SELL
2002,2026-06-24,2026-06-24T13:30:00+08:00,2026-06-25,19.4,2026-06-29,19.05,-0.018041237113401998,-0.023777521670794277,xgboost,test,0,0.5171539187431335,0.277672678232193,0.20517344772815704,SELL
2002,2026-06-25,2026-06-25T13:30:00+08:00,2026-06-26,19.0,2026-06-30,18.8,-0.010526315789473606,-0.01630650007949208,xgboost,test,0,0.4308456480503082,0.317523717880249,0.2516306936740875,SELL
2303,2026-01-02,2026-01-02T14:30:00+08:00,2026-01-05,48.5,2026-01-07,54.1,0.11546391752577323,0.10894773916241518,xgboost,test,2,0.296912282705307,0.31881317496299744,0.38427454233169556,BUY
2303,2026-01-05,2026-01-05T14:30:00+08:00,2026-01-06,48.85,2026-01-08,52.8,0.08085977482088014,0.07454574263404412,xgboost,test,2,0.3427846133708954,0.3385085463523865,0.3187068700790405,SELL
2303,2026-01-06,2026-01-06T14:30:00+08:00,2026-01-07,50.8,2026-01-09,55.1,0.08464566929133865,0.0783095211371041,xgboost,test,2,0.35301125049591064,0.3082773685455322,0.33871135115623474,SELL
2303,2026-01-07,2026-01-07T14:30:00+08:00,2026-01-08,57.0,2026-01-12,55.3,-0.029824561403508865,-0.035492011602764495,xgboost,test,0,0.596035361289978,0.19139735400676727,0.21256722509860992,SELL
2303,2026-01-08,2026-01-08T14:30:00+08:00,2026-01-09,54.4,2026-01-13,54.9,0.009191176470588314,0.0032958089868995177,xgboost,test,1,0.26490965485572815,0.2644987404346466,0.47059160470962524,BUY
2303,2026-01-09,2026-01-09T13:30:00+08:00,2026-01-12,57.0,2026-01-14,54.0,-0.052631578947368474,-0.05816579794844989,xgboost,test,0,0.29097697138786316,0.286970317363739,0.4220527410507202,BUY
2303,2026-01-12,2026-01-12T14:30:00+08:00,2026-01-13,55.5,2026-01-15,54.7,-0.014414414414414378,-0.020171885693517244,xgboost,test,0,0.6054243445396423,0.19450198113918304,0.2000737488269806,SELL
2303,2026-01-13,2026-01-13T14:30:00+08:00,2026-01-14,55.1,2026-01-16,58.5,0.06170598911070768,0.05550384712673728,xgboost,test,2,0.4190983772277832,0.2927084267139435,0.2881932258605957,SELL
2303,2026-01-14,2026-01-14T14:30:00+08:00,2026-01-15,54.7,2026-01-19,62.5,0.14259597806215707,0.13592130300245353,xgboost,test,2,0.39294373989105225,0.3301040530204773,0.27695220708847046,SELL
2303,2026-01-15,2026-01-15T14:30:00+08:00,2026-01-16,54.8,2026-01-20,67.8,0.23722627737226287,0.22999880280089924,xgboost,test,2,0.3253520131111145,0.3227030336856842,0.3519449532032013,BUY
2303,2026-01-16,2026-01-16T14:30:00+08:00,2026-01-19,60.3,2026-01-21,68.4,0.1343283582089554,0.1277019799025194,xgboost,test,2,0.20496758818626404,0.5395809412002563,0.255451500415802,HOLD
2303,2026-01-19,2026-01-19T14:30:00+08:00,2026-01-20,62.4,2026-01-22,67.6,0.08333333333333326,0.07700485142005964,xgboost,test,2,0.2496393620967865,0.44837650656700134,0.30198416113853455,HOLD
2303,2026-01-20,2026-01-20T14:30:00+08:00,2026-01-21,70.9,2026-01-23,64.8,-0.0860366713681242,-0.09137574865548614,xgboost,test,0,0.533752977848053,0.20448441803455353,0.2617625892162323,SELL
2303,2026-01-21,2026-01-21T14:30:00+08:00,2026-01-22,71.5,2026-01-26,69.3,-0.03076923076923077,-0.036431162516491034,xgboost,test,0,0.518808126449585,0.3252459764480591,0.15594591200351715,SELL
2303,2026-01-22,2026-01-22T14:30:00+08:00,2026-01-23,68.0,2026-01-27,76.2,0.12058823529411766,0.11404212232862276,xgboost,test,2,0.3656744658946991,0.3111119568347931,0.3232136070728302,SELL
2303,2026-01-23,2026-01-23T14:30:00+08:00,2026-01-26,66.0,2026-01-28,75.9,0.15000000000000013,0.14328207304590967,xgboost,test,2,0.3307991921901703,0.3870561718940735,0.2821446359157562,HOLD
2303,2026-01-26,2026-01-26T14:30:00+08:00,2026-01-27,71.1,2026-01-29,68.4,-0.03797468354430367,-0.043594523373812644,xgboost,test,0,0.35329246520996094,0.36727550625801086,0.2794320583343506,HOLD
2303,2026-01-27,2026-01-27T14:30:00+08:00,2026-01-28,79.6,2026-01-30,62.4,-0.2160804020100502,-0.22065980600759483,xgboost,test,0,0.2298894226551056,0.5665018558502197,0.2036086767911911,HOLD
2303,2026-01-28,2026-01-28T14:30:00+08:00,2026-01-29,70.3,2026-02-02,60.7,-0.13655761024182067,-0.14160156059265605,xgboost,test,0,0.2930075526237488,0.32477161288261414,0.3822207748889923,BUY
2303,2026-01-29,2026-01-29T14:30:00+08:00,2026-01-30,65.0,2026-02-03,60.8,-0.06461538461538463,-0.07007959811115327,xgboost,test,0,0.3664033114910126,0.4240941107273102,0.20950259268283844,HOLD
2303,2026-01-30,2026-01-30T14:30:00+08:00,2026-02-02,62.3,2026-02-04,61.8,-0.008025682182985605,-0.013820474363358093,xgboost,test,0,0.4890328347682953,0.36094799637794495,0.15001921355724335,SELL
2303,2026-02-02,2026-02-02T14:30:00+08:00,2026-02-03,62.5,2026-02-05,61.5,-0.016000000000000014,-0.021748208802456426,xgboost,test,0,0.26581400632858276,0.3609964847564697,0.3731895089149475,BUY
2303,2026-02-03,2026-02-03T14:30:00+08:00,2026-02-04,60.6,2026-02-06,61.9,0.021452145214521323,0.015485153128738771,xgboost,test,2,0.3532063066959381,0.2425270974636078,0.4042665958404541,BUY
2303,2026-02-04,2026-02-04T14:30:00+08:00,2026-02-05,61.8,2026-02-09,62.4,0.009708737864077666,0.003810346954618904,xgboost,test,1,0.48064032196998596,0.3472401201725006,0.17211951315402985,SELL
2303,2026-02-05,2026-02-05T14:30:00+08:00,2026-02-06,61.1,2026-02-10,62.4,0.02127659574468077,0.015310629161954692,xgboost,test,2,0.32104170322418213,0.4048715829849243,0.27408671379089355,HOLD
2303,2026-02-06,2026-02-06T14:30:00+08:00,2026-02-09,63.6,2026-02-11,62.8,-0.012578616352201366,-0.01834681176807329,xgboost,test,0,0.4655549228191376,0.27294647693634033,0.2614986300468445,SELL
2303,2026-02-09,2026-02-09T14:30:00+08:00,2026-02-10,62.8,2026-02-23,63.9,0.01751592356687892,0.011571925611099765,xgboost,test,2,0.3327665627002716,0.5156281590461731,0.1516052633523941,HOLD
2303,2026-02-10,2026-02-10T14:30:00+08:00,2026-02-11,62.9,2026-02-24,67.5,0.0731319554848966,0.06686306671181175,xgboost,test,2,0.4924694895744324,0.27331554889678955,0.23421499133110046,SELL
2303,2026-02-11,2026-02-11T14:30:00+08:00,2026-02-23,65.2,2026-02-25,65.5,0.004601226993864893,-0.0012673274939041246,xgboost,test,1,0.3227240741252899,0.5007178783416748,0.17655804753303528,HOLD
2303,2026-02-23,2026-02-23T14:30:00+08:00,2026-02-24,64.3,2026-02-26,65.4,0.017107309486780853,0.011165698521908185,xgboost,test,2,0.3538188934326172,0.35968998074531555,0.2864910662174225,HOLD
2303,2026-02-24,2026-02-24T14:30:00+08:00,2026-02-25,69.3,2026-03-02,64.5,-0.06926406926406925,-0.0747011266520966,xgboost,test,0,0.46922653913497925,0.35010164976119995,0.1806717962026596,SELL
2303,2026-02-25,2026-02-25T14:30:00+08:00,2026-02-26,66.0,2026-03-03,62.6,-0.051515151515151514,-0.05705589232313646,xgboost,test,0,0.4854520261287689,0.3752831220626831,0.13926488161087036,SELL
2303,2026-02-26,2026-02-26T14:30:00+08:00,2026-03-02,64.1,2026-03-04,60.0,-0.06396255850234,-0.06943058559649218,xgboost,test,0,0.46366092562675476,0.35836872458457947,0.17797036468982697,SELL
2303,2026-03-02,2026-03-02T14:30:00+08:00,2026-03-03,64.5,2026-03-05,62.1,-0.037209302325581395,-0.04283361326388979,xgboost,test,0,0.33810698986053467,0.2632734477519989,0.39861956238746643,BUY
2303,2026-03-03,2026-03-03T14:30:00+08:00,2026-03-04,61.0,2026-03-06,62.0,0.016393442622950838,0.010456001836727014,xgboost,test,2,0.45896631479263306,0.16458377242088318,0.37644991278648376,SELL
2303,2026-03-04,2026-03-04T14:30:00+08:00,2026-03-05,62.5,2026-03-09,59.7,-0.04479999999999995,-0.05037996854482352,xgboost,test,0,0.46879538893699646,0.31272274255752563,0.21848183870315552,SELL
2303,2026-03-05,2026-03-05T14:30:00+08:00,2026-03-06,62.1,2026-03-10,60.4,-0.027375201288244777,-0.03305695985475143,xgboost,test,0,0.42617911100387573,0.27974826097488403,0.29407262802124023,SELL
2303,2026-03-06,2026-03-06T14:30:00+08:00,2026-03-09,58.3,2026-03-11,62.2,0.0668953687821614,0.06066291212552133,xgboost,test,2,0.4143291413784027,0.2770248353481293,0.308646023273468,SELL
2303,2026-03-09,2026-03-09T14:30:00+08:00,2026-03-10,60.8,2026-03-12,60.6,-0.003289473684210509,-0.00911193325826487,xgboost,test,1,0.2048529088497162,0.6007559299468994,0.1943911463022232,HOLD
2303,2026-03-10,2026-03-10T14:30:00+08:00,2026-03-11,62.2,2026-03-13,59.5,-0.043408360128617374,-0.048996458182138825,xgboost,test,0,0.587928831577301,0.18330268561840057,0.2287684977054596,SELL
2303,2026-03-11,2026-03-11T14:30:00+08:00,2026-03-12,62.2,2026-03-16,60.5,-0.027331189710610992,-0.033013205378477295,xgboost,test,0,0.2855363190174103,0.4455068111419678,0.26895684003829956,HOLD
2303,2026-03-12,2026-03-12T14:30:00+08:00,2026-03-13,59.8,2026-03-17,60.7,0.015050167224080369,0.00912057341699457,xgboost,test,1,0.400553822517395,0.2550968527793884,0.34434938430786133,SELL
2303,2026-03-13,2026-03-13T14:30:00+08:00,2026-03-16,60.5,2026-03-18,61.1,0.009917355371900749,0.004017745786634164,xgboost,test,1,0.27394899725914,0.43673714995384216,0.28931382298469543,HOLD
2303,2026-03-16,2026-03-16T14:30:00+08:00,2026-03-17,60.9,2026-03-19,58.7,-0.03612479474548436,-0.04175544102527462,xgboost,test,0,0.3405510187149048,0.37352120876312256,0.28592780232429504,HOLD
2303,2026-03-17,2026-03-17T14:30:00+08:00,2026-03-18,61.3,2026-03-20,57.8,-0.057096247960848334,-0.06260438581383687,xgboost,test,0,0.45636335015296936,0.21799015998840332,0.3256465196609497,SELL
2303,2026-03-18,2026-03-18T14:30:00+08:00,2026-03-19,60.4,2026-03-23,56.7,-0.06125827814569529,-0.06674210276845549,xgboost,test,0,0.49868354201316833,0.2579082250595093,0.243408203125,SELL
2303,2026-03-19,2026-03-19T14:30:00+08:00,2026-03-20,58.5,2026-03-24,56.5,-0.03418803418803418,-0.039829994394739665,xgboost,test,0,0.3363420069217682,0.3780622184276581,0.28559574484825134,HOLD
2303,2026-03-20,2026-03-20T14:30:00+08:00,2026-03-23,56.0,2026-03-25,59.1,0.05535714285714288,0.04919208877349779,xgboost,test,2,0.3661370873451233,0.48503419756889343,0.14882870018482208,HOLD
2303,2026-03-23,2026-03-23T14:30:00+08:00,2026-03-24,57.5,2026-03-26,58.2,0.012173913043478368,0.00626112138029411,xgboost,test,1,0.28951552510261536,0.4592408537864685,0.2512436509132385,HOLD
2303,2026-03-24,2026-03-24T14:30:00+08:00,2026-03-25,58.0,2026-03-27,57.8,-0.0034482758620689724,-0.009269807765313831,xgboost,test,1,0.24799031019210815,0.46165046095848083,0.2903592884540558,HOLD
2303,2026-03-25,2026-03-25T14:30:00+08:00,2026-03-26,59.4,2026-03-30,57.0,-0.04040404040404033,-0.04600968871882827,xgboost,test,0,0.31258389353752136,0.4349413514137268,0.25247469544410706,HOLD
2303,2026-03-26,2026-03-26T14:30:00+08:00,2026-03-27,57.1,2026-03-31,56.5,-0.010507880910682998,-0.01628817289128326,xgboost,test,0,0.532697856426239,0.2220177799463272,0.24528436362743378,SELL
2303,2026-03-27,2026-03-27T14:30:00+08:00,2026-03-30,56.3,2026-04-01,57.4,0.019538188277087087,0.013582376906868587,xgboost,test,2,0.3286425471305847,0.4293483793735504,0.24200905859470367,HOLD
2303,2026-03-30,2026-03-30T14:30:00+08:00,2026-03-31,55.9,2026-04-02,53.6,-0.041144901610017826,-0.046746222053966724,xgboost,test,0,0.3624502420425415,0.2817908227443695,0.3557589650154114,SELL
2303,2026-03-31,2026-03-31T14:30:00+08:00,2026-04-01,57.5,2026-04-07,58.3,0.013913043478260834,0.007990092379229097,xgboost,test,1,0.40529730916023254,0.46065303683280945,0.13404971361160278,HOLD
2303,2026-04-01,2026-04-01T14:30:00+08:00,2026-04-02,57.5,2026-04-08,60.3,0.04869565217391303,0.04256951235793327,xgboost,test,2,0.5055386424064636,0.24127702414989471,0.25318431854248047,SELL
2303,2026-04-02,2026-04-02T14:30:00+08:00,2026-04-07,54.7,2026-04-09,60.0,0.09689213893967086,0.09048445088235546,xgboost,test,2,0.46131137013435364,0.3404608964920044,0.19822771847248077,SELL
2303,2026-04-07,2026-04-07T14:30:00+08:00,2026-04-08,59.8,2026-04-10,62.0,0.03678929765886285,0.03073271090368479,xgboost,test,2,0.3238905966281891,0.49455952644348145,0.18154986202716827,HOLD
2303,2026-04-08,2026-04-08T14:30:00+08:00,2026-04-09,60.6,2026-04-13,60.1,-0.008250825082508295,-0.014044302051095303,xgboost,test,0,0.4267347753047943,0.21928516030311584,0.35398009419441223,SELL
2303,2026-04-09,2026-04-09T14:30:00+08:00,2026-04-10,59.7,2026-04-14,59.7,0.0,-0.005841675612252573,xgboost,test,1,0.18922404944896698,0.5462157130241394,0.2645602226257324,HOLD
2303,2026-04-10,2026-04-10T14:30:00+08:00,2026-04-13,61.5,2026-04-15,62.1,0.009756097560975618,0.003857429991530381,xgboost,test,1,0.4220094680786133,0.3135354816913605,0.26445502042770386,SELL
2303,2026-04-13,2026-04-13T14:30:00+08:00,2026-04-14,60.1,2026-04-16,68.3,0.13643926788685512,0.12980055833083437,xgboost,test,2,0.24751950800418854,0.29476597905158997,0.4577145576477051,BUY
2303,2026-04-14,2026-04-14T14:30:00+08:00,2026-04-15,60.1,2026-04-17,73.0,0.21464226289517474,0.20754671681040882,xgboost,test,2,0.4417594075202942,0.286144495010376,0.27209609746932983,SELL
2303,2026-04-15,2026-04-15T14:30:00+08:00,2026-04-16,66.5,2026-04-20,76.9,0.1563909774436092,0.14963571647244778,xgboost,test,2,0.5940371155738831,0.22552070021629333,0.1804421842098236,SELL
2303,2026-04-16,2026-04-16T14:30:00+08:00,2026-04-17,68.3,2026-04-21,76.2,0.11566617862371897,0.10914881871663762,xgboost,test,2,0.44957584142684937,0.4167293310165405,0.1336948573589325,SELL
2303,2026-04-17,2026-04-17T14:30:00+08:00,2026-04-20,78.0,2026-04-22,78.6,0.007692307692307665,0.0018056961138070982,xgboost,test,1,0.25576162338256836,0.22291116416454315,0.5213272571563721,BUY
2303,2026-04-20,2026-04-20T14:30:00+08:00,2026-04-21,78.0,2026-04-23,73.6,-0.05641025641025643,-0.06192240160335638,xgboost,test,0,0.4807226359844208,0.35811349749565125,0.16116386651992798,SELL
2303,2026-04-21,2026-04-21T14:30:00+08:00,2026-04-22,76.5,2026-04-24,74.5,-0.02614379084967322,-0.031832742916507395,xgboost,test,0,0.44694820046424866,0.2543327212333679,0.2987191379070282,SELL
2303,2026-04-22,2026-04-22T14:30:00+08:00,2026-04-23,79.5,2026-04-27,72.7,-0.08553459119496853,-0.09087660147183341,xgboost,test,0,0.32374003529548645,0.2730640769004822,0.40319588780403137,BUY
2303,2026-04-23,2026-04-23T14:30:00+08:00,2026-04-24,77.0,2026-04-28,75.1,-0.02467532467532474,-0.030372855045197045,xgboost,test,0,0.25782760977745056,0.47012490034103394,0.2720474302768707,HOLD
2303,2026-04-24,2026-04-24T14:30:00+08:00,2026-04-27,76.0,2026-04-29,74.5,-0.019736842105263164,-0.02546322148832647,xgboost,test,0,0.4483712911605835,0.2876414954662323,0.2639872431755066,SELL
2303,2026-04-27,2026-04-27T14:30:00+08:00,2026-04-28,72.3,2026-04-30,77.3,0.06915629322268324,0.06291062897887811,xgboost,test,2,0.36361804604530334,0.3374788165092468,0.29890313744544983,SELL
2303,2026-04-28,2026-04-28T14:30:00+08:00,2026-04-29,75.3,2026-05-04,81.2,0.07835325365205859,0.07205386374880596,xgboost,test,2,0.4513722062110901,0.23721250891685486,0.31141534447669983,SELL
2303,2026-04-29,2026-04-29T14:30:00+08:00,2026-04-30,80.5,2026-05-05,83.1,0.032298136645962705,0.02626778579654432,xgboost,test,2,0.2170831561088562,0.47778695821762085,0.30512991547584534,HOLD
2303,2026-04-30,2026-04-30T14:30:00+08:00,2026-05-04,80.0,2026-05-06,91.4,0.14250000000000007,0.13582588561300146,xgboost,test,2,0.3681351840496063,0.28049013018608093,0.35137471556663513,SELL
2303,2026-05-04,2026-05-04T14:30:00+08:00,2026-05-05,80.8,2026-05-07,96.5,0.19430693069306937,0.18733017702249555,xgboost,test,2,0.3911558985710144,0.2812487483024597,0.32759538292884827,SELL
2303,2026-05-05,2026-05-05T14:30:00+08:00,2026-05-06,88.5,2026-05-08,91.3,0.031638418079096065,0.025611921091540424,xgboost,test,2,0.42428910732269287,0.25209683179855347,0.32361412048339844,SELL
2303,2026-05-06,2026-05-06T14:30:00+08:00,2026-05-07,97.4,2026-05-11,95.0,-0.024640657084188944,-0.030338389970883006,xgboost,test,0,0.33146733045578003,0.3101484477519989,0.35838422179222107,BUY
2303,2026-05-07,2026-05-07T14:30:00+08:00,2026-05-08,96.5,2026-05-12,104.5,0.08290155440414515,0.076575594803312,xgboost,test,2,0.34632062911987305,0.28432708978652954,0.369352251291275,BUY
2303,2026-05-08,2026-05-08T14:30:00+08:00,2026-05-11,94.7,2026-05-13,98.4,0.03907074973600855,0.03300083547787058,xgboost,test,2,0.40255728363990784,0.2836441397666931,0.31379860639572144,SELL
2303,2026-05-11,2026-05-11T14:30:00+08:00,2026-05-12,96.7,2026-05-14,108.0,0.11685625646328845,0.11033194450751505,xgboost,test,2,0.5367483496665955,0.1955430805683136,0.26770851016044617,SELL
2303,2026-05-12,2026-05-12T14:30:00+08:00,2026-05-13,102.0,2026-05-15,110.0,0.07843137254901955,0.07213152630051178,xgboost,test,2,0.3514120578765869,0.41645681858062744,0.23213113844394684,HOLD
2303,2026-05-13,2026-05-13T14:30:00+08:00,2026-05-14,102.0,2026-05-18,111.0,0.08823529411764697,0.0818781765396075,xgboost,test,2,0.29719308018684387,0.4063759744167328,0.29643094539642334,HOLD
2303,2026-05-14,2026-05-14T14:30:00+08:00,2026-05-15,112.0,2026-05-19,113.0,0.008928571428571397,0.0030347379983524103,xgboost,test,1,0.5651264190673828,0.23411262035369873,0.20076096057891846,SELL
2303,2026-05-15,2026-05-15T14:30:00+08:00,2026-05-18,108.5,2026-05-20,108.0,-0.004608294930875556,-0.010423050379016363,xgboost,test,0,0.6205084919929504,0.17911912500858307,0.2003723829984665,SELL
2303,2026-05-18,2026-05-18T14:30:00+08:00,2026-05-19,112.5,2026-05-21,116.0,0.03111111111111109,0.02508769447981063,xgboost,test,2,0.4622150659561157,0.24326428771018982,0.29452070593833923,SELL
2303,2026-05-19,2026-05-19T14:30:00+08:00,2026-05-20,114.0,2026-05-22,114.0,0.0,-0.005841675612252684,xgboost,test,1,0.5779666304588318,0.32940244674682617,0.09263094514608383,SELL
2303,2026-05-20,2026-05-20T14:30:00+08:00,2026-05-21,112.5,2026-05-25,125.0,0.11111111111111116,0.10462036043083045,xgboost,test,2,0.5089418292045593,0.22546222805976868,0.265595942735672,SELL
2303,2026-05-21,2026-05-21T14:30:00+08:00,2026-05-22,119.5,2026-05-26,130.5,0.09205020920502083,0.08567080613055267,xgboost,test,2,0.6989794373512268,0.17569446563720703,0.12532611191272736,SELL
2303,2026-05-22,2026-05-22T14:30:00+08:00,2026-05-25,115.0,2026-05-27,143.5,0.24782608695652164,0.24053669173601522,xgboost,test,2,0.35721147060394287,0.4624972641468048,0.18029125034809113,HOLD
2303,2026-05-25,2026-05-25T14:30:00+08:00,2026-05-26,129.0,2026-05-28,142.0,0.10077519379844957,0.09434482219426443,xgboost,test,2,0.6278709173202515,0.21770572662353516,0.1544233113527298,SELL
2303,2026-05-26,2026-05-26T14:30:00+08:00,2026-05-27,139.5,2026-05-29,144.5,0.03584229390680993,0.029791239240354983,xgboost,test,2,0.5690649151802063,0.21170692145824432,0.21922814846038818,SELL
2303,2026-05-27,2026-05-27T14:30:00+08:00,2026-05-28,145.0,2026-06-01,146.0,0.006896551724137945,0.0010145886938697224,xgboost,test,1,0.3483564853668213,0.4350544810295105,0.21658901870250702,HOLD
2303,2026-05-28,2026-05-28T14:30:00+08:00,2026-05-29,149.0,2026-06-02,141.5,-0.05033557046979864,-0.05588320200760888,xgboost,test,0,0.5293241143226624,0.25908493995666504,0.21159090101718903,SELL
2303,2026-05-29,2026-05-29T14:30:00+08:00,2026-06-01,143.0,2026-06-03,130.5,-0.0874125874125874,-0.09274362704474792,xgboost,test,0,0.37674081325531006,0.41618838906288147,0.20707082748413086,HOLD
2303,2026-06-01,2026-06-01T14:30:00+08:00,2026-06-02,147.0,2026-06-04,125.0,-0.1496598639455783,-0.1546272751804869,xgboost,test,0,0.4526801109313965,0.4181502163410187,0.12916970252990723,SELL
2303,2026-06-02,2026-06-02T14:30:00+08:00,2026-06-03,141.5,2026-06-05,131.5,-0.07067137809187274,-0.07610021443824178,xgboost,test,0,0.2891402542591095,0.4016481935977936,0.3092115521430969,HOLD
2303,2026-06-03,2026-06-03T14:30:00+08:00,2026-06-04,126.5,2026-06-08,121.0,-0.04347826086956519,-0.0490659505856329,xgboost,test,0,0.34851163625717163,0.19157786667346954,0.45991048216819763,BUY
2303,2026-06-04,2026-06-04T14:30:00+08:00,2026-06-05,127.0,2026-06-09,127.5,0.003937007874015741,-0.001927666461119748,xgboost,test,1,0.3682079613208771,0.5230526328086853,0.10873939096927643,HOLD
2303,2026-06-05,2026-06-05T14:30:00+08:00,2026-06-08,121.0,2026-06-10,118.5,-0.02066115702479343,-0.02638213685993329,xgboost,test,0,0.4716629087924957,0.2841181755065918,0.24421891570091248,SELL
2303,2026-06-08,2026-06-08T14:30:00+08:00,2026-06-09,124.5,2026-06-11,125.0,0.004016064257028162,-0.0018490718998520617,xgboost,test,1,0.5879769325256348,0.2752264440059662,0.13679665327072144,SELL
2303,2026-06-09,2026-06-09T14:30:00+08:00,2026-06-10,126.5,2026-06-12,133.5,0.05533596837944654,0.0491710379902317,xgboost,test,2,0.4974977970123291,0.28655675053596497,0.21594549715518951,SELL
2303,2026-06-10,2026-06-10T14:30:00+08:00,2026-06-11,119.0,2026-06-15,141.5,0.18907563025210083,0.18212943614173338,xgboost,test,2,0.4751535654067993,0.13514453172683716,0.3897019326686859,SELL
2303,2026-06-11,2026-06-11T14:30:00+08:00,2026-06-12,134.0,2026-06-16,141.0,0.052238805970149294,0.046091968199047484,xgboost,test,2,0.1749683916568756,0.6129369735717773,0.21209464967250824,HOLD
2303,2026-06-12,2026-06-12T14:30:00+08:00,2026-06-15,139.5,2026-06-17,140.0,0.0035842293906809264,-0.0022783841269917726,xgboost,test,1,0.4523281455039978,0.31234437227249146,0.23532752692699432,SELL
2303,2026-06-15,2026-06-15T14:30:00+08:00,2026-06-16,144.0,2026-06-18,145.5,0.01041666666666674,0.004514140266786537,xgboost,test,1,0.23598672449588776,0.568640410900116,0.19537286460399628,HOLD
2303,2026-06-16,2026-06-16T14:30:00+08:00,2026-06-17,138.5,2026-06-22,160.0,0.15523465703971118,0.14848615091725348,xgboost,test,2,0.4302254319190979,0.4076497554779053,0.16212473809719086,SELL
2303,2026-06-17,2026-06-17T14:30:00+08:00,2026-06-18,141.0,2026-06-23,170.0,0.2056737588652482,0.19863060387175202,xgboost,test,2,0.29670560359954834,0.4562866687774658,0.24700766801834106,HOLD
2303,2026-06-18,2026-06-18T14:30:00+08:00,2026-06-22,160.0,2026-06-24,178.0,0.11250000000000004,0.10600113588136884,xgboost,test,2,0.588623583316803,0.2714236378669739,0.13995282351970673,SELL
2303,2026-06-23,2026-06-23T14:30:00+08:00,2026-06-24,172.0,2026-06-26,164.0,-0.046511627906976716,-0.052081597676798874,xgboost,test,0,0.37322351336479187,0.419800341129303,0.20697619020938873,HOLD
2303,2026-06-24,2026-06-24T14:30:00+08:00,2026-06-25,183.5,2026-06-29,164.0,-0.10626702997275206,-0.11148792806762631,xgboost,test,0,0.33649516105651855,0.4105103015899658,0.252994567155838,HOLD
2303,2026-06-25,2026-06-25T14:30:00+08:00,2026-06-26,175.0,2026-06-30,164.5,-0.06000000000000005,-0.0654911750755175,xgboost,test,0,0.5031007528305054,0.3259996175765991,0.1708996444940567,SELL
2330,2026-01-02,2026-01-02T14:30:00+08:00,2026-01-05,1630.0,2026-01-07,1675.0,0.027607361963190247,0.02160441309783856,xgboost,test,2,0.2135934680700302,0.5483251810073853,0.23808136582374573,HOLD
2330,2026-01-05,2026-01-05T14:30:00+08:00,2026-01-06,1645.0,2026-01-08,1685.0,0.024316109422492405,0.018332386986841698,xgboost,test,2,0.4340762197971344,0.3462180197238922,0.2197057157754898,SELL
2330,2026-01-06,2026-01-06T14:30:00+08:00,2026-01-07,1665.0,2026-01-09,1680.0,0.009009009009008917,0.003114705688538111,xgboost,test,1,0.41873040795326233,0.4417252540588379,0.13954436779022217,HOLD
2330,2026-01-07,2026-01-07T14:30:00+08:00,2026-01-08,1660.0,2026-01-12,1690.0,0.01807228915662651,0.01212504109355006,xgboost,test,2,0.40977439284324646,0.4480991065502167,0.14212647080421448,HOLD
2330,2026-01-08,2026-01-08T14:30:00+08:00,2026-01-09,1665.0,2026-01-13,1710.0,0.027027027027026973,0.021027468290119034,xgboost,test,2,0.32828810811042786,0.4240580201148987,0.24765387177467346,HOLD
2330,2026-01-09,2026-01-09T13:30:00+08:00,2026-01-12,1700.0,2026-01-14,1710.0,0.00588235294117645,6.314531204809626e-06,xgboost,test,1,0.3706306517124176,0.40721577405929565,0.22215361893177032,HOLD
2330,2026-01-12,2026-01-12T14:30:00+08:00,2026-01-13,1720.0,2026-01-15,1690.0,-0.01744186046511631,-0.023181646386457477,xgboost,test,0,0.48378241062164307,0.3398318886756897,0.17638574540615082,SELL
2330,2026-01-13,2026-01-13T14:30:00+08:00,2026-01-14,1705.0,2026-01-16,1740.0,0.02052785923753664,0.014566266530604555,xgboost,test,2,0.3301529884338379,0.4516090750694275,0.21823786199092865,HOLD
2330,2026-01-14,2026-01-14T14:30:00+08:00,2026-01-15,1685.0,2026-01-19,1760.0,0.04451038575667665,0.03840869490945731,xgboost,test,2,0.4051556885242462,0.5269066691398621,0.06793763488531113,HOLD
2330,2026-01-15,2026-01-15T14:30:00+08:00,2026-01-16,1735.0,2026-01-20,1775.0,0.023054755043227626,0.01707840103069258,xgboost,test,2,0.34330570697784424,0.48541635274887085,0.17127792537212372,HOLD
2330,2026-01-16,2026-01-16T14:30:00+08:00,2026-01-19,1725.0,2026-01-21,1740.0,0.008695652173912993,0.0028031793824234708,xgboost,test,1,0.28481945395469666,0.5529574155807495,0.1622231900691986,HOLD
2330,2026-01-19,2026-01-19T14:30:00+08:00,2026-01-20,1740.0,2026-01-22,1760.0,0.011494252873563315,0.005585431564618215,xgboost,test,1,0.1849408894777298,0.5081717371940613,0.30688735842704773,HOLD
2330,2026-01-20,2026-01-20T14:30:00+08:00,2026-01-21,1745.0,2026-01-23,1770.0,0.014326647564469885,0.008401280324534799,xgboost,test,1,0.40215829014778137,0.3290587067604065,0.26878300309181213,SELL
2330,2026-01-21,2026-01-21T14:30:00+08:00,2026-01-22,1765.0,2026-01-26,1755.0,-0.005665722379603388,-0.01147430067960531,xgboost,test,0,0.3229990303516388,0.5346531271934509,0.1423477977514267,HOLD
2330,2026-01-22,2026-01-22T14:30:00+08:00,2026-01-23,1770.0,2026-01-27,1780.0,0.005649717514124353,-0.00022496191514664865,xgboost,test,1,0.40698114037513733,0.47021061182022095,0.12280827760696411,HOLD
2330,2026-01-23,2026-01-23T14:30:00+08:00,2026-01-26,1765.0,2026-01-28,1820.0,0.031161473087818692,0.025137762258187202,xgboost,test,2,0.48805004358291626,0.3340357840061188,0.17791412770748138,SELL
2330,2026-01-26,2026-01-26T14:30:00+08:00,2026-01-27,1760.0,2026-01-29,1805.0,0.02556818181818188,0.019577145181752353,xgboost,test,2,0.4619694650173187,0.3289204239845276,0.20911012589931488,SELL
2330,2026-01-27,2026-01-27T14:30:00+08:00,2026-01-28,1790.0,2026-01-30,1775.0,-0.008379888268156388,-0.01417261129147962,xgboost,test,0,0.4392232596874237,0.42379432916641235,0.13698242604732513,SELL
2330,2026-01-28,2026-01-28T14:30:00+08:00,2026-01-29,1830.0,2026-02-02,1765.0,-0.03551912568306015,-0.04115331008504142,xgboost,test,0,0.4219759404659271,0.3884011209011078,0.18962296843528748,SELL
2330,2026-01-29,2026-01-29T14:30:00+08:00,2026-01-30,1790.0,2026-02-03,1800.0,0.005586592178770999,-0.00028771849276798545,xgboost,test,1,0.48229166865348816,0.38849881291389465,0.12920956313610077,SELL
2330,2026-01-30,2026-01-30T14:30:00+08:00,2026-02-02,1750.0,2026-02-04,1785.0,0.020000000000000018,0.014041490875502438,xgboost,test,2,0.43284961581230164,0.31960436701774597,0.24754604697227478,SELL
2330,2026-02-02,2026-02-02T14:30:00+08:00,2026-02-03,1810.0,2026-02-05,1765.0,-0.024861878453038666,-0.030558319036257275,xgboost,test,0,0.2465890347957611,0.5579707622528076,0.19544021785259247,HOLD
2330,2026-02-03,2026-02-03T14:30:00+08:00,2026-02-04,1785.0,2026-02-06,1780.0,-0.0028011204481792618,-0.008626432823422792,xgboost,test,1,0.4731440842151642,0.40031519532203674,0.1265406608581543,SELL
2330,2026-02-04,2026-02-04T14:30:00+08:00,2026-02-05,1765.0,2026-02-09,1815.0,0.028328611898017053,0.022321449724510778,xgboost,test,2,0.5115006566047668,0.3490111231803894,0.13948826491832733,SELL
2330,2026-02-05,2026-02-05T14:30:00+08:00,2026-02-06,1745.0,2026-02-10,1880.0,0.0773638968481376,0.07107028644639835,xgboost,test,2,0.29689136147499084,0.46942538022994995,0.2336832731962204,HOLD
2330,2026-02-06,2026-02-06T14:30:00+08:00,2026-02-09,1830.0,2026-02-11,1915.0,0.04644808743169393,0.04033507715985585,xgboost,test,2,0.48420587182044983,0.3114731013774872,0.20432104170322418,SELL
2330,2026-02-09,2026-02-09T14:30:00+08:00,2026-02-10,1845.0,2026-02-23,1900.0,0.02981029810298108,0.023794480399306428,xgboost,test,2,0.43814244866371155,0.41986945271492004,0.1419881135225296,SELL
2330,2026-02-10,2026-02-10T14:30:00+08:00,2026-02-11,1880.0,2026-02-24,1965.0,0.04521276595744683,0.039106972032938225,xgboost,test,2,0.2938178777694702,0.3571839928627014,0.34899815917015076,HOLD
2330,2026-02-11,2026-02-11T14:30:00+08:00,2026-02-23,1900.0,2026-02-25,2015.0,0.06052631578947376,0.05433106507437424,xgboost,test,2,0.3554784953594208,0.357308954000473,0.2872125208377838,HOLD
2330,2026-02-23,2026-02-23T14:30:00+08:00,2026-02-24,1915.0,2026-02-26,1995.0,0.04177545691906004,0.03568974263893265,xgboost,test,2,0.39935895800590515,0.40353861451148987,0.19710245728492737,HOLD
2330,2026-02-24,2026-02-24T14:30:00+08:00,2026-02-25,1995.0,2026-03-02,1975.0,-0.010025062656641603,-0.015808175104861655,xgboost,test,0,0.4545758366584778,0.29112887382507324,0.25429531931877136,SELL
2330,2026-02-25,2026-02-25T14:30:00+08:00,2026-02-26,2000.0,2026-03-03,1935.0,-0.03249999999999997,-0.03815182115485427,xgboost,test,0,0.2933539152145386,0.4771180748939514,0.22952800989151,HOLD
2330,2026-02-26,2026-02-26T14:30:00+08:00,2026-03-02,1940.0,2026-03-04,1865.0,-0.03865979381443296,-0.0442756314519851,xgboost,test,0,0.37691667675971985,0.4448416829109192,0.17824169993400574,HOLD
2330,2026-03-02,2026-03-02T14:30:00+08:00,2026-03-03,1970.0,2026-03-05,1900.0,-0.035532994923857864,-0.04116709830623344,xgboost,test,0,0.30715271830558777,0.3993481695652008,0.2934991121292114,HOLD
2330,2026-03-03,2026-03-03T14:30:00+08:00,2026-03-04,1895.0,2026-03-06,1890.0,-0.0026385224274406704,-0.008464784647576495,xgboost,test,1,0.5230929851531982,0.292785108089447,0.18412190675735474,SELL
2330,2026-03-04,2026-03-04T14:30:00+08:00,2026-03-05,1940.0,2026-03-09,1810.0,-0.0670103092783505,-0.07246053240112227,xgboost,test,0,0.546834409236908,0.33276838064193726,0.12039721012115479,SELL
2330,2026-03-05,2026-03-05T14:30:00+08:00,2026-03-06,1880.0,2026-03-10,1850.0,-0.015957446808510634,-0.021705904192908076,xgboost,test,0,0.4733295142650604,0.19247646629810333,0.33419400453567505,SELL
2330,2026-03-06,2026-03-06T14:30:00+08:00,2026-03-09,1775.0,2026-03-11,1940.0,0.09295774647887334,0.08657304186604509,xgboost,test,2,0.49648213386535645,0.33398106694221497,0.169536754488945,SELL
2330,2026-03-09,2026-03-09T14:30:00+08:00,2026-03-10,1870.0,2026-03-12,1885.0,0.008021390374331583,0.0021328564015530294,xgboost,test,1,0.3922179639339447,0.3304254114627838,0.27735665440559387,SELL
2330,2026-03-10,2026-03-10T14:30:00+08:00,2026-03-11,1885.0,2026-03-13,1865.0,-0.010610079575596787,-0.016389774544748548,xgboost,test,0,0.3420411944389343,0.47323963046073914,0.18471919000148773,HOLD
2330,2026-03-11,2026-03-11T14:30:00+08:00,2026-03-12,1900.0,2026-03-16,1845.0,-0.02894736842105261,-0.03461994289716097,xgboost,test,0,0.33376461267471313,0.22716665267944336,0.4390687644481659,BUY
2330,2026-03-12,2026-03-12T14:30:00+08:00,2026-03-13,1840.0,2026-03-17,1870.0,0.016304347826086918,0.010367427502764981,xgboost,test,2,0.46507665514945984,0.2567225992679596,0.27820077538490295,SELL
2330,2026-03-13,2026-03-13T14:30:00+08:00,2026-03-16,1875.0,2026-03-18,1905.0,0.016000000000000014,0.010064857577951392,xgboost,test,2,0.3931187391281128,0.3690238893032074,0.23785734176635742,SELL
2330,2026-03-16,2026-03-16T14:30:00+08:00,2026-03-17,1875.0,2026-03-19,1850.0,-0.013333333333333308,-0.01909711993742247,xgboost,test,0,0.3218069076538086,0.49535247683525085,0.18284063041210175,HOLD
2330,2026-03-17,2026-03-17T14:30:00+08:00,2026-03-18,1900.0,2026-03-20,1840.0,-0.03157894736842104,-0.037236149013970876,xgboost,test,0,0.4519302546977997,0.36317968368530273,0.1848900467157364,SELL
2330,2026-03-18,2026-03-18T14:30:00+08:00,2026-03-19,1875.0,2026-03-23,1810.0,-0.03466666666666662,-0.04030583085769446,xgboost,test,0,0.37422826886177063,0.3844677209854126,0.24130399525165558,HOLD
2330,2026-03-19,2026-03-19T14:30:00+08:00,2026-03-20,1860.0,2026-03-24,1810.0,-0.026881720430107503,-0.03256636175170813,xgboost,test,0,0.29373034834861755,0.6013451814651489,0.1049245074391365,HOLD
2330,2026-03-20,2026-03-20T14:30:00+08:00,2026-03-23,1790.0,2026-03-25,1845.0,0.030726256983240274,0.024705088544912712,xgboost,test,2,0.47858068346977234,0.40929755568504333,0.11212179064750671,SELL
2330,2026-03-23,2026-03-23T14:30:00+08:00,2026-03-24,1850.0,2026-03-26,1840.0,-0.00540540540540535,-0.011215504392726894,xgboost,test,0,0.3119712769985199,0.4670349061489105,0.2209937870502472,HOLD
2330,2026-03-24,2026-03-24T14:30:00+08:00,2026-03-25,1865.0,2026-03-27,1820.0,-0.024128686327077764,-0.029829409980857702,xgboost,test,0,0.19990243017673492,0.6081126928329468,0.1919848620891571,HOLD
2330,2026-03-25,2026-03-25T14:30:00+08:00,2026-03-26,1850.0,2026-03-30,1780.0,-0.037837837837837784,-0.04345847707557282,xgboost,test,0,0.27621015906333923,0.45335662364959717,0.2704331874847412,HOLD
2330,2026-03-26,2026-03-26T14:30:00+08:00,2026-03-27,1805.0,2026-03-31,1760.0,-0.024930747922437657,-0.030626786192556432,xgboost,test,0,0.45037367939949036,0.3927324414253235,0.15689381957054138,SELL
2330,2026-03-27,2026-03-27T14:30:00+08:00,2026-03-30,1780.0,2026-04-01,1855.0,0.042134831460674205,0.036047017831051464,xgboost,test,2,0.3978796601295471,0.3526017367839813,0.24951867759227753,SELL
2330,2026-03-30,2026-03-30T14:30:00+08:00,2026-03-31,1775.0,2026-04-02,1810.0,0.019718309859154903,0.0137614462770832,xgboost,test,2,0.4658278226852417,0.402998149394989,0.13117407262325287,SELL
2330,2026-03-31,2026-03-31T14:30:00+08:00,2026-04-01,1840.0,2026-04-07,1860.0,0.010869565217391353,0.004964393131092537,xgboost,test,1,0.521071195602417,0.2960066795349121,0.1829221546649933,SELL
2330,2026-04-01,2026-04-01T14:30:00+08:00,2026-04-02,1865.0,2026-04-08,1950.0,0.04557640750670244,0.03946848930622382,xgboost,test,2,0.3503347933292389,0.4374578595161438,0.21220728754997253,HOLD
2330,2026-04-02,2026-04-02T14:30:00+08:00,2026-04-07,1850.0,2026-04-09,1955.0,0.05675675675675684,0.05058352658272769,xgboost,test,2,0.430356502532959,0.36275210976600647,0.20689134299755096,SELL
2330,2026-04-07,2026-04-07T14:30:00+08:00,2026-04-08,1935.0,2026-04-10,2000.0,0.03359173126614978,0.02755382365658643,xgboost,test,2,0.4392867684364319,0.3650989830493927,0.19561420381069183,SELL
2330,2026-04-08,2026-04-08T14:30:00+08:00,2026-04-09,1945.0,2026-04-13,1990.0,0.023136246786632286,0.017159416725767374,xgboost,test,2,0.3433283567428589,0.3553277552127838,0.3013438582420349,HOLD
2330,2026-04-09,2026-04-09T14:30:00+08:00,2026-04-10,1975.0,2026-04-14,2055.0,0.040506329113924044,0.03442802866674488,xgboost,test,2,0.6540237069129944,0.22534415125846863,0.1206321269273758,SELL
2330,2026-04-10,2026-04-10T14:30:00+08:00,2026-04-13,1985.0,2026-04-15,2080.0,0.04785894206549113,0.041737690038546216,xgboost,test,2,0.273881196975708,0.48869597911834717,0.2374228686094284,HOLD
2330,2026-04-13,2026-04-13T14:30:00+08:00,2026-04-14,2015.0,2026-04-16,2085.0,0.03473945409429291,0.0286948418602746,xgboost,test,2,0.4233706295490265,0.38901761174201965,0.18761174380779266,SELL
2330,2026-04-14,2026-04-14T14:30:00+08:00,2026-04-15,2065.0,2026-04-17,2030.0,-0.016949152542372836,-0.022691816703570455,xgboost,test,0,0.6063979864120483,0.22888627648353577,0.16471578180789948,SELL
2330,2026-04-15,2026-04-15T14:30:00+08:00,2026-04-16,2080.0,2026-04-20,2025.0,-0.02644230769230771,-0.03212951592058233,xgboost,test,0,0.3314676880836487,0.3594001531600952,0.3091321885585785,HOLD
2330,2026-04-16,2026-04-16T14:30:00+08:00,2026-04-17,2055.0,2026-04-21,2050.0,-0.0024330900243308973,-0.008260552313925862,xgboost,test,1,0.4031648635864258,0.38621553778648376,0.21061962842941284,SELL
2330,2026-04-17,2026-04-17T14:30:00+08:00,2026-04-20,2030.0,2026-04-22,2050.0,0.009852216748768461,0.003952987682207976,xgboost,test,1,0.3378351628780365,0.44398579001426697,0.21817907691001892,HOLD
2330,2026-04-20,2026-04-20T14:30:00+08:00,2026-04-21,2050.0,2026-04-23,2080.0,0.014634146341463428,0.008706982793421858,xgboost,test,1,0.29625025391578674,0.48803097009658813,0.21571877598762512,HOLD
2330,2026-04-21,2026-04-21T14:30:00+08:00,2026-04-22,2045.0,2026-04-24,2185.0,0.06845965770171158,0.062218062976639565,xgboost,test,2,0.4036322832107544,0.48315486311912537,0.11321289092302322,HOLD
2330,2026-04-22,2026-04-22T14:30:00+08:00,2026-04-23,2090.0,2026-04-27,2265.0,0.08373205741626788,0.07740124628624301,xgboost,test,2,0.34709328413009644,0.45413458347320557,0.1987721174955368,HOLD
2330,2026-04-23,2026-04-23T14:30:00+08:00,2026-04-24,2110.0,2026-04-28,2215.0,0.04976303317535535,0.04363065806581079,xgboost,test,2,0.44805991649627686,0.18478061258792877,0.36715948581695557,SELL
2330,2026-04-24,2026-04-24T14:30:00+08:00,2026-04-27,2280.0,2026-04-29,2180.0,-0.04385964912280704,-0.049445110892416766,xgboost,test,0,0.4188857078552246,0.42485687136650085,0.15625736117362976,HOLD
2330,2026-04-27,2026-04-27T14:30:00+08:00,2026-04-28,2245.0,2026-04-30,2135.0,-0.04899777282850781,-0.05455321934617352,xgboost,test,0,0.3405740559101105,0.4139454960823059,0.24548041820526123,HOLD
2330,2026-04-28,2026-04-28T14:30:00+08:00,2026-04-29,2175.0,2026-05-04,2275.0,0.04597701149425282,0.03986675309522991,xgboost,test,2,0.4646177291870117,0.2847156524658203,0.2506665885448456,SELL
2330,2026-04-29,2026-04-29T14:30:00+08:00,2026-04-30,2205.0,2026-05-05,2250.0,0.020408163265306145,0.014447269783415706,xgboost,test,2,0.4205809533596039,0.35360631346702576,0.22581268846988678,SELL
2330,2026-04-30,2026-04-30T14:30:00+08:00,2026-05-04,2200.0,2026-05-06,2250.0,0.022727272727272707,0.016752831760196152,xgboost,test,2,0.38514846563339233,0.29843729734420776,0.3164142668247223,SELL
2330,2026-05-04,2026-05-04T14:30:00+08:00,2026-05-05,2250.0,2026-05-07,2310.0,0.026666666666666616,0.02066921303808722,xgboost,test,2,0.49444183707237244,0.35631486773490906,0.1492432951927185,SELL
2330,2026-05-05,2026-05-05T14:30:00+08:00,2026-05-06,2250.0,2026-05-08,2290.0,0.01777777777777767,0.011832250154640622,xgboost,test,2,0.3027283251285553,0.47963061928749084,0.21764104068279266,HOLD
2330,2026-05-06,2026-05-06T14:30:00+08:00,2026-05-07,2335.0,2026-05-11,2235.0,-0.04282655246252676,-0.04841804924770199,xgboost,test,0,0.4082234501838684,0.3601508140563965,0.2316257804632187,SELL
2330,2026-05-07,2026-05-07T14:30:00+08:00,2026-05-08,2300.0,2026-05-12,2255.0,-0.019565217391304346,-0.025292599350273837,xgboost,test,0,0.39619308710098267,0.34739238023757935,0.256414532661438,SELL
2330,2026-05-08,2026-05-08T14:30:00+08:00,2026-05-11,2265.0,2026-05-13,2220.0,-0.019867549668874163,-0.02559316550075086,xgboost,test,0,0.36628350615501404,0.4728548526763916,0.16086161136627197,HOLD
2330,2026-05-11,2026-05-11T14:30:00+08:00,2026-05-12,2235.0,2026-05-14,2270.0,0.015659955257270708,0.009726799266302821,xgboost,test,1,0.5091034173965454,0.291404664516449,0.1994919627904892,SELL
2330,2026-05-12,2026-05-12T14:30:00+08:00,2026-05-13,2205.0,2026-05-15,2265.0,0.027210884353741527,0.021210251581971873,xgboost,test,2,0.22772908210754395,0.5521140098571777,0.2201569527387619,HOLD
2330,2026-05-13,2026-05-13T14:30:00+08:00,2026-05-14,2250.0,2026-05-18,2240.0,-0.004444444444444473,-0.010260157053975871,xgboost,test,0,0.4682477116584778,0.3344385027885437,0.19731374084949493,SELL
2330,2026-05-14,2026-05-14T14:30:00+08:00,2026-05-15,2310.0,2026-05-19,2205.0,-0.045454545454545414,-0.05103069035715013,xgboost,test,0,0.27181872725486755,0.5292185544967651,0.19896270334720612,HOLD
2330,2026-05-15,2026-05-15T14:30:00+08:00,2026-05-18,2225.0,2026-05-20,2185.0,-0.017977528089887618,-0.02371418481472909,xgboost,test,0,0.48698940873146057,0.18816588819026947,0.3248446583747864,SELL
2330,2026-05-18,2026-05-18T14:30:00+08:00,2026-05-19,2220.0,2026-05-21,2230.0,0.0045045045045044585,-0.001363484961857231,xgboost,test,1,0.29950836300849915,0.5388017892837524,0.16168983280658722,HOLD
2330,2026-05-19,2026-05-19T14:30:00+08:00,2026-05-20,2205.0,2026-05-22,2255.0,0.0226757369614512,0.01670159704960117,xgboost,test,2,0.3352464437484741,0.5244472622871399,0.140306293964386,HOLD
2330,2026-05-20,2026-05-20T14:30:00+08:00,2026-05-21,2240.0,2026-05-25,2310.0,0.03125,0.025225772024864535,xgboost,test,2,0.3328569829463959,0.47844305634498596,0.18869991600513458,HOLD
2330,2026-05-21,2026-05-21T14:30:00+08:00,2026-05-22,2245.0,2026-05-26,2270.0,0.011135857461024523,0.00522912978182033,xgboost,test,1,0.38699331879615784,0.3949838876724243,0.21802271902561188,HOLD
2330,2026-05-22,2026-05-22T14:30:00+08:00,2026-05-25,2275.0,2026-05-27,2300.0,0.01098901098901095,0.005083141139260894,xgboost,test,1,0.24100136756896973,0.49967285990715027,0.2593257427215576,HOLD
2330,2026-05-25,2026-05-25T14:30:00+08:00,2026-05-26,2320.0,2026-05-28,2295.0,-0.010775862068965525,-0.016554588590568686,xgboost,test,0,0.30035319924354553,0.41851532459259033,0.28113147616386414,HOLD
2330,2026-05-26,2026-05-26T14:30:00+08:00,2026-05-27,2310.0,2026-05-29,2355.0,0.01948051948051943,0.013525044992703572,xgboost,test,2,0.48082292079925537,0.3499380350112915,0.1692390888929367,SELL
2330,2026-05-27,2026-05-27T14:30:00+08:00,2026-05-28,2350.0,2026-06-01,2355.0,0.0021276595744681437,-0.0037264451348320016,xgboost,test,1,0.4482245147228241,0.3812427222728729,0.1705327332019806,SELL
2330,2026-05-28,2026-05-28T14:30:00+08:00,2026-05-29,2340.0,2026-06-02,2380.0,0.017094017094017033,0.011152483778990918,xgboost,test,2,0.4545302093029022,0.3074430227279663,0.2380267232656479,SELL
2330,2026-05-29,2026-05-29T14:30:00+08:00,2026-06-01,2355.0,2026-06-03,2425.0,0.02972399150743099,0.023708677978890647,xgboost,test,2,0.3257959187030792,0.3401586711406708,0.33404541015625,HOLD
2330,2026-06-01,2026-06-01T14:30:00+08:00,2026-06-02,2390.0,2026-06-04,2385.0,-0.0020920502092049986,-0.007921504742770757,xgboost,test,1,0.3998658359050751,0.5244549512863159,0.07567919045686722,HOLD
2330,2026-06-02,2026-06-02T14:30:00+08:00,2026-06-03,2425.0,2026-06-05,2365.0,-0.024742268041237137,-0.030439407349681424,xgboost,test,0,0.2847045361995697,0.537796139717102,0.17749930918216705,HOLD
2330,2026-06-03,2026-06-03T14:30:00+08:00,2026-06-04,2385.0,2026-06-08,2295.0,-0.037735849056603765,-0.0433570840797145,xgboost,test,0,0.4289870858192444,0.3792177736759186,0.19179515540599823,SELL
2330,2026-06-04,2026-06-04T14:30:00+08:00,2026-06-05,2395.0,2026-06-09,2305.0,-0.0375782881002088,-0.0432004435433162,xgboost,test,0,0.37087300419807434,0.4193907380104065,0.20973633229732513,HOLD
2330,2026-06-05,2026-06-05T14:30:00+08:00,2026-06-08,2230.0,2026-06-10,2255.0,0.011210762331838486,0.005303597082677358,xgboost,test,1,0.40416252613067627,0.39659902453422546,0.19923844933509827,SELL
2330,2026-06-08,2026-06-08T14:30:00+08:00,2026-06-09,2305.0,2026-06-11,2250.0,-0.02386117136659438,-0.029563457755995115,xgboost,test,0,0.6131182909011841,0.2780333161354065,0.10884838551282883,SELL
2330,2026-06-09,2026-06-09T14:30:00+08:00,2026-06-10,2285.0,2026-06-12,2310.0,0.010940919037199182,0.005035330125031434,xgboost,test,1,0.4269258975982666,0.3678312599658966,0.20524285733699799,SELL
2330,2026-06-10,2026-06-10T14:30:00+08:00,2026-06-11,2240.0,2026-06-15,2375.0,0.060267857142857206,0.05407411625933034,xgboost,test,2,0.36464357376098633,0.4280829429626465,0.2072734534740448,HOLD
2330,2026-06-11,2026-06-11T14:30:00+08:00,2026-06-12,2325.0,2026-06-16,2400.0,0.032258064516129004,0.026227947755094183,xgboost,test,2,0.31910163164138794,0.4502040147781372,0.23069436848163605,HOLD
2330,2026-06-12,2026-06-12T14:30:00+08:00,2026-06-15,2360.0,2026-06-17,2385.0,0.010593220338983134,0.004689662569821174,xgboost,test,1,0.43410801887512207,0.3942925035953522,0.17159947752952576,SELL
2330,2026-06-15,2026-06-15T14:30:00+08:00,2026-06-16,2375.0,2026-06-18,2410.0,0.01473684210526316,0.008809078641882628,xgboost,test,1,0.5500304698944092,0.337426096200943,0.11254338175058365,SELL
2330,2026-06-16,2026-06-16T14:30:00+08:00,2026-06-17,2355.0,2026-06-22,2510.0,0.06581740976645434,0.059591250196707524,xgboost,test,2,0.38943299651145935,0.3158545196056366,0.29471245408058167,SELL
2330,2026-06-17,2026-06-17T14:30:00+08:00,2026-06-18,2395.0,2026-06-23,2490.0,0.039665970772442494,0.033592579426092284,xgboost,test,2,0.20461632311344147,0.41380876302719116,0.38157492876052856,HOLD
2330,2026-06-18,2026-06-18T14:30:00+08:00,2026-06-22,2455.0,2026-06-24,2390.0,-0.02647657841140527,-0.032163586441256053,xgboost,test,0,0.5508615374565125,0.31121525168418884,0.1379232257604599,SELL
2330,2026-06-22,2026-06-22T14:30:00+08:00,2026-06-23,2510.0,2026-06-25,2390.0,-0.047808764940239,-0.05337115725628838,xgboost,test,0,0.4204953610897064,0.28736817836761475,0.29213646054267883,SELL
2330,2026-06-23,2026-06-23T14:30:00+08:00,2026-06-24,2435.0,2026-06-26,2340.0,-0.03901437371663241,-0.044628140013417306,xgboost,test,0,0.3311404585838318,0.46133917570114136,0.20752032101154327,HOLD
2330,2026-06-24,2026-06-24T14:30:00+08:00,2026-06-25,2410.0,2026-06-29,2370.0,-0.016597510373444035,-0.022342228714124057,xgboost,test,0,0.403261661529541,0.37149038910865784,0.22524794936180115,SELL
2330,2026-06-25,2026-06-25T14:30:00+08:00,2026-06-26,2360.0,2026-06-30,2410.0,0.021186440677966045,0.015221000751894698,xgboost,test,2,0.40565383434295654,0.39512336254119873,0.1992228627204895,SELL
2412,2026-01-02,2026-01-02T13:30:00+08:00,2026-01-05,131.5,2026-01-07,133.0,0.011406844106463865,0.005498533411181894,xgboost,test,1,0.4660142958164215,0.44883036613464355,0.08515538275241852,SELL
2412,2026-01-05,2026-01-05T13:30:00+08:00,2026-01-06,133.0,2026-01-08,133.5,0.003759398496240518,-0.002104238302524153,xgboost,test,1,0.33061665296554565,0.6073446273803711,0.06203877180814743,HOLD
2412,2026-01-06,2026-01-06T13:30:00+08:00,2026-01-07,132.0,2026-01-09,133.5,0.011363636363636465,0.005455578073972012,xgboost,test,1,0.34056222438812256,0.5498446822166443,0.10959310084581375,HOLD
2412,2026-01-07,2026-01-07T13:30:00+08:00,2026-01-08,133.0,2026-01-12,133.5,0.003759398496240518,-0.002104238302524153,xgboost,test,1,0.30832234025001526,0.5241053700447083,0.16757230460643768,HOLD
2412,2026-01-08,2026-01-08T13:30:00+08:00,2026-01-09,133.0,2026-01-13,133.5,0.003759398496240518,-0.002104238302524153,xgboost,test,1,0.4116559624671936,0.5341888070106506,0.05415528640151024,HOLD
2412,2026-01-09,2026-01-09T13:30:00+08:00,2026-01-12,133.0,2026-01-14,133.0,0.0,-0.005841675612252573,xgboost,test,1,0.38463953137397766,0.47882258892059326,0.13653790950775146,HOLD
2412,2026-01-12,2026-01-12T13:30:00+08:00,2026-01-13,133.5,2026-01-15,133.5,0.0,-0.005841675612252462,xgboost,test,1,0.24744650721549988,0.5646230578422546,0.1879304051399231,HOLD
2412,2026-01-13,2026-01-13T13:30:00+08:00,2026-01-14,133.5,2026-01-16,133.0,-0.0037453183520599342,-0.009565115029435134,xgboost,test,1,0.45214688777923584,0.42676663398742676,0.12108646333217621,SELL
2412,2026-01-14,2026-01-14T13:30:00+08:00,2026-01-15,133.5,2026-01-19,134.0,0.0037453183520599342,-0.0021182361950699002,xgboost,test,1,0.32271599769592285,0.5609686374664307,0.11631539463996887,HOLD
2412,2026-01-15,2026-01-15T13:30:00+08:00,2026-01-16,133.5,2026-01-20,133.0,-0.0037453183520599342,-0.009565115029435134,xgboost,test,1,0.44267764687538147,0.38457775115966797,0.17274458706378937,SELL
2412,2026-01-16,2026-01-16T13:30:00+08:00,2026-01-19,133.5,2026-01-21,133.0,-0.0037453183520599342,-0.009565115029435134,xgboost,test,1,0.42619162797927856,0.4276546239852905,0.14615373313426971,HOLD
2412,2026-01-19,2026-01-19T13:30:00+08:00,2026-01-20,133.5,2026-01-22,133.0,-0.0037453183520599342,-0.009565115029435134,xgboost,test,1,0.3068417012691498,0.5575796365737915,0.13557866215705872,HOLD
2412,2026-01-20,2026-01-20T13:30:00+08:00,2026-01-21,133.5,2026-01-23,134.0,0.0037453183520599342,-0.0021182361950699002,xgboost,test,1,0.42540833353996277,0.3715849220752716,0.20300669968128204,SELL
2412,2026-01-21,2026-01-21T13:30:00+08:00,2026-01-22,133.0,2026-01-26,134.0,0.007518796992481258,0.0016331990072042668,xgboost,test,1,0.3634287714958191,0.5217818021774292,0.11478947103023529,HOLD
2412,2026-01-22,2026-01-22T13:30:00+08:00,2026-01-23,133.5,2026-01-27,133.0,-0.0037453183520599342,-0.009565115029435134,xgboost,test,1,0.35727787017822266,0.5382649898529053,0.10445709526538849,HOLD
2412,2026-01-23,2026-01-23T13:30:00+08:00,2026-01-26,134.0,2026-01-28,133.5,-0.003731343283582045,-0.009551221598773973,xgboost,test,1,0.3035393953323364,0.6026365756988525,0.09382405877113342,HOLD
2412,2026-01-26,2026-01-26T13:30:00+08:00,2026-01-27,134.0,2026-01-29,133.5,-0.003731343283582045,-0.009551221598773973,xgboost,test,1,0.4114530384540558,0.46504446864128113,0.12350247800350189,HOLD
2412,2026-01-27,2026-01-27T13:30:00+08:00,2026-01-28,133.5,2026-01-30,133.5,0.0,-0.005841675612252462,xgboost,test,1,0.3756415843963623,0.5570903420448303,0.06726806610822678,HOLD
2412,2026-01-28,2026-01-28T13:30:00+08:00,2026-01-29,133.5,2026-02-02,133.0,-0.0037453183520599342,-0.009565115029435134,xgboost,test,1,0.4572458565235138,0.45555970072746277,0.08719448000192642,SELL
2412,2026-01-29,2026-01-29T13:30:00+08:00,2026-01-30,133.5,2026-02-03,133.5,0.0,-0.005841675612252462,xgboost,test,1,0.5258828401565552,0.3542327284812927,0.1198844239115715,SELL
2412,2026-01-30,2026-01-30T13:30:00+08:00,2026-02-02,134.0,2026-02-04,133.0,-0.007462686567164201,-0.013260767585295596,xgboost,test,0,0.3089255690574646,0.5680649280548096,0.12300948798656464,HOLD
2412,2026-02-02,2026-02-02T13:30:00+08:00,2026-02-03,133.5,2026-02-05,132.5,-0.0074906367041198685,-0.013288554446617584,xgboost,test,0,0.4613243341445923,0.3609115183353424,0.1777641922235489,SELL
2412,2026-02-03,2026-02-03T13:30:00+08:00,2026-02-04,133.5,2026-02-06,133.0,-0.0037453183520599342,-0.009565115029435134,xgboost,test,1,0.37968742847442627,0.4530050456523895,0.167307510972023,HOLD
2412,2026-02-04,2026-02-04T13:30:00+08:00,2026-02-05,133.0,2026-02-09,132.0,-0.007518796992481258,-0.013316550231709412,xgboost,test,0,0.35920023918151855,0.509333610534668,0.13146618008613586,HOLD
2412,2026-02-05,2026-02-05T13:30:00+08:00,2026-02-06,132.5,2026-02-10,132.5,0.0,-0.005841675612252573,xgboost,test,1,0.3326077163219452,0.5490264892578125,0.11836577951908112,HOLD
2412,2026-02-06,2026-02-06T13:30:00+08:00,2026-02-09,133.0,2026-02-11,133.0,0.0,-0.005841675612252573,xgboost,test,1,0.3217903673648834,0.5649937391281128,0.11321593075990677,HOLD
2412,2026-02-09,2026-02-09T13:30:00+08:00,2026-02-10,132.0,2026-02-23,135.0,0.022727272727272707,0.016752831760196374,xgboost,test,2,0.31225457787513733,0.47892090678215027,0.20882456004619598,HOLD
2412,2026-02-10,2026-02-10T13:30:00+08:00,2026-02-11,133.5,2026-02-24,135.5,0.014981273408239737,0.009052082056477673,xgboost,test,1,0.3972855806350708,0.5120517611503601,0.0906626284122467,HOLD
2412,2026-02-11,2026-02-11T13:30:00+08:00,2026-02-23,134.0,2026-02-25,136.0,0.014925373134328401,0.008996508333833253,xgboost,test,1,0.3195682466030121,0.5069013833999634,0.17353036999702454,HOLD
2412,2026-02-23,2026-02-23T13:30:00+08:00,2026-02-24,134.5,2026-02-26,134.0,-0.0037174721189591198,-0.009537431464995194,xgboost,test,1,0.2771304249763489,0.6722460985183716,0.050623487681150436,HOLD
2412,2026-02-24,2026-02-24T13:30:00+08:00,2026-02-25,135.0,2026-03-02,138.0,0.022222222222222143,0.016250731596364032,xgboost,test,2,0.24748744070529938,0.6357369422912598,0.11677565425634384,HOLD
2412,2026-02-25,2026-02-25T13:30:00+08:00,2026-02-26,136.0,2026-03-03,138.0,0.014705882352941124,0.008778299746390772,xgboost,test,1,0.31029659509658813,0.6174914836883545,0.0722118690609932,HOLD
2412,2026-02-26,2026-02-26T13:30:00+08:00,2026-03-02,135.0,2026-03-04,135.5,0.0037037037037037646,-0.002159607744149805,xgboost,test,1,0.4546821713447571,0.43633928894996643,0.10897856205701828,SELL
2412,2026-03-02,2026-03-02T13:30:00+08:00,2026-03-03,137.5,2026-03-05,137.0,-0.0036363636363636598,-0.009456796791844413,xgboost,test,1,0.5631555318832397,0.3139631152153015,0.12288135290145874,SELL
2412,2026-03-03,2026-03-03T13:30:00+08:00,2026-03-04,137.0,2026-03-06,136.5,-0.0036496350364964014,-0.009469990664762618,xgboost,test,1,0.28054893016815186,0.6379739046096802,0.08147718757390976,HOLD
2412,2026-03-04,2026-03-04T13:30:00+08:00,2026-03-05,136.5,2026-03-09,136.0,-0.00366300366300365,-0.009483281196090432,xgboost,test,1,0.24739256501197815,0.685468852519989,0.06713862717151642,HOLD
2412,2026-03-05,2026-03-05T13:30:00+08:00,2026-03-06,136.5,2026-03-10,135.0,-0.01098901098901095,-0.01676649236376626,xgboost,test,0,0.16938768327236176,0.6344465613365173,0.1961657851934433,HOLD
2412,2026-03-06,2026-03-06T13:30:00+08:00,2026-03-09,134.5,2026-03-11,135.5,0.0074349442379182396,0.0015498360932324484,xgboost,test,1,0.2065652459859848,0.6775217652320862,0.115913026034832,HOLD
2412,2026-03-09,2026-03-09T13:30:00+08:00,2026-03-10,137.0,2026-03-12,136.0,-0.007299270072992692,-0.013098305717272551,xgboost,test,0,0.49285581707954407,0.4554108679294586,0.05173336714506149,SELL
2412,2026-03-10,2026-03-10T13:30:00+08:00,2026-03-11,136.0,2026-03-13,136.0,0.0,-0.005841675612252573,xgboost,test,1,0.5176582336425781,0.3235114812850952,0.15883028507232666,SELL
2412,2026-03-11,2026-03-11T13:30:00+08:00,2026-03-12,135.0,2026-03-16,136.5,0.011111111111111072,0.005204527992055619,xgboost,test,1,0.3798447549343109,0.42515239119529724,0.19500288367271423,HOLD
2412,2026-03-12,2026-03-12T13:30:00+08:00,2026-03-13,136.0,2026-03-17,137.0,0.007352941176470562,0.0014683120670690997,xgboost,test,1,0.49115198850631714,0.4326925575733185,0.07615543156862259,SELL
2412,2026-03-13,2026-03-13T13:30:00+08:00,2026-03-16,136.5,2026-03-18,137.5,0.0073260073260073,0.0014415355554231457,xgboost,test,1,0.31472164392471313,0.6108366847038269,0.07444164901971817,HOLD
2412,2026-03-16,2026-03-16T13:30:00+08:00,2026-03-17,137.0,2026-03-19,135.5,-0.010948905109489093,-0.016726620769782707,xgboost,test,0,0.3397117853164673,0.4970952868461609,0.16319291293621063,HOLD
2412,2026-03-17,2026-03-17T13:30:00+08:00,2026-03-18,137.5,2026-03-20,134.0,-0.025454545454545507,-0.031147523869395344,xgboost,test,0,0.47517380118370056,0.3811797797679901,0.14364637434482574,SELL
2412,2026-03-18,2026-03-18T13:30:00+08:00,2026-03-19,137.0,2026-03-23,134.0,-0.021897810218978075,-0.02761156592731262,xgboost,test,0,0.30324816703796387,0.6148659586906433,0.08188588917255402,HOLD
2412,2026-03-19,2026-03-19T13:30:00+08:00,2026-03-20,136.0,2026-03-24,134.0,-0.014705882352941124,-0.020461650970895917,xgboost,test,0,0.2060067355632782,0.6716770529747009,0.12231622636318207,HOLD
2412,2026-03-20,2026-03-20T13:30:00+08:00,2026-03-23,133.0,2026-03-25,135.0,0.015037593984962516,0.009108073626660884,xgboost,test,1,0.2797655761241913,0.5716754794120789,0.14855891466140747,HOLD
2412,2026-03-23,2026-03-23T13:30:00+08:00,2026-03-24,134.0,2026-03-26,134.5,0.003731343283582156,-0.0021321296257312827,xgboost,test,1,0.19320780038833618,0.6491770148277283,0.15761515498161316,HOLD
2412,2026-03-24,2026-03-24T13:30:00+08:00,2026-03-25,135.5,2026-03-27,134.0,-0.011070110701106972,-0.016847118317651955,xgboost,test,0,0.2716342508792877,0.5665944218635559,0.16177134215831757,HOLD
2412,2026-03-25,2026-03-25T13:30:00+08:00,2026-03-26,135.5,2026-03-30,134.0,-0.011070110701106972,-0.016847118317651955,xgboost,test,0,0.3729458153247833,0.516333281993866,0.11072089523077011,HOLD
2412,2026-03-26,2026-03-26T13:30:00+08:00,2026-03-27,134.5,2026-03-31,133.0,-0.01115241635687736,-0.016928943170480326,xgboost,test,0,0.39758262038230896,0.48963212966918945,0.11278524994850159,HOLD
2412,2026-03-27,2026-03-27T13:30:00+08:00,2026-03-30,133.5,2026-04-01,134.0,0.0037453183520599342,-0.0021182361950699002,xgboost,test,1,0.3312305808067322,0.4913958013057709,0.17737367749214172,HOLD
2412,2026-03-30,2026-03-30T13:30:00+08:00,2026-03-31,133.5,2026-04-02,134.0,0.0037453183520599342,-0.0021182361950699002,xgboost,test,1,0.3093980848789215,0.45577841997146606,0.23482351005077362,HOLD
2412,2026-03-31,2026-03-31T13:30:00+08:00,2026-04-01,134.0,2026-04-07,134.0,0.0,-0.005841675612252684,xgboost,test,1,0.328140527009964,0.5259941816329956,0.1458652913570404,HOLD
2412,2026-04-01,2026-04-01T13:30:00+08:00,2026-04-02,134.5,2026-04-08,134.0,-0.0037174721189591198,-0.009537431464995194,xgboost,test,1,0.3101462721824646,0.48469221591949463,0.20516154170036316,HOLD
2412,2026-04-02,2026-04-02T13:30:00+08:00,2026-04-07,134.0,2026-04-09,135.0,0.00746268656716409,0.0015774163607902292,xgboost,test,1,0.46750110387802124,0.39812156558036804,0.1343773454427719,SELL
2412,2026-04-07,2026-04-07T13:30:00+08:00,2026-04-08,134.5,2026-04-10,135.5,0.0074349442379182396,0.0015498360932324484,xgboost,test,1,0.34244304895401,0.5044717788696289,0.1530851423740387,HOLD
2412,2026-04-08,2026-04-08T13:30:00+08:00,2026-04-09,134.0,2026-04-13,134.5,0.003731343283582156,-0.0021321296257312827,xgboost,test,1,0.28704479336738586,0.4525688588619232,0.26038631796836853,HOLD
2412,2026-04-09,2026-04-09T13:30:00+08:00,2026-04-10,135.0,2026-04-14,135.0,0.0,-0.005841675612252573,xgboost,test,1,0.2071746438741684,0.5119994282722473,0.2808258831501007,HOLD
2412,2026-04-10,2026-04-10T13:30:00+08:00,2026-04-13,135.0,2026-04-15,135.5,0.0037037037037037646,-0.002159607744149805,xgboost,test,1,0.4243602752685547,0.474229097366333,0.10141056776046753,HOLD
2412,2026-04-13,2026-04-13T13:30:00+08:00,2026-04-14,135.0,2026-04-16,136.5,0.011111111111111072,0.005204527992055619,xgboost,test,1,0.38683003187179565,0.3812481164932251,0.23192186653614044,SELL
2412,2026-04-14,2026-04-14T13:30:00+08:00,2026-04-15,135.0,2026-04-17,137.5,0.0185185185185186,0.012568663728261154,xgboost,test,2,0.30107608437538147,0.5935165286064148,0.10540743172168732,HOLD
2412,2026-04-15,2026-04-15T13:30:00+08:00,2026-04-16,136.0,2026-04-20,137.0,0.007352941176470562,0.0014683120670690997,xgboost,test,1,0.48658937215805054,0.42424991726875305,0.08916071802377701,SELL
2412,2026-04-16,2026-04-16T13:30:00+08:00,2026-04-17,137.0,2026-04-21,137.0,0.0,-0.005841675612252462,xgboost,test,1,0.32595711946487427,0.5940242409706116,0.08001870661973953,HOLD
2412,2026-04-17,2026-04-17T13:30:00+08:00,2026-04-20,137.5,2026-04-22,136.5,-0.0072727272727273196,-0.013071917971436364,xgboost,test,0,0.2991400957107544,0.5994694232940674,0.10139046609401703,HOLD
2412,2026-04-20,2026-04-20T13:30:00+08:00,2026-04-21,137.5,2026-04-23,136.0,-0.010909090909090868,-0.016687039151028094,xgboost,test,0,0.33203697204589844,0.49948400259017944,0.16847901046276093,HOLD
2412,2026-04-21,2026-04-21T13:30:00+08:00,2026-04-22,137.5,2026-04-24,135.5,-0.014545454545454528,-0.020302160330619934,xgboost,test,0,0.3205925524234772,0.5495012402534485,0.12990622222423553,HOLD
2412,2026-04-22,2026-04-22T13:30:00+08:00,2026-04-23,136.0,2026-04-27,137.0,0.007352941176470562,0.0014683120670690997,xgboost,test,1,0.41878241300582886,0.39307326078414917,0.18814434111118317,SELL
2412,2026-04-23,2026-04-23T13:30:00+08:00,2026-04-24,136.0,2026-04-28,137.0,0.007352941176470562,0.0014683120670690997,xgboost,test,1,0.39961978793144226,0.4859134554862976,0.11446671932935715,HOLD
2412,2026-04-24,2026-04-24T13:30:00+08:00,2026-04-27,135.0,2026-04-29,136.5,0.011111111111111072,0.005204527992055619,xgboost,test,1,0.4109068214893341,0.4918936789035797,0.0971994623541832,HOLD
2412,2026-04-27,2026-04-27T13:30:00+08:00,2026-04-28,137.5,2026-04-30,136.0,-0.010909090909090868,-0.016687039151028094,xgboost,test,0,0.3389323055744171,0.46456846594810486,0.19649918377399445,HOLD
2412,2026-04-28,2026-04-28T13:30:00+08:00,2026-04-29,137.5,2026-05-04,135.5,-0.014545454545454528,-0.020302160330619934,xgboost,test,0,0.33923715353012085,0.5492919683456421,0.11147090047597885,HOLD
2412,2026-04-29,2026-04-29T13:30:00+08:00,2026-04-30,136.0,2026-05-05,136.0,0.0,-0.005841675612252573,xgboost,test,1,0.4380336403846741,0.46604683995246887,0.09591954946517944,HOLD
2412,2026-04-30,2026-04-30T13:30:00+08:00,2026-05-04,137.0,2026-05-06,136.0,-0.007299270072992692,-0.013098305717272551,xgboost,test,0,0.18221935629844666,0.5642381906509399,0.253542423248291,HOLD
2412,2026-05-04,2026-05-04T13:30:00+08:00,2026-05-05,135.5,2026-05-07,135.5,0.0,-0.005841675612252573,xgboost,test,1,0.3612017333507538,0.4840492904186249,0.15474902093410492,HOLD
2412,2026-05-05,2026-05-05T13:30:00+08:00,2026-05-06,137.0,2026-05-08,136.5,-0.0036496350364964014,-0.009469990664762618,xgboost,test,1,0.30563050508499146,0.6341081857681274,0.06026130169630051,HOLD
2412,2026-05-06,2026-05-06T13:30:00+08:00,2026-05-07,135.5,2026-05-11,135.5,0.0,-0.005841675612252573,xgboost,test,1,0.3426499366760254,0.5732330083847046,0.08411707729101181,HOLD
2412,2026-05-07,2026-05-07T13:30:00+08:00,2026-05-08,136.0,2026-05-12,135.5,-0.003676470588235281,-0.00949666945191352,xgboost,test,1,0.3834437429904938,0.5573132038116455,0.059243038296699524,HOLD
2412,2026-05-08,2026-05-08T13:30:00+08:00,2026-05-11,136.5,2026-05-13,137.5,0.0073260073260073,0.0014415355554231457,xgboost,test,1,0.34843817353248596,0.5531126260757446,0.09844919294118881,HOLD
2412,2026-05-11,2026-05-11T13:30:00+08:00,2026-05-12,135.5,2026-05-14,137.5,0.014760147601476037,0.008832247994946751,xgboost,test,1,0.3238651156425476,0.5433287620544434,0.13280610740184784,HOLD
2412,2026-05-12,2026-05-12T13:30:00+08:00,2026-05-13,136.5,2026-05-15,138.0,0.01098901098901095,0.005083141139261116,xgboost,test,1,0.4390493631362915,0.45060282945632935,0.11034777015447617,HOLD
2412,2026-05-13,2026-05-13T13:30:00+08:00,2026-05-14,136.5,2026-05-18,137.0,0.00366300366300365,-0.0022000700284146024,xgboost,test,1,0.3126543164253235,0.42003780603408813,0.26730790734291077,HOLD
2412,2026-05-14,2026-05-14T13:30:00+08:00,2026-05-15,137.5,2026-05-19,142.5,0.036363636363636376,0.030309536183665386,xgboost,test,2,0.3013979494571686,0.4974038302898407,0.20119820535182953,HOLD
2412,2026-05-15,2026-05-15T13:30:00+08:00,2026-05-18,138.0,2026-05-20,139.0,0.007246376811594235,0.0013623702166443152,xgboost,test,1,0.41230982542037964,0.43053749203681946,0.1571527123451233,HOLD
2412,2026-05-18,2026-05-18T13:30:00+08:00,2026-05-19,137.0,2026-05-21,137.5,0.0036496350364962904,-0.0022133605597425277,xgboost,test,1,0.3928610682487488,0.47567227482795715,0.13146671652793884,HOLD
2412,2026-05-19,2026-05-19T13:30:00+08:00,2026-05-20,142.5,2026-05-22,137.0,-0.038596491228070184,-0.04421269865879707,xgboost,test,0,0.4626653790473938,0.31784167885780334,0.21949292719364166,SELL
2412,2026-05-20,2026-05-20T13:30:00+08:00,2026-05-21,139.0,2026-05-25,136.5,-0.017985611510791366,-0.02372222101490984,xgboost,test,0,0.44629380106925964,0.3789146840572357,0.17479145526885986,SELL
2412,2026-05-21,2026-05-21T13:30:00+08:00,2026-05-22,137.5,2026-05-26,136.0,-0.010909090909090868,-0.016687039151028094,xgboost,test,0,0.36336153745651245,0.48651954531669617,0.15011894702911377,HOLD
2412,2026-05-22,2026-05-22T13:30:00+08:00,2026-05-25,137.5,2026-05-27,137.0,-0.0036363636363636598,-0.009456796791844413,xgboost,test,1,0.23875828087329865,0.6363110542297363,0.12493065744638443,HOLD
2412,2026-05-25,2026-05-25T13:30:00+08:00,2026-05-26,136.5,2026-05-28,136.5,0.0,-0.005841675612252684,xgboost,test,1,0.28467151522636414,0.5526140332221985,0.16271449625492096,HOLD
2412,2026-05-26,2026-05-26T13:30:00+08:00,2026-05-27,137.0,2026-05-29,137.0,0.0,-0.005841675612252462,xgboost,test,1,0.28130680322647095,0.502116322517395,0.21657687425613403,HOLD
2412,2026-05-27,2026-05-27T13:30:00+08:00,2026-05-28,137.0,2026-06-01,140.5,0.025547445255474477,0.019556529755317742,xgboost,test,2,0.26494675874710083,0.5270184278488159,0.20803484320640564,HOLD
2412,2026-05-28,2026-05-28T13:30:00+08:00,2026-05-29,137.5,2026-06-02,142.0,0.032727272727272716,0.026694415004073546,xgboost,test,2,0.18510660529136658,0.5275041460990906,0.28738921880722046,HOLD
2412,2026-05-29,2026-05-29T13:30:00+08:00,2026-06-01,137.0,2026-06-03,141.0,0.029197080291970767,0.023184844807827565,xgboost,test,2,0.3417605459690094,0.4934292435646057,0.16481022536754608,HOLD
2412,2026-06-01,2026-06-01T13:30:00+08:00,2026-06-02,140.0,2026-06-04,141.5,0.010714285714285676,0.004810020720473318,xgboost,test,1,0.2828303277492523,0.5066120028495789,0.21055763959884644,HOLD
2412,2026-06-02,2026-06-02T13:30:00+08:00,2026-06-03,142.0,2026-06-05,141.0,-0.007042253521126751,-0.012842790572729745,xgboost,test,0,0.35488101840019226,0.45787644386291504,0.18724258244037628,HOLD
2412,2026-06-03,2026-06-03T13:30:00+08:00,2026-06-04,141.0,2026-06-08,138.5,-0.01773049645390068,-0.023468596257425478,xgboost,test,0,0.2501351833343506,0.5599877834320068,0.18987704813480377,HOLD
2412,2026-06-04,2026-06-04T13:30:00+08:00,2026-06-05,141.0,2026-06-09,142.0,0.007092198581560183,0.0012090926458163676,xgboost,test,1,0.33478260040283203,0.42940178513526917,0.2358156442642212,HOLD
2412,2026-06-05,2026-06-05T13:30:00+08:00,2026-06-08,139.5,2026-06-10,144.0,0.032258064516129004,0.02622794775509396,xgboost,test,2,0.3747735917568207,0.49724945425987244,0.12797698378562927,HOLD
2412,2026-06-08,2026-06-08T13:30:00+08:00,2026-06-09,138.0,2026-06-11,145.0,0.050724637681159424,0.04458664519002453,xgboost,test,2,0.45210522413253784,0.2675747871398926,0.2803199589252472,SELL
2412,2026-06-09,2026-06-09T13:30:00+08:00,2026-06-10,141.5,2026-06-12,145.0,0.02473498233215543,0.01874881297684361,xgboost,test,2,0.5737249255180359,0.2591066360473633,0.16716843843460083,SELL
2412,2026-06-10,2026-06-10T13:30:00+08:00,2026-06-11,144.0,2026-06-15,145.5,0.01041666666666674,0.004514140266786537,xgboost,test,1,0.35153406858444214,0.5123075842857361,0.13615840673446655,HOLD
2412,2026-06-11,2026-06-11T13:30:00+08:00,2026-06-12,145.0,2026-06-16,146.5,0.010344827586206806,0.00444272084693087,xgboost,test,1,0.35061120986938477,0.5299181938171387,0.11947058886289597,HOLD
2412,2026-06-12,2026-06-12T13:30:00+08:00,2026-06-15,146.0,2026-06-17,145.5,-0.003424657534246589,-0.009246327408101052,xgboost,test,1,0.44178828597068787,0.3799729347229004,0.17823874950408936,SELL
2412,2026-06-15,2026-06-15T13:30:00+08:00,2026-06-16,146.0,2026-06-18,144.0,-0.013698630136986356,-0.01946028279564649,xgboost,test,0,0.3103363811969757,0.6294851303100586,0.060178495943546295,HOLD
2412,2026-06-16,2026-06-16T13:30:00+08:00,2026-06-17,145.5,2026-06-22,144.5,-0.0068728522336769515,-0.012674378872649328,xgboost,test,0,0.32741495966911316,0.41861534118652344,0.2539696991443634,HOLD
2412,2026-06-17,2026-06-17T13:30:00+08:00,2026-06-18,145.0,2026-06-23,144.0,-0.006896551724137945,-0.012697939918374979,xgboost,test,0,0.38786429166793823,0.43677976727485657,0.1753559708595276,HOLD
2412,2026-06-18,2026-06-18T13:30:00+08:00,2026-06-22,144.0,2026-06-24,143.5,-0.00347222222222221,-0.009293614238598757,xgboost,test,1,0.3079022169113159,0.566504955291748,0.12559284269809723,HOLD
2412,2026-06-22,2026-06-22T13:30:00+08:00,2026-06-23,145.0,2026-06-25,144.0,-0.006896551724137945,-0.012697939918374979,xgboost,test,0,0.33394506573677063,0.4279963970184326,0.23805855214595795,HOLD
2412,2026-06-23,2026-06-23T13:30:00+08:00,2026-06-24,143.5,2026-06-26,143.0,-0.0034843205574912606,-0.009305641899317929,xgboost,test,1,0.3050421476364136,0.5067161321640015,0.18824170529842377,HOLD
2412,2026-06-24,2026-06-24T13:30:00+08:00,2026-06-25,144.0,2026-06-29,142.0,-0.01388888888888884,-0.019649430117637978,xgboost,test,0,0.4723797142505646,0.3444472551345825,0.18317298591136932,SELL
2412,2026-06-25,2026-06-25T13:30:00+08:00,2026-06-26,144.0,2026-06-30,141.5,-0.01736111111111116,-0.023101368743984163,xgboost,test,0,0.49029871821403503,0.24402375519275665,0.2656775712966919,SELL
2881,2026-01-02,2026-01-02T13:30:00+08:00,2026-01-05,95.6,2026-01-07,96.1,0.0052301255230124966,-0.0006421027859567774,xgboost,test,1,0.35761725902557373,0.2813422381877899,0.36104053258895874,BUY
2881,2026-01-05,2026-01-05T13:30:00+08:00,2026-01-06,97.3,2026-01-08,97.0,-0.0030832476875641834,-0.008906911966993891,xgboost,test,1,0.4035336375236511,0.23114795982837677,0.3653184175491333,SELL
2881,2026-01-06,2026-01-06T13:30:00+08:00,2026-01-07,96.5,2026-01-09,95.5,-0.010362694300518172,-0.0161438344141982,xgboost,test,0,0.4049544036388397,0.30158472061157227,0.2934609055519104,SELL
2881,2026-01-07,2026-01-07T13:30:00+08:00,2026-01-08,96.3,2026-01-12,95.0,-0.01349948078920038,-0.01926229681374858,xgboost,test,0,0.33768850564956665,0.33283331990242004,0.3294782042503357,SELL
2881,2026-01-08,2026-01-08T13:30:00+08:00,2026-01-09,97.0,2026-01-13,94.2,-0.028865979381443307,-0.034539029305919566,xgboost,test,0,0.27375662326812744,0.2854410707950592,0.44080230593681335,BUY
2881,2026-01-09,2026-01-09T13:30:00+08:00,2026-01-12,95.6,2026-01-14,93.8,-0.01882845188284521,-0.024560137786917124,xgboost,test,0,0.42558103799819946,0.14845561981201172,0.42596331238746643,BUY
2881,2026-01-12,2026-01-12T13:30:00+08:00,2026-01-13,95.2,2026-01-15,94.1,-0.011554621848739566,-0.017328799108329518,xgboost,test,0,0.27771541476249695,0.3587678372859955,0.3635167181491852,BUY
2881,2026-01-13,2026-01-13T13:30:00+08:00,2026-01-14,94.5,2026-01-16,95.0,0.005291005291005346,-0.0005815786578201587,xgboost,test,1,0.4280923902988434,0.21606792509555817,0.35583966970443726,SELL
2881,2026-01-14,2026-01-14T13:30:00+08:00,2026-01-15,94.6,2026-01-19,95.0,0.0042283298097252064,-0.0016380463336573836,xgboost,test,1,0.33233851194381714,0.32648682594299316,0.3411746919155121,BUY
2881,2026-01-15,2026-01-15T13:30:00+08:00,2026-01-16,94.6,2026-01-20,94.0,-0.006342494714587699,-0.012147119530145134,xgboost,test,0,0.3854764699935913,0.30414509773254395,0.3103784918785095,SELL
2881,2026-01-16,2026-01-16T13:30:00+08:00,2026-01-19,94.4,2026-01-21,93.0,-0.014830508474576343,-0.020585549067155595,xgboost,test,0,0.32270461320877075,0.2889934480190277,0.38830187916755676,BUY
2881,2026-01-19,2026-01-19T13:30:00+08:00,2026-01-20,94.9,2026-01-22,93.0,-0.020021074815595452,-0.025745793803366612,xgboost,test,0,0.2691024839878082,0.3091621398925781,0.42173540592193604,BUY
2881,2026-01-20,2026-01-20T13:30:00+08:00,2026-01-21,93.7,2026-01-23,93.5,-0.002134471718249764,-0.007963678439120714,xgboost,test,1,0.24985289573669434,0.17979244887828827,0.5703546404838562,BUY
2881,2026-01-21,2026-01-21T13:30:00+08:00,2026-01-22,93.7,2026-01-26,93.2,-0.005336179295624355,-0.011146682679422981,xgboost,test,0,0.252532958984375,0.22826528549194336,0.5192017555236816,BUY
2881,2026-01-22,2026-01-22T13:30:00+08:00,2026-01-23,93.7,2026-01-27,92.4,-0.01387406616862319,-0.019634693986895768,xgboost,test,0,0.4492817223072052,0.25702667236328125,0.29369163513183594,SELL
2881,2026-01-23,2026-01-23T13:30:00+08:00,2026-01-26,93.5,2026-01-28,92.5,-0.010695187165775444,-0.016474384963993227,xgboost,test,0,0.42456886172294617,0.21672004461288452,0.3587110638618469,SELL
2881,2026-01-26,2026-01-26T13:30:00+08:00,2026-01-27,93.5,2026-01-29,92.3,-0.012834224598930466,-0.018600926834341447,xgboost,test,0,0.5087021589279175,0.2306186407804489,0.2606791853904724,SELL
2881,2026-01-27,2026-01-27T13:30:00+08:00,2026-01-28,92.9,2026-01-30,90.9,-0.02152852529601723,-0.027244438247080227,xgboost,test,0,0.34597304463386536,0.19261868298053741,0.46140825748443604,BUY
2881,2026-01-28,2026-01-28T13:30:00+08:00,2026-01-29,92.1,2026-02-02,90.5,-0.017372421281215966,-0.02311261284374433,xgboost,test,0,0.3833616077899933,0.25078192353248596,0.3658565282821655,SELL
2881,2026-01-29,2026-01-29T13:30:00+08:00,2026-01-30,92.2,2026-02-03,91.8,-0.004338394793926281,-0.010154726911114853,xgboost,test,0,0.23949767649173737,0.29895153641700745,0.461550772190094,BUY
2881,2026-01-30,2026-01-30T13:30:00+08:00,2026-02-02,91.5,2026-02-04,92.7,0.013114754098360715,0.007196466346931052,xgboost,test,1,0.35131555795669556,0.2558499574661255,0.39283448457717896,BUY
2881,2026-02-02,2026-02-02T13:30:00+08:00,2026-02-03,91.6,2026-02-05,93.5,0.020742358078602585,0.01477951233902175,xgboost,test,2,0.4575262665748596,0.33670052886009216,0.2057732194662094,SELL
2881,2026-02-03,2026-02-03T13:30:00+08:00,2026-02-04,91.7,2026-02-06,92.4,0.007633587786259666,0.0017473192304018337,xgboost,test,1,0.36925798654556274,0.33341631293296814,0.2973257005214691,SELL
2881,2026-02-04,2026-02-04T13:30:00+08:00,2026-02-05,92.8,2026-02-09,93.8,0.010775862068965525,0.004871237366063763,xgboost,test,1,0.30012840032577515,0.25215867161750793,0.4477129578590393,BUY
2881,2026-02-05,2026-02-05T13:30:00+08:00,2026-02-06,92.7,2026-02-10,94.5,0.01941747572815533,0.013462369521489936,xgboost,test,2,0.22593483328819275,0.3160743713378906,0.4579907953739166,BUY
2881,2026-02-06,2026-02-06T13:30:00+08:00,2026-02-09,93.0,2026-02-11,95.2,0.023655913978494647,0.017676048190468308,xgboost,test,2,0.27878186106681824,0.3430643081665039,0.37815386056900024,BUY
2881,2026-02-09,2026-02-09T13:30:00+08:00,2026-02-10,94.2,2026-02-23,95.7,0.015923566878981,0.00998887095443135,xgboost,test,1,0.3818458020687103,0.26261308789253235,0.3555411100387573,SELL
2881,2026-02-10,2026-02-10T13:30:00+08:00,2026-02-11,95.0,2026-02-24,94.1,-0.009473684210526412,-0.015260017632768075,xgboost,test,0,0.31621140241622925,0.19585281610488892,0.48793575167655945,BUY
2881,2026-02-11,2026-02-11T13:30:00+08:00,2026-02-23,96.5,2026-02-25,92.9,-0.03730569948186524,-0.04292944729925663,xgboost,test,0,0.2845005691051483,0.30191195011138916,0.4135874807834625,BUY
2881,2026-02-23,2026-02-23T13:30:00+08:00,2026-02-24,95.8,2026-02-26,94.2,-0.01670146137787054,-0.02244557247050305,xgboost,test,0,0.3717515468597412,0.43832775950431824,0.18992067873477936,HOLD
2881,2026-02-24,2026-02-24T13:30:00+08:00,2026-02-25,94.0,2026-03-02,93.0,-0.010638297872340385,-0.016417827999356205,xgboost,test,0,0.33533382415771484,0.2438008189201355,0.42086532711982727,BUY
2881,2026-02-25,2026-02-25T13:30:00+08:00,2026-02-26,92.9,2026-03-03,93.1,0.002152852529601512,-0.003701399348770007,xgboost,test,1,0.35785138607025146,0.3378078043460846,0.30434077978134155,SELL
2881,2026-02-26,2026-02-26T13:30:00+08:00,2026-03-02,94.2,2026-03-04,89.8,-0.04670912951167738,-0.05227794554119214,xgboost,test,0,0.31789281964302063,0.23381634056568146,0.4482908248901367,BUY
2881,2026-03-02,2026-03-02T13:30:00+08:00,2026-03-03,92.7,2026-03-05,90.5,-0.02373247033441206,-0.02943550855349364,xgboost,test,0,0.39791393280029297,0.24392037093639374,0.3581657111644745,SELL
2881,2026-03-03,2026-03-03T13:30:00+08:00,2026-03-04,92.2,2026-03-06,88.8,-0.03687635574837311,-0.04250261165258162,xgboost,test,0,0.4687861204147339,0.16486889123916626,0.36634495854377747,SELL
2881,2026-03-04,2026-03-04T13:30:00+08:00,2026-03-05,90.8,2026-03-09,87.2,-0.03964757709251099,-0.045257644420577336,xgboost,test,0,0.36825186014175415,0.3702685236930847,0.26147958636283875,HOLD
2881,2026-03-05,2026-03-05T13:30:00+08:00,2026-03-06,89.8,2026-03-10,88.3,-0.016703786191536785,-0.022447883703361926,xgboost,test,0,0.19304028153419495,0.36611229181289673,0.4408474862575531,BUY
2881,2026-03-06,2026-03-06T13:30:00+08:00,2026-03-09,84.0,2026-03-11,89.2,0.06190476190476191,0.05570145875460808,xgboost,test,2,0.3629873991012573,0.19391341507434845,0.44309917092323303,BUY
2881,2026-03-09,2026-03-09T13:30:00+08:00,2026-03-10,88.7,2026-03-12,89.4,0.007891770011273946,0.002003993238609114,xgboost,test,1,0.4811198115348816,0.17631107568740845,0.3425690829753876,SELL
2881,2026-03-10,2026-03-10T13:30:00+08:00,2026-03-11,88.0,2026-03-13,88.1,0.001136363636363491,-0.004711950243630136,xgboost,test,1,0.3194177746772766,0.40872982144355774,0.27185240387916565,HOLD
2881,2026-03-11,2026-03-11T13:30:00+08:00,2026-03-12,88.0,2026-03-16,88.8,0.009090909090909038,0.003196127336726917,xgboost,test,1,0.2447582334280014,0.26051217317581177,0.49472951889038086,BUY
2881,2026-03-12,2026-03-12T13:30:00+08:00,2026-03-13,88.5,2026-03-17,89.8,0.014689265536723228,0.008761780000222652,xgboost,test,1,0.28746846318244934,0.3293253779411316,0.38320615887641907,BUY
2881,2026-03-13,2026-03-13T13:30:00+08:00,2026-03-16,89.1,2026-03-18,89.5,0.004489337822671136,-0.0013785630448552855,xgboost,test,1,0.3713630437850952,0.5152679085731506,0.11336908489465714,HOLD
2881,2026-03-16,2026-03-16T13:30:00+08:00,2026-03-17,89.5,2026-03-19,88.2,-0.014525139664804398,-0.02028196412291261,xgboost,test,0,0.2971181273460388,0.36858269572257996,0.3342992067337036,HOLD
2881,2026-03-17,2026-03-17T13:30:00+08:00,2026-03-18,90.9,2026-03-20,88.6,-0.025302530253025424,-0.030996396691370554,xgboost,test,0,0.6005494594573975,0.19978979229927063,0.19966073334217072,SELL
2881,2026-03-18,2026-03-18T13:30:00+08:00,2026-03-19,89.0,2026-03-23,86.8,-0.024719101123595544,-0.03041637576565759,xgboost,test,0,0.44255203008651733,0.16214768588542938,0.3953002989292145,SELL
2881,2026-03-19,2026-03-19T13:30:00+08:00,2026-03-20,87.5,2026-03-24,87.1,-0.004571428571428671,-0.010386399380882372,xgboost,test,0,0.24998869001865387,0.33562225103378296,0.41438910365104675,BUY
2881,2026-03-20,2026-03-20T13:30:00+08:00,2026-03-23,85.8,2026-03-25,88.8,0.034965034965035,0.02891910496074579,xgboost,test,2,0.25740325450897217,0.3102608025074005,0.4323359727859497,BUY
2881,2026-03-23,2026-03-23T13:30:00+08:00,2026-03-24,87.3,2026-03-26,88.6,0.014891179839633395,0.0089625147852741,xgboost,test,1,0.16942711174488068,0.37279653549194336,0.45777636766433716,BUY
2881,2026-03-24,2026-03-24T13:30:00+08:00,2026-03-25,89.2,2026-03-27,87.7,-0.01681614349775784,-0.02255958465464747,xgboost,test,0,0.14637522399425507,0.48664095997810364,0.3669838607311249,HOLD
2881,2026-03-25,2026-03-25T13:30:00+08:00,2026-03-26,89.2,2026-03-30,86.4,-0.03139013452914796,-0.037048439158056334,xgboost,test,0,0.2624439299106598,0.3171599805355072,0.4203960597515106,BUY
2881,2026-03-26,2026-03-26T13:30:00+08:00,2026-03-27,87.8,2026-03-31,86.0,-0.02050113895216399,-0.026223053560976206,xgboost,test,0,0.43373650312423706,0.20215758681297302,0.3641059100627899,SELL
2881,2026-03-27,2026-03-27T13:30:00+08:00,2026-03-30,86.2,2026-04-01,87.8,0.01856148491879339,0.012611379132763778,xgboost,test,2,0.36892232298851013,0.3425409495830536,0.2885367274284363,SELL
2881,2026-03-30,2026-03-30T13:30:00+08:00,2026-03-31,85.8,2026-04-02,87.8,0.02331002331002341,0.01733217810307952,xgboost,test,2,0.20366930961608887,0.28378820419311523,0.5125424861907959,BUY
2881,2026-03-31,2026-03-31T13:30:00+08:00,2026-04-01,87.6,2026-04-07,87.7,0.0011415525114155667,-0.00470679168030308,xgboost,test,1,0.23968952894210815,0.3543250560760498,0.40598538517951965,BUY
2881,2026-04-01,2026-04-01T13:30:00+08:00,2026-04-02,88.1,2026-04-08,89.2,0.012485811577752637,0.006571197904507109,xgboost,test,1,0.32106083631515503,0.29252561926841736,0.38641357421875,BUY
2881,2026-04-02,2026-04-02T13:30:00+08:00,2026-04-07,87.9,2026-04-09,88.5,0.0068259385665527805,0.000944388035445165,xgboost,test,1,0.3017076253890991,0.30676382780075073,0.39152854681015015,BUY
2881,2026-04-07,2026-04-07T13:30:00+08:00,2026-04-08,89.2,2026-04-10,87.6,-0.017937219730941756,-0.023674111924140484,xgboost,test,0,0.41655048727989197,0.2646804451942444,0.31876906752586365,SELL
2881,2026-04-08,2026-04-08T13:30:00+08:00,2026-04-09,89.2,2026-04-13,86.7,-0.028026905829596438,-0.03370485734957729,xgboost,test,0,0.2151614874601364,0.2895902693271637,0.4952482581138611,BUY
2881,2026-04-09,2026-04-09T13:30:00+08:00,2026-04-10,87.5,2026-04-14,87.6,0.0011428571428571122,-0.004705494670095289,xgboost,test,1,0.4400893449783325,0.3807474374771118,0.17916326224803925,SELL
2881,2026-04-10,2026-04-10T13:30:00+08:00,2026-04-13,87.5,2026-04-15,87.5,0.0,-0.005841675612252573,xgboost,test,1,0.24452337622642517,0.26092448830604553,0.4945521950721741,BUY
2881,2026-04-13,2026-04-13T13:30:00+08:00,2026-04-14,86.7,2026-04-16,87.9,0.01384083044982698,0.007918301195882327,xgboost,test,1,0.2517150938510895,0.3849247694015503,0.36336010694503784,HOLD
2881,2026-04-14,2026-04-14T13:30:00+08:00,2026-04-15,88.0,2026-04-17,88.0,0.0,-0.005841675612252462,xgboost,test,1,0.2821231782436371,0.37043437361717224,0.3474423885345459,HOLD
2881,2026-04-15,2026-04-15T13:30:00+08:00,2026-04-16,87.3,2026-04-20,87.2,-0.001145475372279381,-0.006980459488985402,xgboost,test,1,0.36097925901412964,0.2808539867401123,0.35816678404808044,SELL
2881,2026-04-16,2026-04-16T13:30:00+08:00,2026-04-17,88.0,2026-04-21,87.7,-0.003409090909090917,-0.009230851718119881,xgboost,test,1,0.37061938643455505,0.2725408375263214,0.35683977603912354,SELL
2881,2026-04-17,2026-04-17T13:30:00+08:00,2026-04-20,87.9,2026-04-22,88.3,0.004550625711035261,-0.0013176331804539698,xgboost,test,1,0.3548339009284973,0.30103829503059387,0.3441277742385864,SELL
2881,2026-04-20,2026-04-20T13:30:00+08:00,2026-04-21,88.1,2026-04-23,88.3,0.002270147559591429,-0.0035847895182961054,xgboost,test,1,0.3304656744003296,0.2820194959640503,0.38751477003097534,BUY
2881,2026-04-21,2026-04-21T13:30:00+08:00,2026-04-22,87.8,2026-04-24,87.8,0.0,-0.005841675612252462,xgboost,test,1,0.32701995968818665,0.2119726687669754,0.46100741624832153,BUY
2881,2026-04-22,2026-04-22T13:30:00+08:00,2026-04-23,88.2,2026-04-27,87.9,-0.003401360544217691,-0.009223166511530656,xgboost,test,1,0.2749856114387512,0.3082602918148041,0.4167540967464447,BUY
2881,2026-04-23,2026-04-23T13:30:00+08:00,2026-04-24,88.2,2026-04-28,88.6,0.0045351473922901064,-0.0013330210798819797,xgboost,test,1,0.3328779935836792,0.36539486050605774,0.30172720551490784,HOLD
2881,2026-04-24,2026-04-24T13:30:00+08:00,2026-04-27,87.5,2026-04-29,91.3,0.04342857142857137,0.03733320018972952,xgboost,test,2,0.2994118928909302,0.3726505637168884,0.327937513589859,HOLD
2881,2026-04-27,2026-04-27T13:30:00+08:00,2026-04-28,88.5,2026-04-30,90.0,0.016949152542372836,0.0110084654790652,xgboost,test,2,0.29702290892601013,0.3439428210258484,0.3590342402458191,BUY
2881,2026-04-28,2026-04-28T13:30:00+08:00,2026-04-29,89.4,2026-05-04,91.0,0.017897091722594904,0.011950867106096164,xgboost,test,2,0.3196474015712738,0.30714449286460876,0.37320810556411743,BUY
2881,2026-04-29,2026-04-29T13:30:00+08:00,2026-04-30,90.4,2026-05-05,92.2,0.019911504424778625,0.013953512262724788,xgboost,test,2,0.3532443642616272,0.35566630959510803,0.29108935594558716,HOLD
2881,2026-04-30,2026-04-30T13:30:00+08:00,2026-05-04,91.8,2026-05-06,92.8,0.01089324618736387,0.00498793576452039,xgboost,test,1,0.564826488494873,0.1388198286294937,0.29635369777679443,SELL
2881,2026-05-04,2026-05-04T13:30:00+08:00,2026-05-05,91.5,2026-05-07,94.5,0.032786885245901676,0.026753679285706378,xgboost,test,2,0.43015703558921814,0.12993787229061127,0.4399051368236542,BUY
2881,2026-05-05,2026-05-05T13:30:00+08:00,2026-05-06,93.0,2026-05-08,96.7,0.03978494623655915,0.033710859874141796,xgboost,test,2,0.4802353084087372,0.3224014639854431,0.19736327230930328,SELL
2881,2026-05-06,2026-05-06T13:30:00+08:00,2026-05-07,93.3,2026-05-11,95.5,0.023579849946409492,0.017600428499784382,xgboost,test,2,0.34879037737846375,0.3149208724498749,0.33628877997398376,SELL
2881,2026-05-07,2026-05-07T13:30:00+08:00,2026-05-08,94.5,2026-05-12,93.7,-0.008465608465608399,-0.014257830739344723,xgboost,test,0,0.34927403926849365,0.3804309666156769,0.2702949345111847,HOLD
2881,2026-05-08,2026-05-08T13:30:00+08:00,2026-05-11,96.7,2026-05-13,94.7,-0.020682523267838704,-0.026403378288317736,xgboost,test,0,0.40168362855911255,0.2582845687866211,0.34003180265426636,SELL
2881,2026-05-11,2026-05-11T13:30:00+08:00,2026-05-12,96.0,2026-05-14,94.6,-0.014583333333333393,-0.02033981784290717,xgboost,test,0,0.3334563374519348,0.3718357980251312,0.2947078049182892,HOLD
2881,2026-05-12,2026-05-12T13:30:00+08:00,2026-05-13,93.5,2026-05-15,96.1,0.027807486631016065,0.02180336870227295,xgboost,test,2,0.3620591163635254,0.2953214645385742,0.3426194190979004,SELL
2881,2026-05-13,2026-05-13T13:30:00+08:00,2026-05-14,93.9,2026-05-18,95.2,0.013844515441959526,0.007921964661486092,xgboost,test,1,0.3116339445114136,0.40429848432540894,0.28406763076782227,HOLD
2881,2026-05-14,2026-05-14T13:30:00+08:00,2026-05-15,96.5,2026-05-19,97.2,0.007253886010362809,0.0013698355491094105,xgboost,test,1,0.39705342054367065,0.38589388132095337,0.2170526534318924,SELL
2881,2026-05-15,2026-05-15T13:30:00+08:00,2026-05-18,96.3,2026-05-20,95.8,-0.005192107995846351,-0.01100345299744332,xgboost,test,0,0.42461976408958435,0.3455234467983246,0.22985674440860748,SELL
2881,2026-05-18,2026-05-18T13:30:00+08:00,2026-05-19,95.7,2026-05-21,96.1,0.004179728317659226,-0.0016863639115723972,xgboost,test,1,0.3968130052089691,0.2762851119041443,0.3269018232822418,SELL
2881,2026-05-19,2026-05-19T13:30:00+08:00,2026-05-20,97.1,2026-05-22,95.1,-0.02059732234809475,-0.026318675084708754,xgboost,test,0,0.37911248207092285,0.3093831241130829,0.31150445342063904,SELL
2881,2026-05-20,2026-05-20T13:30:00+08:00,2026-05-21,96.5,2026-05-25,97.7,0.012435233160621895,0.006520914950082224,xgboost,test,1,0.3960684537887573,0.3065115809440613,0.297419935464859,SELL
2881,2026-05-21,2026-05-21T13:30:00+08:00,2026-05-22,95.4,2026-05-26,103.5,0.08490566037735836,0.07856799343953713,xgboost,test,2,0.3688764274120331,0.42252880334854126,0.20859482884407043,HOLD
2881,2026-05-22,2026-05-22T13:30:00+08:00,2026-05-25,95.4,2026-05-27,110.0,0.1530398322851152,0.14630414761689936,xgboost,test,2,0.41374263167381287,0.3697730004787445,0.21648433804512024,SELL
2881,2026-05-25,2026-05-25T13:30:00+08:00,2026-05-26,97.8,2026-05-28,110.0,0.12474437627811863,0.11817398448519656,xgboost,test,2,0.26740074157714844,0.29149913787841797,0.4411000907421112,BUY
2881,2026-05-26,2026-05-26T13:30:00+08:00,2026-05-27,104.5,2026-05-29,110.0,0.05263157894736836,0.04648244672394464,xgboost,test,2,0.3351917266845703,0.28241002559661865,0.38239818811416626,BUY
2881,2026-05-27,2026-05-27T13:30:00+08:00,2026-05-28,110.0,2026-06-01,110.5,0.00454545454545463,-0.0013227741377628277,xgboost,test,1,0.5958393216133118,0.17616882920265198,0.22799183428287506,SELL
2881,2026-05-28,2026-05-28T13:30:00+08:00,2026-05-29,110.5,2026-06-02,113.5,0.02714932126696823,0.02114904812678131,xgboost,test,2,0.5570953488349915,0.14781375229358673,0.295090913772583,SELL
2881,2026-05-29,2026-05-29T13:30:00+08:00,2026-06-01,109.5,2026-06-03,113.0,0.03196347031963476,0.02593507448233301,xgboost,test,2,0.5543097853660583,0.3429616093635559,0.10272864252328873,SELL
2881,2026-06-01,2026-06-01T13:30:00+08:00,2026-06-02,110.5,2026-06-04,114.0,0.03167420814479649,0.02564750208328692,xgboost,test,2,0.3770960867404938,0.32859450578689575,0.2943094074726105,SELL
2881,2026-06-02,2026-06-02T13:30:00+08:00,2026-06-03,115.5,2026-06-05,118.0,0.02164502164502169,0.015676902837698847,xgboost,test,2,0.4066939949989319,0.3260378837585449,0.2672681510448456,SELL
2881,2026-06-03,2026-06-03T13:30:00+08:00,2026-06-04,113.5,2026-06-08,116.0,0.022026431718061623,0.016056084836816753,xgboost,test,2,0.36986398696899414,0.22492066025733948,0.4052153527736664,BUY
2881,2026-06-04,2026-06-04T13:30:00+08:00,2026-06-05,114.0,2026-06-09,125.0,0.09649122807017552,0.09008588200410883,xgboost,test,2,0.30373498797416687,0.5511830449104309,0.1450820118188858,HOLD
2881,2026-06-05,2026-06-05T13:30:00+08:00,2026-06-08,112.0,2026-06-10,122.5,0.09375,0.08736066729909875,xgboost,test,2,0.2708309590816498,0.5901806950569153,0.13898834586143494,HOLD
2881,2026-06-08,2026-06-08T13:30:00+08:00,2026-06-09,115.0,2026-06-11,125.5,0.09130434782608687,0.084929301831846,xgboost,test,2,0.43258166313171387,0.19094906747341156,0.3764692544937134,SELL
2881,2026-06-09,2026-06-09T13:30:00+08:00,2026-06-10,124.0,2026-06-12,122.0,-0.016129032258064502,-0.02187648729592584,xgboost,test,0,0.32397565245628357,0.5111261010169983,0.16489818692207336,HOLD
2881,2026-06-10,2026-06-10T13:30:00+08:00,2026-06-11,125.0,2026-06-15,127.5,0.020000000000000018,0.014041490875502438,xgboost,test,2,0.22930403053760529,0.42806103825569153,0.3426348865032196,HOLD
2881,2026-06-11,2026-06-11T13:30:00+08:00,2026-06-12,127.0,2026-06-16,132.0,0.03937007874015741,0.03329841589907612,xgboost,test,2,0.2454739212989807,0.4462246596813202,0.3083014190196991,HOLD
2881,2026-06-12,2026-06-12T13:30:00+08:00,2026-06-15,126.0,2026-06-17,135.5,0.07539682539682535,0.06911470598841074,xgboost,test,2,0.5265820026397705,0.231007918715477,0.2424101084470749,SELL
2881,2026-06-15,2026-06-15T13:30:00+08:00,2026-06-16,128.5,2026-06-18,138.0,0.07392996108949412,0.0676564106265305,xgboost,test,2,0.2565859258174896,0.6436658501625061,0.09974818676710129,HOLD
2881,2026-06-16,2026-06-16T13:30:00+08:00,2026-06-17,133.0,2026-06-22,138.5,0.041353383458646586,0.03527013479475949,xgboost,test,2,0.47464242577552795,0.40994584560394287,0.11541169136762619,SELL
2881,2026-06-17,2026-06-17T13:30:00+08:00,2026-06-18,137.0,2026-06-23,137.5,0.0036496350364962904,-0.0022133605597425277,xgboost,test,1,0.2723574936389923,0.483914852142334,0.2437276691198349,HOLD
2881,2026-06-18,2026-06-18T13:30:00+08:00,2026-06-22,139.5,2026-06-24,134.5,-0.03584229390681004,-0.04147459046486013,xgboost,test,0,0.20973461866378784,0.43203458189964294,0.358230859041214,HOLD
2881,2026-06-22,2026-06-22T13:30:00+08:00,2026-06-23,137.0,2026-06-25,136.0,-0.007299270072992692,-0.013098305717272551,xgboost,test,0,0.4143153727054596,0.40065106749534607,0.18503350019454956,SELL
2881,2026-06-23,2026-06-23T13:30:00+08:00,2026-06-24,135.5,2026-06-26,134.0,-0.011070110701106972,-0.016847118317651955,xgboost,test,0,0.5570703744888306,0.3128149211406708,0.13011470437049866,SELL
2881,2026-06-24,2026-06-24T13:30:00+08:00,2026-06-25,133.5,2026-06-29,128.5,-0.03745318352059923,-0.0430760697840783,xgboost,test,0,0.29999351501464844,0.43382102251052856,0.266185462474823,HOLD
2881,2026-06-25,2026-06-25T13:30:00+08:00,2026-06-26,136.0,2026-06-30,129.5,-0.047794117647058876,-0.05335659552784344,xgboost,test,0,0.24375677108764648,0.3654510974884033,0.3907921016216278,BUY
2882,2026-01-02,2026-01-02T13:30:00+08:00,2026-01-05,75.0,2026-01-07,75.6,0.008000000000000007,0.0021115909828492985,xgboost,test,1,0.6189171075820923,0.19373154640197754,0.18735139071941376,SELL
2882,2026-01-05,2026-01-05T13:30:00+08:00,2026-01-06,76.1,2026-01-08,76.4,0.003942181340341744,-0.001922523216505656,xgboost,test,1,0.4557914733886719,0.2387128621339798,0.3054956793785095,SELL
2882,2026-01-06,2026-01-06T13:30:00+08:00,2026-01-07,76.5,2026-01-09,75.9,-0.007843137254901933,-0.013638995803529008,xgboost,test,0,0.33023151755332947,0.3026045560836792,0.36716392636299133,BUY
2882,2026-01-07,2026-01-07T13:30:00+08:00,2026-01-08,75.6,2026-01-12,76.1,0.006613756613756516,0.000733445580788139,xgboost,test,1,0.35106900334358215,0.28422921895980835,0.3647017776966095,BUY
2882,2026-01-08,2026-01-08T13:30:00+08:00,2026-01-09,76.5,2026-01-13,77.4,0.011764705882353121,0.005854304674662192,xgboost,test,1,0.2636411190032959,0.2934218645095825,0.4429369866847992,BUY
2882,2026-01-09,2026-01-09T13:30:00+08:00,2026-01-12,76.4,2026-01-14,74.7,-0.022251308900523625,-0.027962999584231096,xgboost,test,0,0.2704830467700958,0.33758413791656494,0.391932874917984,BUY
2882,2026-01-12,2026-01-12T13:30:00+08:00,2026-01-13,76.2,2026-01-15,75.2,-0.013123359580052507,-0.018888372782695617,xgboost,test,0,0.524419367313385,0.18303948640823364,0.29254111647605896,SELL
2882,2026-01-13,2026-01-13T13:30:00+08:00,2026-01-14,77.5,2026-01-16,76.2,-0.01677419354838705,-0.022517879763272908,xgboost,test,0,0.4052142798900604,0.33873820304870605,0.25604748725891113,SELL
2882,2026-01-14,2026-01-14T13:30:00+08:00,2026-01-15,74.9,2026-01-19,77.4,0.03337783711615483,0.027341179006830973,xgboost,test,2,0.26718857884407043,0.21882444620132446,0.5139870047569275,BUY
2882,2026-01-15,2026-01-15T13:30:00+08:00,2026-01-16,75.6,2026-01-20,76.6,0.013227513227513255,0.007308566773828851,xgboost,test,1,0.2911989986896515,0.44852131605148315,0.26027968525886536,HOLD
2882,2026-01-16,2026-01-16T13:30:00+08:00,2026-01-19,76.2,2026-01-21,75.7,-0.006561679790026198,-0.012365024197474095,xgboost,test,0,0.2704232931137085,0.2767653167247772,0.4528113901615143,BUY
2882,2026-01-19,2026-01-19T13:30:00+08:00,2026-01-20,76.9,2026-01-22,75.6,-0.016905071521456594,-0.022647993189678917,xgboost,test,0,0.46829429268836975,0.18666444718837738,0.34504130482673645,SELL
2882,2026-01-20,2026-01-20T13:30:00+08:00,2026-01-21,76.6,2026-01-23,76.6,0.0,-0.005841675612252573,xgboost,test,1,0.3433089256286621,0.1929648369550705,0.4637262225151062,BUY
2882,2026-01-21,2026-01-21T13:30:00+08:00,2026-01-22,76.0,2026-01-26,77.1,0.014473684210526194,0.008547458030201627,xgboost,test,1,0.20360572636127472,0.4846442937850952,0.31175002455711365,HOLD
2882,2026-01-22,2026-01-22T13:30:00+08:00,2026-01-23,75.9,2026-01-27,75.9,0.0,-0.005841675612252684,xgboost,test,1,0.4067364037036896,0.28919485211372375,0.30406880378723145,SELL
2882,2026-01-23,2026-01-23T13:30:00+08:00,2026-01-26,76.6,2026-01-28,75.8,-0.010443864229764954,-0.016224530175048768,xgboost,test,0,0.34040194749832153,0.5145114064216614,0.1450866460800171,HOLD
2882,2026-01-26,2026-01-26T13:30:00+08:00,2026-01-27,77.0,2026-01-29,76.4,-0.007792207792207684,-0.013588363854234897,xgboost,test,0,0.4938160181045532,0.1958707571029663,0.31031322479248047,SELL
2882,2026-01-27,2026-01-27T13:30:00+08:00,2026-01-28,76.1,2026-01-30,75.4,-0.009198423127463662,-0.014986364535661378,xgboost,test,0,0.3159611225128174,0.3168448507785797,0.3671939969062805,BUY
2882,2026-01-28,2026-01-28T13:30:00+08:00,2026-01-29,75.4,2026-02-02,74.3,-0.01458885941644572,-0.02034531164443465,xgboost,test,0,0.4585835635662079,0.36224624514579773,0.17917022109031677,SELL
2882,2026-01-29,2026-01-29T13:30:00+08:00,2026-01-30,76.1,2026-02-03,74.7,-0.018396846254927657,-0.024131053459070295,xgboost,test,0,0.3934822976589203,0.3243001401424408,0.2822175621986389,SELL
2882,2026-01-30,2026-01-30T13:30:00+08:00,2026-02-02,75.7,2026-02-04,76.2,0.006605019815059343,0.0007247598196347127,xgboost,test,1,0.2642354965209961,0.463422954082489,0.2723415791988373,HOLD
2882,2026-02-02,2026-02-02T13:30:00+08:00,2026-02-03,74.9,2026-02-05,76.0,0.014686248331108098,0.008758780420144108,xgboost,test,1,0.35842210054397583,0.336003839969635,0.30557411909103394,SELL
2882,2026-02-03,2026-02-03T13:30:00+08:00,2026-02-04,75.0,2026-02-06,75.7,0.009333333333333416,0.003437135415366388,xgboost,test,1,0.207421213388443,0.2735805809497833,0.5189982056617737,BUY
2882,2026-02-04,2026-02-04T13:30:00+08:00,2026-02-05,75.8,2026-02-09,77.2,0.018469656992084582,0.012520087635014665,xgboost,test,2,0.3607998788356781,0.24269378185272217,0.39650630950927734,BUY
2882,2026-02-05,2026-02-05T13:30:00+08:00,2026-02-06,75.9,2026-02-10,77.9,0.026350461133069825,0.020354854674644596,xgboost,test,2,0.25733697414398193,0.40014782547950745,0.342515230178833,HOLD
2882,2026-02-06,2026-02-06T13:30:00+08:00,2026-02-09,76.2,2026-02-11,78.8,0.034120734908136496,0.02807973703089872,xgboost,test,2,0.24720168113708496,0.4342321455478668,0.3185661733150482,HOLD
2882,2026-02-09,2026-02-09T13:30:00+08:00,2026-02-10,77.5,2026-02-23,79.6,0.02709677419354839,0.021096808016318525,xgboost,test,2,0.4798913300037384,0.25001251697540283,0.270096093416214,SELL
2882,2026-02-10,2026-02-10T13:30:00+08:00,2026-02-11,78.4,2026-02-24,78.2,-0.0025510204081633514,-0.008377793786711218,xgboost,test,1,0.2658996880054474,0.3347592353820801,0.3993411362171173,BUY
2882,2026-02-11,2026-02-11T13:30:00+08:00,2026-02-23,81.4,2026-02-25,76.9,-0.055282555282555323,-0.060801288139830656,xgboost,test,0,0.184514582157135,0.3520659804344177,0.46341943740844727,BUY
2882,2026-02-23,2026-02-23T13:30:00+08:00,2026-02-24,79.2,2026-02-26,79.7,0.0063131313131312705,0.0004345764356499249,xgboost,test,1,0.3089354932308197,0.5210760235786438,0.1699884682893753,HOLD
2882,2026-02-24,2026-02-24T13:30:00+08:00,2026-02-25,78.2,2026-03-02,77.9,-0.0038363171355498826,-0.009655582227550696,xgboost,test,1,0.22229430079460144,0.33232319355010986,0.4453824758529663,BUY
2882,2026-02-25,2026-02-25T13:30:00+08:00,2026-02-26,77.0,2026-03-03,77.6,0.007792207792207684,0.001905012629729974,xgboost,test,1,0.4141451120376587,0.4941764771938324,0.09167841821908951,HOLD
2882,2026-02-26,2026-02-26T13:30:00+08:00,2026-03-02,79.4,2026-03-04,73.2,-0.07808564231738035,-0.08347116693724044,xgboost,test,0,0.5343515276908875,0.2290288358926773,0.23661960661411285,SELL
2882,2026-03-02,2026-03-02T13:30:00+08:00,2026-03-03,77.3,2026-03-05,73.6,-0.04786545924967667,-0.0534275203759611,xgboost,test,0,0.3575490415096283,0.3086725175380707,0.333778440952301,SELL
2882,2026-03-03,2026-03-03T13:30:00+08:00,2026-03-04,76.5,2026-03-06,73.0,-0.04575163398692805,-0.051326043394698595,xgboost,test,0,0.35372045636177063,0.2535552382469177,0.3927243649959564,BUY
2882,2026-03-04,2026-03-04T13:30:00+08:00,2026-03-05,74.3,2026-03-09,70.0,-0.05787348586810226,-0.0633770833493631,xgboost,test,0,0.36750203371047974,0.36134591698646545,0.2711520493030548,SELL
2882,2026-03-05,2026-03-05T13:30:00+08:00,2026-03-06,73.0,2026-03-10,71.1,-0.026027397260274032,-0.03171702926070086,xgboost,test,0,0.3843783140182495,0.31497547030448914,0.30064621567726135,SELL
2882,2026-03-06,2026-03-06T13:30:00+08:00,2026-03-09,68.3,2026-03-11,71.8,0.051244509516837455,0.0451034801030783,xgboost,test,2,0.33551502227783203,0.308363676071167,0.35612133145332336,BUY
2882,2026-03-09,2026-03-09T13:30:00+08:00,2026-03-10,71.6,2026-03-12,72.5,0.012569832402234749,0.006654727906587832,xgboost,test,1,0.3196924030780792,0.41513141989707947,0.2651761770248413,HOLD
2882,2026-03-10,2026-03-10T13:30:00+08:00,2026-03-11,71.2,2026-03-13,71.7,0.0070224719101124045,0.00113977329496473,xgboost,test,1,0.25166845321655273,0.24401460587978363,0.5043169856071472,BUY
2882,2026-03-11,2026-03-11T13:30:00+08:00,2026-03-12,72.6,2026-03-16,72.4,-0.0027548209366389242,-0.008580403778609691,xgboost,test,1,0.37134620547294617,0.43550294637680054,0.1931508481502533,HOLD
2882,2026-03-12,2026-03-12T13:30:00+08:00,2026-03-13,71.6,2026-03-17,73.2,0.022346368715083997,0.01637415286568622,xgboost,test,2,0.23609846830368042,0.6633936166763306,0.10050785541534424,HOLD
2882,2026-03-13,2026-03-13T13:30:00+08:00,2026-03-16,72.2,2026-03-18,73.4,0.016620498614958512,0.010681731441283482,xgboost,test,2,0.26031097769737244,0.5752860307693481,0.16440296173095703,HOLD
2882,2026-03-16,2026-03-16T13:30:00+08:00,2026-03-17,72.5,2026-03-19,71.6,-0.012413793103448367,-0.01818295136327286,xgboost,test,0,0.2665899097919464,0.3258538544178009,0.4075562059879303,BUY
2882,2026-03-17,2026-03-17T13:30:00+08:00,2026-03-18,74.2,2026-03-20,72.0,-0.02964959568733161,-0.03531806797954429,xgboost,test,0,0.3000141680240631,0.3783034682273865,0.321682333946228,HOLD
2882,2026-03-18,2026-03-18T13:30:00+08:00,2026-03-19,73.0,2026-03-23,71.7,-0.017808219178082174,-0.023545864950664575,xgboost,test,0,0.2731989622116089,0.4406774342060089,0.2861235737800598,HOLD
2882,2026-03-19,2026-03-19T13:30:00+08:00,2026-03-20,71.3,2026-03-24,70.8,-0.007012622720897643,-0.012813332866023486,xgboost,test,0,0.5428668856620789,0.1524941325187683,0.30463898181915283,SELL
2882,2026-03-20,2026-03-20T13:30:00+08:00,2026-03-23,70.1,2026-03-25,71.4,0.018544935805991702,0.012594926694510455,xgboost,test,2,0.2791537642478943,0.3912525177001953,0.3295937478542328,HOLD
2882,2026-03-23,2026-03-23T13:30:00+08:00,2026-03-24,71.8,2026-03-26,70.8,-0.013927576601671321,-0.019687891829352044,xgboost,test,0,0.18719065189361572,0.42425936460494995,0.38854995369911194,HOLD
2882,2026-03-24,2026-03-24T13:30:00+08:00,2026-03-25,72.4,2026-03-27,70.6,-0.024861878453038777,-0.030558319036257497,xgboost,test,0,0.39407825469970703,0.2298375964164734,0.37608420848846436,SELL
2882,2026-03-25,2026-03-25T13:30:00+08:00,2026-03-26,71.4,2026-03-30,70.4,-0.014005602240896309,-0.019765461668103335,xgboost,test,0,0.22806188464164734,0.512229859828949,0.2597082555294037,HOLD
2882,2026-03-26,2026-03-26T13:30:00+08:00,2026-03-27,70.4,2026-03-31,70.3,-0.0014204545454546968,-0.007253832323030562,xgboost,test,1,0.24738670885562897,0.2028656005859375,0.5497477054595947,BUY
2882,2026-03-27,2026-03-27T13:30:00+08:00,2026-03-30,69.1,2026-04-01,71.9,0.0405209840810421,0.034442598024299054,xgboost,test,2,0.5035422444343567,0.15037328004837036,0.34608447551727295,SELL
2882,2026-03-30,2026-03-30T13:30:00+08:00,2026-03-31,69.8,2026-04-02,71.8,0.02865329512893977,0.02264423626132195,xgboost,test,2,0.20909175276756287,0.24313898384571075,0.54776930809021,BUY
2882,2026-03-31,2026-03-31T13:30:00+08:00,2026-04-01,71.6,2026-04-07,71.9,0.0041899441340784715,-0.0016762077726388824,xgboost,test,1,0.25497695803642273,0.2995411157608032,0.44548195600509644,BUY
2882,2026-04-01,2026-04-01T13:30:00+08:00,2026-04-02,72.1,2026-04-08,73.8,0.023578363384188616,0.01759895062157768,xgboost,test,2,0.3477942645549774,0.3958101272583008,0.2563956677913666,HOLD
2882,2026-04-02,2026-04-02T13:30:00+08:00,2026-04-07,72.2,2026-04-09,73.6,0.01939058171745134,0.013435632616872528,xgboost,test,2,0.2575403153896332,0.3773846924304962,0.365075021982193,HOLD
2882,2026-04-07,2026-04-07T13:30:00+08:00,2026-04-08,73.6,2026-04-10,72.9,-0.009510869565217184,-0.015296985762679238,xgboost,test,0,0.3672652840614319,0.26460808515548706,0.36812663078308105,BUY
2882,2026-04-08,2026-04-08T13:30:00+08:00,2026-04-09,74.3,2026-04-13,72.0,-0.030955585464333746,-0.03661642858791636,xgboost,test,0,0.28624793887138367,0.3362037241458893,0.37754836678504944,BUY
2882,2026-04-09,2026-04-09T13:30:00+08:00,2026-04-10,73.9,2026-04-14,72.7,-0.016238159675236896,-0.02198497722612658,xgboost,test,0,0.41125720739364624,0.27369561791419983,0.31504717469215393,SELL
2882,2026-04-10,2026-04-10T13:30:00+08:00,2026-04-13,72.6,2026-04-15,72.9,0.004132231404958775,-0.001733583362716118,xgboost,test,1,0.2647980749607086,0.36434701085090637,0.3708549439907074,BUY
2882,2026-04-13,2026-04-13T13:30:00+08:00,2026-04-14,71.5,2026-04-16,74.2,0.03776223776223775,0.03169996740658543,xgboost,test,2,0.27695655822753906,0.19908346235752106,0.5239599943161011,BUY
2882,2026-04-14,2026-04-14T13:30:00+08:00,2026-04-15,72.9,2026-04-17,75.0,0.028806584362139898,0.022796630028546705,xgboost,test,2,0.2641136944293976,0.3759154677391052,0.3599707782268524,HOLD
2882,2026-04-15,2026-04-15T13:30:00+08:00,2026-04-16,73.0,2026-04-20,74.6,0.021917808219177992,0.015948095881177293,xgboost,test,2,0.4430302083492279,0.26668062806129456,0.29028913378715515,SELL
2882,2026-04-16,2026-04-16T13:30:00+08:00,2026-04-17,74.2,2026-04-21,75.5,0.017520215633423097,0.011576192604783486,xgboost,test,2,0.46442949771881104,0.30538246035575867,0.23018808662891388,SELL
2882,2026-04-17,2026-04-17T13:30:00+08:00,2026-04-20,74.8,2026-04-22,75.9,0.014705882352941346,0.008778299746390994,xgboost,test,1,0.3284699022769928,0.5179412364959717,0.1535888910293579,HOLD
2882,2026-04-20,2026-04-20T13:30:00+08:00,2026-04-21,75.4,2026-04-23,74.8,-0.007957559681697757,-0.013752749811624665,xgboost,test,0,0.22792460024356842,0.1856236308813095,0.5864517688751221,BUY
2882,2026-04-21,2026-04-21T13:30:00+08:00,2026-04-22,75.5,2026-04-24,74.9,-0.007947019867549643,-0.013742271567651732,xgboost,test,0,0.4872676134109497,0.27098384499549866,0.24174852669239044,SELL
2882,2026-04-22,2026-04-22T13:30:00+08:00,2026-04-23,75.1,2026-04-27,74.5,-0.00798934753661773,-0.013784351972207731,xgboost,test,0,0.3708067238330841,0.3743700385093689,0.2548232078552246,HOLD
2882,2026-04-23,2026-04-23T13:30:00+08:00,2026-04-24,74.5,2026-04-28,74.7,0.0026845637583892135,-0.003172794204500007,xgboost,test,1,0.3024786114692688,0.21018922328948975,0.48733219504356384,BUY
2882,2026-04-24,2026-04-24T13:30:00+08:00,2026-04-27,74.1,2026-04-29,78.6,0.06072874493927127,0.054532311698744396,xgboost,test,2,0.29923465847969055,0.3481406271457672,0.35262468457221985,BUY
2882,2026-04-27,2026-04-27T13:30:00+08:00,2026-04-28,74.5,2026-04-30,77.2,0.03624161073825505,0.030188223392404234,xgboost,test,2,0.3197246491909027,0.2933124899864197,0.3869628608226776,BUY
2882,2026-04-28,2026-04-28T13:30:00+08:00,2026-04-29,75.9,2026-05-04,76.2,0.0039525691699604515,-0.0019121960692181084,xgboost,test,1,0.4664974808692932,0.2634715437889099,0.2700309753417969,SELL
2882,2026-04-29,2026-04-29T13:30:00+08:00,2026-04-30,78.0,2026-05-05,77.2,-0.01025641025641022,-0.016038171246998578,xgboost,test,0,0.3380439281463623,0.4304152727127075,0.2315407395362854,HOLD
2882,2026-04-30,2026-04-30T13:30:00+08:00,2026-05-04,77.8,2026-05-06,78.7,0.011568123393316254,0.0056588705567575115,xgboost,test,1,0.491488516330719,0.17082293331623077,0.33768850564956665,SELL
2882,2026-05-04,2026-05-04T13:30:00+08:00,2026-05-05,76.2,2026-05-07,79.0,0.03674540682414684,0.03068907646498742,xgboost,test,2,0.4954536557197571,0.1439627707004547,0.3605836033821106,SELL
2882,2026-05-05,2026-05-05T13:30:00+08:00,2026-05-06,77.7,2026-05-08,80.0,0.029601029601029616,0.02358643437605923,xgboost,test,2,0.4763147532939911,0.33475595712661743,0.1889292597770691,SELL
2882,2026-05-06,2026-05-06T13:30:00+08:00,2026-05-07,78.5,2026-05-11,78.4,-0.00127388535031836,-0.007108119337587149,xgboost,test,1,0.24415075778961182,0.2931252419948578,0.46272405982017517,BUY
2882,2026-05-07,2026-05-07T13:30:00+08:00,2026-05-08,79.5,2026-05-12,76.4,-0.03899371069182378,-0.04460759769529676,xgboost,test,0,0.34513741731643677,0.2527482807636261,0.40211430191993713,BUY
2882,2026-05-08,2026-05-08T13:30:00+08:00,2026-05-11,79.6,2026-05-13,77.3,-0.028894472361808976,-0.03456735583953652,xgboost,test,0,0.45223844051361084,0.3663642704486847,0.18139725923538208,SELL
2882,2026-05-11,2026-05-11T13:30:00+08:00,2026-05-12,78.7,2026-05-14,76.7,-0.02541296060991105,-0.031106181949933642,xgboost,test,0,0.2521716058254242,0.3176117539405823,0.4302166998386383,BUY
2882,2026-05-12,2026-05-12T13:30:00+08:00,2026-05-13,76.6,2026-05-15,77.9,0.016971279373368287,0.011030463052291717,xgboost,test,2,0.3502432703971863,0.2985498309135437,0.35120683908462524,BUY
2882,2026-05-13,2026-05-13T13:30:00+08:00,2026-05-14,76.9,2026-05-18,76.8,-0.0013003901170351995,-0.007134469272054633,xgboost,test,1,0.3083505630493164,0.41133037209510803,0.28031909465789795,HOLD
2882,2026-05-14,2026-05-14T13:30:00+08:00,2026-05-15,77.4,2026-05-19,77.8,0.0051679586563306845,-0.0007039064939698969,xgboost,test,1,0.3118889331817627,0.1940944492816925,0.4940165877342224,BUY
2882,2026-05-15,2026-05-15T13:30:00+08:00,2026-05-18,78.0,2026-05-20,77.9,-0.0012820512820511665,-0.007116237566595629,xgboost,test,1,0.47501611709594727,0.28929808735847473,0.2356858253479004,SELL
2882,2026-05-18,2026-05-18T13:30:00+08:00,2026-05-19,77.5,2026-05-21,78.7,0.015483870967742064,0.009551743604073959,xgboost,test,1,0.5150067806243896,0.22680026292800903,0.2581929564476013,SELL
2882,2026-05-19,2026-05-19T13:30:00+08:00,2026-05-20,78.0,2026-05-22,79.7,0.02179487179487194,0.01582587761158316,xgboost,test,2,0.4465392231941223,0.2244228720664978,0.3290379047393799,SELL
2882,2026-05-20,2026-05-20T13:30:00+08:00,2026-05-21,77.8,2026-05-25,81.5,0.04755784061696655,0.04143834752701059,xgboost,test,2,0.33395349979400635,0.23527364432811737,0.43077290058135986,BUY
2882,2026-05-21,2026-05-21T13:30:00+08:00,2026-05-22,78.5,2026-05-26,83.1,0.05859872611464967,0.05241473575314415,xgboost,test,2,0.43329918384552,0.26946398615837097,0.2972368597984314,SELL
2882,2026-05-22,2026-05-22T13:30:00+08:00,2026-05-25,79.9,2026-05-27,85.4,0.06883604505632035,0.06259225159841852,xgboost,test,2,0.2770735025405884,0.3021513819694519,0.4207751452922821,BUY
2882,2026-05-25,2026-05-25T13:30:00+08:00,2026-05-26,80.6,2026-05-28,84.8,0.05210918114143914,0.04596310059653819,xgboost,test,2,0.20622414350509644,0.4114528298377991,0.3823230266571045,HOLD
2882,2026-05-26,2026-05-26T13:30:00+08:00,2026-05-27,83.1,2026-05-29,85.7,0.03128760529482566,0.02526315764175635,xgboost,test,2,0.41570374369621277,0.29986417293548584,0.2844320833683014,SELL
2882,2026-05-27,2026-05-27T13:30:00+08:00,2026-05-28,85.4,2026-06-01,88.2,0.032786885245901676,0.026753679285706156,xgboost,test,2,0.35662055015563965,0.28617820143699646,0.3572012484073639,BUY
2882,2026-05-28,2026-05-28T13:30:00+08:00,2026-05-29,85.6,2026-06-02,89.2,0.0420560747663552,0.03596872120779282,xgboost,test,2,0.6184566617012024,0.2427670955657959,0.1387762725353241,SELL
2882,2026-05-29,2026-05-29T13:30:00+08:00,2026-06-01,86.6,2026-06-03,91.8,0.06004618937644346,0.05385374340410176,xgboost,test,2,0.324415922164917,0.43349650502204895,0.24208752810955048,HOLD
2882,2026-06-01,2026-06-01T13:30:00+08:00,2026-06-02,88.5,2026-06-04,94.4,0.06666666666666665,0.06043554601359724,xgboost,test,2,0.22891388833522797,0.26158925890922546,0.5094968676567078,BUY
2882,2026-06-02,2026-06-02T13:30:00+08:00,2026-06-03,89.9,2026-06-05,100.0,0.11234705228031139,0.1058490816326445,xgboost,test,2,0.5171166062355042,0.2922835052013397,0.19059991836547852,SELL
2882,2026-06-03,2026-06-03T13:30:00+08:00,2026-06-04,96.3,2026-06-08,95.0,-0.01349948078920038,-0.01926229681374858,xgboost,test,0,0.6497235298156738,0.19146694242954254,0.15880948305130005,SELL
2882,2026-06-04,2026-06-04T13:30:00+08:00,2026-06-05,94.4,2026-06-09,104.0,0.10169491525423724,0.09525917093565406,xgboost,test,2,0.3804333209991455,0.25743329524993896,0.3621333837509155,SELL
2882,2026-06-05,2026-06-05T13:30:00+08:00,2026-06-08,97.8,2026-06-10,99.9,0.021472392638036908,0.01550528227337411,xgboost,test,2,0.39565151929855347,0.24695679545402527,0.35739168524742126,SELL
2882,2026-06-08,2026-06-08T13:30:00+08:00,2026-06-09,95.3,2026-06-11,100.5,0.05456453305351516,0.04840410913923021,xgboost,test,2,0.5525355339050293,0.21257027983665466,0.23489418625831604,SELL
2882,2026-06-09,2026-06-09T13:30:00+08:00,2026-06-10,102.0,2026-06-12,100.5,-0.014705882352941124,-0.020461650970895917,xgboost,test,0,0.5251868367195129,0.29778045415878296,0.17703266441822052,SELL
2882,2026-06-10,2026-06-10T13:30:00+08:00,2026-06-11,101.0,2026-06-15,104.0,0.02970297029702973,0.023687779567581613,xgboost,test,2,0.31899386644363403,0.3443049192428589,0.3367011845111847,HOLD
2882,2026-06-11,2026-06-11T13:30:00+08:00,2026-06-12,102.0,2026-06-16,109.5,0.07352941176470584,0.06725820118096415,xgboost,test,2,0.2110881358385086,0.3946516215801239,0.3942602872848511,HOLD
2882,2026-06-12,2026-06-12T13:30:00+08:00,2026-06-15,105.0,2026-06-17,113.5,0.08095238095238089,0.07463780779056495,xgboost,test,2,0.4775172173976898,0.14605805277824402,0.3764247000217438,SELL
2882,2026-06-15,2026-06-15T13:30:00+08:00,2026-06-16,104.5,2026-06-18,115.5,0.10526315789473695,0.09880656906014207,xgboost,test,2,0.28830385208129883,0.41420602798461914,0.2974901795387268,HOLD
2882,2026-06-16,2026-06-16T13:30:00+08:00,2026-06-17,110.0,2026-06-22,113.0,0.027272727272727337,0.021271733234685897,xgboost,test,2,0.4579840898513794,0.2744429111480713,0.26757296919822693,SELL
2882,2026-06-17,2026-06-17T13:30:00+08:00,2026-06-18,115.0,2026-06-23,113.5,-0.013043478260869601,-0.01880895810426675,xgboost,test,0,0.46530377864837646,0.4300019443035126,0.10469427704811096,SELL
2882,2026-06-18,2026-06-18T13:30:00+08:00,2026-06-22,117.0,2026-06-24,110.0,-0.05982905982905984,-0.0653212334816049,xgboost,test,0,0.17782793939113617,0.556657075881958,0.26551496982574463,HOLD
2882,2026-06-22,2026-06-22T13:30:00+08:00,2026-06-23,113.0,2026-06-25,111.5,-0.013274336283185861,-0.019038467528904035,xgboost,test,0,0.3585558235645294,0.41247597336769104,0.22896824777126312,HOLD
2882,2026-06-23,2026-06-23T13:30:00+08:00,2026-06-24,110.5,2026-06-26,106.0,-0.040723981900452455,-0.04632776122080329,xgboost,test,0,0.338083416223526,0.35452035069465637,0.3073962330818176,HOLD
2882,2026-06-24,2026-06-24T13:30:00+08:00,2026-06-25,110.0,2026-06-29,101.5,-0.07727272727272727,-0.08266300067857857,xgboost,test,0,0.4449383020401001,0.34188327193260193,0.21317839622497559,SELL
2882,2026-06-25,2026-06-25T13:30:00+08:00,2026-06-26,110.5,2026-06-30,98.3,-0.11040723981900458,-0.11560395215099029,xgboost,test,0,0.2794148623943329,0.43134695291519165,0.2892380952835083,HOLD
2002,2025-01-02,2025-01-02T13:30:00+08:00,2025-01-03,19.25,2025-01-07,18.95,-0.01558441558441559,-0.021335052096217444,gru,validation,0,0.3800879418849945,0.3300549387931824,0.28985708951950073,SELL
2002,2025-01-03,2025-01-03T13:30:00+08:00,2025-01-06,19.0,2025-01-08,18.9,-0.0052631578947369695,-0.011074087845872382,gru,validation,0,0.3162071108818054,0.3369632661342621,0.3468296527862549,BUY
2002,2025-01-06,2025-01-06T13:30:00+08:00,2025-01-07,19.25,2025-01-09,18.6,-0.033766233766233666,-0.03941065799417642,gru,validation,0,0.35624635219573975,0.3423179090023041,0.3014357089996338,SELL
2002,2025-01-07,2025-01-07T13:30:00+08:00,2025-01-08,18.95,2025-01-10,18.3,-0.03430079155672816,-0.03994209307146268,gru,validation,0,0.33785808086395264,0.34347283840179443,0.31866908073425293,HOLD
2002,2025-01-08,2025-01-08T13:30:00+08:00,2025-01-09,18.85,2025-01-13,18.1,-0.039787798408488007,-0.04539704660911248,gru,validation,0,0.3947020173072815,0.33383792638778687,0.2714601159095764,SELL
2002,2025-01-09,2025-01-09T13:30:00+08:00,2025-01-10,18.55,2025-01-14,18.35,-0.010781671159029615,-0.016560363745813045,gru,validation,0,0.3329211175441742,0.3279276490211487,0.33915120363235474,BUY
2002,2025-01-10,2025-01-10T13:30:00+08:00,2025-01-13,18.25,2025-01-15,18.7,0.024657534246575352,0.018671817317856165,gru,validation,2,0.34479865431785583,0.32310229539871216,0.332099050283432,SELL
2002,2025-01-13,2025-01-13T13:30:00+08:00,2025-01-14,18.1,2025-01-16,18.9,0.044198895027624197,0.03809902380820018,gru,validation,2,0.3747952878475189,0.33715203404426575,0.28805267810821533,SELL
2002,2025-01-14,2025-01-14T13:30:00+08:00,2025-01-15,18.35,2025-01-17,19.55,0.06539509536784727,0.05917140282182354,gru,validation,2,0.34729844331741333,0.3329353630542755,0.31976616382598877,SELL
2002,2025-01-15,2025-01-15T13:30:00+08:00,2025-01-16,19.0,2025-01-20,19.55,0.02894736842105261,0.022936591672656048,gru,validation,2,0.33271917700767517,0.35906028747558594,0.3082205057144165,HOLD
2002,2025-01-16,2025-01-16T13:30:00+08:00,2025-01-17,19.1,2025-01-21,20.1,0.05235602094240832,0.046208498439461954,gru,validation,2,0.3635999262332916,0.31059274077415466,0.3258073329925537,SELL
2002,2025-01-17,2025-01-17T13:30:00+08:00,2025-01-20,19.6,2025-01-22,20.15,0.028061224489795755,0.02205562430679109,gru,validation,2,0.38261836767196655,0.3355412185192108,0.28184041380882263,SELL
2002,2025-01-20,2025-01-20T13:30:00+08:00,2025-01-21,19.7,2025-02-03,20.0,0.015228426395939021,0.009297791256596355,gru,validation,1,0.36372533440589905,0.35052692890167236,0.28574779629707336,SELL
2002,2025-01-21,2025-01-21T13:30:00+08:00,2025-01-22,20.3,2025-02-04,19.6,-0.03448275862068961,-0.04012299714286449,gru,validation,0,0.39760902523994446,0.3242923617362976,0.27809861302375793,SELL
2002,2025-01-22,2025-01-22T13:30:00+08:00,2025-02-03,19.95,2025-02-05,19.6,-0.01754385964912275,-0.02328304972431816,gru,validation,0,0.35139399766921997,0.3139776587486267,0.3346284329891205,SELL
2002,2025-02-03,2025-02-03T13:30:00+08:00,2025-02-04,20.15,2025-02-06,19.9,-0.012406947890818865,-0.018176146138155214,gru,validation,0,0.38778504729270935,0.3159387707710266,0.29627618193626404,SELL
2002,2025-02-04,2025-02-04T13:30:00+08:00,2025-02-05,19.8,2025-02-07,19.65,-0.00757575757575768,-0.01337317806973548,gru,validation,0,0.3416768014431,0.31470412015914917,0.34361910820007324,BUY
2002,2025-02-05,2025-02-05T13:30:00+08:00,2025-02-06,19.9,2025-02-10,20.05,0.007537688442211143,0.0016519800992131906,gru,validation,1,0.31326332688331604,0.33948373794555664,0.3472529351711273,BUY
2002,2025-02-06,2025-02-06T13:30:00+08:00,2025-02-07,19.9,2025-02-11,19.9,0.0,-0.005841675612252573,gru,validation,1,0.36699962615966797,0.3182234466075897,0.3147769272327423,SELL
2002,2025-02-07,2025-02-07T13:30:00+08:00,2025-02-10,19.65,2025-02-12,20.1,0.022900763358778775,0.016925308915711312,gru,validation,2,0.35960081219673157,0.3353331983089447,0.3050660192966461,SELL
2002,2025-02-10,2025-02-10T13:30:00+08:00,2025-02-11,20.15,2025-02-13,21.9,0.08684863523573205,0.08049961806906536,gru,validation,2,0.37204301357269287,0.33570241928100586,0.2922545373439789,SELL
2002,2025-02-11,2025-02-11T13:30:00+08:00,2025-02-12,20.0,2025-02-14,23.25,0.1625000000000001,0.15570905210075647,gru,validation,2,0.3287140727043152,0.32549387216567993,0.34579211473464966,BUY
2002,2025-02-12,2025-02-12T13:30:00+08:00,2025-02-13,20.2,2025-02-17,22.85,0.1311881188118813,0.12458008476534821,gru,validation,2,0.38702425360679626,0.30977970361709595,0.3031960129737854,SELL
2002,2025-02-13,2025-02-13T13:30:00+08:00,2025-02-14,22.0,2025-02-18,22.4,0.018181818181818077,0.012233930285706407,gru,validation,2,0.392790287733078,0.3249950110912323,0.2822146415710449,SELL
2002,2025-02-14,2025-02-14T13:30:00+08:00,2025-02-17,23.4,2025-02-19,22.35,-0.04487179487179471,-0.050451344014266764,gru,validation,0,0.3476470708847046,0.3058013319969177,0.3465515673160553,SELL
2002,2025-02-17,2025-02-17T13:30:00+08:00,2025-02-18,22.65,2025-02-20,22.65,0.0,-0.005841675612252462,gru,validation,1,0.3151935040950775,0.32293516397476196,0.36187130212783813,BUY
2002,2025-02-18,2025-02-18T13:30:00+08:00,2025-02-19,22.45,2025-02-21,23.0,0.024498886414253906,0.0185140962547079,gru,validation,2,0.3553827106952667,0.30440229177474976,0.34021493792533875,SELL
2002,2025-02-19,2025-02-19T13:30:00+08:00,2025-02-20,22.6,2025-02-24,23.2,0.0265486725663715,0.020551908221050352,gru,validation,2,0.3393286168575287,0.3233579397201538,0.3373134732246399,SELL
2002,2025-02-20,2025-02-20T13:30:00+08:00,2025-02-21,22.8,2025-02-25,23.9,0.048245614035087536,0.04212210319592824,gru,validation,2,0.3596726059913635,0.30943962931632996,0.33088770508766174,SELL
2002,2025-02-21,2025-02-21T13:30:00+08:00,2025-02-24,22.95,2025-02-26,23.8,0.0370370370370372,0.0309790030687751,gru,validation,2,0.36848700046539307,0.31935450434684753,0.3121585249900818,SELL
2002,2025-02-24,2025-02-24T13:30:00+08:00,2025-02-25,23.1,2025-02-27,24.35,0.054112554112554,0.04795477051262553,gru,validation,2,0.46068719029426575,0.28705745935440063,0.252255380153656,SELL
2002,2025-02-25,2025-02-25T13:30:00+08:00,2025-02-26,23.95,2025-03-03,24.0,0.0020876826722338038,-0.003766188504971235,gru,validation,1,0.39098432660102844,0.30317017436027527,0.3058454990386963,SELL
2002,2025-02-26,2025-02-26T13:30:00+08:00,2025-02-27,23.9,2025-03-04,23.6,-0.012552301255229992,-0.018320650395362237,gru,validation,0,0.36191365122795105,0.31052878499031067,0.32755759358406067,SELL
2002,2025-02-27,2025-02-27T13:30:00+08:00,2025-03-03,23.6,2025-03-05,24.1,0.021186440677966045,0.015221000751894698,gru,validation,2,0.3674284815788269,0.2668599784374237,0.3657115399837494,SELL
2002,2025-03-03,2025-03-03T13:30:00+08:00,2025-03-04,23.75,2025-03-06,24.25,0.021052631578947434,0.015087973322226444,gru,validation,2,0.38046693801879883,0.283517986536026,0.3360150456428528,SELL
2002,2025-03-04,2025-03-04T13:30:00+08:00,2025-03-05,23.6,2025-03-07,24.25,0.02754237288135597,0.021539803661138723,gru,validation,2,0.37527334690093994,0.31574156880378723,0.3089851438999176,SELL
2002,2025-03-05,2025-03-05T13:30:00+08:00,2025-03-06,24.2,2025-03-10,24.7,0.02066115702479343,0.014698785635428147,gru,validation,2,0.37632420659065247,0.32110562920570374,0.3025702238082886,SELL
2002,2025-03-06,2025-03-06T13:30:00+08:00,2025-03-07,24.15,2025-03-11,24.3,0.006211180124223725,0.0003332208125161884,gru,validation,1,0.4014829099178314,0.2751431167125702,0.3233740031719208,SELL
2002,2025-03-07,2025-03-07T13:30:00+08:00,2025-03-10,24.35,2025-03-12,24.15,-0.008213552361396426,-0.014007247065129347,gru,validation,0,0.37458986043930054,0.2981497645378113,0.32726040482521057,SELL
2002,2025-03-10,2025-03-10T13:30:00+08:00,2025-03-11,24.45,2025-03-13,23.7,-0.030674846625766916,-0.03633732973457604,gru,validation,0,0.3782355785369873,0.3510642945766449,0.2707000970840454,SELL
2002,2025-03-11,2025-03-11T13:30:00+08:00,2025-03-12,24.4,2025-03-14,24.3,-0.004098360655737654,-0.009916094974497414,gru,validation,1,0.3250470459461212,0.3396621644496918,0.3352908194065094,HOLD
2002,2025-03-12,2025-03-12T13:30:00+08:00,2025-03-13,24.15,2025-03-17,24.1,-0.0020703933747411307,-0.007899974420508604,gru,validation,1,0.36048424243927,0.2985740005970001,0.34094178676605225,SELL
2002,2025-03-13,2025-03-13T13:30:00+08:00,2025-03-14,23.8,2025-03-18,24.15,0.014705882352941124,0.008778299746390772,gru,validation,1,0.3417612910270691,0.3014281690120697,0.3568105101585388,BUY
2002,2025-03-14,2025-03-14T13:30:00+08:00,2025-03-17,24.2,2025-03-19,24.1,-0.004132231404958553,-0.009949767861788583,gru,validation,1,0.3991636335849762,0.30945369601249695,0.29138270020484924,SELL
2002,2025-03-17,2025-03-17T13:30:00+08:00,2025-03-18,24.15,2025-03-20,24.35,0.008281573498964967,0.002391519620772442,gru,validation,1,0.3883952498435974,0.2972068786621094,0.3143978714942932,SELL
2002,2025-03-18,2025-03-18T13:30:00+08:00,2025-03-19,24.0,2025-03-21,23.8,-0.008333333333333304,-0.01412632831548366,gru,validation,0,0.3741621673107147,0.2976822257041931,0.3281555473804474,SELL
2002,2025-03-19,2025-03-19T13:30:00+08:00,2025-03-20,24.3,2025-03-24,23.7,-0.024691358024691468,-0.030388794732937652,gru,validation,0,0.35923606157302856,0.28615322709083557,0.35461074113845825,SELL
2002,2025-03-20,2025-03-20T13:30:00+08:00,2025-03-21,24.35,2025-03-25,23.1,-0.05133470225872694,-0.05687649719273247,gru,validation,0,0.3597840368747711,0.2952035367488861,0.3450123965740204,SELL
2002,2025-03-21,2025-03-21T13:30:00+08:00,2025-03-24,23.8,2025-03-26,23.2,-0.025210084033613467,-0.0309044905127841,gru,validation,0,0.3444623649120331,0.3064045310020447,0.34913310408592224,BUY
2002,2025-03-24,2025-03-24T13:30:00+08:00,2025-03-25,23.9,2025-03-27,23.45,-0.01882845188284521,-0.024560137786917124,gru,validation,0,0.36183270812034607,0.2954385280609131,0.34272876381874084,SELL
2002,2025-03-25,2025-03-25T13:30:00+08:00,2025-03-26,23.1,2025-03-28,23.0,-0.0043290043290044045,-0.01014539130224279,gru,validation,0,0.34148985147476196,0.29797589778900146,0.3605342507362366,BUY
2002,2025-03-26,2025-03-26T13:30:00+08:00,2025-03-27,23.1,2025-03-31,22.4,-0.030303030303030387,-0.035967685442184316,gru,validation,0,0.3410394489765167,0.26604828238487244,0.3929123282432556,BUY
2002,2025-03-27,2025-03-27T13:30:00+08:00,2025-03-28,23.55,2025-04-01,22.95,-0.025477707006369532,-0.03117055011894687,gru,validation,0,0.3845972716808319,0.27923667430877686,0.336166113615036,SELL
2002,2025-03-28,2025-03-28T13:30:00+08:00,2025-03-31,22.65,2025-04-02,22.85,0.008830022075055233,0.0029367643381914554,gru,validation,1,0.37192660570144653,0.3107023537158966,0.3173709809780121,SELL
2002,2025-03-31,2025-03-31T13:30:00+08:00,2025-04-01,22.5,2025-04-07,20.6,-0.08444444444444443,-0.08979282300499558,gru,validation,0,0.3722975552082062,0.3032490611076355,0.32445335388183594,SELL
2002,2025-04-01,2025-04-01T13:30:00+08:00,2025-04-02,23.0,2025-04-08,20.45,-0.11086956521739133,-0.1160635767943724,gru,validation,0,0.38304319977760315,0.3095264434814453,0.3074303865432739,SELL
2002,2025-04-02,2025-04-02T13:30:00+08:00,2025-04-07,20.6,2025-04-09,19.0,-0.07766990291262144,-0.08305785614722316,gru,validation,0,0.3305474817752838,0.3302461504936218,0.3392064571380615,BUY
2002,2025-04-08,2025-04-08T13:30:00+08:00,2025-04-09,19.9,2025-04-11,20.45,0.027638190954773822,0.021635061996454263,gru,validation,2,0.2941146790981293,0.30091139674186707,0.4049738943576813,BUY
2002,2025-04-09,2025-04-09T13:30:00+08:00,2025-04-10,20.9,2025-04-14,21.15,0.011961722488038173,0.006050170373246955,gru,validation,1,0.3015122413635254,0.28490567207336426,0.41358205676078796,BUY
2002,2025-04-11,2025-04-11T13:30:00+08:00,2025-04-14,20.9,2025-04-16,20.9,0.0,-0.005841675612252462,gru,validation,1,0.3972826600074768,0.3122137486934662,0.2905036211013794,SELL
2002,2025-04-14,2025-04-14T13:30:00+08:00,2025-04-15,21.2,2025-04-17,20.5,-0.03301886792452824,-0.0386676580212818,gru,validation,0,0.3647448420524597,0.3070271611213684,0.32822805643081665,SELL
2002,2025-04-15,2025-04-15T13:30:00+08:00,2025-04-16,21.05,2025-04-18,20.4,-0.030878859857482288,-0.036540151187171244,gru,validation,0,0.32249578833580017,0.34016549587249756,0.3373386859893799,HOLD
2002,2025-04-16,2025-04-16T13:30:00+08:00,2025-04-17,20.9,2025-04-21,20.0,-0.04306220095693769,-0.04865232116005014,gru,validation,0,0.33651530742645264,0.2992939352989197,0.36419081687927246,BUY
2002,2025-04-17,2025-04-17T13:30:00+08:00,2025-04-18,20.55,2025-04-22,20.2,-0.017031630170316392,-0.022773812523966153,gru,validation,0,0.3315502107143402,0.3040492534637451,0.36440059542655945,BUY
2002,2025-04-18,2025-04-18T13:30:00+08:00,2025-04-21,20.4,2025-04-23,20.65,0.01225490196078427,0.006341637186616955,gru,validation,1,0.35376086831092834,0.3249581754207611,0.32128089666366577,SELL
2002,2025-04-21,2025-04-21T13:30:00+08:00,2025-04-22,19.95,2025-04-24,20.5,0.027568922305764465,0.02156619799242221,gru,validation,2,0.3279664218425751,0.3166378438472748,0.35539573431015015,BUY
2002,2025-04-22,2025-04-22T13:30:00+08:00,2025-04-23,20.4,2025-04-25,20.3,-0.004901960784313597,-0.010715000731800317,gru,validation,0,0.36770257353782654,0.35843425989151,0.2738630771636963,SELL
2002,2025-04-23,2025-04-23T13:30:00+08:00,2025-04-24,20.6,2025-04-28,20.45,-0.00728155339805836,-0.013080692537406069,gru,validation,0,0.3765636086463928,0.3019927144050598,0.32144367694854736,SELL
2002,2025-04-24,2025-04-24T13:30:00+08:00,2025-04-25,20.55,2025-04-29,20.65,0.0048661800486617945,-0.001003922208905994,gru,validation,1,0.3671416640281677,0.31104904413223267,0.32180923223495483,SELL
2002,2025-04-25,2025-04-25T13:30:00+08:00,2025-04-28,20.4,2025-04-30,20.65,0.01225490196078427,0.006341637186616955,gru,validation,1,0.3283492624759674,0.3329222798347473,0.33872851729393005,BUY
2002,2025-04-28,2025-04-28T13:30:00+08:00,2025-04-29,20.5,2025-05-02,20.7,0.009756097560975618,0.003857429991530381,gru,validation,1,0.4052768051624298,0.2872978150844574,0.3074254095554352,SELL
2002,2025-04-29,2025-04-29T13:30:00+08:00,2025-04-30,20.45,2025-05-05,21.15,0.03422982885085579,0.02818819368219372,gru,validation,2,0.3786337375640869,0.3311581313610077,0.290208101272583,SELL
2002,2025-04-30,2025-04-30T13:30:00+08:00,2025-05-02,20.65,2025-05-06,21.9,0.060532687651331685,0.054337399713882295,gru,validation,2,0.3542897403240204,0.24455046653747559,0.40115973353385925,BUY
2002,2025-05-02,2025-05-02T13:30:00+08:00,2025-05-05,20.9,2025-05-07,21.55,0.031100478468899517,0.02507712395004602,gru,validation,2,0.3701087534427643,0.3205510675907135,0.3093402683734894,SELL
2002,2025-05-05,2025-05-05T13:30:00+08:00,2025-05-06,21.5,2025-05-08,21.25,-0.011627906976744207,-0.017401656128389176,gru,validation,0,0.37313321232795715,0.328828364610672,0.29803842306137085,SELL
2002,2025-05-06,2025-05-06T13:30:00+08:00,2025-05-07,21.95,2025-05-09,21.3,-0.029612756264236872,-0.03528144376040887,gru,validation,0,0.34915637969970703,0.3176674246788025,0.3331761956214905,SELL
2002,2025-05-07,2025-05-07T13:30:00+08:00,2025-05-08,21.55,2025-05-12,21.35,-0.009280742459396696,-0.015068202984760526,gru,validation,0,0.30513590574264526,0.32886576652526855,0.3659982979297638,BUY
2002,2025-05-08,2025-05-08T13:30:00+08:00,2025-05-09,21.2,2025-05-13,21.4,0.00943396226415083,0.0035371765046128267,gru,validation,1,0.3472594618797302,0.3092997670173645,0.3434407711029053,SELL
2002,2025-05-09,2025-05-09T13:30:00+08:00,2025-05-12,21.4,2025-05-14,21.5,0.004672897196261738,-0.0011960759655808006,gru,validation,1,0.3710699677467346,0.3308737576007843,0.29805630445480347,SELL
2002,2025-05-12,2025-05-12T13:30:00+08:00,2025-05-13,21.45,2025-05-15,21.3,-0.006993006993006978,-0.012793831726852112,gru,validation,0,0.34867650270462036,0.315997838973999,0.3353256583213806,SELL
2002,2025-05-13,2025-05-13T13:30:00+08:00,2025-05-14,21.5,2025-05-16,21.0,-0.023255813953488413,-0.02896163664452578,gru,validation,0,0.3859931528568268,0.2801436185836792,0.33386316895484924,SELL
2002,2025-05-14,2025-05-14T13:30:00+08:00,2025-05-15,21.4,2025-05-19,21.1,-0.014018691588784882,-0.019778474552267666,gru,validation,0,0.3698776662349701,0.3056890666484833,0.32443326711654663,SELL
2002,2025-05-15,2025-05-15T13:30:00+08:00,2025-05-16,21.0,2025-05-20,21.65,0.030952380952380842,0.024929891571177754,gru,validation,2,0.3748317360877991,0.2967385947704315,0.328429639339447,SELL
2002,2025-05-16,2025-05-16T13:30:00+08:00,2025-05-19,21.0,2025-05-21,21.05,0.0023809523809523725,-0.00347463198275777,gru,validation,1,0.3720662593841553,0.3403152525424957,0.287618488073349,SELL
2002,2025-05-19,2025-05-19T13:30:00+08:00,2025-05-20,21.2,2025-05-22,20.45,-0.035377358490566,-0.041012371050498264,gru,validation,0,0.30531877279281616,0.2741594612598419,0.4205217659473419,BUY
2002,2025-05-20,2025-05-20T13:30:00+08:00,2025-05-21,21.55,2025-05-23,20.3,-0.058004640371229654,-0.06350747169042814,gru,validation,0,0.40549132227897644,0.29227766394615173,0.3022310137748718,SELL
2002,2025-05-21,2025-05-21T13:30:00+08:00,2025-05-22,21.05,2025-05-26,20.2,-0.040380047505938266,-0.045985835979453826,gru,validation,0,0.3258184492588043,0.32427218556404114,0.34990936517715454,BUY
2002,2025-05-22,2025-05-22T13:30:00+08:00,2025-05-23,20.5,2025-05-27,20.0,-0.024390243902439046,-0.030089439621709735,gru,validation,0,0.31916970014572144,0.2985362112522125,0.3822941184043884,BUY
2002,2025-05-23,2025-05-23T13:30:00+08:00,2025-05-26,20.3,2025-05-28,20.05,-0.012315270935960632,-0.018085004730328258,gru,validation,0,0.3552761971950531,0.27595293521881104,0.3687708377838135,BUY
2002,2025-05-26,2025-05-26T13:30:00+08:00,2025-05-27,20.1,2025-05-29,19.75,-0.017412935323383172,-0.023152890216019406,gru,validation,0,0.37036561965942383,0.32230716943740845,0.3073272705078125,SELL
2002,2025-05-27,2025-05-27T13:30:00+08:00,2025-05-28,20.2,2025-06-02,19.2,-0.04950495049504955,-0.05505743424530929,gru,validation,0,0.30768460035324097,0.3151159882545471,0.3771993815898895,BUY
2002,2025-05-28,2025-05-28T13:30:00+08:00,2025-05-29,20.15,2025-06-03,19.25,-0.04466501240694787,-0.05024576950550186,gru,validation,0,0.3302565813064575,0.3096177577972412,0.36012569069862366,BUY
2002,2025-05-29,2025-05-29T13:30:00+08:00,2025-06-02,19.7,2025-06-04,19.2,-0.025380710659898442,-0.031074120393667415,gru,validation,0,0.33991995453834534,0.2864277958869934,0.37365221977233887,BUY
2002,2025-06-02,2025-06-02T13:30:00+08:00,2025-06-03,19.2,2025-06-05,19.4,0.01041666666666674,0.004514140266786315,gru,validation,1,0.3842078745365143,0.31898993253707886,0.29680222272872925,SELL
2002,2025-06-03,2025-06-03T13:30:00+08:00,2025-06-04,19.35,2025-06-06,19.55,0.010335917312661369,0.004433862624313223,gru,validation,1,0.37327396869659424,0.3091883063316345,0.31753772497177124,SELL
2002,2025-06-04,2025-06-04T13:30:00+08:00,2025-06-05,19.3,2025-06-09,19.35,0.002590673575129543,-0.003266135911766166,gru,validation,1,0.3091623783111572,0.34466353058815,0.34617409110069275,BUY
2002,2025-06-05,2025-06-05T13:30:00+08:00,2025-06-06,19.45,2025-06-10,19.4,-0.0025706940874036244,-0.008397352538699221,gru,validation,1,0.3382810056209564,0.3132682740688324,0.34845075011253357,BUY
2002,2025-06-06,2025-06-06T13:30:00+08:00,2025-06-09,19.75,2025-06-11,19.5,-0.012658227848101222,-0.018425958199439374,gru,validation,0,0.35008934140205383,0.31319406628608704,0.3367166221141815,SELL
2002,2025-06-09,2025-06-09T13:30:00+08:00,2025-06-10,19.4,2025-06-12,19.45,0.002577319587628857,-0.0032794118896037894,gru,validation,1,0.3085654377937317,0.3298974335193634,0.3615370988845825,BUY
2002,2025-06-10,2025-06-10T13:30:00+08:00,2025-06-11,19.45,2025-06-13,19.2,-0.01285347043701801,-0.018620060244485814,gru,validation,0,0.34293991327285767,0.33050546050071716,0.32655468583106995,SELL
2002,2025-06-11,2025-06-11T13:30:00+08:00,2025-06-12,19.5,2025-06-16,19.2,-0.015384615384615441,-0.021136419064371692,gru,validation,0,0.38412728905677795,0.3167073130607605,0.29916539788246155,SELL
2002,2025-06-12,2025-06-12T13:30:00+08:00,2025-06-13,19.25,2025-06-17,19.1,-0.007792207792207684,-0.013588363854234897,gru,validation,0,0.35623255372047424,0.29744261503219604,0.3463248312473297,SELL
2002,2025-06-13,2025-06-13T13:30:00+08:00,2025-06-16,19.2,2025-06-18,19.1,-0.005208333333333259,-0.011019583551772016,gru,validation,0,0.3604705333709717,0.31779083609580994,0.3217386305332184,SELL
2002,2025-06-16,2025-06-16T13:30:00+08:00,2025-06-17,19.2,2025-06-19,18.95,-0.01302083333333337,-0.01878644546105135,gru,validation,0,0.3343442976474762,0.33249345421791077,0.3331623077392578,SELL
2002,2025-06-17,2025-06-17T13:30:00+08:00,2025-06-18,19.1,2025-06-20,18.65,-0.023560209424083878,-0.02926425393552423,gru,validation,0,0.33078134059906006,0.32674574851989746,0.34247297048568726,BUY
2002,2025-06-18,2025-06-18T13:30:00+08:00,2025-06-19,19.1,2025-06-23,18.45,-0.034031413612565564,-0.03967428874586709,gru,validation,0,0.3404594361782074,0.3446913957595825,0.3148491680622101,HOLD
2002,2025-06-19,2025-06-19T13:30:00+08:00,2025-06-20,18.95,2025-06-24,18.9,-0.0026385224274406704,-0.008464784647576384,gru,validation,1,0.32377368211746216,0.31195011734962463,0.3642762005329132,BUY
2002,2025-06-20,2025-06-20T13:30:00+08:00,2025-06-23,18.5,2025-06-25,18.75,0.013513513513513598,0.0075928963389331194,gru,validation,1,0.3268106281757355,0.31698837876319885,0.3562009930610657,BUY
2002,2025-06-23,2025-06-23T13:30:00+08:00,2025-06-24,18.7,2025-06-26,19.0,0.016042780748663166,0.010107388415358631,gru,validation,2,0.36248594522476196,0.3384302854537964,0.2990837097167969,SELL
2002,2025-06-24,2025-06-24T13:30:00+08:00,2025-06-25,19.0,2025-06-27,19.1,0.0052631578947368585,-0.0006092633786327628,gru,validation,1,0.3773147761821747,0.3227262794971466,0.29995888471603394,SELL
2002,2025-06-25,2025-06-25T13:30:00+08:00,2025-06-26,18.85,2025-06-30,18.8,-0.0026525198938992522,-0.008478700345376677,gru,validation,1,0.3440462350845337,0.31380695104599,0.34214678406715393,SELL
2303,2025-01-02,2025-01-02T13:30:00+08:00,2025-01-03,43.95,2025-01-07,42.35,-0.0364050056882822,-0.04203401506664162,gru,validation,0,0.4065604507923126,0.26885613799095154,0.3245834410190582,SELL
2303,2025-01-03,2025-01-03T13:30:00+08:00,2025-01-06,43.6,2025-01-08,42.7,-0.020642201834862317,-0.026363292400072957,gru,validation,0,0.3254636526107788,0.33707019686698914,0.33746618032455444,BUY
2303,2025-01-06,2025-01-06T13:30:00+08:00,2025-01-07,43.65,2025-01-09,41.6,-0.04696449026345928,-0.05253181455829792,gru,validation,0,0.30382952094078064,0.35116469860076904,0.3450057804584503,HOLD
2303,2025-01-07,2025-01-07T13:30:00+08:00,2025-01-08,42.4,2025-01-10,41.3,-0.025943396226415172,-0.031633518933632865,gru,validation,0,0.31526875495910645,0.3115396201610565,0.37319162487983704,BUY
2303,2025-01-08,2025-01-08T13:30:00+08:00,2025-01-09,42.7,2025-01-13,40.9,-0.042154566744730726,-0.04774998905248551,gru,validation,0,0.38112401962280273,0.287046879529953,0.3318290412425995,SELL
2303,2025-01-09,2025-01-09T13:30:00+08:00,2025-01-10,41.25,2025-01-14,42.25,0.024242424242424176,0.018259132251692733,gru,validation,2,0.32029590010643005,0.3200679421424866,0.3596360683441162,BUY
2303,2025-01-10,2025-01-10T13:30:00+08:00,2025-01-13,41.0,2025-01-15,41.45,0.01097560975609757,0.00506981819200325,gru,validation,1,0.32755446434020996,0.3350394666194916,0.33740609884262085,BUY
2303,2025-01-13,2025-01-13T13:30:00+08:00,2025-01-14,41.2,2025-01-16,41.55,0.00849514563106779,0.002603844133759914,gru,validation,1,0.3656502962112427,0.32366880774497986,0.3106808662414551,SELL
2303,2025-01-14,2025-01-14T13:30:00+08:00,2025-01-15,42.05,2025-01-17,41.2,-0.02021403091557661,-0.02593762271640432,gru,validation,0,0.39447492361068726,0.2565412223339081,0.3489837944507599,SELL
2303,2025-01-15,2025-01-15T13:30:00+08:00,2025-01-16,41.9,2025-01-20,42.75,0.020286396181384392,0.014326214023298478,gru,validation,2,0.3087705373764038,0.3244099020957947,0.3668195307254791,BUY
2303,2025-01-16,2025-01-16T13:30:00+08:00,2025-01-17,41.4,2025-01-21,42.95,0.037439613526570215,0.031379227837047274,gru,validation,2,0.2955789864063263,0.34107646346092224,0.36334455013275146,BUY
2303,2025-01-17,2025-01-17T13:30:00+08:00,2025-01-20,41.55,2025-01-22,40.2,-0.032490974729241784,-0.038142848606800284,gru,validation,0,0.31908607482910156,0.3555263578891754,0.325387567281723,HOLD
2303,2025-01-20,2025-01-20T13:30:00+08:00,2025-01-21,42.75,2025-02-03,40.5,-0.052631578947368474,-0.05816579794844967,gru,validation,0,0.4069373309612274,0.30958622694015503,0.2834763526916504,SELL
2303,2025-01-21,2025-01-21T13:30:00+08:00,2025-01-22,39.7,2025-02-04,40.1,0.010075566750629594,0.004175032945810342,gru,validation,1,0.3454729914665222,0.3735218644142151,0.2810051441192627,HOLD
2303,2025-01-22,2025-01-22T13:30:00+08:00,2025-02-03,40.2,2025-02-05,40.1,-0.0024875621890547706,-0.00831470626993347,gru,validation,1,0.3176354169845581,0.3275962769985199,0.3547682762145996,BUY
2303,2025-02-03,2025-02-03T13:30:00+08:00,2025-02-04,40.95,2025-02-06,40.1,-0.020757020757020794,-0.026477440587334033,gru,validation,0,0.4073740541934967,0.3121393024921417,0.28048670291900635,SELL
2303,2025-02-04,2025-02-04T13:30:00+08:00,2025-02-05,40.4,2025-02-07,40.15,-0.006188118811881194,-0.011993645441384593,gru,validation,0,0.3060978651046753,0.3540688157081604,0.3398333787918091,HOLD
2303,2025-02-05,2025-02-05T13:30:00+08:00,2025-02-06,40.3,2025-02-10,40.2,-0.002481389578163684,-0.0083085697174331,gru,validation,1,0.3375107944011688,0.3148384690284729,0.3476507365703583,BUY
2303,2025-02-06,2025-02-06T13:30:00+08:00,2025-02-07,40.1,2025-02-11,40.4,0.007481296758104605,0.00159591783703239,gru,validation,1,0.3673739433288574,0.3151015639305115,0.3175244927406311,SELL
2303,2025-02-07,2025-02-07T13:30:00+08:00,2025-02-10,40.15,2025-02-12,40.1,-0.001245330012453194,-0.007079730810742868,gru,validation,1,0.35249394178390503,0.32403016090393066,0.3234758675098419,SELL
2303,2025-02-10,2025-02-10T13:30:00+08:00,2025-02-11,40.3,2025-02-13,41.4,0.027295285359801635,0.021294159544733127,gru,validation,2,0.3295235335826874,0.3320513367652893,0.3384251594543457,BUY
2303,2025-02-11,2025-02-11T13:30:00+08:00,2025-02-12,40.4,2025-02-14,41.4,0.024752475247524774,0.018766203704275952,gru,validation,2,0.3448362946510315,0.33535170555114746,0.31981199979782104,SELL
2303,2025-02-12,2025-02-12T13:30:00+08:00,2025-02-13,40.25,2025-02-17,42.0,0.04347826086956519,0.037382599361127866,gru,validation,2,0.34538283944129944,0.30328240990638733,0.35133475065231323,BUY
2303,2025-02-13,2025-02-13T13:30:00+08:00,2025-02-14,41.5,2025-02-18,41.95,0.010843373493975905,0.00493835441122914,gru,validation,1,0.3523402214050293,0.3618352711200714,0.2858245372772217,HOLD
2303,2025-02-14,2025-02-14T13:30:00+08:00,2025-02-17,41.5,2025-02-19,42.55,0.025301204819277112,0.01931172777587098,gru,validation,2,0.3269512355327606,0.3228873908519745,0.3501614034175873,BUY
2303,2025-02-17,2025-02-17T13:30:00+08:00,2025-02-18,42.05,2025-02-20,43.0,0.022592152199762294,0.01661850056297598,gru,validation,2,0.33700960874557495,0.34268254041671753,0.32030782103538513,HOLD
2303,2025-02-18,2025-02-18T13:30:00+08:00,2025-02-19,42.2,2025-02-21,43.6,0.033175355450236976,0.027139880173122855,gru,validation,2,0.3586234450340271,0.30726131796836853,0.33411523699760437,SELL
2303,2025-02-19,2025-02-19T13:30:00+08:00,2025-02-20,43.0,2025-02-24,43.55,0.012790697674418539,0.006874302955497624,gru,validation,1,0.3354529142379761,0.35097643733024597,0.31357064843177795,HOLD
2303,2025-02-20,2025-02-20T13:30:00+08:00,2025-02-21,43.35,2025-02-25,43.3,-0.0011534025374856371,-0.006988340346263944,gru,validation,1,0.31627634167671204,0.3177083134651184,0.36601537466049194,BUY
2303,2025-02-21,2025-02-21T13:30:00+08:00,2025-02-24,43.05,2025-02-26,43.6,0.012775842044134844,0.006859534106987031,gru,validation,1,0.3702220618724823,0.3102400302886963,0.319537878036499,SELL
2303,2025-02-24,2025-02-24T13:30:00+08:00,2025-02-25,43.05,2025-02-27,43.7,0.015098722415795685,0.009168844965030676,gru,validation,1,0.3453843593597412,0.3341330587863922,0.32048261165618896,SELL
2303,2025-02-25,2025-02-25T13:30:00+08:00,2025-02-26,43.1,2025-03-03,43.6,0.011600928074245953,0.005691483603382563,gru,validation,1,0.35689017176628113,0.32742664217948914,0.3156830966472626,SELL
2303,2025-02-26,2025-02-26T13:30:00+08:00,2025-02-27,44.0,2025-03-04,43.6,-0.009090909090909038,-0.014879478561232062,gru,validation,0,0.3247171640396118,0.3227173089981079,0.3525655269622803,BUY
2303,2025-02-27,2025-02-27T13:30:00+08:00,2025-03-03,43.1,2025-03-05,44.0,0.02088167053364276,0.01491801097589085,gru,validation,2,0.37493449449539185,0.2518152594566345,0.3732503056526184,SELL
2303,2025-03-03,2025-03-03T13:30:00+08:00,2025-03-04,42.95,2025-03-06,44.0,0.024447031431897415,0.018462544192337393,gru,validation,2,0.3848310708999634,0.2680056393146515,0.34716328978538513,SELL
2303,2025-03-04,2025-03-04T13:30:00+08:00,2025-03-05,44.1,2025-03-07,44.15,0.0011337868480725266,-0.004714511979159952,gru,validation,1,0.3779667317867279,0.3369031250476837,0.28513017296791077,SELL
2303,2025-03-05,2025-03-05T13:30:00+08:00,2025-03-06,44.3,2025-03-10,45.05,0.016930022573363512,0.01098944726112916,gru,validation,2,0.31761887669563293,0.37941741943359375,0.3029637038707733,HOLD
2303,2025-03-06,2025-03-06T13:30:00+08:00,2025-03-07,44.0,2025-03-11,44.85,0.01931818181818179,0.013363655654329065,gru,validation,2,0.30576255917549133,0.32113581895828247,0.3731016218662262,BUY
2303,2025-03-07,2025-03-07T13:30:00+08:00,2025-03-10,44.55,2025-03-12,44.8,0.0056116722783390305,-0.0002627849030059082,gru,validation,1,0.32839271426200867,0.3343018591403961,0.3373054265975952,BUY
2303,2025-03-10,2025-03-10T13:30:00+08:00,2025-03-11,44.3,2025-03-13,43.7,-0.013544018058690654,-0.019306573910957803,gru,validation,0,0.30999428033828735,0.3635752201080322,0.3264305293560028,HOLD
2303,2025-03-11,2025-03-11T13:30:00+08:00,2025-03-12,44.7,2025-03-14,44.9,0.004474272930648615,-0.001393539932665555,gru,validation,1,0.4011484682559967,0.31942611932754517,0.27942541241645813,SELL
2303,2025-03-12,2025-03-12T13:30:00+08:00,2025-03-13,44.7,2025-03-17,44.1,-0.01342281879194629,-0.019186082651014402,gru,validation,0,0.35279151797294617,0.34146034717559814,0.3057481646537781,SELL
2303,2025-03-13,2025-03-13T13:30:00+08:00,2025-03-14,43.55,2025-03-18,44.5,0.021814006888633886,0.015844900924334437,gru,validation,2,0.33285969495773315,0.3411577045917511,0.3259826600551605,HOLD
2303,2025-03-14,2025-03-14T13:30:00+08:00,2025-03-17,45.0,2025-03-19,44.3,-0.015555555555555656,-0.021306360658284174,gru,validation,0,0.37935879826545715,0.30639854073524475,0.3142426311969757,SELL
2303,2025-03-17,2025-03-17T13:30:00+08:00,2025-03-18,44.2,2025-03-20,45.15,0.02149321266968318,0.015525980681149187,gru,validation,2,0.31227174401283264,0.3243185579776764,0.3634096682071686,BUY
2303,2025-03-18,2025-03-18T13:30:00+08:00,2025-03-19,44.5,2025-03-21,45.0,0.011235955056179803,0.005328642639295111,gru,validation,1,0.3965633809566498,0.3067268431186676,0.2967097759246826,SELL
2303,2025-03-19,2025-03-19T13:30:00+08:00,2025-03-20,44.7,2025-03-24,44.85,0.003355704697986628,-0.002505573852562226,gru,validation,1,0.3216908574104309,0.3279246687889099,0.3503844439983368,BUY
2303,2025-03-20,2025-03-20T13:30:00+08:00,2025-03-21,45.0,2025-03-25,44.85,-0.0033333333333332993,-0.009155536693544963,gru,validation,1,0.38804447650909424,0.3109149932861328,0.30104056000709534,SELL
2303,2025-03-21,2025-03-21T13:30:00+08:00,2025-03-24,45.0,2025-03-26,44.55,-0.010000000000000009,-0.015783258856129967,gru,validation,0,0.36829039454460144,0.2561042308807373,0.37560540437698364,BUY
2303,2025-03-24,2025-03-24T13:30:00+08:00,2025-03-25,45.0,2025-03-27,44.8,-0.004444444444444473,-0.010260157053975871,gru,validation,0,0.3776492774486542,0.291795551776886,0.33055511116981506,SELL
2303,2025-03-25,2025-03-25T13:30:00+08:00,2025-03-26,44.75,2025-03-28,44.55,-0.004469273743016866,-0.010284841307840353,gru,validation,0,0.38523197174072266,0.27907153964042664,0.3356965184211731,SELL
2303,2025-03-26,2025-03-26T13:30:00+08:00,2025-03-27,44.1,2025-03-31,44.65,0.012471655328798015,0.00655712435176703,gru,validation,1,0.36107951402664185,0.30284786224365234,0.3360726237297058,SELL
2303,2025-03-27,2025-03-27T13:30:00+08:00,2025-03-28,44.6,2025-04-01,45.95,0.030269058295964157,0.024250560664058174,gru,validation,2,0.3405762314796448,0.23370322585105896,0.42572054266929626,BUY
2303,2025-03-28,2025-03-28T13:30:00+08:00,2025-03-31,43.55,2025-04-02,45.25,0.039035591274397374,0.032965882400587176,gru,validation,2,0.3906066119670868,0.2754799723625183,0.3339134752750397,SELL
2303,2025-03-31,2025-03-31T13:30:00+08:00,2025-04-01,47.2,2025-04-07,40.75,-0.13665254237288138,-0.1416959381610019,gru,validation,0,0.3716716766357422,0.23207460343837738,0.396253764629364,BUY
2303,2025-04-01,2025-04-01T13:30:00+08:00,2025-04-02,45.8,2025-04-08,41.7,-0.08951965065502177,-0.09483838150722557,gru,validation,0,0.3373967409133911,0.302857905626297,0.3597452640533447,BUY
2303,2025-04-02,2025-04-02T13:30:00+08:00,2025-04-07,40.75,2025-04-09,39.9,-0.020858895705521463,-0.026578720415432744,gru,validation,0,0.3260177969932556,0.3167661726474762,0.3572159707546234,BUY
2303,2025-04-08,2025-04-08T13:30:00+08:00,2025-04-09,40.55,2025-04-11,44.1,0.08754623921085081,0.08119314686805579,gru,validation,2,0.29786932468414307,0.2852856516838074,0.4168449938297272,BUY
2303,2025-04-09,2025-04-09T13:30:00+08:00,2025-04-10,43.85,2025-04-14,44.3,0.010262257696693089,0.004360633303927219,gru,validation,1,0.2907424569129944,0.3181039094924927,0.39115363359451294,BUY
2303,2025-04-10,2025-04-10T13:30:00+08:00,2025-04-11,42.7,2025-04-15,44.7,0.04683840749414525,0.040723117099117356,gru,validation,2,0.2594381272792816,0.27949100732803345,0.4610709249973297,BUY
2303,2025-04-11,2025-04-11T13:30:00+08:00,2025-04-14,44.8,2025-04-16,44.95,0.0033482142857144126,-0.0025130205082755097,gru,validation,1,0.3539692163467407,0.30323854088783264,0.342792272567749,SELL
2303,2025-04-14,2025-04-14T13:30:00+08:00,2025-04-15,44.5,2025-04-17,44.1,-0.008988764044943753,-0.01477793021349072,gru,validation,0,0.3599923551082611,0.3256815969944,0.31432610750198364,SELL
2303,2025-04-15,2025-04-15T13:30:00+08:00,2025-04-16,44.2,2025-04-18,44.3,0.002262443438913797,-0.0035924486339997674,gru,validation,1,0.34658902883529663,0.33482596278190613,0.31858494877815247,SELL
2303,2025-04-16,2025-04-16T13:30:00+08:00,2025-04-17,44.85,2025-04-21,43.65,-0.026755852842809458,-0.03244122944202521,gru,validation,0,0.3649846613407135,0.3237622082233429,0.311253160238266,SELL
2303,2025-04-17,2025-04-17T13:30:00+08:00,2025-04-18,44.45,2025-04-22,44.3,-0.003374578177727905,-0.00919654059893793,gru,validation,1,0.3109169900417328,0.30931761860847473,0.37976542115211487,BUY
2303,2025-04-18,2025-04-18T13:30:00+08:00,2025-04-21,44.35,2025-04-23,45.1,0.016910935738444266,0.01097047192530809,gru,validation,2,0.35883471369743347,0.30111071467399597,0.34005457162857056,SELL
2303,2025-04-21,2025-04-21T13:30:00+08:00,2025-04-22,43.6,2025-04-24,43.4,-0.004587155963302836,-0.010402034898435053,gru,validation,0,0.3107267916202545,0.3149362802505493,0.37433698773384094,BUY
2303,2025-04-22,2025-04-22T13:30:00+08:00,2025-04-23,44.95,2025-04-25,44.65,-0.006674082313681939,-0.012476770102048396,gru,validation,0,0.339510440826416,0.3368675112724304,0.32362207770347595,SELL
2303,2025-04-23,2025-04-23T13:30:00+08:00,2025-04-24,44.75,2025-04-28,44.9,0.003351955307262511,-0.0025093013405619313,gru,validation,1,0.36523982882499695,0.2886020541191101,0.34615808725357056,SELL
2303,2025-04-24,2025-04-24T13:30:00+08:00,2025-04-25,44.1,2025-04-29,44.95,0.01927437641723362,0.013320106150322975,gru,validation,2,0.3025021553039551,0.31024786829948425,0.38724997639656067,BUY
2303,2025-04-25,2025-04-25T13:30:00+08:00,2025-04-28,44.55,2025-04-30,45.2,0.014590347923681302,0.008663440231788666,gru,validation,1,0.41364702582359314,0.2898971736431122,0.2964557409286499,SELL
2303,2025-04-28,2025-04-28T13:30:00+08:00,2025-04-29,44.7,2025-05-02,45.65,0.021252796420581532,0.015286968865786621,gru,validation,2,0.38173234462738037,0.3058769702911377,0.31239068508148193,SELL
2303,2025-04-29,2025-04-29T13:30:00+08:00,2025-04-30,44.75,2025-05-05,45.05,0.006703910614525022,0.000823072931128932,gru,validation,1,0.3726275563240051,0.3195997178554535,0.3077727258205414,SELL
2303,2025-04-30,2025-04-30T13:30:00+08:00,2025-05-02,45.2,2025-05-06,45.4,0.004424778761061843,-0.0014427449733689368,gru,validation,1,0.4166381359100342,0.2664138078689575,0.3169480562210083,SELL
2303,2025-05-02,2025-05-02T13:30:00+08:00,2025-05-05,45.75,2025-05-07,45.75,0.0,-0.005841675612252573,gru,validation,1,0.37081265449523926,0.3081595301628113,0.3210277557373047,SELL
2303,2025-05-05,2025-05-05T13:30:00+08:00,2025-05-06,45.0,2025-05-08,45.3,0.006666666666666599,0.000786046550332431,gru,validation,1,0.3673616647720337,0.32603919506073,0.30659914016723633,SELL
2303,2025-05-06,2025-05-06T13:30:00+08:00,2025-05-07,45.6,2025-05-09,45.55,-0.0010964912280703176,-0.006931761494256783,gru,validation,1,0.32777082920074463,0.3415946960449219,0.3306344747543335,HOLD
2303,2025-05-07,2025-05-07T13:30:00+08:00,2025-05-08,45.4,2025-05-12,46.45,0.023127753303964882,0.017150972859270253,gru,validation,2,0.3966844081878662,0.2704433500766754,0.33287230134010315,SELL
2303,2025-05-08,2025-05-08T13:30:00+08:00,2025-05-09,45.2,2025-05-13,46.55,0.02986725663716805,0.023851106200213135,gru,validation,2,0.3304990828037262,0.3258737623691559,0.3436272144317627,BUY
2303,2025-05-09,2025-05-09T13:30:00+08:00,2025-05-12,45.75,2025-05-14,47.0,0.02732240437158473,0.02132112013604659,gru,validation,2,0.350136399269104,0.3299579918384552,0.3199055790901184,SELL
2303,2025-05-12,2025-05-12T13:30:00+08:00,2025-05-13,46.65,2025-05-15,47.5,0.018220793140407254,0.012272677565230428,gru,validation,2,0.39853644371032715,0.33236026763916016,0.2691032886505127,SELL
2303,2025-05-13,2025-05-13T13:30:00+08:00,2025-05-14,46.9,2025-05-16,47.8,0.019189765458422103,0.013235989461286346,gru,validation,2,0.35597023367881775,0.3023203909397125,0.3417093753814697,SELL
2303,2025-05-14,2025-05-14T13:30:00+08:00,2025-05-15,46.95,2025-05-19,47.75,0.017039403620873195,0.011098189340041253,gru,validation,2,0.3679327666759491,0.3062326908111572,0.3258344829082489,SELL
2303,2025-05-15,2025-05-15T13:30:00+08:00,2025-05-16,47.6,2025-05-20,47.85,0.005252100840336116,-0.0006202558413085368,gru,validation,1,0.38149139285087585,0.2857522666454315,0.332756370306015,SELL
2303,2025-05-16,2025-05-16T13:30:00+08:00,2025-05-19,47.6,2025-05-21,49.55,0.0409663865546217,0.03488539860111084,gru,validation,2,0.38296177983283997,0.3082597553730011,0.30877840518951416,SELL
2303,2025-05-19,2025-05-19T13:30:00+08:00,2025-05-20,47.95,2025-05-22,49.45,0.031282586027111536,0.02525816769497613,gru,validation,2,0.3716834485530853,0.30733004212379456,0.32098647952079773,SELL
2303,2025-05-20,2025-05-20T13:30:00+08:00,2025-05-21,48.0,2025-05-23,48.05,0.0010416666666666075,-0.004806094024348617,gru,validation,1,0.3534892201423645,0.25486913323402405,0.3916417062282562,BUY
2303,2025-05-21,2025-05-21T13:30:00+08:00,2025-05-22,49.45,2025-05-26,47.1,-0.04752275025278063,-0.05308681337385446,gru,validation,0,0.3708832561969757,0.34674549102783203,0.2823711931705475,SELL
2303,2025-05-22,2025-05-22T13:30:00+08:00,2025-05-23,48.1,2025-05-27,46.0,-0.04365904365904372,-0.04924567730069895,gru,validation,0,0.32490378618240356,0.3245267868041992,0.350569486618042,BUY
2303,2025-05-23,2025-05-23T13:30:00+08:00,2025-05-26,47.8,2025-05-28,47.05,-0.01569037656903771,-0.021440394091139736,gru,validation,0,0.3009604513645172,0.32412824034690857,0.37491124868392944,BUY
2303,2025-05-26,2025-05-26T13:30:00+08:00,2025-05-27,47.1,2025-05-29,46.75,-0.007430997876857748,-0.013229264010038433,gru,validation,0,0.2795451581478119,0.3570985496044159,0.3633562922477722,BUY
2303,2025-05-27,2025-05-27T13:30:00+08:00,2025-05-28,46.4,2025-06-02,46.95,0.0118534482758621,0.005942528663895441,gru,validation,1,0.2690580487251282,0.3330945372581482,0.39784741401672363,BUY
2303,2025-05-28,2025-05-28T13:30:00+08:00,2025-05-29,47.4,2025-06-03,47.25,-0.0031645569620253333,-0.0089877462590493,gru,validation,1,0.31404566764831543,0.3169061839580536,0.36904817819595337,BUY
2303,2025-05-29,2025-05-29T13:30:00+08:00,2025-06-02,46.8,2025-06-04,45.95,-0.018162393162392987,-0.023897969965448684,gru,validation,0,0.32354986667633057,0.3314630687236786,0.344987154006958,BUY
2303,2025-06-02,2025-06-02T13:30:00+08:00,2025-06-03,46.7,2025-06-05,45.3,-0.029978586723768852,-0.0356451371570673,gru,validation,0,0.3502911925315857,0.22452561557292938,0.4251832067966461,BUY
2303,2025-06-03,2025-06-03T13:30:00+08:00,2025-06-04,47.1,2025-06-06,45.0,-0.04458598726114649,-0.05016720599896751,gru,validation,0,0.36127588152885437,0.27964141964912415,0.3590826690196991,SELL
2303,2025-06-04,2025-06-04T13:30:00+08:00,2025-06-05,45.65,2025-06-09,45.65,0.0,-0.005841675612252684,gru,validation,1,0.33955201506614685,0.2919124960899353,0.36853542923927307,BUY
2303,2025-06-05,2025-06-05T13:30:00+08:00,2025-06-06,45.3,2025-06-10,46.4,0.02428256070640189,0.018299034251467727,gru,validation,2,0.32430124282836914,0.3404977321624756,0.33520108461380005,HOLD
2303,2025-06-06,2025-06-06T13:30:00+08:00,2025-06-09,45.0,2025-06-11,47.25,0.050000000000000044,0.04386624060713484,gru,validation,2,0.3377237319946289,0.3280913829803467,0.3341849446296692,SELL
2303,2025-06-09,2025-06-09T13:30:00+08:00,2025-06-10,45.85,2025-06-12,47.3,0.0316248636859322,0.025598445878744824,gru,validation,2,0.35555872321128845,0.2951599955558777,0.3492812514305115,SELL
2303,2025-06-10,2025-06-10T13:30:00+08:00,2025-06-11,46.55,2025-06-13,47.45,0.019334049409237553,0.01337943055206492,gru,validation,2,0.35450026392936707,0.2566216289997101,0.38887810707092285,BUY
2303,2025-06-11,2025-06-11T13:30:00+08:00,2025-06-12,47.25,2025-06-16,48.0,0.015873015873015817,0.009938615251045002,gru,validation,1,0.41143032908439636,0.2822163701057434,0.30635327100753784,SELL
2303,2025-06-12,2025-06-12T13:30:00+08:00,2025-06-13,46.8,2025-06-17,47.5,0.014957264957265126,0.009028213855085454,gru,validation,1,0.379218727350235,0.29308080673217773,0.3277003765106201,SELL
2303,2025-06-13,2025-06-13T13:30:00+08:00,2025-06-16,47.35,2025-06-18,48.3,0.020063357972544882,0.014104478731324255,gru,validation,2,0.340390682220459,0.3315976560115814,0.3280116617679596,SELL
2303,2025-06-16,2025-06-16T13:30:00+08:00,2025-06-17,48.25,2025-06-19,47.75,-0.010362694300518172,-0.0161438344141982,gru,validation,0,0.360460489988327,0.3207753002643585,0.31876417994499207,SELL
2303,2025-06-17,2025-06-17T13:30:00+08:00,2025-06-18,47.7,2025-06-20,47.65,-0.0010482180293501786,-0.006883770291904345,gru,validation,1,0.3062000870704651,0.29488590359687805,0.39891400933265686,BUY
2303,2025-06-18,2025-06-18T13:30:00+08:00,2025-06-19,48.4,2025-06-23,47.0,-0.02892561983471076,-0.034598321359005535,gru,validation,0,0.3759775459766388,0.297061949968338,0.3269605040550232,SELL
2303,2025-06-19,2025-06-19T13:30:00+08:00,2025-06-20,47.3,2025-06-24,45.35,-0.04122621564482021,-0.046827061078554943,gru,validation,0,0.31345829367637634,0.35355252027511597,0.33298906683921814,HOLD
2303,2025-06-20,2025-06-20T13:30:00+08:00,2025-06-23,46.5,2025-06-25,43.8,-0.058064516129032295,-0.06356699767347662,gru,validation,0,0.38554540276527405,0.3291717767715454,0.28528282046318054,SELL
2303,2025-06-23,2025-06-23T13:30:00+08:00,2025-06-24,42.5,2025-06-26,43.25,0.01764705882352935,0.011702294818119352,gru,validation,2,0.3711969256401062,0.32279226183891296,0.3060108423233032,SELL
2303,2025-06-24,2025-06-24T13:30:00+08:00,2025-06-25,45.45,2025-06-27,44.3,-0.025302530253025424,-0.030996396691370554,gru,validation,0,0.3586954176425934,0.21747203171253204,0.42383256554603577,BUY
2303,2025-06-25,2025-06-25T13:30:00+08:00,2025-06-26,43.8,2025-06-30,44.2,0.009132420091324311,0.0032373958433433714,gru,validation,1,0.3009399175643921,0.30593979358673096,0.39312031865119934,BUY
2330,2025-01-02,2025-01-02T13:30:00+08:00,2025-01-03,1080.0,2025-01-07,1130.0,0.04629629629629628,0.040184172739031965,gru,validation,2,0.32849863171577454,0.28664734959602356,0.3848540782928467,BUY
2330,2025-01-03,2025-01-03T13:30:00+08:00,2025-01-06,1100.0,2025-01-08,1105.0,0.00454545454545463,-0.0013227741377629387,gru,validation,1,0.37367841601371765,0.31831568479537964,0.3080059885978699,SELL
2330,2025-01-06,2025-01-06T13:30:00+08:00,2025-01-07,1150.0,2025-01-09,1100.0,-0.04347826086956519,-0.04906595058563301,gru,validation,0,0.40419963002204895,0.31552737951278687,0.2802730202674866,SELL
2330,2025-01-07,2025-01-07T13:30:00+08:00,2025-01-08,1110.0,2025-01-10,1100.0,-0.009009009009009028,-0.014798056913043145,gru,validation,0,0.33869749307632446,0.327077716588974,0.3342248201370239,SELL
2330,2025-01-08,2025-01-08T13:30:00+08:00,2025-01-09,1100.0,2025-01-13,1075.0,-0.022727272727272707,-0.02843618298470152,gru,validation,0,0.32513701915740967,0.32538965344429016,0.34947332739830017,BUY
2330,2025-01-09,2025-01-09T13:30:00+08:00,2025-01-10,1100.0,2025-01-14,1090.0,-0.009090909090909038,-0.014879478561232062,gru,validation,0,0.363176167011261,0.33051228523254395,0.3063115179538727,SELL
2330,2025-01-10,2025-01-10T13:30:00+08:00,2025-01-13,1110.0,2025-01-15,1065.0,-0.04054054054054057,-0.04614539146580998,gru,validation,0,0.3330216705799103,0.31308847665786743,0.3538897931575775,BUY
2330,2025-01-13,2025-01-13T13:30:00+08:00,2025-01-14,1085.0,2025-01-16,1105.0,0.018433179723502224,0.01248382345480259,gru,validation,2,0.33091646432876587,0.33605578541755676,0.333027720451355,HOLD
2330,2025-01-14,2025-01-14T13:30:00+08:00,2025-01-15,1085.0,2025-01-17,1120.0,0.032258064516129004,0.026227947755094183,gru,validation,2,0.355238139629364,0.2622446119785309,0.38251733779907227,BUY
2330,2025-01-15,2025-01-15T13:30:00+08:00,2025-01-16,1095.0,2025-01-20,1120.0,0.022831050228310446,0.016856003026737287,gru,validation,2,0.3332934081554413,0.29078420996665955,0.37592238187789917,BUY
2330,2025-01-16,2025-01-16T13:30:00+08:00,2025-01-17,1125.0,2025-01-21,1120.0,-0.004444444444444473,-0.010260157053975871,gru,validation,0,0.3847527503967285,0.3233921527862549,0.2918550670146942,SELL
2330,2025-01-17,2025-01-17T13:30:00+08:00,2025-01-20,1125.0,2025-01-22,1135.0,0.008888888888888946,0.002995287271194025,gru,validation,1,0.3867205083370209,0.26339203119277954,0.3498874604701996,SELL
2330,2025-01-20,2025-01-20T13:30:00+08:00,2025-01-21,1115.0,2025-02-03,1070.0,-0.04035874439461884,-0.045964657314000235,gru,validation,0,0.34691476821899414,0.34046295285224915,0.3126222491264343,SELL
2330,2025-01-21,2025-01-21T13:30:00+08:00,2025-01-22,1140.0,2025-02-04,1095.0,-0.03947368421052633,-0.04508476736440048,gru,validation,0,0.3632877767086029,0.310791015625,0.3259212076663971,SELL
2330,2025-01-22,2025-01-22T13:30:00+08:00,2025-02-03,1065.0,2025-02-05,1110.0,0.04225352112676051,0.03616501415061002,gru,validation,2,0.3303343653678894,0.31586533784866333,0.3538002669811249,BUY
2330,2025-02-03,2025-02-03T13:30:00+08:00,2025-02-04,1085.0,2025-02-06,1115.0,0.02764976958525356,0.021646572988330393,gru,validation,2,0.35423484444618225,0.3113263249397278,0.3344387710094452,SELL
2330,2025-02-04,2025-02-04T13:30:00+08:00,2025-02-05,1110.0,2025-02-07,1125.0,0.013513513513513598,0.0075928963389331194,gru,validation,1,0.43315768241882324,0.28199055790901184,0.2848517596721649,SELL
2330,2025-02-05,2025-02-05T13:30:00+08:00,2025-02-06,1120.0,2025-02-10,1105.0,-0.013392857142857095,-0.019156296028159936,gru,validation,0,0.39856454730033875,0.33455052971839905,0.2668849229812622,SELL
2330,2025-02-06,2025-02-06T13:30:00+08:00,2025-02-07,1110.0,2025-02-11,1110.0,0.0,-0.005841675612252573,gru,validation,1,0.34764909744262695,0.2742859721183777,0.3780648708343506,BUY
2330,2025-02-07,2025-02-07T13:30:00+08:00,2025-02-10,1125.0,2025-02-12,1100.0,-0.022222222222222254,-0.027934082820869288,gru,validation,0,0.367385596036911,0.30288001894950867,0.3297343850135803,SELL
2330,2025-02-10,2025-02-10T13:30:00+08:00,2025-02-11,1110.0,2025-02-13,1090.0,-0.018018018018018056,-0.023754438213833495,gru,validation,0,0.36080288887023926,0.3021433353424072,0.3370537757873535,SELL
2330,2025-02-11,2025-02-11T13:30:00+08:00,2025-02-12,1110.0,2025-02-14,1060.0,-0.04504504504504503,-0.0506235821162051,gru,validation,0,0.37058117985725403,0.31296321749687195,0.3164556324481964,SELL
2330,2025-02-12,2025-02-12T13:30:00+08:00,2025-02-13,1090.0,2025-02-17,1085.0,-0.004587155963302725,-0.01040203489843472,gru,validation,0,0.3525193929672241,0.3125021457672119,0.33497846126556396,SELL
2330,2025-02-13,2025-02-13T13:30:00+08:00,2025-02-14,1065.0,2025-02-18,1100.0,0.032863849765258246,0.026830194203307123,gru,validation,2,0.3872823715209961,0.27627187967300415,0.33644574880599976,SELL
2330,2025-02-14,2025-02-14T13:30:00+08:00,2025-02-17,1065.0,2025-02-19,1090.0,0.023474178403755763,0.01749537425600467,gru,validation,2,0.3331168293952942,0.3143685460090637,0.3525145947933197,BUY
2330,2025-02-17,2025-02-17T13:30:00+08:00,2025-02-18,1085.0,2025-02-20,1080.0,-0.004608294930875556,-0.010423050379016363,gru,validation,0,0.39851492643356323,0.32046157121658325,0.2810235023498535,SELL
2330,2025-02-18,2025-02-18T13:30:00+08:00,2025-02-19,1090.0,2025-02-21,1095.0,0.004587155963302836,-0.0012813163260702032,gru,validation,1,0.3541513979434967,0.26366373896598816,0.38218483328819275,BUY
2330,2025-02-19,2025-02-19T13:30:00+08:00,2025-02-20,1080.0,2025-02-24,1075.0,-0.00462962962962965,-0.010444260447381004,gru,validation,0,0.4369273781776428,0.30176904797554016,0.26130354404449463,SELL
2330,2025-02-20,2025-02-20T13:30:00+08:00,2025-02-21,1085.0,2025-02-25,1055.0,-0.027649769585253448,-0.03332992421283543,gru,validation,0,0.3674515187740326,0.3456736207008362,0.2868748903274536,SELL
2330,2025-02-21,2025-02-21T13:30:00+08:00,2025-02-24,1080.0,2025-02-26,1060.0,-0.01851851851851849,-0.0242520149527663,gru,validation,0,0.3757360875606537,0.3038308322429657,0.3204330801963806,SELL
2330,2025-02-24,2025-02-24T13:30:00+08:00,2025-02-25,1055.0,2025-02-27,1040.0,-0.014218009478673022,-0.01997662809169931,gru,validation,0,0.3940896987915039,0.31090548634529114,0.29500487446784973,SELL
2330,2025-02-25,2025-02-25T13:30:00+08:00,2025-02-26,1045.0,2025-03-03,1020.0,-0.02392344497607657,-0.029625367583251405,gru,validation,0,0.384146511554718,0.3025446832180023,0.31330880522727966,SELL
2330,2025-02-26,2025-02-26T13:30:00+08:00,2025-02-27,1065.0,2025-03-04,1000.0,-0.06103286384976525,-0.06651800526972074,gru,validation,0,0.40885913372039795,0.2933078110218048,0.29783305525779724,SELL
2330,2025-02-27,2025-02-27T13:30:00+08:00,2025-03-03,1000.0,2025-03-05,1020.0,0.020000000000000018,0.014041490875502438,gru,validation,2,0.349679172039032,0.3195668160915375,0.33075401186943054,SELL
2330,2025-03-03,2025-03-03T13:30:00+08:00,2025-03-04,996.0,2025-03-06,1005.0,0.009036144578313143,0.0031416827406487435,gru,validation,1,0.33968091011047363,0.2536769509315491,0.4066421091556549,BUY
2330,2025-03-04,2025-03-04T13:30:00+08:00,2025-03-05,1020.0,2025-03-07,1005.0,-0.014705882352941124,-0.020461650970895917,gru,validation,0,0.3498821556568146,0.35369187593460083,0.2964259684085846,HOLD
2330,2025-03-05,2025-03-05T13:30:00+08:00,2025-03-06,1020.0,2025-03-10,998.0,-0.021568627450980427,-0.027284306138262715,gru,validation,0,0.3603057265281677,0.3128032386302948,0.3268909454345703,SELL
2330,2025-03-06,2025-03-06T13:30:00+08:00,2025-03-07,1005.0,2025-03-11,971.0,-0.03383084577114426,-0.03947489255671377,gru,validation,0,0.3088573217391968,0.31970927119255066,0.37143343687057495,BUY
2330,2025-03-07,2025-03-07T13:30:00+08:00,2025-03-10,1005.0,2025-03-12,988.0,-0.01691542288557213,-0.022658284084483116,gru,validation,0,0.3859235644340515,0.2780117988586426,0.3360646367073059,SELL
2330,2025-03-10,2025-03-10T13:30:00+08:00,2025-03-11,969.0,2025-03-13,965.0,-0.0041279669762641635,-0.00994552834450324,gru,validation,1,0.3496643602848053,0.3028682768344879,0.3474673926830292,SELL
2330,2025-03-11,2025-03-11T13:30:00+08:00,2025-03-12,980.0,2025-03-14,959.0,-0.021428571428571463,-0.027145068277704243,gru,validation,0,0.32684874534606934,0.3406105637550354,0.33254072070121765,HOLD
2330,2025-03-12,2025-03-12T13:30:00+08:00,2025-03-13,1000.0,2025-03-17,970.0,-0.030000000000000027,-0.03566642534388487,gru,validation,0,0.388304740190506,0.2621677815914154,0.34952738881111145,SELL
2330,2025-03-13,2025-03-13T13:30:00+08:00,2025-03-14,965.0,2025-03-18,971.0,0.006217616580310947,0.0003396196689147146,gru,validation,1,0.31904691457748413,0.27764323353767395,0.4033099114894867,BUY
2330,2025-03-14,2025-03-14T13:30:00+08:00,2025-03-17,977.0,2025-03-19,952.0,-0.025588536335721557,-0.03128073201930859,gru,validation,0,0.3171885907649994,0.3103351294994354,0.3724763095378876,BUY
2330,2025-03-17,2025-03-17T13:30:00+08:00,2025-03-18,976.0,2025-03-20,985.0,0.009221311475409832,0.0033257679527984862,gru,validation,1,0.33801525831222534,0.32738709449768066,0.334597647190094,SELL
2330,2025-03-18,2025-03-18T13:30:00+08:00,2025-03-19,965.0,2025-03-21,972.0,0.007253886010362587,0.0013698355491094105,gru,validation,1,0.38906416296958923,0.28864020109176636,0.3222956359386444,SELL
2330,2025-03-19,2025-03-19T13:30:00+08:00,2025-03-20,978.0,2025-03-24,972.0,-0.006134969325153339,-0.011940806436717244,gru,validation,0,0.3428346812725067,0.2921382486820221,0.3650270998477936,BUY
2330,2025-03-20,2025-03-20T13:30:00+08:00,2025-03-21,985.0,2025-03-25,990.0,0.0050761421319796,-0.0007951866559696708,gru,validation,1,0.399387001991272,0.29683396220207214,0.3037790358066559,SELL
2330,2025-03-21,2025-03-21T13:30:00+08:00,2025-03-24,986.0,2025-03-26,980.0,-0.006085192697768749,-0.011891320588242826,gru,validation,0,0.37147262692451477,0.3017577528953552,0.3267696797847748,SELL
2330,2025-03-24,2025-03-24T13:30:00+08:00,2025-03-25,989.0,2025-03-27,958.0,-0.03134479271991908,-0.03700336222096856,gru,validation,0,0.34863054752349854,0.2917971909046173,0.35957226157188416,BUY
2330,2025-03-25,2025-03-25T13:30:00+08:00,2025-03-26,995.0,2025-03-28,952.0,-0.04321608040201008,-0.048805301691321024,gru,validation,0,0.32627156376838684,0.339761346578598,0.33396705985069275,HOLD
2330,2025-03-26,2025-03-26T13:30:00+08:00,2025-03-27,961.0,2025-03-31,910.0,-0.05306971904266389,-0.05860137857143577,gru,validation,0,0.3418846130371094,0.2780555486679077,0.38005977869033813,BUY
2330,2025-03-27,2025-03-27T13:30:00+08:00,2025-03-28,946.0,2025-04-01,944.0,-0.0021141649048626032,-0.007943490251550167,gru,validation,1,0.3320765793323517,0.3036481738090515,0.3642752766609192,BUY
2330,2025-03-28,2025-03-28T13:30:00+08:00,2025-03-31,920.0,2025-04-02,942.0,0.023913043478260843,0.01793167562310649,gru,validation,2,0.35578128695487976,0.3264423906803131,0.3177763521671295,SELL
2330,2025-03-31,2025-03-31T13:30:00+08:00,2025-04-01,929.0,2025-04-07,848.0,-0.08719052744886979,-0.0925228642833048,gru,validation,0,0.2907617390155792,0.29114797711372375,0.41809025406837463,BUY
2330,2025-04-01,2025-04-01T13:30:00+08:00,2025-04-02,949.0,2025-04-08,816.0,-0.1401475237091675,-0.14517050295005074,gru,validation,0,0.37263408303260803,0.3196950852870941,0.30767080187797546,SELL
2330,2025-04-02,2025-04-02T13:30:00+08:00,2025-04-07,848.0,2025-04-09,785.0,-0.0742924528301887,-0.07970013603256865,gru,validation,0,0.36378636956214905,0.2894808351993561,0.34673282504081726,SELL
2330,2025-04-08,2025-04-08T13:30:00+08:00,2025-04-09,809.0,2025-04-11,889.0,0.09888751545117436,0.09246817105155447,gru,validation,2,0.36469271779060364,0.32495081424713135,0.3103564977645874,SELL
2330,2025-04-09,2025-04-09T13:30:00+08:00,2025-04-10,863.0,2025-04-14,865.0,0.002317497103128563,-0.003537716575432781,gru,validation,1,0.30666428804397583,0.3269706964492798,0.366364985704422,BUY
2330,2025-04-11,2025-04-11T13:30:00+08:00,2025-04-14,895.0,2025-04-16,855.0,-0.04469273743016755,-0.0502733325681296,gru,validation,0,0.35593491792678833,0.2876906096935272,0.35637447237968445,BUY
2330,2025-04-14,2025-04-14T13:30:00+08:00,2025-04-15,874.0,2025-04-17,847.0,-0.03089244851258577,-0.03655366046175956,gru,validation,0,0.3175933361053467,0.3196432888507843,0.36276334524154663,BUY
2330,2025-04-15,2025-04-15T13:30:00+08:00,2025-04-16,867.0,2025-04-18,850.0,-0.019607843137254943,-0.025334976090443773,gru,validation,0,0.32526305317878723,0.3096676468849182,0.36506927013397217,BUY
2330,2025-04-16,2025-04-16T13:30:00+08:00,2025-04-17,849.0,2025-04-21,835.0,-0.01648998822143699,-0.022235334671650064,gru,validation,0,0.31322306394577026,0.3156775236129761,0.37109941244125366,BUY
2330,2025-04-17,2025-04-17T13:30:00+08:00,2025-04-18,853.0,2025-04-22,816.0,-0.04337631887456039,-0.0489646041026941,gru,validation,0,0.3291756808757782,0.3063914179801941,0.36443284153938293,BUY
2330,2025-04-18,2025-04-18T13:30:00+08:00,2025-04-21,844.0,2025-04-23,873.0,0.034360189573459765,0.028317792879743564,gru,validation,2,0.33416205644607544,0.31691983342170715,0.3489181399345398,BUY
2330,2025-04-21,2025-04-21T13:30:00+08:00,2025-04-22,826.0,2025-04-24,864.0,0.04600484261501214,0.039894421635609856,gru,validation,2,0.3392961025238037,0.3124036192893982,0.3483002483844757,BUY
2330,2025-04-22,2025-04-22T13:30:00+08:00,2025-04-23,853.0,2025-04-25,888.0,0.041031652989449,0.03495028377059772,gru,validation,2,0.3361344337463379,0.297264039516449,0.36660143733024597,BUY
2330,2025-04-23,2025-04-23T13:30:00+08:00,2025-04-24,886.0,2025-04-28,897.0,0.01241534988713311,0.006501147828227305,gru,validation,1,0.41746190190315247,0.24696476757526398,0.3355732858181,SELL
2330,2025-04-24,2025-04-24T13:30:00+08:00,2025-04-25,900.0,2025-04-29,902.0,0.0022222222222221255,-0.0036324348913908677,gru,validation,1,0.3502967357635498,0.29800131916999817,0.351701945066452,BUY
2330,2025-04-25,2025-04-25T13:30:00+08:00,2025-04-28,898.0,2025-04-30,908.0,0.011135857461024523,0.00522912978182033,gru,validation,1,0.3746574819087982,0.31818968057632446,0.3071528673171997,SELL
2330,2025-04-28,2025-04-28T13:30:00+08:00,2025-04-29,897.0,2025-05-02,950.0,0.059085841694537455,0.05289900576182838,gru,validation,2,0.3683600127696991,0.2957254648208618,0.3359145522117615,SELL
2330,2025-04-29,2025-04-29T13:30:00+08:00,2025-04-30,901.0,2025-05-05,938.0,0.04106548279689237,0.03498391595527983,gru,validation,2,0.36481186747550964,0.31658390164375305,0.3186042010784149,SELL
2330,2025-04-30,2025-04-30T13:30:00+08:00,2025-05-02,938.0,2025-05-06,920.0,-0.019189765458422214,-0.02491934068579138,gru,validation,0,0.4132039248943329,0.27942827343940735,0.30736783146858215,SELL
2330,2025-05-02,2025-05-02T13:30:00+08:00,2025-05-05,956.0,2025-05-07,928.0,-0.029288702928870314,-0.034959283439508715,gru,validation,0,0.3837348222732544,0.28071901202201843,0.33554619550704956,SELL
2330,2025-05-05,2025-05-05T13:30:00+08:00,2025-05-06,916.0,2025-05-08,918.0,0.0021834061135370675,-0.003671024248960486,gru,validation,1,0.3816591203212738,0.3478986322879791,0.2704421877861023,SELL
2330,2025-05-06,2025-05-06T13:30:00+08:00,2025-05-07,925.0,2025-05-09,949.0,0.025945945945945903,0.019952702534024036,gru,validation,2,0.309194415807724,0.3479301333427429,0.34287548065185547,HOLD
2330,2025-05-07,2025-05-07T13:30:00+08:00,2025-05-08,933.0,2025-05-12,957.0,0.025723472668810254,0.019731528873605964,gru,validation,2,0.3830408751964569,0.24728359282016754,0.36967557668685913,SELL
2330,2025-05-08,2025-05-08T13:30:00+08:00,2025-05-09,938.0,2025-05-13,969.0,0.03304904051172697,0.027014303125508787,gru,validation,2,0.2830798327922821,0.3441323935985565,0.3727877140045166,BUY
2330,2025-05-09,2025-05-09T13:30:00+08:00,2025-05-12,954.0,2025-05-14,999.0,0.04716981132075482,0.04105258497207509,gru,validation,2,0.373177170753479,0.3269954025745392,0.29982736706733704,SELL
2330,2025-05-12,2025-05-12T13:30:00+08:00,2025-05-13,990.0,2025-05-15,993.0,0.003030303030302939,-0.0028290746292594093,gru,validation,1,0.3816238045692444,0.3123302161693573,0.3060459792613983,SELL
2330,2025-05-13,2025-05-13T13:30:00+08:00,2025-05-14,990.0,2025-05-16,998.0,0.008080808080808133,0.0021919270090626775,gru,validation,1,0.3127840459346771,0.3002643585205078,0.3869515359401703,BUY
2330,2025-05-14,2025-05-14T13:30:00+08:00,2025-05-15,1000.0,2025-05-19,984.0,-0.016000000000000014,-0.021748208802456426,gru,validation,0,0.4054900109767914,0.31055524945259094,0.2839547097682953,SELL
2330,2025-05-15,2025-05-15T13:30:00+08:00,2025-05-16,991.0,2025-05-20,978.0,-0.013118062563067578,-0.018883106709165598,gru,validation,0,0.32002267241477966,0.3036174178123474,0.37635987997055054,BUY
2330,2025-05-16,2025-05-16T13:30:00+08:00,2025-05-19,993.0,2025-05-21,990.0,-0.0030211480362537513,-0.008845175081702017,gru,validation,1,0.3904447853565216,0.28268083930015564,0.32687434554100037,SELL
2330,2025-05-19,2025-05-19T13:30:00+08:00,2025-05-20,991.0,2025-05-22,982.0,-0.00908173562058523,-0.014870358679346163,gru,validation,0,0.37261784076690674,0.2878841757774353,0.3394980728626251,SELL
2330,2025-05-20,2025-05-20T13:30:00+08:00,2025-05-21,986.0,2025-05-23,984.0,-0.0020283975659228792,-0.00785822393758262,gru,validation,1,0.3438620865345001,0.28058576583862305,0.37555214762687683,BUY
2330,2025-05-21,2025-05-21T13:30:00+08:00,2025-05-22,988.0,2025-05-26,976.0,-0.012145748987854255,-0.01791647307445199,gru,validation,0,0.3193915784358978,0.30891335010528564,0.3716951012611389,BUY
2330,2025-05-22,2025-05-22T13:30:00+08:00,2025-05-23,993.0,2025-05-27,965.0,-0.028197381671701938,-0.033874337327113535,gru,validation,0,0.40957894921302795,0.29278290271759033,0.2976381182670593,SELL
2330,2025-05-23,2025-05-23T13:30:00+08:00,2025-05-26,975.0,2025-05-28,967.0,-0.008205128205128198,-0.013998872120049466,gru,validation,0,0.3584286570549011,0.27246031165122986,0.36911100149154663,BUY
2330,2025-05-26,2025-05-26T13:30:00+08:00,2025-05-27,971.0,2025-05-29,967.0,-0.004119464469618972,-0.009937075506743831,gru,validation,1,0.3182313144207001,0.32444825768470764,0.3573203980922699,BUY
2330,2025-05-27,2025-05-27T13:30:00+08:00,2025-05-28,984.0,2025-06-02,946.0,-0.03861788617886175,-0.044233968627226505,gru,validation,0,0.34505903720855713,0.296774297952652,0.3581666648387909,BUY
2330,2025-05-28,2025-05-28T13:30:00+08:00,2025-05-29,986.0,2025-06-03,950.0,-0.0365111561866126,-0.04213954546819465,gru,validation,0,0.3169088661670685,0.286346971988678,0.39674413204193115,BUY
2330,2025-05-29,2025-05-29T13:30:00+08:00,2025-06-02,958.0,2025-06-04,990.0,0.03340292275574108,0.027366118104248383,gru,validation,2,0.3158596158027649,0.29649168252944946,0.38764867186546326,BUY
2330,2025-06-02,2025-06-02T13:30:00+08:00,2025-06-03,960.0,2025-06-05,998.0,0.039583333333333304,0.033510424728095733,gru,validation,2,0.3273223042488098,0.30538496375083923,0.36729276180267334,BUY
2330,2025-06-03,2025-06-03T13:30:00+08:00,2025-06-04,974.0,2025-06-06,995.0,0.021560574948665368,0.015592949451548987,gru,validation,2,0.33327198028564453,0.29796987771987915,0.3687581717967987,BUY
2330,2025-06-04,2025-06-04T13:30:00+08:00,2025-06-05,1000.0,2025-06-09,1005.0,0.004999999999999893,-0.0008708839903137644,gru,validation,1,0.4122351109981537,0.28230005502700806,0.30546483397483826,SELL
2330,2025-06-05,2025-06-05T13:30:00+08:00,2025-06-06,997.0,2025-06-10,1045.0,0.0481444332998997,0.042021513525773324,gru,validation,2,0.40789368748664856,0.25994181632995605,0.3321644961833954,SELL
2330,2025-06-06,2025-06-06T13:30:00+08:00,2025-06-09,1005.0,2025-06-11,1065.0,0.05970149253731338,0.05351106017209051,gru,validation,2,0.37941116094589233,0.2940486669540405,0.3265402019023895,SELL
2330,2025-06-09,2025-06-09T13:30:00+08:00,2025-06-10,1025.0,2025-06-12,1045.0,0.019512195121951237,0.013556535595313335,gru,validation,2,0.33718153834342957,0.339489221572876,0.32332929968833923,HOLD
2330,2025-06-10,2025-06-10T13:30:00+08:00,2025-06-11,1065.0,2025-06-13,1030.0,-0.032863849765258246,-0.03851354542781227,gru,validation,0,0.31954890489578247,0.3728894293308258,0.30756163597106934,HOLD
2330,2025-06-11,2025-06-11T13:30:00+08:00,2025-06-12,1055.0,2025-06-16,1025.0,-0.028436018957345932,-0.03411158057114583,gru,validation,0,0.35637107491493225,0.3261238634586334,0.3175050914287567,SELL
2330,2025-06-12,2025-06-12T13:30:00+08:00,2025-06-13,1040.0,2025-06-17,1045.0,0.004807692307692291,-0.0010620682834653339,gru,validation,1,0.35313811898231506,0.32785919308662415,0.31900274753570557,SELL
2330,2025-06-13,2025-06-13T13:30:00+08:00,2025-06-16,1030.0,2025-06-18,1055.0,0.024271844660194164,0.018288380804925897,gru,validation,2,0.36478063464164734,0.3271963894367218,0.30802294611930847,SELL
2330,2025-06-16,2025-06-16T13:30:00+08:00,2025-06-17,1040.0,2025-06-19,1035.0,-0.004807692307692291,-0.0106212829410397,gru,validation,0,0.37393370270729065,0.31748831272125244,0.3085779547691345,SELL
2330,2025-06-17,2025-06-17T13:30:00+08:00,2025-06-18,1040.0,2025-06-20,1055.0,0.014423076923076872,0.008497146374109255,gru,validation,1,0.38256436586380005,0.2636702060699463,0.35376548767089844,SELL
2330,2025-06-18,2025-06-18T13:30:00+08:00,2025-06-19,1045.0,2025-06-23,1020.0,-0.02392344497607657,-0.029625367583251405,gru,validation,0,0.41096457839012146,0.3039705455303192,0.2850649356842041,SELL
2330,2025-06-19,2025-06-19T13:30:00+08:00,2025-06-20,1030.0,2025-06-24,1050.0,0.01941747572815533,0.013462369521490158,gru,validation,2,0.37651729583740234,0.3238178491592407,0.2996648848056793,SELL
2330,2025-06-20,2025-06-20T13:30:00+08:00,2025-06-23,1025.0,2025-06-25,1070.0,0.04390243902439028,0.0378042996047705,gru,validation,2,0.34639066457748413,0.24753499031066895,0.40607428550720215,BUY
2330,2025-06-23,2025-06-23T13:30:00+08:00,2025-06-24,1045.0,2025-06-26,1075.0,0.028708133971291794,0.022698754752945804,gru,validation,2,0.35886141657829285,0.3044019937515259,0.3367365598678589,SELL
2330,2025-06-24,2025-06-24T13:30:00+08:00,2025-06-25,1060.0,2025-06-27,1080.0,0.018867924528301883,0.012916028621478448,gru,validation,2,0.40254461765289307,0.3128392994403839,0.28461605310440063,SELL
2330,2025-06-25,2025-06-25T13:30:00+08:00,2025-06-26,1075.0,2025-06-30,1060.0,-0.013953488372092981,-0.019713652231616252,gru,validation,0,0.3810346722602844,0.3070327043533325,0.31193259358406067,SELL
2412,2025-01-02,2025-01-02T13:30:00+08:00,2025-01-03,123.0,2025-01-07,123.0,0.0,-0.005841675612252573,gru,validation,1,0.3171065151691437,0.3001793622970581,0.3827141225337982,BUY
2412,2025-01-03,2025-01-03T13:30:00+08:00,2025-01-06,123.0,2025-01-08,123.5,0.004065040650406582,-0.0018003816106763049,gru,validation,1,0.35329771041870117,0.3432867228984833,0.30341559648513794,SELL
2412,2025-01-06,2025-01-06T13:30:00+08:00,2025-01-07,124.0,2025-01-09,123.0,-0.008064516129032251,-0.013859081454089206,gru,validation,0,0.3523927628993988,0.3308197259902954,0.31678757071495056,SELL
2412,2025-01-07,2025-01-07T13:30:00+08:00,2025-01-08,123.5,2025-01-10,123.0,-0.004048582995951455,-0.009866608099652341,gru,validation,1,0.3513883650302887,0.35448071360588074,0.29413092136383057,HOLD
2412,2025-01-08,2025-01-08T13:30:00+08:00,2025-01-09,123.5,2025-01-13,123.0,-0.004048582995951455,-0.009866608099652341,gru,validation,1,0.37586966156959534,0.2863718867301941,0.33775848150253296,SELL
2412,2025-01-09,2025-01-09T13:30:00+08:00,2025-01-10,123.0,2025-01-14,123.5,0.004065040650406582,-0.0018003816106763049,gru,validation,1,0.36984553933143616,0.3124280869960785,0.31772637367248535,SELL
2412,2025-01-10,2025-01-10T13:30:00+08:00,2025-01-13,122.5,2025-01-15,123.5,0.008163265306122547,0.0022739025460147833,gru,validation,1,0.35505226254463196,0.3079649806022644,0.33698272705078125,SELL
2412,2025-01-13,2025-01-13T13:30:00+08:00,2025-01-14,123.0,2025-01-16,124.0,0.008130081300812941,0.002240912390899963,gru,validation,1,0.40755775570869446,0.3035096824169159,0.28893259167671204,SELL
2412,2025-01-14,2025-01-14T13:30:00+08:00,2025-01-15,123.5,2025-01-17,124.0,0.004048582995951344,-0.0018167431248528043,gru,validation,1,0.39097297191619873,0.2943046987056732,0.3147224187850952,SELL
2412,2025-01-15,2025-01-15T13:30:00+08:00,2025-01-16,123.5,2025-01-20,123.5,0.0,-0.005841675612252573,gru,validation,1,0.3764699697494507,0.2986893057823181,0.3248407244682312,SELL
2412,2025-01-16,2025-01-16T13:30:00+08:00,2025-01-17,123.5,2025-01-21,123.5,0.0,-0.005841675612252573,gru,validation,1,0.3860548734664917,0.29827189445495605,0.31567320227622986,SELL
2412,2025-01-17,2025-01-17T13:30:00+08:00,2025-01-20,124.0,2025-01-22,124.5,0.0040322580645162365,-0.0018329726913340894,gru,validation,1,0.42410582304000854,0.2864169776439667,0.28947713971138,SELL
2412,2025-01-20,2025-01-20T13:30:00+08:00,2025-01-21,123.5,2025-02-03,125.5,0.0161943319838056,0.0102580543373465,gru,validation,2,0.3593796193599701,0.32058629393577576,0.32003405690193176,SELL
2412,2025-01-21,2025-01-21T13:30:00+08:00,2025-01-22,124.0,2025-02-04,125.0,0.008064516129032251,0.002175730229584172,gru,validation,1,0.39021024107933044,0.31168612837791443,0.2981036305427551,SELL
2412,2025-01-22,2025-01-22T13:30:00+08:00,2025-02-03,124.5,2025-02-05,126.0,0.012048192771084265,0.006136135524949182,gru,validation,1,0.40865039825439453,0.28189942240715027,0.3094501793384552,SELL
2412,2025-02-03,2025-02-03T13:30:00+08:00,2025-02-04,125.5,2025-02-06,126.0,0.003984063745019917,-0.0018808854752495607,gru,validation,1,0.3519517481327057,0.3337956666946411,0.3142525553703308,SELL
2412,2025-02-04,2025-02-04T13:30:00+08:00,2025-02-05,126.0,2025-02-07,126.0,0.0,-0.005841675612252684,gru,validation,1,0.3480825424194336,0.34155789017677307,0.31035953760147095,SELL
2412,2025-02-05,2025-02-05T13:30:00+08:00,2025-02-06,126.0,2025-02-10,125.5,-0.003968253968253954,-0.009786748328077022,gru,validation,1,0.3567798435688019,0.29889994859695435,0.3443201184272766,SELL
2412,2025-02-06,2025-02-06T13:30:00+08:00,2025-02-07,125.5,2025-02-11,125.5,0.0,-0.005841675612252573,gru,validation,1,0.40565356612205505,0.27950426936149597,0.31484219431877136,SELL
2412,2025-02-07,2025-02-07T13:30:00+08:00,2025-02-10,125.5,2025-02-12,126.0,0.003984063745019917,-0.0018808854752495607,gru,validation,1,0.3554283678531647,0.26412951946258545,0.3804420828819275,BUY
2412,2025-02-10,2025-02-10T13:30:00+08:00,2025-02-11,125.5,2025-02-13,125.5,0.0,-0.005841675612252573,gru,validation,1,0.3260056972503662,0.3421177566051483,0.3318765461444855,HOLD
2412,2025-02-11,2025-02-11T13:30:00+08:00,2025-02-12,126.0,2025-02-14,125.5,-0.003968253968253954,-0.009786748328077022,gru,validation,1,0.35729947686195374,0.3294709026813507,0.31322959065437317,SELL
2412,2025-02-12,2025-02-12T13:30:00+08:00,2025-02-13,126.0,2025-02-17,126.0,0.0,-0.005841675612252684,gru,validation,1,0.3621119260787964,0.32438552379608154,0.31350257992744446,SELL
2412,2025-02-13,2025-02-13T13:30:00+08:00,2025-02-14,126.0,2025-02-18,126.5,0.003968253968253954,-0.0018966028964282344,gru,validation,1,0.39755478501319885,0.30409854650497437,0.29834669828414917,SELL
2412,2025-02-14,2025-02-14T13:30:00+08:00,2025-02-17,126.0,2025-02-19,126.5,0.003968253968253954,-0.0018966028964282344,gru,validation,1,0.3500122129917145,0.3168540894985199,0.3331337571144104,SELL
2412,2025-02-17,2025-02-17T13:30:00+08:00,2025-02-18,126.0,2025-02-20,126.5,0.003968253968253954,-0.0018966028964282344,gru,validation,1,0.3581741750240326,0.2936531901359558,0.3481726348400116,SELL
2412,2025-02-18,2025-02-18T13:30:00+08:00,2025-02-19,126.5,2025-02-21,127.0,0.0039525691699604515,-0.0019121960692179973,gru,validation,1,0.40086740255355835,0.31573086977005005,0.283401757478714,SELL
2412,2025-02-19,2025-02-19T13:30:00+08:00,2025-02-20,126.5,2025-02-24,127.0,0.0039525691699604515,-0.0019121960692179973,gru,validation,1,0.35410693287849426,0.3102401793003082,0.3356528580188751,SELL
2412,2025-02-20,2025-02-20T13:30:00+08:00,2025-02-21,126.5,2025-02-25,126.5,0.0,-0.005841675612252573,gru,validation,1,0.39646387100219727,0.2788810133934021,0.32465508580207825,SELL
2412,2025-02-21,2025-02-21T13:30:00+08:00,2025-02-24,126.5,2025-02-26,127.5,0.007905138339920903,0.002017283473816578,gru,validation,1,0.378607839345932,0.3156985342502594,0.3056935667991638,SELL
2412,2025-02-24,2025-02-24T13:30:00+08:00,2025-02-25,126.5,2025-02-27,128.0,0.011857707509881354,0.005946763016851264,gru,validation,1,0.349314421415329,0.2859761118888855,0.3647094666957855,BUY
2412,2025-02-25,2025-02-25T13:30:00+08:00,2025-02-26,126.5,2025-03-03,128.5,0.015810276679841806,0.009876242559885728,gru,validation,1,0.3468092978000641,0.33158373832702637,0.3216070234775543,SELL
2412,2025-02-26,2025-02-26T13:30:00+08:00,2025-02-27,128.0,2025-03-04,127.0,-0.0078125,-0.013608537521531905,gru,validation,0,0.4114623963832855,0.29756104946136475,0.2909765839576721,SELL
2412,2025-02-27,2025-02-27T13:30:00+08:00,2025-03-03,128.0,2025-03-05,127.5,-0.00390625,-0.009725106566892183,gru,validation,1,0.3841985762119293,0.2752715051174164,0.3405298888683319,SELL
2412,2025-03-03,2025-03-03T13:30:00+08:00,2025-03-04,128.5,2025-03-06,128.0,-0.0038910505836575737,-0.009709995940609506,gru,validation,1,0.37463557720184326,0.31727948784828186,0.30808499455451965,SELL
2412,2025-03-04,2025-03-04T13:30:00+08:00,2025-03-05,127.5,2025-03-07,128.0,0.0039215686274509665,-0.0019430155166142438,gru,validation,1,0.2860376536846161,0.3170745372772217,0.3968878388404846,BUY
2412,2025-03-05,2025-03-05T13:30:00+08:00,2025-03-06,128.0,2025-03-10,128.0,0.0,-0.005841675612252573,gru,validation,1,0.35610827803611755,0.32526203989982605,0.31862959265708923,SELL
2412,2025-03-06,2025-03-06T13:30:00+08:00,2025-03-07,128.0,2025-03-11,127.5,-0.00390625,-0.009725106566892183,gru,validation,1,0.3596998453140259,0.3202420771121979,0.32005810737609863,SELL
2412,2025-03-07,2025-03-07T13:30:00+08:00,2025-03-10,128.0,2025-03-12,128.0,0.0,-0.005841675612252573,gru,validation,1,0.37157508730888367,0.31449586153030396,0.31392908096313477,SELL
2412,2025-03-10,2025-03-10T13:30:00+08:00,2025-03-11,127.5,2025-03-13,128.5,0.007843137254901933,0.001955644579023863,gru,validation,1,0.358720600605011,0.31487035751342773,0.32640910148620605,SELL
2412,2025-03-11,2025-03-11T13:30:00+08:00,2025-03-12,127.5,2025-03-14,128.5,0.007843137254901933,0.001955644579023863,gru,validation,1,0.3252243995666504,0.3298164904117584,0.3449590802192688,BUY
2412,2025-03-12,2025-03-12T13:30:00+08:00,2025-03-13,128.5,2025-03-17,128.0,-0.0038910505836575737,-0.009709995940609506,gru,validation,1,0.34772464632987976,0.3307372033596039,0.32153818011283875,SELL
2412,2025-03-13,2025-03-13T13:30:00+08:00,2025-03-14,128.5,2025-03-18,129.0,0.0038910505836575737,-0.001973355283895639,gru,validation,1,0.37278202176094055,0.2896723747253418,0.3375456631183624,SELL
2412,2025-03-14,2025-03-14T13:30:00+08:00,2025-03-17,128.0,2025-03-19,128.5,0.00390625,-0.001958244657612962,gru,validation,1,0.40416765213012695,0.30671262741088867,0.289119690656662,SELL
2412,2025-03-17,2025-03-17T13:30:00+08:00,2025-03-18,128.5,2025-03-20,129.0,0.0038910505836575737,-0.001973355283895639,gru,validation,1,0.34299248456954956,0.3368929624557495,0.3201145529747009,SELL
2412,2025-03-18,2025-03-18T13:30:00+08:00,2025-03-19,129.0,2025-03-21,130.0,0.007751937984496138,0.0018649780651716075,gru,validation,1,0.3793080747127533,0.299503356218338,0.3211885988712311,SELL
2412,2025-03-19,2025-03-19T13:30:00+08:00,2025-03-20,129.0,2025-03-24,129.0,0.0,-0.005841675612252795,gru,validation,1,0.31464773416519165,0.35640749335289,0.32894471287727356,HOLD
2412,2025-03-20,2025-03-20T13:30:00+08:00,2025-03-21,129.0,2025-03-25,129.0,0.0,-0.005841675612252795,gru,validation,1,0.42519378662109375,0.273918479681015,0.3008877635002136,SELL
2412,2025-03-21,2025-03-21T13:30:00+08:00,2025-03-24,130.0,2025-03-26,129.0,-0.007692307692307665,-0.013489047338312243,gru,validation,0,0.4354650378227234,0.2507938742637634,0.3137410283088684,SELL
2412,2025-03-24,2025-03-24T13:30:00+08:00,2025-03-25,129.5,2025-03-27,130.0,0.0038610038610038533,-0.0020032264833423907,gru,validation,1,0.3520200550556183,0.3107543885707855,0.33722561597824097,SELL
2412,2025-03-25,2025-03-25T13:30:00+08:00,2025-03-26,129.5,2025-03-28,130.0,0.0038610038610038533,-0.0020032264833423907,gru,validation,1,0.320707231760025,0.33898279070854187,0.3403099775314331,BUY
2412,2025-03-26,2025-03-26T13:30:00+08:00,2025-03-27,129.0,2025-03-31,128.5,-0.003875968992248069,-0.009695002450964885,gru,validation,1,0.3703106641769409,0.2849028408527374,0.34478652477264404,SELL
2412,2025-03-27,2025-03-27T13:30:00+08:00,2025-03-28,129.5,2025-04-01,130.0,0.0038610038610038533,-0.0020032264833423907,gru,validation,1,0.39555323123931885,0.2865082323551178,0.31793853640556335,SELL
2412,2025-03-28,2025-03-28T13:30:00+08:00,2025-03-31,129.0,2025-04-02,130.0,0.007751937984496138,0.0018649780651716075,gru,validation,1,0.3929988741874695,0.31680813431739807,0.29019293189048767,SELL
2412,2025-03-31,2025-03-31T13:30:00+08:00,2025-04-01,129.0,2025-04-07,124.0,-0.03875968992248058,-0.04437494399937458,gru,validation,0,0.3363284170627594,0.32764530181884766,0.33602628111839294,SELL
2412,2025-04-01,2025-04-01T13:30:00+08:00,2025-04-02,129.5,2025-04-08,127.0,-0.019305019305019266,-0.025033921256803704,gru,validation,0,0.3733387589454651,0.3159129023551941,0.31074830889701843,SELL
2412,2025-04-02,2025-04-02T13:30:00+08:00,2025-04-07,123.0,2025-04-09,126.0,0.024390243902439046,0.01840608839720459,gru,validation,2,0.3658120334148407,0.3142312467098236,0.3199566602706909,SELL
2412,2025-04-07,2025-04-07T13:30:00+08:00,2025-04-08,125.5,2025-04-10,127.0,0.01195219123505975,0.006040694798756352,gru,validation,1,0.35149064660072327,0.3269609212875366,0.3215484321117401,SELL
2412,2025-04-08,2025-04-08T13:30:00+08:00,2025-04-09,126.0,2025-04-11,128.5,0.01984126984126977,0.01388368796686934,gru,validation,2,0.3303835988044739,0.32576611638069153,0.3438502550125122,BUY
2412,2025-04-09,2025-04-09T13:30:00+08:00,2025-04-10,129.0,2025-04-14,127.5,-0.011627906976744207,-0.017401656128389287,gru,validation,0,0.3282836973667145,0.3245927393436432,0.34712356328964233,BUY
2412,2025-04-10,2025-04-10T13:30:00+08:00,2025-04-11,127.5,2025-04-15,129.0,0.0117647058823529,0.00585430467466197,gru,validation,1,0.3596859276294708,0.34119275212287903,0.29912126064300537,SELL
2412,2025-04-11,2025-04-11T13:30:00+08:00,2025-04-14,128.0,2025-04-16,128.5,0.00390625,-0.001958244657612962,gru,validation,1,0.34220871329307556,0.2944572865962982,0.3633340299129486,BUY
2412,2025-04-14,2025-04-14T13:30:00+08:00,2025-04-15,128.0,2025-04-17,128.0,0.0,-0.005841675612252573,gru,validation,1,0.36449456214904785,0.3224077820777893,0.31309768557548523,SELL
2412,2025-04-15,2025-04-15T13:30:00+08:00,2025-04-16,128.5,2025-04-18,128.0,-0.0038910505836575737,-0.009709995940609506,gru,validation,1,0.3790726661682129,0.31195366382598877,0.3089737594127655,SELL
2412,2025-04-16,2025-04-16T13:30:00+08:00,2025-04-17,129.0,2025-04-21,127.0,-0.015503875968992276,-0.021254982967101488,gru,validation,0,0.34909647703170776,0.31424275040626526,0.33666083216667175,SELL
2412,2025-04-17,2025-04-17T13:30:00+08:00,2025-04-18,129.0,2025-04-22,128.0,-0.007751937984496138,-0.013548329289677086,gru,validation,0,0.3796091079711914,0.319092333316803,0.301298588514328,SELL
2412,2025-04-18,2025-04-18T13:30:00+08:00,2025-04-21,128.0,2025-04-23,127.5,-0.00390625,-0.009725106566892183,gru,validation,1,0.3758520185947418,0.32007166743278503,0.30407631397247314,SELL
2412,2025-04-21,2025-04-21T13:30:00+08:00,2025-04-22,128.0,2025-04-24,127.0,-0.0078125,-0.013608537521531905,gru,validation,0,0.3562563955783844,0.29539385437965393,0.34834980964660645,SELL
2412,2025-04-22,2025-04-22T13:30:00+08:00,2025-04-23,128.5,2025-04-25,126.5,-0.015564202334630295,-0.021314956925680528,gru,validation,0,0.3341469168663025,0.32303252816200256,0.34282049536705017,BUY
2412,2025-04-23,2025-04-23T13:30:00+08:00,2025-04-24,127.5,2025-04-28,128.0,0.0039215686274509665,-0.0019430155166142438,gru,validation,1,0.37661710381507874,0.3091072738170624,0.3142756521701813,SELL
2412,2025-04-24,2025-04-24T13:30:00+08:00,2025-04-25,127.0,2025-04-29,129.0,0.015748031496062964,0.009814360992278726,gru,validation,1,0.35605084896087646,0.3207469880580902,0.32320210337638855,SELL
2412,2025-04-25,2025-04-25T13:30:00+08:00,2025-04-28,127.0,2025-04-30,129.5,0.019685039370078705,0.013728370143411661,gru,validation,2,0.332491934299469,0.34180837869644165,0.32569968700408936,HOLD
2412,2025-04-28,2025-04-28T13:30:00+08:00,2025-04-29,128.0,2025-05-02,128.5,0.00390625,-0.001958244657612962,gru,validation,1,0.3525516390800476,0.3217052221298218,0.325743168592453,SELL
2412,2025-04-29,2025-04-29T13:30:00+08:00,2025-04-30,129.0,2025-05-05,129.5,0.003875968992248069,-0.0019883487735403715,gru,validation,1,0.4035486578941345,0.30852821469306946,0.28792309761047363,SELL
2412,2025-04-30,2025-04-30T13:30:00+08:00,2025-05-02,129.5,2025-05-06,130.0,0.0038610038610038533,-0.0020032264833423907,gru,validation,1,0.40036508440971375,0.28599584102630615,0.3136390745639801,SELL
2412,2025-05-02,2025-05-02T13:30:00+08:00,2025-05-05,129.0,2025-05-07,131.0,0.015503875968992276,0.00957163174259601,gru,validation,1,0.3666095435619354,0.31328582763671875,0.32010459899902344,SELL
2412,2025-05-05,2025-05-05T13:30:00+08:00,2025-05-06,129.5,2025-05-08,129.5,0.0,-0.005841675612252573,gru,validation,1,0.38372087478637695,0.31825536489486694,0.2980237603187561,SELL
2412,2025-05-06,2025-05-06T13:30:00+08:00,2025-05-07,130.5,2025-05-09,131.0,0.003831417624521105,-0.0020326398866289397,gru,validation,1,0.37250709533691406,0.31844520568847656,0.30904772877693176,SELL
2412,2025-05-07,2025-05-07T13:30:00+08:00,2025-05-08,131.0,2025-05-12,131.0,0.0,-0.005841675612252684,gru,validation,1,0.36535200476646423,0.32430940866470337,0.31033849716186523,SELL
2412,2025-05-08,2025-05-08T13:30:00+08:00,2025-05-09,129.5,2025-05-13,130.0,0.0038610038610038533,-0.0020032264833423907,gru,validation,1,0.3452397286891937,0.32488980889320374,0.32987040281295776,SELL
2412,2025-05-09,2025-05-09T13:30:00+08:00,2025-05-12,131.0,2025-05-14,129.5,-0.011450381679389277,-0.017225167876234404,gru,validation,0,0.3631179928779602,0.27215129137039185,0.36473071575164795,BUY
2412,2025-05-13,2025-05-13T13:30:00+08:00,2025-05-14,130.5,2025-05-16,131.0,0.003831417624521105,-0.0020326398866289397,gru,validation,1,0.3688644766807556,0.31943026185035706,0.3117052912712097,SELL
2412,2025-05-14,2025-05-14T13:30:00+08:00,2025-05-15,129.5,2025-05-19,131.0,0.01158301158301156,0.005673671774478084,gru,validation,1,0.3769710659980774,0.2988009452819824,0.3242280185222626,SELL
2412,2025-05-15,2025-05-15T13:30:00+08:00,2025-05-16,131.0,2025-05-20,131.5,0.003816793893129722,-0.0020471781909252584,gru,validation,1,0.38411813974380493,0.3201003968715668,0.2957814335823059,SELL
2412,2025-05-16,2025-05-16T13:30:00+08:00,2025-05-19,131.0,2025-05-21,132.5,0.011450381679389388,0.00554181665172937,gru,validation,1,0.33488020300865173,0.3229503035545349,0.34216949343681335,BUY
2412,2025-05-19,2025-05-19T13:30:00+08:00,2025-05-20,131.5,2025-05-22,133.0,0.011406844106463865,0.005498533411181894,gru,validation,1,0.36980289220809937,0.325859397649765,0.30433768033981323,SELL
2412,2025-05-20,2025-05-20T13:30:00+08:00,2025-05-21,132.0,2025-05-23,133.0,0.007575757575757569,0.0016898268452303356,gru,validation,1,0.32257598638534546,0.3161047697067261,0.36131924390792847,BUY
2412,2025-05-21,2025-05-21T13:30:00+08:00,2025-05-22,132.0,2025-05-26,133.0,0.007575757575757569,0.0016898268452303356,gru,validation,1,0.39355701208114624,0.28003090620040894,0.32641205191612244,SELL
2412,2025-05-22,2025-05-22T13:30:00+08:00,2025-05-23,133.0,2025-05-27,131.5,-0.011278195488721776,-0.01705398754143761,gru,validation,0,0.36363452672958374,0.31430381536483765,0.32206159830093384,SELL
2412,2025-05-23,2025-05-23T13:30:00+08:00,2025-05-26,133.0,2025-05-28,132.0,-0.007518796992481258,-0.013316550231709412,gru,validation,0,0.3811119794845581,0.3017204999923706,0.3171674907207489,SELL
2412,2025-05-26,2025-05-26T13:30:00+08:00,2025-05-27,133.0,2025-05-29,129.5,-0.02631578947368418,-0.03200373678035118,gru,validation,0,0.3626447021961212,0.298724502325058,0.3386307954788208,SELL
2412,2025-05-27,2025-05-27T13:30:00+08:00,2025-05-28,131.5,2025-06-02,131.5,0.0,-0.005841675612252462,gru,validation,1,0.3729259967803955,0.3165733218193054,0.3105006814002991,SELL
2412,2025-05-28,2025-05-28T13:30:00+08:00,2025-05-29,132.5,2025-06-03,130.0,-0.018867924528301883,-0.024599379845983815,gru,validation,0,0.38141754269599915,0.30145105719566345,0.3171314299106598,SELL
2412,2025-05-29,2025-05-29T13:30:00+08:00,2025-06-02,130.0,2025-06-04,129.5,-0.0038461538461538325,-0.009665361475282297,gru,validation,1,0.35078728199005127,0.2936159670352936,0.35559672117233276,BUY
2412,2025-06-02,2025-06-02T13:30:00+08:00,2025-06-03,131.5,2025-06-05,130.0,-0.011406844106463865,-0.01718188463568704,gru,validation,0,0.3909847140312195,0.3122929036617279,0.296722412109375,SELL
2412,2025-06-03,2025-06-03T13:30:00+08:00,2025-06-04,130.5,2025-06-06,130.0,-0.003831417624521105,-0.009650711337876094,gru,validation,1,0.3518308103084564,0.31037265062332153,0.33779656887054443,SELL
2412,2025-06-04,2025-06-04T13:30:00+08:00,2025-06-05,129.5,2025-06-09,132.5,0.02316602316602312,0.01718901916120874,gru,validation,2,0.35177451372146606,0.3272083103656769,0.32101714611053467,SELL
2412,2025-06-05,2025-06-05T13:30:00+08:00,2025-06-06,130.5,2025-06-10,133.0,0.019157088122605304,0.013203503015865259,gru,validation,2,0.36620673537254333,0.2997887432575226,0.33400461077690125,SELL
2412,2025-06-06,2025-06-06T13:30:00+08:00,2025-06-09,130.0,2025-06-11,133.0,0.023076923076922995,0.017100439565926218,gru,validation,2,0.36554503440856934,0.3149704039096832,0.31948450207710266,SELL
2412,2025-06-09,2025-06-09T13:30:00+08:00,2025-06-10,132.0,2025-06-12,134.0,0.015151515151515138,0.009221329302713466,gru,validation,1,0.3936336934566498,0.3133714497089386,0.29299482703208923,SELL
2412,2025-06-10,2025-06-10T13:30:00+08:00,2025-06-11,132.5,2025-06-13,135.0,0.018867924528301883,0.012916028621478448,gru,validation,2,0.38474637269973755,0.32107800245285034,0.29417556524276733,SELL
2412,2025-06-11,2025-06-11T13:30:00+08:00,2025-06-12,133.0,2025-06-16,136.0,0.022556390977443552,0.016582948246117724,gru,validation,2,0.37313342094421387,0.31283438205718994,0.3140322268009186,SELL
2412,2025-06-12,2025-06-12T13:30:00+08:00,2025-06-13,133.0,2025-06-17,136.5,0.026315789473684292,0.020320385555846032,gru,validation,2,0.36114081740379333,0.31547319889068604,0.32338592410087585,SELL
2412,2025-06-13,2025-06-13T13:30:00+08:00,2025-06-16,135.0,2025-06-18,137.0,0.014814814814814836,0.008886595860158497,gru,validation,1,0.41037848591804504,0.30954721570014954,0.2800742983818054,SELL
2412,2025-06-16,2025-06-16T13:30:00+08:00,2025-06-17,136.0,2025-06-19,136.5,0.003676470588235281,-0.0021866817725918475,gru,validation,1,0.44459789991378784,0.268701434135437,0.28670069575309753,SELL
2412,2025-06-17,2025-06-17T13:30:00+08:00,2025-06-18,136.0,2025-06-20,136.5,0.003676470588235281,-0.0021866817725918475,gru,validation,1,0.3969893157482147,0.28970807790756226,0.3133026659488678,SELL
2412,2025-06-18,2025-06-18T13:30:00+08:00,2025-06-19,136.0,2025-06-23,136.5,0.003676470588235281,-0.0021866817725918475,gru,validation,1,0.3715638518333435,0.2860505282878876,0.3423856794834137,SELL
2412,2025-06-19,2025-06-19T13:30:00+08:00,2025-06-20,136.0,2025-06-24,135.5,-0.003676470588235281,-0.00949666945191352,gru,validation,1,0.3953085243701935,0.2873970866203308,0.3172944188117981,SELL
2412,2025-06-20,2025-06-20T13:30:00+08:00,2025-06-23,136.0,2025-06-25,137.0,0.007352941176470562,0.0014683120670690997,gru,validation,1,0.3829713761806488,0.30001020431518555,0.3170184791088104,SELL
2412,2025-06-23,2025-06-23T13:30:00+08:00,2025-06-24,136.5,2025-06-26,137.0,0.00366300366300365,-0.0022000700284146024,gru,validation,1,0.34614986181259155,0.2963171899318695,0.35753297805786133,BUY
2412,2025-06-24,2025-06-24T13:30:00+08:00,2025-06-25,136.5,2025-06-27,136.5,0.0,-0.005841675612252684,gru,validation,1,0.320445716381073,0.3509366512298584,0.328617662191391,HOLD
2412,2025-06-25,2025-06-25T13:30:00+08:00,2025-06-26,136.5,2025-06-30,135.0,-0.01098901098901095,-0.01676649236376626,gru,validation,0,0.39740636944770813,0.3067891597747803,0.2958044409751892,SELL
2881,2025-01-02,2025-01-02T13:30:00+08:00,2025-01-03,90.9,2025-01-07,91.9,0.011001100110010986,0.005095159639537883,gru,validation,1,0.38989073038101196,0.28445300459861755,0.3256562352180481,SELL
2881,2025-01-03,2025-01-03T13:30:00+08:00,2025-01-06,91.3,2025-01-08,91.1,-0.0021905805038335835,-0.008019459455380296,gru,validation,1,0.35201388597488403,0.3191542327404022,0.3288317918777466,SELL
2881,2025-01-06,2025-01-06T13:30:00+08:00,2025-01-07,92.1,2025-01-09,91.1,-0.010857763300760048,-0.016636011381935045,gru,validation,0,0.39822226762771606,0.29329293966293335,0.3084847927093506,SELL
2881,2025-01-07,2025-01-07T13:30:00+08:00,2025-01-08,91.8,2025-01-10,89.9,-0.020697167755991175,-0.026417937228120802,gru,validation,0,0.35041508078575134,0.31538915634155273,0.33419570326805115,SELL
2881,2025-01-08,2025-01-08T13:30:00+08:00,2025-01-09,91.3,2025-01-13,89.8,-0.01642935377875132,-0.022175054435709662,gru,validation,0,0.3569314777851105,0.30857765674591064,0.3344908058643341,SELL
2881,2025-01-09,2025-01-09T13:30:00+08:00,2025-01-10,91.1,2025-01-14,90.8,-0.003293084522502765,-0.009115523003211168,gru,validation,1,0.33258679509162903,0.3049882650375366,0.36242496967315674,BUY
2881,2025-01-10,2025-01-10T13:30:00+08:00,2025-01-13,90.2,2025-01-15,90.4,0.0022172949002217113,-0.0036373334295745074,gru,validation,1,0.3336523473262787,0.31147369742393494,0.354873925447464,BUY
2881,2025-01-13,2025-01-13T13:30:00+08:00,2025-01-14,90.1,2025-01-16,91.6,0.01664816870144281,0.010709239888098354,gru,validation,2,0.3355051875114441,0.3126552700996399,0.3518395721912384,BUY
2881,2025-01-14,2025-01-14T13:30:00+08:00,2025-01-15,91.0,2025-01-17,91.0,0.0,-0.005841675612252684,gru,validation,1,0.3741685152053833,0.33057501912117004,0.29525652527809143,SELL
2881,2025-01-15,2025-01-15T13:30:00+08:00,2025-01-16,91.5,2025-01-20,90.5,-0.010928961748633892,-0.01670679391157215,gru,validation,0,0.3484193980693817,0.3101617693901062,0.34141889214515686,SELL
2881,2025-01-16,2025-01-16T13:30:00+08:00,2025-01-17,91.6,2025-01-21,91.5,-0.0010917030567685337,-0.00692700129389856,gru,validation,1,0.36800235509872437,0.3063506484031677,0.3256469666957855,SELL
2881,2025-01-17,2025-01-17T13:30:00+08:00,2025-01-20,91.2,2025-01-22,92.8,0.01754385964912264,0.011599698499813238,gru,validation,2,0.3357428014278412,0.31830617785453796,0.3459509611129761,BUY
2881,2025-01-20,2025-01-20T13:30:00+08:00,2025-01-21,90.8,2025-02-03,91.4,0.006607929515418665,0.0007276525224684249,gru,validation,1,0.3199704587459564,0.3035297989845276,0.376499742269516,BUY
2881,2025-01-21,2025-01-21T13:30:00+08:00,2025-01-22,92.2,2025-02-04,90.3,-0.020607375271149753,-0.026328669281848294,gru,validation,0,0.34997108578681946,0.33376428484916687,0.3162645995616913,SELL
2881,2025-01-22,2025-01-22T13:30:00+08:00,2025-02-03,91.5,2025-02-05,91.8,0.003278688524590123,-0.002582140122456722,gru,validation,1,0.3514218330383301,0.2970939874649048,0.35148417949676514,BUY
2881,2025-02-03,2025-02-03T13:30:00+08:00,2025-02-04,92.0,2025-02-06,93.0,0.010869565217391353,0.004964393131092537,gru,validation,1,0.3913881778717041,0.30216407775878906,0.30644774436950684,SELL
2881,2025-02-04,2025-02-04T13:30:00+08:00,2025-02-05,91.5,2025-02-07,92.3,0.008743169398907069,0.002850419027203177,gru,validation,1,0.3138430118560791,0.3054797649383545,0.3806772232055664,BUY
2881,2025-02-05,2025-02-05T13:30:00+08:00,2025-02-06,92.0,2025-02-10,93.4,0.01521739130434785,0.009286820628430448,gru,validation,1,0.3930337429046631,0.2864994406700134,0.3204668462276459,SELL
2881,2025-02-06,2025-02-06T13:30:00+08:00,2025-02-07,92.6,2025-02-11,93.8,0.012958963282937441,0.007041585610914725,gru,validation,1,0.3819506764411926,0.3341792821884155,0.28386998176574707,SELL
2881,2025-02-07,2025-02-07T13:30:00+08:00,2025-02-10,92.0,2025-02-12,93.4,0.01521739130434785,0.009286820628430448,gru,validation,1,0.33707237243652344,0.3350803554058075,0.3278472423553467,SELL
2881,2025-02-10,2025-02-10T13:30:00+08:00,2025-02-11,93.6,2025-02-13,93.4,-0.002136752136752018,-0.007965945536157926,gru,validation,1,0.3812030553817749,0.3062947988510132,0.3125021159648895,SELL
2881,2025-02-11,2025-02-11T13:30:00+08:00,2025-02-12,93.3,2025-02-14,93.1,-0.002143622722400873,-0.007972775986074154,gru,validation,1,0.3403184711933136,0.3177447021007538,0.341936856508255,BUY
2881,2025-02-12,2025-02-12T13:30:00+08:00,2025-02-13,93.0,2025-02-17,94.0,0.010752688172043001,0.004848198843529827,gru,validation,1,0.35114118456840515,0.3127576410770416,0.33610111474990845,SELL
2881,2025-02-13,2025-02-13T13:30:00+08:00,2025-02-14,93.2,2025-02-18,94.3,0.011802575107296098,0.005891952679877521,gru,validation,1,0.35557854175567627,0.3263857960700989,0.3180356025695801,SELL
2881,2025-02-14,2025-02-14T13:30:00+08:00,2025-02-17,93.5,2025-02-19,92.4,-0.0117647058823529,-0.017537655899167337,gru,validation,0,0.35005688667297363,0.30547741055488586,0.3444657027721405,SELL
2881,2025-02-17,2025-02-17T13:30:00+08:00,2025-02-18,93.7,2025-02-20,92.0,-0.018143009605122717,-0.02387869964063216,gru,validation,0,0.3263157308101654,0.32651767134666443,0.34716659784317017,BUY
2881,2025-02-18,2025-02-18T13:30:00+08:00,2025-02-19,93.9,2025-02-21,92.6,-0.013844515441959637,-0.01960531588599157,gru,validation,0,0.38530483841896057,0.2969408929347992,0.3177542984485626,SELL
2881,2025-02-19,2025-02-19T13:30:00+08:00,2025-02-20,92.3,2025-02-24,91.6,-0.007583965330444253,-0.013381337877381827,gru,validation,0,0.33998245000839233,0.2909136116504669,0.3691038489341736,BUY
2881,2025-02-20,2025-02-20T13:30:00+08:00,2025-02-21,92.0,2025-02-25,91.7,-0.003260869565217317,-0.009083496235256061,gru,validation,1,0.31315818428993225,0.31548458337783813,0.3713572025299072,BUY
2881,2025-02-21,2025-02-21T13:30:00+08:00,2025-02-24,91.9,2025-02-26,92.8,0.009793253536452662,0.0038943689138515314,gru,validation,1,0.3730582594871521,0.31059321761131287,0.31634852290153503,SELL
2881,2025-02-24,2025-02-24T13:30:00+08:00,2025-02-25,91.3,2025-02-27,92.3,0.010952902519167473,0.005047243603385265,gru,validation,1,0.33815446496009827,0.3064194917678833,0.35542598366737366,BUY
2881,2025-02-25,2025-02-25T13:30:00+08:00,2025-02-26,91.3,2025-03-03,92.8,0.016429353778751432,0.010491703211204406,gru,validation,2,0.32286593317985535,0.3297562301158905,0.34737780690193176,BUY
2881,2025-02-26,2025-02-26T13:30:00+08:00,2025-02-27,92.6,2025-03-04,91.2,-0.015118790496760126,-0.020872147039281086,gru,validation,0,0.3477131128311157,0.3435395359992981,0.3087473511695862,SELL
2881,2025-02-27,2025-02-27T13:30:00+08:00,2025-03-03,92.0,2025-03-05,91.8,-0.0021739130434782483,-0.008002889360921639,gru,validation,1,0.37476152181625366,0.2781607508659363,0.34707769751548767,SELL
2881,2025-03-03,2025-03-03T13:30:00+08:00,2025-03-04,91.5,2025-03-06,92.5,0.010928961748633892,0.0050234426870672255,gru,validation,1,0.388872355222702,0.31105947494506836,0.300068199634552,SELL
2881,2025-03-04,2025-03-04T13:30:00+08:00,2025-03-05,91.2,2025-03-07,90.9,-0.003289473684210509,-0.00911193325826476,gru,validation,1,0.32435351610183716,0.31704387068748474,0.3586026430130005,BUY
2881,2025-03-05,2025-03-05T13:30:00+08:00,2025-03-06,91.5,2025-03-10,90.7,-0.008743169398907069,-0.014533770251708211,gru,validation,0,0.35067301988601685,0.32548609375953674,0.323840856552124,SELL
2881,2025-03-06,2025-03-06T13:30:00+08:00,2025-03-07,91.8,2025-03-11,89.7,-0.02287581699346397,-0.028583859503475417,gru,validation,0,0.3786969482898712,0.3024112284183502,0.31889185309410095,SELL
2881,2025-03-07,2025-03-07T13:30:00+08:00,2025-03-10,91.3,2025-03-12,89.5,-0.019715224534501585,-0.02544173020040097,gru,validation,0,0.3380700349807739,0.31049612164497375,0.35143378376960754,BUY
2881,2025-03-10,2025-03-10T13:30:00+08:00,2025-03-11,89.8,2025-03-13,89.0,-0.008908685968819552,-0.014698319927510917,gru,validation,0,0.33729836344718933,0.3185953199863434,0.3441062867641449,BUY
2881,2025-03-11,2025-03-11T13:30:00+08:00,2025-03-12,89.8,2025-03-14,88.2,-0.017817371937639104,-0.02355496424276926,gru,validation,0,0.32860177755355835,0.3331219255924225,0.33827632665634155,BUY
2881,2025-03-12,2025-03-12T13:30:00+08:00,2025-03-13,90.1,2025-03-17,90.0,-0.0011098779134294245,-0.00694506997894262,gru,validation,1,0.29615920782089233,0.29833564162254333,0.40550512075424194,BUY
2881,2025-03-13,2025-03-13T13:30:00+08:00,2025-03-14,89.0,2025-03-18,90.4,0.01573033707865168,0.009796769939914407,gru,validation,1,0.3228454291820526,0.31308409571647644,0.36407050490379333,BUY
2881,2025-03-14,2025-03-14T13:30:00+08:00,2025-03-17,88.8,2025-03-19,89.0,0.0022522522522523403,-0.0036025802870550683,gru,validation,1,0.3250153362751007,0.288553923368454,0.38643068075180054,BUY
2881,2025-03-17,2025-03-17T13:30:00+08:00,2025-03-18,90.4,2025-03-20,89.9,-0.00553097345132747,-0.011340338910857395,gru,validation,0,0.3589942753314972,0.3202144503593445,0.3207912743091583,SELL
2881,2025-03-18,2025-03-18T13:30:00+08:00,2025-03-19,90.2,2025-03-21,89.0,-0.013303769401330379,-0.019067728708320186,gru,validation,0,0.3875046670436859,0.29397454857826233,0.31852075457572937,SELL
2881,2025-03-19,2025-03-19T13:30:00+08:00,2025-03-20,89.7,2025-03-24,89.0,-0.0078037904124861335,-0.01359987881260305,gru,validation,0,0.30620133876800537,0.3164098262786865,0.3773888647556305,BUY
2881,2025-03-20,2025-03-20T13:30:00+08:00,2025-03-21,89.9,2025-03-25,89.7,-0.0022246941045606095,-0.008053373775517847,gru,validation,1,0.39249762892723083,0.30430763959884644,0.30319470167160034,SELL
2881,2025-03-21,2025-03-21T13:30:00+08:00,2025-03-24,89.2,2025-03-26,89.9,0.007847533632286963,0.0019600152741983123,gru,validation,1,0.3302305042743683,0.2935912311077118,0.3761782646179199,BUY
2881,2025-03-24,2025-03-24T13:30:00+08:00,2025-03-25,89.5,2025-03-27,89.9,0.004469273743016755,-0.0013985099166647919,gru,validation,1,0.3295131325721741,0.3130427598953247,0.35744404792785645,BUY
2881,2025-03-25,2025-03-25T13:30:00+08:00,2025-03-26,89.7,2025-03-28,88.2,-0.01672240802675584,-0.022466396755860485,gru,validation,0,0.3700656294822693,0.3108023703098297,0.3191319704055786,SELL
2881,2025-03-26,2025-03-26T13:30:00+08:00,2025-03-27,89.5,2025-03-31,85.3,-0.04692737430167604,-0.05249491541592344,gru,validation,0,0.3619850277900696,0.3062002956867218,0.33181464672088623,SELL
2881,2025-03-27,2025-03-27T13:30:00+08:00,2025-03-28,89.3,2025-04-01,87.4,-0.02127659574468077,-0.026993980386459837,gru,validation,0,0.38820910453796387,0.27930334210395813,0.3324875831604004,SELL
2881,2025-03-28,2025-03-28T13:30:00+08:00,2025-03-31,86.5,2025-04-02,87.6,0.012716763005780285,0.006800800189210143,gru,validation,1,0.3351046144962311,0.3068397641181946,0.35805562138557434,BUY
2881,2025-03-31,2025-03-31T13:30:00+08:00,2025-04-01,85.8,2025-04-07,78.9,-0.0804195804195803,-0.08579147093014816,gru,validation,0,0.26277196407318115,0.3377091586589813,0.39951884746551514,BUY
2881,2025-04-01,2025-04-01T13:30:00+08:00,2025-04-02,86.9,2025-04-08,77.9,-0.10356731875719216,-0.1088039876892345,gru,validation,0,0.36612746119499207,0.33446598052978516,0.2994065284729004,SELL
2881,2025-04-02,2025-04-02T13:30:00+08:00,2025-04-07,78.9,2025-04-09,72.1,-0.08618504435994945,-0.09152325490042346,gru,validation,0,0.381980299949646,0.30105894804000854,0.31696078181266785,SELL
2881,2025-04-08,2025-04-08T13:30:00+08:00,2025-04-09,79.0,2025-04-11,80.4,0.017721518987341867,0.01177632000980866,gru,validation,2,0.3346497416496277,0.3139481246471405,0.3514021337032318,BUY
2881,2025-04-09,2025-04-09T13:30:00+08:00,2025-04-10,79.3,2025-04-14,80.9,0.020176544766708826,0.014217004324952986,gru,validation,2,0.2906138300895691,0.37238457798957825,0.33700162172317505,HOLD
2881,2025-04-11,2025-04-11T13:30:00+08:00,2025-04-14,80.8,2025-04-16,80.1,-0.008663366336633671,-0.014454433373037534,gru,validation,0,0.3365947902202606,0.3580153286457062,0.3053898513317108,HOLD
2881,2025-04-14,2025-04-14T13:30:00+08:00,2025-04-15,81.3,2025-04-17,79.6,-0.02091020910209107,-0.026629734055784948,gru,validation,0,0.36920079588890076,0.31992170214653015,0.3108775317668915,SELL
2881,2025-04-15,2025-04-15T13:30:00+08:00,2025-04-16,81.5,2025-04-18,79.5,-0.024539877300613466,-0.03023819891011148,gru,validation,0,0.3276759386062622,0.33463019132614136,0.3376939594745636,BUY
2881,2025-04-16,2025-04-16T13:30:00+08:00,2025-04-17,80.1,2025-04-21,79.0,-0.013732833957552981,-0.019494286808588557,gru,validation,0,0.31415072083473206,0.3208072781562805,0.3650420308113098,BUY
2881,2025-04-17,2025-04-17T13:30:00+08:00,2025-04-18,80.0,2025-04-22,77.3,-0.03375000000000006,-0.039394519060339084,gru,validation,0,0.3364805281162262,0.3223719298839569,0.3411474823951721,BUY
2881,2025-04-18,2025-04-18T13:30:00+08:00,2025-04-21,79.5,2025-04-23,79.3,-0.002515723270440251,-0.00834270284341676,gru,validation,1,0.3181075155735016,0.3075689971446991,0.37432345747947693,BUY
2881,2025-04-21,2025-04-21T13:30:00+08:00,2025-04-22,77.6,2025-04-24,78.3,0.009020618556700999,0.0031262474170183907,gru,validation,1,0.3359333574771881,0.31890836358070374,0.34515827894210815,BUY
2881,2025-04-22,2025-04-22T13:30:00+08:00,2025-04-23,78.3,2025-04-25,79.4,0.014048531289910793,0.00812478871503397,gru,validation,1,0.3568178117275238,0.31284812092781067,0.3303340971469879,SELL
2881,2025-04-23,2025-04-23T13:30:00+08:00,2025-04-24,79.2,2025-04-28,79.2,0.0,-0.005841675612252462,gru,validation,1,0.43044984340667725,0.258859783411026,0.3106904625892639,SELL
2881,2025-04-24,2025-04-24T13:30:00+08:00,2025-04-25,79.3,2025-04-29,81.4,0.02648171500630525,0.020485341805329682,gru,validation,2,0.32145604491233826,0.2993256449699402,0.37921828031539917,BUY
2881,2025-04-25,2025-04-25T13:30:00+08:00,2025-04-28,79.9,2025-04-30,84.3,0.05506883604505619,0.048905466156284216,gru,validation,2,0.3429090976715088,0.316789448261261,0.34030142426490784,SELL
2881,2025-04-28,2025-04-28T13:30:00+08:00,2025-04-29,79.5,2025-05-02,85.0,0.0691823899371069,0.06293657324476154,gru,validation,2,0.33328014612197876,0.3098161816596985,0.35690370202064514,BUY
2881,2025-04-29,2025-04-29T13:30:00+08:00,2025-04-30,82.5,2025-05-05,80.0,-0.030303030303030276,-0.035967685442184316,gru,validation,0,0.3977205157279968,0.3358244001865387,0.2664550542831421,SELL
2881,2025-04-30,2025-04-30T13:30:00+08:00,2025-05-02,84.7,2025-05-06,79.0,-0.06729634002361273,-0.07274489224755565,gru,validation,0,0.3365691304206848,0.34375378489494324,0.3196770250797272,HOLD
2881,2025-05-02,2025-05-02T13:30:00+08:00,2025-05-05,80.0,2025-05-07,78.0,-0.025000000000000022,-0.03069563372194628,gru,validation,0,0.37375766038894653,0.31906256079673767,0.3071797788143158,SELL
2881,2025-05-05,2025-05-05T13:30:00+08:00,2025-05-06,78.3,2025-05-08,78.1,-0.0025542784163473664,-0.008381032762668217,gru,validation,1,0.3553660809993744,0.329484760761261,0.315149188041687,SELL
2881,2025-05-06,2025-05-06T13:30:00+08:00,2025-05-07,79.2,2025-05-09,77.4,-0.022727272727272707,-0.028436182984701297,gru,validation,0,0.3539492189884186,0.3363199532032013,0.30973076820373535,SELL
2881,2025-05-07,2025-05-07T13:30:00+08:00,2025-05-08,78.0,2025-05-12,78.1,0.0012820512820512775,-0.004567113657909183,gru,validation,1,0.3549939692020416,0.3095690608024597,0.33543702960014343,SELL
2881,2025-05-08,2025-05-08T13:30:00+08:00,2025-05-09,77.2,2025-05-13,79.0,0.023316062176165664,0.017338181692124977,gru,validation,2,0.34565672278404236,0.29330557584762573,0.36103764176368713,BUY
2881,2025-05-09,2025-05-09T13:30:00+08:00,2025-05-12,77.6,2025-05-14,80.0,0.030927835051546504,0.024905489059533492,gru,validation,2,0.36045315861701965,0.3514699935913086,0.28807687759399414,SELL
2881,2025-05-12,2025-05-12T13:30:00+08:00,2025-05-13,78.8,2025-05-15,80.5,0.021573604060913798,0.015605902451950149,gru,validation,2,0.35334181785583496,0.332536906003952,0.3141213059425354,SELL
2881,2025-05-13,2025-05-13T13:30:00+08:00,2025-05-14,79.6,2025-05-16,81.9,0.028894472361809198,0.022884004615031817,gru,validation,2,0.3375684320926666,0.31526482105255127,0.3471668064594269,BUY
2881,2025-05-14,2025-05-14T13:30:00+08:00,2025-05-15,80.4,2025-05-19,79.8,-0.007462686567164312,-0.013260767585295596,gru,validation,0,0.3733159303665161,0.32450270652770996,0.3021814525127411,SELL
2881,2025-05-15,2025-05-15T13:30:00+08:00,2025-05-16,80.2,2025-05-20,80.7,0.006234413965087171,0.00035631892881826666,gru,validation,1,0.37465065717697144,0.31655681133270264,0.30879250168800354,SELL
2881,2025-05-16,2025-05-16T13:30:00+08:00,2025-05-19,81.1,2025-05-21,81.5,0.004932182490752224,-0.0009383053316716072,gru,validation,1,0.3843929171562195,0.33453530073165894,0.28107184171676636,SELL
2881,2025-05-19,2025-05-19T13:30:00+08:00,2025-05-20,80.7,2025-05-22,81.9,0.014869888475836479,0.008941347798717691,gru,validation,1,0.3016309142112732,0.3019260764122009,0.3964429795742035,BUY
2881,2025-05-20,2025-05-20T13:30:00+08:00,2025-05-21,80.5,2025-05-23,81.5,0.012422360248447228,0.006508117237284727,gru,validation,1,0.34639108180999756,0.29821133613586426,0.35539764165878296,BUY
2881,2025-05-21,2025-05-21T13:30:00+08:00,2025-05-22,80.5,2025-05-26,80.9,0.00496894409937898,-0.0009017584724375638,gru,validation,1,0.3422839343547821,0.3323326110839844,0.32538342475891113,SELL
2881,2025-05-22,2025-05-22T13:30:00+08:00,2025-05-23,81.7,2025-05-27,80.3,-0.017135862913096767,-0.022877436372874982,gru,validation,0,0.3810163736343384,0.3144990801811218,0.30448460578918457,SELL
2881,2025-05-23,2025-05-23T13:30:00+08:00,2025-05-26,81.3,2025-05-28,79.5,-0.022140221402213944,-0.027852561023051337,gru,validation,0,0.33121457695961,0.3001295030117035,0.36865589022636414,BUY
2881,2025-05-26,2025-05-26T13:30:00+08:00,2025-05-27,80.7,2025-05-29,79.6,-0.01363073110285018,-0.019392780405642074,gru,validation,0,0.30060407519340515,0.3264320492744446,0.37296387553215027,BUY
2881,2025-05-27,2025-05-27T13:30:00+08:00,2025-05-28,80.7,2025-06-02,81.8,0.013630731102850069,0.007709429181136818,gru,validation,1,0.3267539143562317,0.33794498443603516,0.33530116081237793,HOLD
2881,2025-05-28,2025-05-28T13:30:00+08:00,2025-05-29,80.0,2025-06-03,83.6,0.04499999999999993,0.038895448985196035,gru,validation,2,0.3299371600151062,0.2872118651866913,0.3828510642051697,BUY
2881,2025-05-29,2025-05-29T13:30:00+08:00,2025-06-02,79.6,2025-06-04,87.1,0.0942211055276383,0.08782902078106547,gru,validation,2,0.3044482469558716,0.2879634499549866,0.40758833289146423,BUY
2881,2025-06-02,2025-06-02T13:30:00+08:00,2025-06-03,81.8,2025-06-05,87.1,0.06479217603911969,0.05857200555223474,gru,validation,2,0.3790605366230011,0.29817262291908264,0.32276684045791626,SELL
2881,2025-06-03,2025-06-03T13:30:00+08:00,2025-06-04,83.9,2025-06-06,87.8,0.04648390941597125,0.04037068988372128,gru,validation,2,0.34594208002090454,0.25180041790008545,0.40225750207901,BUY
2881,2025-06-04,2025-06-04T13:30:00+08:00,2025-06-05,86.4,2025-06-09,88.5,0.02430555555555558,0.01832189477217172,gru,validation,2,0.43874335289001465,0.35625314712524414,0.2050035297870636,SELL
2881,2025-06-05,2025-06-05T13:30:00+08:00,2025-06-06,87.0,2025-06-10,87.7,0.008045977011494232,0.0021572994115568456,gru,validation,1,0.3245362639427185,0.34857290983200073,0.3268907964229584,HOLD
2881,2025-06-06,2025-06-06T13:30:00+08:00,2025-06-09,87.8,2025-06-11,90.1,0.026195899772209597,0.020201196211116823,gru,validation,2,0.29816731810569763,0.33445194363594055,0.36738070845603943,BUY
2881,2025-06-09,2025-06-09T13:30:00+08:00,2025-06-10,88.2,2025-06-12,87.5,-0.00793650793650802,-0.01373182104390136,gru,validation,0,0.3813634216785431,0.30425405502319336,0.31438252329826355,SELL
2881,2025-06-10,2025-06-10T13:30:00+08:00,2025-06-11,87.1,2025-06-13,86.5,-0.006888633754305373,-0.012690068202753535,gru,validation,0,0.28744229674339294,0.35586464405059814,0.3566930592060089,BUY
2881,2025-06-11,2025-06-11T13:30:00+08:00,2025-06-12,87.8,2025-06-16,86.0,-0.02050113895216399,-0.026223053560976206,gru,validation,0,0.38773787021636963,0.21616050601005554,0.39610159397125244,BUY
2881,2025-06-12,2025-06-12T13:30:00+08:00,2025-06-13,86.5,2025-06-17,85.8,-0.008092485549133,-0.013886887485910604,gru,validation,0,0.4013577401638031,0.28676390647888184,0.31187835335731506,SELL
2881,2025-06-13,2025-06-13T13:30:00+08:00,2025-06-16,86.5,2025-06-18,87.4,0.010404624277456698,0.004502168225307912,gru,validation,1,0.33194056153297424,0.3382628858089447,0.3297966420650482,HOLD
2881,2025-06-16,2025-06-16T13:30:00+08:00,2025-06-17,86.3,2025-06-19,86.7,0.004634994206257348,-0.0012337575386128785,gru,validation,1,0.31558626890182495,0.4164668321609497,0.26794689893722534,HOLD
2881,2025-06-17,2025-06-17T13:30:00+08:00,2025-06-18,86.2,2025-06-20,84.9,-0.015081206496519672,-0.020834782592578094,gru,validation,0,0.3442179262638092,0.3353143632411957,0.3204677402973175,SELL
2881,2025-06-18,2025-06-18T13:30:00+08:00,2025-06-19,86.6,2025-06-23,84.7,-0.021939953810623414,-0.027653463329766592,gru,validation,0,0.33509916067123413,0.2755903899669647,0.38931044936180115,BUY
2881,2025-06-19,2025-06-19T13:30:00+08:00,2025-06-20,86.1,2025-06-24,86.1,0.0,-0.005841675612252573,gru,validation,1,0.3474506437778473,0.25787293910980225,0.39467644691467285,BUY
2881,2025-06-20,2025-06-20T13:30:00+08:00,2025-06-23,84.2,2025-06-25,85.7,0.017814726840855055,0.011868983373277464,gru,validation,2,0.3159606456756592,0.2948165237903595,0.38922277092933655,BUY
2881,2025-06-23,2025-06-23T13:30:00+08:00,2025-06-24,85.2,2025-06-26,86.1,0.010563380281690016,0.0046599968284630755,gru,validation,1,0.3989986479282379,0.27976560592651367,0.3212358057498932,SELL
2881,2025-06-24,2025-06-24T13:30:00+08:00,2025-06-25,86.5,2025-06-27,86.1,-0.0046242774566475076,-0.010438939540057257,gru,validation,0,0.3826574385166168,0.26701685786247253,0.35032567381858826,SELL
2881,2025-06-25,2025-06-25T13:30:00+08:00,2025-06-26,86.0,2025-06-30,87.3,0.015116279069767424,0.009186299058725034,gru,validation,1,0.31886106729507446,0.3140588104724884,0.36708012223243713,BUY
2882,2025-01-02,2025-01-02T13:30:00+08:00,2025-01-03,68.1,2025-01-07,69.1,0.014684287812041008,0.00875683135379357,gru,validation,1,0.34900644421577454,0.28702250123023987,0.36397111415863037,BUY
2882,2025-01-03,2025-01-03T13:30:00+08:00,2025-01-06,68.3,2025-01-08,68.8,0.007320644216691097,0.0014362037756519008,gru,validation,1,0.3329368531703949,0.30578333139419556,0.36127981543540955,BUY
2882,2025-01-06,2025-01-06T13:30:00+08:00,2025-01-07,69.1,2025-01-09,68.3,-0.011577424023154759,-0.01735146807983856,gru,validation,0,0.34451207518577576,0.2935786247253418,0.36190930008888245,BUY
2882,2025-01-07,2025-01-07T13:30:00+08:00,2025-01-08,68.8,2025-01-10,65.1,-0.053779069767441956,-0.05930658549938428,gru,validation,0,0.32295647263526917,0.2955304980278015,0.38151299953460693,BUY
2882,2025-01-08,2025-01-08T13:30:00+08:00,2025-01-09,68.6,2025-01-13,64.2,-0.06413994169096193,-0.06960693257006723,gru,validation,0,0.34875357151031494,0.30472812056541443,0.34651827812194824,SELL
2882,2025-01-09,2025-01-09T13:30:00+08:00,2025-01-10,67.5,2025-01-14,65.5,-0.029629629629629672,-0.03529821855707471,gru,validation,0,0.3227982521057129,0.31619614362716675,0.36100560426712036,BUY
2882,2025-01-10,2025-01-10T13:30:00+08:00,2025-01-13,65.0,2025-01-15,64.7,-0.004615384615384577,-0.010430098647888242,gru,validation,0,0.3129838705062866,0.31827840209007263,0.3687378168106079,BUY
2882,2025-01-13,2025-01-13T13:30:00+08:00,2025-01-14,64.5,2025-01-16,65.5,0.015503875968992276,0.00957163174259601,gru,validation,1,0.3228208124637604,0.32515621185302734,0.3520229756832123,BUY
2882,2025-01-14,2025-01-14T13:30:00+08:00,2025-01-15,65.5,2025-01-17,65.5,0.0,-0.005841675612252684,gru,validation,1,0.3965166509151459,0.33131641149520874,0.2721668779850006,SELL
2882,2025-01-15,2025-01-15T13:30:00+08:00,2025-01-16,65.6,2025-01-20,65.1,-0.007621951219512146,-0.013419101865207894,gru,validation,0,0.3320518732070923,0.32771360874176025,0.34023454785346985,BUY
2882,2025-01-16,2025-01-16T13:30:00+08:00,2025-01-17,65.8,2025-01-21,65.9,0.001519756838905817,-0.00433079669980907,gru,validation,1,0.36106154322624207,0.2937316596508026,0.3452068269252777,SELL
2882,2025-01-17,2025-01-17T13:30:00+08:00,2025-01-20,65.7,2025-01-22,66.8,0.016742770167427645,0.01080328872300651,gru,validation,2,0.3222925364971161,0.349842369556427,0.3278650641441345,HOLD
2882,2025-01-20,2025-01-20T13:30:00+08:00,2025-01-21,65.3,2025-02-03,66.0,0.010719754977029039,0.004815458033557984,gru,validation,1,0.31033095717430115,0.3311848044395447,0.35848426818847656,BUY
2882,2025-01-21,2025-01-21T13:30:00+08:00,2025-01-22,66.5,2025-02-04,65.2,-0.019548872180451093,-0.02527634962284009,gru,validation,0,0.3659376800060272,0.32587218284606934,0.30819016695022583,SELL
2882,2025-01-22,2025-01-22T13:30:00+08:00,2025-02-03,65.1,2025-02-05,66.5,0.021505376344086002,0.015538073299312005,gru,validation,2,0.32822084426879883,0.3261014521121979,0.3456777036190033,BUY
2882,2025-02-03,2025-02-03T13:30:00+08:00,2025-02-04,66.5,2025-02-06,66.9,0.00601503759398514,0.00013822408331298774,gru,validation,1,0.400313138961792,0.31513652205467224,0.28455036878585815,SELL
2882,2025-02-04,2025-02-04T13:30:00+08:00,2025-02-05,65.9,2025-02-07,66.9,0.015174506828528056,0.00924418666980742,gru,validation,1,0.3283816874027252,0.2955412268638611,0.3760770857334137,BUY
2882,2025-02-05,2025-02-05T13:30:00+08:00,2025-02-06,66.8,2025-02-10,67.4,0.008982035928143839,0.0030878901756614674,gru,validation,1,0.3904527425765991,0.28403663635253906,0.3255106210708618,SELL
2882,2025-02-06,2025-02-06T13:30:00+08:00,2025-02-07,66.6,2025-02-11,68.5,0.028528528528528607,0.022520198506917666,gru,validation,2,0.3841383457183838,0.31091004610061646,0.30495160818099976,SELL
2882,2025-02-07,2025-02-07T13:30:00+08:00,2025-02-10,66.7,2025-02-12,68.7,0.02998500749625177,0.02396816919697531,gru,validation,2,0.3370531499385834,0.32357046008110046,0.3393763303756714,BUY
2882,2025-02-10,2025-02-10T13:30:00+08:00,2025-02-11,68.1,2025-02-13,68.7,0.008810572687224738,0.002917428567375424,gru,validation,1,0.3875904679298401,0.3149016201496124,0.2975078523159027,SELL
2882,2025-02-11,2025-02-11T13:30:00+08:00,2025-02-12,68.6,2025-02-14,68.7,0.001457725947521915,-0.004392465226847553,gru,validation,1,0.3487452268600464,0.3213132917881012,0.3299415111541748,SELL
2882,2025-02-12,2025-02-12T13:30:00+08:00,2025-02-13,68.6,2025-02-17,69.0,0.005830903790087438,-4.483407063293754e-05,gru,validation,1,0.385888934135437,0.2947785556316376,0.319332480430603,SELL
2882,2025-02-13,2025-02-13T13:30:00+08:00,2025-02-14,68.7,2025-02-18,69.2,0.00727802037845704,0.0013938289320540864,gru,validation,1,0.38404151797294617,0.3073626160621643,0.30859583616256714,SELL
2882,2025-02-14,2025-02-14T13:30:00+08:00,2025-02-17,68.9,2025-02-19,68.7,-0.002902757619738794,-0.008727476263595824,gru,validation,1,0.36281904578208923,0.31138572096824646,0.3257952034473419,SELL
2882,2025-02-17,2025-02-17T13:30:00+08:00,2025-02-18,68.7,2025-02-20,68.8,0.0014556040756912303,-0.00439457470339133,gru,validation,1,0.33105599880218506,0.3157615661621094,0.3531823456287384,BUY
2882,2025-02-18,2025-02-18T13:30:00+08:00,2025-02-19,69.0,2025-02-21,68.9,-0.0014492753623187582,-0.00728248477803195,gru,validation,1,0.3901240825653076,0.2891180217266083,0.3207578957080841,SELL
2882,2025-02-19,2025-02-19T13:30:00+08:00,2025-02-20,68.7,2025-02-24,68.7,0.0,-0.005841675612252462,gru,validation,1,0.3558494448661804,0.3030531406402588,0.34109747409820557,SELL
2882,2025-02-20,2025-02-20T13:30:00+08:00,2025-02-21,68.6,2025-02-25,68.7,0.001457725947521915,-0.004392465226847553,gru,validation,1,0.36966949701309204,0.3189481794834137,0.31138238310813904,SELL
2882,2025-02-21,2025-02-21T13:30:00+08:00,2025-02-24,68.4,2025-02-26,69.2,0.011695906432748426,0.005785907129124412,gru,validation,1,0.36286985874176025,0.31957122683525085,0.3175589144229889,SELL
2882,2025-02-24,2025-02-24T13:30:00+08:00,2025-02-25,68.2,2025-02-27,68.4,0.0029325513196480912,-0.00292625530613011,gru,validation,1,0.38252052664756775,0.29126325249671936,0.3262162208557129,SELL
2882,2025-02-25,2025-02-25T13:30:00+08:00,2025-02-26,68.5,2025-03-03,68.8,0.004379562043795637,-0.0014876975492404965,gru,validation,1,0.38628607988357544,0.32417649030685425,0.2895374000072479,SELL
2882,2025-02-26,2025-02-26T13:30:00+08:00,2025-02-27,69.0,2025-03-04,67.7,-0.018840579710144856,-0.024572194767383926,gru,validation,0,0.3365737497806549,0.3277125954627991,0.335713654756546,SELL
2882,2025-02-27,2025-02-27T13:30:00+08:00,2025-03-03,68.7,2025-03-05,68.2,-0.00727802037845704,-0.013077180156559232,gru,validation,0,0.34105730056762695,0.26932501792907715,0.3896176517009735,BUY
2882,2025-03-03,2025-03-03T13:30:00+08:00,2025-03-04,67.8,2025-03-06,68.7,0.013274336283185972,0.007355116304399223,gru,validation,1,0.3903723359107971,0.29182693362236023,0.3178007900714874,SELL
2882,2025-03-04,2025-03-04T13:30:00+08:00,2025-03-05,67.9,2025-03-07,67.3,-0.008836524300441906,-0.014626579804191464,gru,validation,0,0.35179805755615234,0.3365887999534607,0.3116130828857422,SELL
2882,2025-03-05,2025-03-05T13:30:00+08:00,2025-03-06,68.0,2025-03-10,67.3,-0.010294117647058898,-0.016075658363303047,gru,validation,0,0.34553462266921997,0.3260065019130707,0.32845890522003174,SELL
2882,2025-03-06,2025-03-06T13:30:00+08:00,2025-03-07,68.3,2025-03-11,65.9,-0.03513909224011702,-0.04077549667419378,gru,validation,0,0.3763048052787781,0.28923144936561584,0.3344637155532837,SELL
2882,2025-03-07,2025-03-07T13:30:00+08:00,2025-03-10,67.2,2025-03-12,66.5,-0.01041666666666674,-0.016197491491291682,gru,validation,0,0.34568631649017334,0.3066437542438507,0.3476698696613312,BUY
2882,2025-03-10,2025-03-10T13:30:00+08:00,2025-03-11,66.0,2025-03-13,65.9,-0.0015151515151514694,-0.007347976103748932,gru,validation,1,0.32848384976387024,0.33358851075172424,0.3379276394844055,BUY
2882,2025-03-11,2025-03-11T13:30:00+08:00,2025-03-12,66.0,2025-03-14,66.0,0.0,-0.005841675612252573,gru,validation,1,0.34179890155792236,0.33346953988075256,0.3247315585613251,SELL
2882,2025-03-12,2025-03-12T13:30:00+08:00,2025-03-13,66.8,2025-03-17,66.0,-0.0119760479041916,-0.017747763329471145,gru,validation,0,0.3705226480960846,0.3044523596763611,0.3250250518321991,SELL
2882,2025-03-13,2025-03-13T13:30:00+08:00,2025-03-14,66.6,2025-03-18,66.5,-0.0015015015015014122,-0.007334405829050872,gru,validation,1,0.3163647949695587,0.30524492263793945,0.3783903121948242,BUY
2882,2025-03-14,2025-03-14T13:30:00+08:00,2025-03-17,65.8,2025-03-19,65.3,-0.0075987841945288626,-0.013396070174469643,gru,validation,0,0.3312372863292694,0.31477823853492737,0.353984534740448,BUY
2882,2025-03-17,2025-03-17T13:30:00+08:00,2025-03-18,66.3,2025-03-20,65.9,-0.006033182503770607,-0.011839614220926498,gru,validation,0,0.3448234796524048,0.3371123671531677,0.3180640935897827,SELL
2882,2025-03-18,2025-03-18T13:30:00+08:00,2025-03-19,66.3,2025-03-21,65.1,-0.018099547511312264,-0.023835491438275014,gru,validation,0,0.3823482096195221,0.3034004867076874,0.31425127387046814,SELL
2882,2025-03-19,2025-03-19T13:30:00+08:00,2025-03-20,65.8,2025-03-24,65.0,-0.012158054711246202,-0.017928706911799708,gru,validation,0,0.3071233034133911,0.3225904107093811,0.3702862858772278,BUY
2882,2025-03-20,2025-03-20T13:30:00+08:00,2025-03-21,65.6,2025-03-25,65.0,-0.009146341463414531,-0.01493458711579898,gru,validation,0,0.36378902196884155,0.3159416615962982,0.3202693462371826,SELL
2882,2025-03-21,2025-03-21T13:30:00+08:00,2025-03-24,65.3,2025-03-26,65.4,0.0015313935681471325,-0.004319227948565207,gru,validation,1,0.34329119324684143,0.2802223563194275,0.3764863908290863,BUY
2882,2025-03-24,2025-03-24T13:30:00+08:00,2025-03-25,65.4,2025-03-27,65.3,-0.00152905198776776,-0.007361795374313473,gru,validation,1,0.3125336170196533,0.32652586698532104,0.36094048619270325,BUY
2882,2025-03-25,2025-03-25T13:30:00+08:00,2025-03-26,65.5,2025-03-28,64.0,-0.022900763358778664,-0.028608660140216347,gru,validation,0,0.3145753741264343,0.3102932572364807,0.37513136863708496,BUY
2882,2025-03-26,2025-03-26T13:30:00+08:00,2025-03-27,65.1,2025-03-31,61.2,-0.05990783410138234,-0.06539954758018185,gru,validation,0,0.3292880058288574,0.31343090534210205,0.35728099942207336,BUY
2882,2025-03-27,2025-03-27T13:30:00+08:00,2025-03-28,65.0,2025-04-01,61.6,-0.05230769230769228,-0.05784380334945771,gru,validation,0,0.4065436124801636,0.29999083280563354,0.2934654653072357,SELL
2882,2025-03-28,2025-03-28T13:30:00+08:00,2025-03-31,62.8,2025-04-02,61.6,-0.019108280254776955,-0.024838331492273102,gru,validation,0,0.32902711629867554,0.31247007846832275,0.3585028052330017,BUY
2882,2025-03-31,2025-03-31T13:30:00+08:00,2025-04-01,61.5,2025-04-07,55.5,-0.09756097560975607,-0.10283273165008155,gru,validation,0,0.31465110182762146,0.3259444236755371,0.3594045341014862,BUY
2882,2025-04-01,2025-04-01T13:30:00+08:00,2025-04-02,61.6,2025-04-08,54.1,-0.12175324675324672,-0.1268836793932283,gru,validation,0,0.32061678171157837,0.32464131712913513,0.3547419011592865,BUY
2882,2025-04-02,2025-04-02T13:30:00+08:00,2025-04-07,55.5,2025-04-09,49.5,-0.10810810810810811,-0.11331825122173877,gru,validation,0,0.3102588653564453,0.35882285237312317,0.3309182822704315,HOLD
2882,2025-04-08,2025-04-08T13:30:00+08:00,2025-04-09,53.5,2025-04-11,54.2,0.013084112149532867,0.007166003398428433,gru,validation,1,0.3667586147785187,0.2666019797325134,0.3666393756866455,SELL
2882,2025-04-09,2025-04-09T13:30:00+08:00,2025-04-10,54.4,2025-04-14,54.5,0.0018382352941177516,-0.0040141786924221545,gru,validation,1,0.3133412301540375,0.3535553812980652,0.33310332894325256,HOLD
2882,2025-04-11,2025-04-11T13:30:00+08:00,2025-04-14,54.4,2025-04-16,54.8,0.007352941176470562,0.0014683120670690997,gru,validation,1,0.3704211711883545,0.3327227234840393,0.2968561351299286,SELL
2882,2025-04-14,2025-04-14T13:30:00+08:00,2025-04-15,54.8,2025-04-17,53.9,-0.01642335766423353,-0.022169093348547664,gru,validation,0,0.33706292510032654,0.3366023898124695,0.32633471488952637,SELL
2882,2025-04-15,2025-04-15T13:30:00+08:00,2025-04-16,55.1,2025-04-18,53.6,-0.02722323049001818,-0.03290587682063051,gru,validation,0,0.36505264043807983,0.3423333466053009,0.29261401295661926,SELL
2882,2025-04-16,2025-04-16T13:30:00+08:00,2025-04-17,54.5,2025-04-21,54.1,-0.007339449541284404,-0.013138250470144275,gru,validation,0,0.30252423882484436,0.3319014310836792,0.36557435989379883,BUY
2882,2025-04-17,2025-04-17T13:30:00+08:00,2025-04-18,53.6,2025-04-22,52.5,-0.020522388059701524,-0.026244178538120555,gru,validation,0,0.3634737730026245,0.3262189030647278,0.3103072941303253,SELL
2882,2025-04-18,2025-04-18T13:30:00+08:00,2025-04-21,53.8,2025-04-23,53.6,-0.0037174721189590088,-0.009537431464995083,gru,validation,1,0.3272339701652527,0.3255058825016022,0.34726014733314514,BUY
2882,2025-04-21,2025-04-21T13:30:00+08:00,2025-04-22,53.1,2025-04-24,53.5,0.007532956685499137,0.0016472759838885853,gru,validation,1,0.3545095920562744,0.2699214220046997,0.3755689859390259,BUY
2882,2025-04-22,2025-04-22T13:30:00+08:00,2025-04-23,53.6,2025-04-25,54.1,0.009328358208955168,0.003432189354050985,gru,validation,1,0.3516656756401062,0.2700326442718506,0.37830159068107605,BUY
2882,2025-04-23,2025-04-23T13:30:00+08:00,2025-04-24,53.7,2025-04-28,54.6,0.016759776536312776,0.0108201957462013,gru,validation,2,0.3921246826648712,0.25452056527137756,0.3533547520637512,SELL
2882,2025-04-24,2025-04-24T13:30:00+08:00,2025-04-25,54.0,2025-04-29,55.7,0.031481481481481444,0.025455901266620895,gru,validation,2,0.3288016617298126,0.25632521510124207,0.4148730933666229,BUY
2882,2025-04-25,2025-04-25T13:30:00+08:00,2025-04-28,54.8,2025-04-30,58.5,0.0675182481751826,0.061282152859182926,gru,validation,2,0.32927045226097107,0.32079601287841797,0.3499335050582886,BUY
2882,2025-04-28,2025-04-28T13:30:00+08:00,2025-04-29,54.6,2025-05-02,58.7,0.07509157509157505,0.06881123885642437,gru,validation,2,0.3551405966281891,0.2871198356151581,0.35773956775665283,BUY
2882,2025-04-29,2025-04-29T13:30:00+08:00,2025-04-30,58.4,2025-05-05,54.7,-0.06335616438356162,-0.06882773383544871,gru,validation,0,0.40192338824272156,0.3098747432231903,0.28820186853408813,SELL
2882,2025-04-30,2025-04-30T13:30:00+08:00,2025-05-02,58.5,2025-05-06,55.9,-0.04444444444444451,-0.05002649002948578,gru,validation,0,0.35919463634490967,0.31485652923583984,0.3259488642215729,SELL
2882,2025-05-02,2025-05-02T13:30:00+08:00,2025-05-05,55.1,2025-05-07,56.2,0.019963702359346636,0.014005405273891158,gru,validation,2,0.3715367019176483,0.3235880136489868,0.30487528443336487,SELL
2882,2025-05-05,2025-05-05T13:30:00+08:00,2025-05-06,53.9,2025-05-08,55.2,0.024118738404452778,0.018136168946264464,gru,validation,2,0.39338093996047974,0.32419732213020325,0.28242170810699463,SELL
2882,2025-05-06,2025-05-06T13:30:00+08:00,2025-05-07,55.7,2025-05-09,55.2,-0.008976660682226245,-0.014765897554691931,gru,validation,0,0.38600313663482666,0.31177788972854614,0.3022189736366272,SELL
2882,2025-05-07,2025-05-07T13:30:00+08:00,2025-05-08,55.1,2025-05-12,56.1,0.01814882032667886,0.012201125193332496,gru,validation,2,0.3954424262046814,0.27078869938850403,0.3337688446044922,SELL
2882,2025-05-08,2025-05-08T13:30:00+08:00,2025-05-09,54.6,2025-05-13,57.9,0.06043956043956045,0.054244816521072714,gru,validation,2,0.30852076411247253,0.3421672582626343,0.3493119180202484,BUY
2882,2025-05-09,2025-05-09T13:30:00+08:00,2025-05-12,55.0,2025-05-14,58.8,0.06909090909090909,0.06284562679999173,gru,validation,2,0.3600497543811798,0.346549928188324,0.2934003174304962,SELL
2882,2025-05-12,2025-05-12T13:30:00+08:00,2025-05-13,57.3,2025-05-15,59.6,0.04013961605584648,0.03406345782739528,gru,validation,2,0.3952144980430603,0.31839635968208313,0.2863890826702118,SELL
2882,2025-05-13,2025-05-13T13:30:00+08:00,2025-05-14,58.6,2025-05-16,63.0,0.07508532423208192,0.06880502451242454,gru,validation,2,0.371654748916626,0.3226020634174347,0.30574318766593933,SELL
2882,2025-05-14,2025-05-14T13:30:00+08:00,2025-05-15,59.3,2025-05-19,60.5,0.02023608768971341,0.014276199417516455,gru,validation,2,0.34452563524246216,0.3150253891944885,0.3404489755630493,SELL
2882,2025-05-15,2025-05-15T13:30:00+08:00,2025-05-16,59.9,2025-05-20,61.5,0.026711185308848195,0.02071347161680248,gru,validation,2,0.34999987483024597,0.34306585788726807,0.3069342374801636,SELL
2882,2025-05-16,2025-05-16T13:30:00+08:00,2025-05-19,61.5,2025-05-21,63.5,0.03252032520325199,0.026488676400357125,gru,validation,2,0.40366703271865845,0.33005231618881226,0.2662805914878845,SELL
2882,2025-05-19,2025-05-19T13:30:00+08:00,2025-05-20,60.8,2025-05-22,65.6,0.07894736842105265,0.07264450789204324,gru,validation,2,0.32702356576919556,0.28773340582847595,0.3852429986000061,BUY
2882,2025-05-20,2025-05-20T13:30:00+08:00,2025-05-21,61.7,2025-05-23,65.7,0.06482982171799034,0.05860943131726115,gru,validation,2,0.3363693952560425,0.3266981542110443,0.3369324505329132,BUY
2882,2025-05-21,2025-05-21T13:30:00+08:00,2025-05-22,62.2,2025-05-26,63.0,0.012861736334405016,0.006944926630676473,gru,validation,1,0.3248492479324341,0.360076367855072,0.3150743246078491,HOLD
2882,2025-05-22,2025-05-22T13:30:00+08:00,2025-05-23,65.0,2025-05-27,62.2,-0.04307692307692301,-0.04866695727818626,gru,validation,0,0.34577661752700806,0.36684662103652954,0.2873767912387848,HOLD
2882,2025-05-23,2025-05-23T13:30:00+08:00,2025-05-26,65.4,2025-05-28,61.2,-0.06422018348623859,-0.06968670561880508,gru,validation,0,0.34962573647499084,0.36366644501686096,0.28670787811279297,HOLD
2882,2025-05-26,2025-05-26T13:30:00+08:00,2025-05-27,62.6,2025-05-29,59.8,-0.04472843450479236,-0.05030882111202406,gru,validation,0,0.32948607206344604,0.3628465235233307,0.30766743421554565,HOLD
2882,2025-05-27,2025-05-27T13:30:00+08:00,2025-05-28,62.6,2025-06-02,60.4,-0.03514376996805113,-0.0407801470763588,gru,validation,0,0.25822892785072327,0.3344874083995819,0.40728360414505005,BUY
2882,2025-05-28,2025-05-28T13:30:00+08:00,2025-05-29,61.6,2025-06-03,63.9,0.037337662337662225,0.031277872213913316,gru,validation,2,0.3900928199291229,0.270488977432251,0.3394182026386261,SELL
2882,2025-05-29,2025-05-29T13:30:00+08:00,2025-06-02,59.7,2025-06-04,64.7,0.08375209380234505,0.07742116562625223,gru,validation,2,0.3682074248790741,0.24836163222789764,0.3834308683872223,BUY
2882,2025-06-02,2025-06-02T13:30:00+08:00,2025-06-03,60.1,2025-06-05,66.1,0.09983361064891838,0.09340873946805495,gru,validation,2,0.37228795886039734,0.33993205428123474,0.2877800166606903,SELL
2882,2025-06-03,2025-06-03T13:30:00+08:00,2025-06-04,63.0,2025-06-06,66.3,0.05238095238095242,0.04623328423662931,gru,validation,2,0.331426739692688,0.23435696959495544,0.43421632051467896,BUY
2882,2025-06-04,2025-06-04T13:30:00+08:00,2025-06-05,64.3,2025-06-09,67.7,0.05287713841368591,0.046726571711516396,gru,validation,2,0.3794091045856476,0.34253567457199097,0.27805519104003906,SELL
2882,2025-06-05,2025-06-05T13:30:00+08:00,2025-06-06,64.9,2025-06-10,66.0,0.016949152542372836,0.011008465479064977,gru,validation,2,0.35208940505981445,0.36194226145744324,0.28596827387809753,HOLD
2882,2025-06-06,2025-06-06T13:30:00+08:00,2025-06-09,66.5,2025-06-11,68.4,0.028571428571428692,0.022562847941683062,gru,validation,2,0.26467186212539673,0.33554694056510925,0.3997812271118164,BUY
2882,2025-06-09,2025-06-09T13:30:00+08:00,2025-06-10,67.7,2025-06-12,68.5,0.011816838995568624,0.00590613324314182,gru,validation,1,0.3412468433380127,0.2744845747947693,0.38426855206489563,BUY
2882,2025-06-10,2025-06-10T13:30:00+08:00,2025-06-11,66.4,2025-06-13,69.0,0.03915662650602392,0.03308621058365313,gru,validation,2,0.2573448717594147,0.326779305934906,0.4158758223056793,BUY
2882,2025-06-11,2025-06-11T13:30:00+08:00,2025-06-12,67.1,2025-06-16,67.3,0.0029806259314455463,-0.002878461530619991,gru,validation,1,0.3825986385345459,0.20227700471878052,0.4151243269443512,BUY
2882,2025-06-12,2025-06-12T13:30:00+08:00,2025-06-13,67.5,2025-06-17,65.7,-0.026666666666666616,-0.032352564262592476,gru,validation,0,0.41802117228507996,0.2657729387283325,0.31620585918426514,SELL
2882,2025-06-13,2025-06-13T13:30:00+08:00,2025-06-16,68.7,2025-06-18,67.3,-0.02037845705967989,-0.02610108833631164,gru,validation,0,0.34279653429985046,0.3742097020149231,0.28299376368522644,HOLD
2882,2025-06-16,2025-06-16T13:30:00+08:00,2025-06-17,67.3,2025-06-19,66.2,-0.01634472511144125,-0.022090920141621173,gru,validation,0,0.2995820641517639,0.4471134841442108,0.25330448150634766,HOLD
2882,2025-06-17,2025-06-17T13:30:00+08:00,2025-06-18,66.3,2025-06-20,65.6,-0.010558069381598867,-0.01633806817743233,gru,validation,0,0.3329215943813324,0.3269743025302887,0.3401040732860565,BUY
2882,2025-06-18,2025-06-18T13:30:00+08:00,2025-06-19,66.5,2025-06-23,65.9,-0.009022556390977376,-0.01481152515560058,gru,validation,0,0.2943894863128662,0.2679153382778168,0.4376952052116394,BUY
2882,2025-06-19,2025-06-19T13:30:00+08:00,2025-06-20,66.2,2025-06-24,66.5,0.004531722054380571,-0.001336426408078517,gru,validation,1,0.38329842686653137,0.28219419717788696,0.3345073461532593,SELL
2882,2025-06-20,2025-06-20T13:30:00+08:00,2025-06-23,65.0,2025-06-25,66.5,0.023076923076922995,0.017100439565926218,gru,validation,2,0.3433658182621002,0.3084588348865509,0.3481753468513489,BUY
2882,2025-06-23,2025-06-23T13:30:00+08:00,2025-06-24,66.2,2025-06-26,66.7,0.007552870090634434,0.0016670730613710383,gru,validation,1,0.40509313344955444,0.24868634343147278,0.3462205231189728,SELL
2882,2025-06-24,2025-06-24T13:30:00+08:00,2025-06-25,66.9,2025-06-27,67.9,0.014947683109117982,0.009018687980987261,gru,validation,1,0.3747134506702423,0.323983758687973,0.3013027608394623,SELL
2882,2025-06-25,2025-06-25T13:30:00+08:00,2025-06-26,66.4,2025-06-30,62.8,-0.05421686746987964,-0.05974182572966069,gru,validation,0,0.354766845703125,0.3395068049430847,0.30572640895843506,SELL
2002,2026-01-02,2026-01-02T13:30:00+08:00,2026-01-05,18.8,2026-01-07,19.45,0.034574468085106336,0.02853081964583426,gru,test,2,0.36301690340042114,0.29990631341934204,0.33707675337791443,SELL
2002,2026-01-05,2026-01-05T13:30:00+08:00,2026-01-06,18.7,2026-01-08,19.15,0.024064171122994527,0.01808192042916379,gru,test,2,0.3535958230495453,0.297634482383728,0.34876975417137146,SELL
2002,2026-01-06,2026-01-06T13:30:00+08:00,2026-01-07,18.65,2026-01-09,19.0,0.018766756032171594,0.012815451118884935,gru,test,2,0.34851163625717163,0.31144991517066956,0.3400384187698364,SELL
2002,2026-01-07,2026-01-07T13:30:00+08:00,2026-01-08,19.7,2026-01-12,19.55,-0.0076142131979695105,-0.013411409046676925,gru,test,0,0.38665497303009033,0.3324829041957855,0.28086212277412415,SELL
2002,2026-01-08,2026-01-08T13:30:00+08:00,2026-01-09,19.15,2026-01-13,19.45,0.015665796344647598,0.009732606231941832,gru,test,1,0.34258729219436646,0.2916065752506256,0.36580613255500793,BUY
2002,2026-01-09,2026-01-09T13:30:00+08:00,2026-01-12,19.0,2026-01-14,19.4,0.021052631578947212,0.015087973322226222,gru,test,2,0.3582707643508911,0.31241610646247864,0.32931312918663025,SELL
2002,2026-01-12,2026-01-12T13:30:00+08:00,2026-01-13,19.75,2026-01-15,19.45,-0.0151898734177216,-0.020942814716876756,gru,test,0,0.3405129909515381,0.335226833820343,0.3242602050304413,SELL
2002,2026-01-13,2026-01-13T13:30:00+08:00,2026-01-14,19.5,2026-01-16,19.25,-0.012820512820512775,-0.018587295155685246,gru,test,0,0.3242309093475342,0.29971176385879517,0.37605729699134827,BUY
2002,2026-01-14,2026-01-14T13:30:00+08:00,2026-01-15,19.5,2026-01-19,19.65,0.007692307692307665,0.0018056961138070982,gru,test,1,0.3421057164669037,0.31579795479774475,0.34209632873535156,SELL
2002,2026-01-15,2026-01-15T13:30:00+08:00,2026-01-16,19.55,2026-01-20,19.15,-0.020460358056266115,-0.02618251089384338,gru,test,0,0.34949713945388794,0.3052012622356415,0.34530162811279297,SELL
2002,2026-01-16,2026-01-16T13:30:00+08:00,2026-01-19,19.25,2026-01-21,18.95,-0.01558441558441559,-0.021335052096217444,gru,test,0,0.35984495282173157,0.3102181851863861,0.3299368619918823,SELL
2002,2026-01-19,2026-01-19T13:30:00+08:00,2026-01-20,19.65,2026-01-22,19.0,-0.03307888040712459,-0.03872731993042211,gru,test,0,0.4137304425239563,0.3325408101081848,0.2537287473678589,SELL
2002,2026-01-20,2026-01-20T13:30:00+08:00,2026-01-21,19.1,2026-01-23,19.15,0.002617801047120283,-0.0032391669096668574,gru,test,1,0.33665695786476135,0.2951726019382477,0.3681704103946686,BUY
2002,2026-01-21,2026-01-21T13:30:00+08:00,2026-01-22,19.15,2026-01-26,19.65,0.02610966057441244,0.02011546079473825,gru,test,2,0.34618207812309265,0.3217619061470032,0.3320560157299042,SELL
2002,2026-01-22,2026-01-22T13:30:00+08:00,2026-01-23,19.1,2026-01-27,19.35,0.01308900523560208,0.0071708679006761145,gru,test,1,0.3404608368873596,0.3054247200489044,0.3541144132614136,BUY
2002,2026-01-23,2026-01-23T13:30:00+08:00,2026-01-26,19.2,2026-01-28,19.6,0.02083333333333348,0.014869956145825647,gru,test,2,0.3627822697162628,0.30106601119041443,0.33615168929100037,SELL
2002,2026-01-26,2026-01-26T13:30:00+08:00,2026-01-27,19.75,2026-01-29,20.7,0.048101265822784844,0.041978598219056806,gru,test,2,0.34723150730133057,0.3455675542354584,0.30720099806785583,SELL
2002,2026-01-27,2026-01-27T13:30:00+08:00,2026-01-28,19.35,2026-01-30,20.75,0.07235142118863047,0.06608709204370822,gru,test,2,0.32031458616256714,0.30619868636131287,0.37348672747612,BUY
2002,2026-01-28,2026-01-28T13:30:00+08:00,2026-01-29,19.85,2026-02-02,21.1,0.06297229219143574,0.05676275287564092,gru,test,2,0.3660527169704437,0.30757904052734375,0.3263682723045349,SELL
2002,2026-01-29,2026-01-29T13:30:00+08:00,2026-01-30,20.8,2026-02-03,20.65,-0.007211538461538547,-0.013011086605433486,gru,test,0,0.34944096207618713,0.3361828625202179,0.3143761157989502,SELL
2002,2026-01-30,2026-01-30T13:30:00+08:00,2026-02-02,21.05,2026-02-04,20.95,-0.004750593824228044,-0.010564518008393975,gru,test,0,0.3932740092277527,0.275943398475647,0.33078256249427795,SELL
2002,2026-02-02,2026-02-02T13:30:00+08:00,2026-02-03,21.4,2026-02-05,20.95,-0.02102803738317749,-0.02674687402227538,gru,test,0,0.34815990924835205,0.300022691488266,0.35181736946105957,BUY
2002,2026-02-03,2026-02-03T13:30:00+08:00,2026-02-04,20.65,2026-02-06,20.4,-0.01210653753026636,-0.01787749067747957,gru,test,0,0.37418460845947266,0.31009888648986816,0.31571653485298157,SELL
2002,2026-02-04,2026-02-04T13:30:00+08:00,2026-02-05,21.15,2026-02-09,20.35,-0.03782505910165468,-0.04344577298862107,gru,test,0,0.3875220715999603,0.3082652688026428,0.30421262979507446,SELL
2002,2026-02-05,2026-02-05T13:30:00+08:00,2026-02-06,20.8,2026-02-10,20.5,-0.014423076923076983,-0.02018049759861429,gru,test,0,0.37287768721580505,0.3159925937652588,0.31112968921661377,SELL
2002,2026-02-06,2026-02-06T13:30:00+08:00,2026-02-09,20.6,2026-02-11,20.9,0.014563106796116276,0.00863635823805442,gru,test,1,0.3599849343299866,0.30522921681404114,0.3347858488559723,SELL
2002,2026-02-09,2026-02-09T13:30:00+08:00,2026-02-10,20.45,2026-02-23,20.45,0.0,-0.005841675612252462,gru,test,1,0.3676176965236664,0.3175981342792511,0.31478410959243774,SELL
2002,2026-02-10,2026-02-10T13:30:00+08:00,2026-02-11,20.6,2026-02-24,20.7,0.004854368932038833,-0.0010156643288168343,gru,test,1,0.37144288420677185,0.3159641921520233,0.3125929832458496,SELL
2002,2026-02-11,2026-02-11T13:30:00+08:00,2026-02-23,20.75,2026-02-25,21.25,0.024096385542168752,0.018113946662150937,gru,test,2,0.35541605949401855,0.3274436593055725,0.31714025139808655,SELL
2002,2026-02-23,2026-02-23T13:30:00+08:00,2026-02-24,20.6,2026-02-26,20.75,0.007281553398058138,0.0013973413129009238,gru,test,1,0.33166834712028503,0.339420348405838,0.32891130447387695,HOLD
2002,2026-02-24,2026-02-24T13:30:00+08:00,2026-02-25,20.7,2026-03-02,20.25,-0.021739130434782594,-0.02745381309894268,gru,test,0,0.3895133137702942,0.3054576814174652,0.3050290048122406,SELL
2002,2026-02-25,2026-02-25T13:30:00+08:00,2026-02-26,21.25,2026-03-03,20.05,-0.05647058823529405,-0.061982380989442976,gru,test,0,0.3542298674583435,0.3148673176765442,0.3309028446674347,SELL
2002,2026-02-26,2026-02-26T13:30:00+08:00,2026-03-02,20.4,2026-03-04,19.2,-0.05882352941176472,-0.06432157704682584,gru,test,0,0.36566784977912903,0.3040587306022644,0.33027341961860657,SELL
2002,2026-03-02,2026-03-02T13:30:00+08:00,2026-03-03,20.1,2026-03-05,19.3,-0.03980099502487566,-0.04541016613514803,gru,test,0,0.36277973651885986,0.3349175751209259,0.30230262875556946,SELL
2002,2026-03-03,2026-03-03T13:30:00+08:00,2026-03-04,19.8,2026-03-06,19.9,0.005050505050504972,-0.0008206739739307078,gru,test,1,0.3633906841278076,0.3173314034938812,0.31927791237831116,SELL
2002,2026-03-04,2026-03-04T13:30:00+08:00,2026-03-05,19.6,2026-03-09,19.15,-0.022959183673469497,-0.028666739182379608,gru,test,0,0.3351758122444153,0.30213144421577454,0.3626927137374878,BUY
2002,2026-03-05,2026-03-05T13:30:00+08:00,2026-03-06,19.1,2026-03-10,19.2,0.005235602094240788,-0.0006366582070810312,gru,test,1,0.3523867130279541,0.3250906765460968,0.3225225806236267,SELL
2002,2026-03-06,2026-03-06T13:30:00+08:00,2026-03-09,19.15,2026-03-11,19.5,0.018276762402088753,0.012328319872640936,gru,test,2,0.3604123294353485,0.3474701941013336,0.2921174466609955,SELL
2002,2026-03-09,2026-03-09T13:30:00+08:00,2026-03-10,19.4,2026-03-12,19.35,-0.002577319587628746,-0.008403939334901245,gru,test,1,0.3662518560886383,0.3283391296863556,0.3054090440273285,SELL
2002,2026-03-10,2026-03-10T13:30:00+08:00,2026-03-11,19.25,2026-03-13,19.1,-0.007792207792207684,-0.013588363854234897,gru,test,0,0.3514595627784729,0.31556236743927,0.3329780399799347,SELL
2002,2026-03-11,2026-03-11T13:30:00+08:00,2026-03-12,19.3,2026-03-16,19.15,-0.00777202072538874,-0.013568294713711793,gru,test,0,0.3624759912490845,0.3266768455505371,0.31084713339805603,SELL
2002,2026-03-12,2026-03-12T13:30:00+08:00,2026-03-13,19.3,2026-03-17,19.25,-0.002590673575129543,-0.00841721531273909,gru,test,1,0.3352479338645935,0.32010141015052795,0.3446506857872009,BUY
2002,2026-03-13,2026-03-13T13:30:00+08:00,2026-03-16,19.2,2026-03-18,19.3,0.005208333333333481,-0.0006637676727330177,gru,test,1,0.34444954991340637,0.3326341211795807,0.32291629910469055,SELL
2002,2026-03-16,2026-03-16T13:30:00+08:00,2026-03-17,19.25,2026-03-19,18.8,-0.023376623376623384,-0.02908174033819988,gru,test,0,0.3288871943950653,0.3290903866291046,0.3420224189758301,BUY
2002,2026-03-17,2026-03-17T13:30:00+08:00,2026-03-18,19.4,2026-03-20,19.45,0.002577319587628857,-0.0032794118896037894,gru,test,1,0.3350996673107147,0.32463836669921875,0.3402619957923889,BUY
2002,2026-03-18,2026-03-18T13:30:00+08:00,2026-03-19,19.0,2026-03-23,19.05,0.0026315789473685403,-0.0032254694954426677,gru,test,1,0.34492647647857666,0.30421286821365356,0.35086068511009216,BUY
2002,2026-03-19,2026-03-19T13:30:00+08:00,2026-03-20,19.1,2026-03-24,19.2,0.005235602094240788,-0.0006366582070810312,gru,test,1,0.3205842971801758,0.3119462728500366,0.3674694895744324,BUY
2002,2026-03-20,2026-03-20T13:30:00+08:00,2026-03-23,19.8,2026-03-25,19.3,-0.025252525252525304,-0.03094668380386234,gru,test,0,0.40289947390556335,0.28043830394744873,0.31666216254234314,SELL
2002,2026-03-23,2026-03-23T13:30:00+08:00,2026-03-24,19.35,2026-03-26,19.75,0.02067183462532296,0.014709400860879018,gru,test,2,0.3335566222667694,0.33905932307243347,0.3273840546607971,HOLD
2002,2026-03-24,2026-03-24T13:30:00+08:00,2026-03-25,19.5,2026-03-27,19.6,0.00512820512820511,-0.0007434277948793477,gru,test,1,0.3742004930973053,0.3295939564704895,0.2962055206298828,SELL
2002,2026-03-25,2026-03-25T13:30:00+08:00,2026-03-26,19.45,2026-03-30,19.15,-0.015424164524421635,-0.021175737170932574,gru,test,0,0.3405396342277527,0.32284730672836304,0.3366130292415619,SELL
2002,2026-03-26,2026-03-26T13:30:00+08:00,2026-03-27,19.75,2026-03-31,18.9,-0.04303797468354442,-0.04862823640868741,gru,test,0,0.35856086015701294,0.36266419291496277,0.2787749171257019,HOLD
2002,2026-03-27,2026-03-27T13:30:00+08:00,2026-03-30,19.25,2026-04-01,19.5,0.01298701298701288,0.0070694714577181905,gru,test,1,0.3106391727924347,0.322431355714798,0.36692947149276733,BUY
2002,2026-03-30,2026-03-30T13:30:00+08:00,2026-03-31,19.0,2026-04-02,19.5,0.026315789473684292,0.020320385555846032,gru,test,2,0.3570634424686432,0.3130364716053009,0.3299000859260559,SELL
2002,2026-03-31,2026-03-31T13:30:00+08:00,2026-04-01,19.25,2026-04-07,19.5,0.01298701298701288,0.0070694714577181905,gru,test,1,0.3387070894241333,0.319775253534317,0.34151771664619446,BUY
2002,2026-04-01,2026-04-01T13:30:00+08:00,2026-04-02,19.6,2026-04-08,19.95,0.017857142857142794,0.01191115160895695,gru,test,2,0.38193395733833313,0.3315640389919281,0.2865019738674164,SELL
2002,2026-04-02,2026-04-02T13:30:00+08:00,2026-04-07,19.5,2026-04-09,20.2,0.03589743589743577,0.029846059109359002,gru,test,2,0.342335969209671,0.3006015717983246,0.3570624589920044,BUY
2002,2026-04-07,2026-04-07T13:30:00+08:00,2026-04-08,19.8,2026-04-10,20.05,0.012626262626262541,0.006710828483552422,gru,test,1,0.36868295073509216,0.3047003149986267,0.3266167640686035,SELL
2002,2026-04-08,2026-04-08T13:30:00+08:00,2026-04-09,20.0,2026-04-13,20.2,0.010000000000000009,0.004099907631624822,gru,test,1,0.38832616806030273,0.30059507489204407,0.3110787570476532,SELL
2002,2026-04-09,2026-04-09T13:30:00+08:00,2026-04-10,20.3,2026-04-14,20.5,0.009852216748768461,0.003952987682207976,gru,test,1,0.3421599864959717,0.32984936237335205,0.32799065113067627,SELL
2002,2026-04-10,2026-04-10T13:30:00+08:00,2026-04-13,20.05,2026-04-15,20.1,0.0024937655860348684,-0.0033624777958242147,gru,test,1,0.332428514957428,0.3092157542705536,0.35835573077201843,BUY
2002,2026-04-13,2026-04-13T13:30:00+08:00,2026-04-14,20.2,2026-04-16,19.95,-0.012376237623762387,-0.018145615270516724,gru,test,0,0.38193705677986145,0.29813772439956665,0.3199252486228943,SELL
2002,2026-04-14,2026-04-14T13:30:00+08:00,2026-04-15,20.5,2026-04-17,20.1,-0.019512195121951126,-0.02523988681981837,gru,test,0,0.3741670250892639,0.3223356604576111,0.303497314453125,SELL
2002,2026-04-15,2026-04-15T13:30:00+08:00,2026-04-16,20.25,2026-04-20,19.85,-0.01975308641975304,-0.02547937090880048,gru,test,0,0.3417821526527405,0.3033825755119324,0.35483527183532715,BUY
2002,2026-04-16,2026-04-16T13:30:00+08:00,2026-04-17,20.05,2026-04-21,19.75,-0.014962593516209544,-0.020716862510822276,gru,test,0,0.3915215730667114,0.2906821668148041,0.3177963197231293,SELL
2002,2026-04-17,2026-04-17T13:30:00+08:00,2026-04-20,20.15,2026-04-22,19.55,-0.02977667493796521,-0.03544440487441869,gru,test,0,0.37602537870407104,0.2823152542114258,0.34165939688682556,SELL
2002,2026-04-20,2026-04-20T13:30:00+08:00,2026-04-21,19.9,2026-04-23,19.15,-0.03768844221105527,-0.04330995416957961,gru,test,0,0.32474958896636963,0.3121238350868225,0.36312657594680786,BUY
2002,2026-04-21,2026-04-21T13:30:00+08:00,2026-04-22,19.75,2026-04-24,19.0,-0.03797468354430378,-0.04359452337381253,gru,test,0,0.33156824111938477,0.32830655574798584,0.340125173330307,BUY
2002,2026-04-22,2026-04-22T13:30:00+08:00,2026-04-23,19.4,2026-04-27,18.75,-0.03350515463917514,-0.0391511040066872,gru,test,0,0.35376542806625366,0.31107500195503235,0.3351595997810364,SELL
2002,2026-04-23,2026-04-23T13:30:00+08:00,2026-04-24,19.15,2026-04-28,18.75,-0.02088772845952991,-0.026607384737845075,gru,test,0,0.3507823348045349,0.30033400654792786,0.34888365864753723,SELL
2002,2026-04-24,2026-04-24T13:30:00+08:00,2026-04-27,18.8,2026-04-29,19.0,0.010638297872340496,0.004734476774851171,gru,test,1,0.3492482006549835,0.3324580490589142,0.3182937502861023,SELL
2002,2026-04-27,2026-04-27T13:30:00+08:00,2026-04-28,18.75,2026-04-30,18.75,0.0,-0.005841675612252573,gru,test,1,0.3644316792488098,0.33567121624946594,0.29989713430404663,SELL
2002,2026-04-28,2026-04-28T13:30:00+08:00,2026-04-29,18.75,2026-05-04,18.6,-0.007999999999999896,-0.013794942207354555,gru,test,0,0.3394545316696167,0.34117060899734497,0.31937482953071594,HOLD
2002,2026-04-29,2026-04-29T13:30:00+08:00,2026-04-30,18.9,2026-05-05,18.6,-0.015873015873015706,-0.021621966475550147,gru,test,0,0.3756941556930542,0.32951366901397705,0.29479220509529114,SELL
2002,2026-04-30,2026-04-30T13:30:00+08:00,2026-05-04,18.8,2026-05-06,18.8,0.0,-0.005841675612252684,gru,test,1,0.3542090356349945,0.3291033208370209,0.316687673330307,SELL
2002,2026-05-04,2026-05-04T13:30:00+08:00,2026-05-05,18.6,2026-05-07,18.85,0.013440860215053752,0.007520667457475261,gru,test,1,0.3162885904312134,0.3353702127933502,0.3483411371707916,BUY
2002,2026-05-05,2026-05-05T13:30:00+08:00,2026-05-06,18.6,2026-05-08,18.75,0.008064516129032251,0.002175730229584172,gru,test,1,0.3275894522666931,0.32503634691238403,0.34737429022789,BUY
2002,2026-05-06,2026-05-06T13:30:00+08:00,2026-05-07,18.8,2026-05-11,18.6,-0.010638297872340385,-0.016417827999356427,gru,test,0,0.3986329138278961,0.34757277369499207,0.25379428267478943,SELL
2002,2026-05-07,2026-05-07T13:30:00+08:00,2026-05-08,18.85,2026-05-12,18.5,-0.018567639257294544,-0.02430084874412053,gru,test,0,0.3646470010280609,0.31449711322784424,0.3208559453487396,SELL
2002,2026-05-08,2026-05-08T13:30:00+08:00,2026-05-11,18.85,2026-05-13,18.4,-0.023872679045092937,-0.02957489821036874,gru,test,0,0.3718442916870117,0.2765939235687256,0.3515617549419403,SELL
2002,2026-05-11,2026-05-11T13:30:00+08:00,2026-05-12,18.8,2026-05-14,18.3,-0.02659574468085102,-0.03228205658001182,gru,test,0,0.34834128618240356,0.332946240901947,0.318712443113327,SELL
2002,2026-05-12,2026-05-12T13:30:00+08:00,2026-05-13,18.5,2026-05-15,18.15,-0.018918918918918948,-0.02465007634391292,gru,test,0,0.3501003682613373,0.32537269592285156,0.32452696561813354,SELL
2002,2026-05-13,2026-05-13T13:30:00+08:00,2026-05-14,18.5,2026-05-18,18.2,-0.016216216216216273,-0.021963161953675647,gru,test,0,0.3686255216598511,0.3202870786190033,0.31108739972114563,SELL
2002,2026-05-14,2026-05-14T13:30:00+08:00,2026-05-15,18.3,2026-05-19,18.2,-0.005464480874317057,-0.011274234761912472,gru,test,0,0.3379348814487457,0.32216742634773254,0.33989763259887695,BUY
2002,2026-05-15,2026-05-15T13:30:00+08:00,2026-05-18,18.15,2026-05-20,18.1,-0.0027548209366389242,-0.008580403778609691,gru,test,1,0.31538134813308716,0.34825918078422546,0.33635953068733215,HOLD
2002,2026-05-18,2026-05-18T13:30:00+08:00,2026-05-19,18.35,2026-05-21,18.2,-0.008174386920981047,-0.013968310416512253,gru,test,0,0.33895519375801086,0.30990347266197205,0.3511413037776947,BUY
2002,2026-05-19,2026-05-19T13:30:00+08:00,2026-05-20,18.25,2026-05-22,18.15,-0.005479452054794609,-0.011289118485610317,gru,test,0,0.3283694386482239,0.34418007731437683,0.3274504840373993,HOLD
2002,2026-05-20,2026-05-20T13:30:00+08:00,2026-05-21,18.3,2026-05-25,19.95,0.0901639344262295,0.08379555035713437,gru,test,2,0.33283308148384094,0.3224625885486603,0.34470435976982117,BUY
2002,2026-05-21,2026-05-21T13:30:00+08:00,2026-05-22,18.25,2026-05-26,19.5,0.06849315068493156,0.06225136030471634,gru,test,2,0.370078444480896,0.3313215672969818,0.2985999584197998,SELL
2002,2026-05-22,2026-05-22T13:30:00+08:00,2026-05-25,18.5,2026-05-27,19.1,0.032432432432432545,0.026401297070593355,gru,test,2,0.34377971291542053,0.32767510414123535,0.32854515314102173,SELL
2002,2026-05-25,2026-05-25T13:30:00+08:00,2026-05-26,21.0,2026-05-28,18.85,-0.10238095238095235,-0.10762455168052187,gru,test,0,0.4144165813922882,0.3807084262371063,0.20487502217292786,SELL
2002,2026-05-26,2026-05-26T13:30:00+08:00,2026-05-27,19.65,2026-05-29,19.1,-0.027989821882951516,-0.03366799003531906,gru,test,0,0.329475998878479,0.3811040222644806,0.2894200086593628,HOLD
2002,2026-05-27,2026-05-27T13:30:00+08:00,2026-05-28,19.1,2026-06-01,19.1,0.0,-0.005841675612252462,gru,test,1,0.3014303147792816,0.302033007144928,0.3965366780757904,BUY
2002,2026-05-28,2026-05-28T13:30:00+08:00,2026-05-29,19.05,2026-06-02,18.95,-0.005249343832021025,-0.011060354480429746,gru,test,0,0.34106478095054626,0.3013673722743988,0.35756784677505493,BUY
2002,2026-05-29,2026-05-29T13:30:00+08:00,2026-06-01,19.2,2026-06-03,19.4,0.01041666666666674,0.004514140266786315,gru,test,1,0.38543418049812317,0.3029326796531677,0.3116331696510315,SELL
2002,2026-06-01,2026-06-01T13:30:00+08:00,2026-06-02,19.1,2026-06-04,19.25,0.00785340314136107,0.001965850495504462,gru,test,1,0.3482290208339691,0.3348196744918823,0.31695127487182617,SELL
2002,2026-06-02,2026-06-02T13:30:00+08:00,2026-06-03,19.1,2026-06-05,19.3,0.010471204188481575,0.004568359198090288,gru,test,1,0.3854319155216217,0.2884381413459778,0.3261299133300781,SELL
2002,2026-06-03,2026-06-03T13:30:00+08:00,2026-06-04,19.45,2026-06-08,18.65,-0.04113110539845766,-0.04673250643539906,gru,test,0,0.31898733973503113,0.35468578338623047,0.32632696628570557,HOLD
2002,2026-06-04,2026-06-04T13:30:00+08:00,2026-06-05,19.35,2026-06-09,18.75,-0.03100775193798455,-0.03666829032195029,gru,test,0,0.3340093195438385,0.31740114092826843,0.34858953952789307,BUY
2002,2026-06-05,2026-06-05T13:30:00+08:00,2026-06-08,18.6,2026-06-10,18.7,0.005376344086021501,-0.0004967383843615947,gru,test,1,0.3598378002643585,0.34140968322753906,0.29875245690345764,SELL
2002,2026-06-08,2026-06-08T13:30:00+08:00,2026-06-09,18.75,2026-06-11,18.55,-0.010666666666666602,-0.0164460310723884,gru,test,0,0.3604370951652527,0.3271258771419525,0.3124370276927948,SELL
2002,2026-06-09,2026-06-09T13:30:00+08:00,2026-06-10,18.75,2026-06-12,18.9,0.008000000000000007,0.0021115909828492985,gru,test,1,0.3607671856880188,0.32807445526123047,0.31115829944610596,SELL
2002,2026-06-10,2026-06-10T13:30:00+08:00,2026-06-11,18.7,2026-06-15,19.0,0.016042780748663166,0.010107388415358631,gru,test,2,0.3538670241832733,0.3221610188484192,0.32397201657295227,SELL
2002,2026-06-11,2026-06-11T13:30:00+08:00,2026-06-12,18.75,2026-06-16,18.65,-0.005333333333333412,-0.011143853342320709,gru,test,0,0.36919721961021423,0.3256242573261261,0.30517858266830444,SELL
2002,2026-06-12,2026-06-12T13:30:00+08:00,2026-06-15,19.2,2026-06-17,18.75,-0.0234375,-0.029142261340090347,gru,test,0,0.36379000544548035,0.318490594625473,0.3177194595336914,SELL
2002,2026-06-15,2026-06-15T13:30:00+08:00,2026-06-16,19.05,2026-06-18,19.1,0.002624671916010568,-0.003232336178163986,gru,test,1,0.3435121774673462,0.30046984553337097,0.3560180068016052,BUY
2002,2026-06-16,2026-06-16T13:30:00+08:00,2026-06-17,18.65,2026-06-22,19.5,0.04557640750670244,0.03946848930622382,gru,test,2,0.36459779739379883,0.3242924213409424,0.3111098110675812,SELL
2002,2026-06-17,2026-06-17T13:30:00+08:00,2026-06-18,18.8,2026-06-23,19.2,0.02127659574468077,0.015310629161954692,gru,test,2,0.3768211901187897,0.3220313787460327,0.3011474013328552,SELL
2002,2026-06-18,2026-06-18T13:30:00+08:00,2026-06-22,19.25,2026-06-24,19.35,0.0051948051948051965,-0.0006772167842641341,gru,test,1,0.3854418396949768,0.23536190390586853,0.37919631600379944,SELL
2002,2026-06-22,2026-06-22T13:30:00+08:00,2026-06-23,19.75,2026-06-25,19.05,-0.03544303797468351,-0.04107766685637537,gru,test,0,0.3787486255168915,0.3132375478744507,0.30801379680633545,SELL
2002,2026-06-23,2026-06-23T13:30:00+08:00,2026-06-24,19.15,2026-06-26,19.0,-0.007832898172323688,-0.013628816534349664,gru,test,0,0.341890811920166,0.30394166707992554,0.35416752099990845,BUY
2002,2026-06-24,2026-06-24T13:30:00+08:00,2026-06-25,19.4,2026-06-29,19.05,-0.018041237113401998,-0.023777521670794277,gru,test,0,0.3355062007904053,0.3363306522369385,0.32816314697265625,HOLD
2002,2026-06-25,2026-06-25T13:30:00+08:00,2026-06-26,19.0,2026-06-30,18.8,-0.010526315789473606,-0.01630650007949208,gru,test,0,0.32152891159057617,0.344405859708786,0.3340652287006378,HOLD
2303,2026-01-02,2026-01-02T14:30:00+08:00,2026-01-05,48.5,2026-01-07,54.1,0.11546391752577323,0.10894773916241518,gru,test,2,0.3498624563217163,0.29887041449546814,0.35126715898513794,BUY
2303,2026-01-05,2026-01-05T14:30:00+08:00,2026-01-06,48.85,2026-01-08,52.8,0.08085977482088014,0.07454574263404412,gru,test,2,0.3923289477825165,0.3022232949733734,0.3054478168487549,SELL
2303,2026-01-06,2026-01-06T14:30:00+08:00,2026-01-07,50.8,2026-01-09,55.1,0.08464566929133865,0.0783095211371041,gru,test,2,0.3492792248725891,0.29692643880844116,0.3537943363189697,BUY
2303,2026-01-07,2026-01-07T14:30:00+08:00,2026-01-08,57.0,2026-01-12,55.3,-0.029824561403508865,-0.035492011602764495,gru,test,0,0.41502144932746887,0.37156590819358826,0.21341265738010406,SELL
2303,2026-01-08,2026-01-08T14:30:00+08:00,2026-01-09,54.4,2026-01-13,54.9,0.009191176470588314,0.0032958089868995177,gru,test,1,0.28021040558815,0.3333725333213806,0.38641706109046936,BUY
2303,2026-01-09,2026-01-09T13:30:00+08:00,2026-01-12,57.0,2026-01-14,54.0,-0.052631578947368474,-0.05816579794844989,gru,test,0,0.42460623383522034,0.31397491693496704,0.2614188492298126,SELL
2303,2026-01-12,2026-01-12T14:30:00+08:00,2026-01-13,55.5,2026-01-15,54.7,-0.014414414414414378,-0.020171885693517244,gru,test,0,0.4151645302772522,0.2954937219619751,0.2893417477607727,SELL
2303,2026-01-13,2026-01-13T14:30:00+08:00,2026-01-14,55.1,2026-01-16,58.5,0.06170598911070768,0.05550384712673728,gru,test,2,0.37802571058273315,0.3097975552082062,0.31217673420906067,SELL
2303,2026-01-14,2026-01-14T14:30:00+08:00,2026-01-15,54.7,2026-01-19,62.5,0.14259597806215707,0.13592130300245353,gru,test,2,0.3598918318748474,0.3187091648578644,0.3213990330696106,SELL
2303,2026-01-15,2026-01-15T14:30:00+08:00,2026-01-16,54.8,2026-01-20,67.8,0.23722627737226287,0.22999880280089924,gru,test,2,0.32701659202575684,0.31230029463768005,0.3606831133365631,BUY
2303,2026-01-16,2026-01-16T14:30:00+08:00,2026-01-19,60.3,2026-01-21,68.4,0.1343283582089554,0.1277019799025194,gru,test,2,0.38768184185028076,0.36240285634994507,0.24991533160209656,SELL
2303,2026-01-19,2026-01-19T14:30:00+08:00,2026-01-20,62.4,2026-01-22,67.6,0.08333333333333326,0.07700485142005964,gru,test,2,0.3739878237247467,0.3843855857849121,0.24162666499614716,HOLD
2303,2026-01-20,2026-01-20T14:30:00+08:00,2026-01-21,70.9,2026-01-23,64.8,-0.0860366713681242,-0.09137574865548614,gru,test,0,0.34328505396842957,0.32656344771385193,0.3301515579223633,SELL
2303,2026-01-21,2026-01-21T14:30:00+08:00,2026-01-22,71.5,2026-01-26,69.3,-0.03076923076923077,-0.036431162516491034,gru,test,0,0.3028648793697357,0.3043847978115082,0.39275023341178894,BUY
2303,2026-01-22,2026-01-22T14:30:00+08:00,2026-01-23,68.0,2026-01-27,76.2,0.12058823529411766,0.11404212232862276,gru,test,2,0.3493482172489166,0.3060695230960846,0.34458228945732117,SELL
2303,2026-01-23,2026-01-23T14:30:00+08:00,2026-01-26,66.0,2026-01-28,75.9,0.15000000000000013,0.14328207304590967,gru,test,2,0.3892943561077118,0.3009101450443268,0.30979546904563904,SELL
2303,2026-01-26,2026-01-26T14:30:00+08:00,2026-01-27,71.1,2026-01-29,68.4,-0.03797468354430367,-0.043594523373812644,gru,test,0,0.38490432500839233,0.3207379877567291,0.29435765743255615,SELL
2303,2026-01-27,2026-01-27T14:30:00+08:00,2026-01-28,79.6,2026-01-30,62.4,-0.2160804020100502,-0.22065980600759483,gru,test,0,0.3705812692642212,0.36313703656196594,0.26628172397613525,SELL
2303,2026-01-28,2026-01-28T14:30:00+08:00,2026-01-29,70.3,2026-02-02,60.7,-0.13655761024182067,-0.14160156059265605,gru,test,0,0.3401288092136383,0.2747655212879181,0.3851056694984436,BUY
2303,2026-01-29,2026-01-29T14:30:00+08:00,2026-01-30,65.0,2026-02-03,60.8,-0.06461538461538463,-0.07007959811115327,gru,test,0,0.22614578902721405,0.27331677079200745,0.5005373954772949,BUY
2303,2026-01-30,2026-01-30T14:30:00+08:00,2026-02-02,62.3,2026-02-04,61.8,-0.008025682182985605,-0.013820474363358093,gru,test,0,0.35427767038345337,0.32679420709609985,0.3189281225204468,SELL
2303,2026-02-02,2026-02-02T14:30:00+08:00,2026-02-03,62.5,2026-02-05,61.5,-0.016000000000000014,-0.021748208802456426,gru,test,0,0.370817631483078,0.2920196056365967,0.3371628224849701,SELL
2303,2026-02-03,2026-02-03T14:30:00+08:00,2026-02-04,60.6,2026-02-06,61.9,0.021452145214521323,0.015485153128738771,gru,test,2,0.418306827545166,0.3334232270717621,0.2482699751853943,SELL
2303,2026-02-04,2026-02-04T14:30:00+08:00,2026-02-05,61.8,2026-02-09,62.4,0.009708737864077666,0.003810346954618904,gru,test,1,0.3612024188041687,0.330684095621109,0.3081134855747223,SELL
2303,2026-02-05,2026-02-05T14:30:00+08:00,2026-02-06,61.1,2026-02-10,62.4,0.02127659574468077,0.015310629161954692,gru,test,2,0.3336639106273651,0.3400191366672516,0.3263170123100281,HOLD
2303,2026-02-06,2026-02-06T14:30:00+08:00,2026-02-09,63.6,2026-02-11,62.8,-0.012578616352201366,-0.01834681176807329,gru,test,0,0.3814527094364166,0.33043786883354187,0.2881094217300415,SELL
2303,2026-02-09,2026-02-09T14:30:00+08:00,2026-02-10,62.8,2026-02-23,63.9,0.01751592356687892,0.011571925611099765,gru,test,2,0.3507838249206543,0.345215380191803,0.30400073528289795,SELL
2303,2026-02-10,2026-02-10T14:30:00+08:00,2026-02-11,62.9,2026-02-24,67.5,0.0731319554848966,0.06686306671181175,gru,test,2,0.3197964131832123,0.31554582715034485,0.36465778946876526,BUY
2303,2026-02-11,2026-02-11T14:30:00+08:00,2026-02-23,65.2,2026-02-25,65.5,0.004601226993864893,-0.0012673274939041246,gru,test,1,0.3630645275115967,0.34509092569351196,0.29184457659721375,SELL
2303,2026-02-23,2026-02-23T14:30:00+08:00,2026-02-24,64.3,2026-02-26,65.4,0.017107309486780853,0.011165698521908185,gru,test,2,0.3569405674934387,0.31249356269836426,0.3305659294128418,SELL
2303,2026-02-24,2026-02-24T14:30:00+08:00,2026-02-25,69.3,2026-03-02,64.5,-0.06926406926406925,-0.0747011266520966,gru,test,0,0.34098929166793823,0.37727800011634827,0.2817327678203583,HOLD
2303,2026-02-25,2026-02-25T14:30:00+08:00,2026-02-26,66.0,2026-03-03,62.6,-0.051515151515151514,-0.05705589232313646,gru,test,0,0.31169047951698303,0.2907092571258545,0.3976002335548401,BUY
2303,2026-02-26,2026-02-26T14:30:00+08:00,2026-03-02,64.1,2026-03-04,60.0,-0.06396255850234,-0.06943058559649218,gru,test,0,0.3375760614871979,0.3343735933303833,0.32805031538009644,SELL
2303,2026-03-02,2026-03-02T14:30:00+08:00,2026-03-03,64.5,2026-03-05,62.1,-0.037209302325581395,-0.04283361326388979,gru,test,0,0.3623533844947815,0.3341929614543915,0.30345362424850464,SELL
2303,2026-03-03,2026-03-03T14:30:00+08:00,2026-03-04,61.0,2026-03-06,62.0,0.016393442622950838,0.010456001836727014,gru,test,2,0.3417094051837921,0.3004278838634491,0.3578627407550812,BUY
2303,2026-03-04,2026-03-04T14:30:00+08:00,2026-03-05,62.5,2026-03-09,59.7,-0.04479999999999995,-0.05037996854482352,gru,test,0,0.3660137951374054,0.33645159006118774,0.29753461480140686,SELL
2303,2026-03-05,2026-03-05T14:30:00+08:00,2026-03-06,62.1,2026-03-10,60.4,-0.027375201288244777,-0.03305695985475143,gru,test,0,0.31896430253982544,0.30205798149108887,0.3789777159690857,BUY
2303,2026-03-06,2026-03-06T14:30:00+08:00,2026-03-09,58.3,2026-03-11,62.2,0.0668953687821614,0.06066291212552133,gru,test,2,0.3594488799571991,0.3345648944377899,0.3059861958026886,SELL
2303,2026-03-09,2026-03-09T14:30:00+08:00,2026-03-10,60.8,2026-03-12,60.6,-0.003289473684210509,-0.00911193325826487,gru,test,1,0.3923564553260803,0.2979847192764282,0.3096587657928467,SELL
2303,2026-03-10,2026-03-10T14:30:00+08:00,2026-03-11,62.2,2026-03-13,59.5,-0.043408360128617374,-0.048996458182138825,gru,test,0,0.27288004755973816,0.29765743017196655,0.4294625222682953,BUY
2303,2026-03-11,2026-03-11T14:30:00+08:00,2026-03-12,62.2,2026-03-16,60.5,-0.027331189710610992,-0.033013205378477295,gru,test,0,0.36383071541786194,0.3493611514568329,0.2868081331253052,SELL
2303,2026-03-12,2026-03-12T14:30:00+08:00,2026-03-13,59.8,2026-03-17,60.7,0.015050167224080369,0.00912057341699457,gru,test,1,0.3464912176132202,0.2858140766620636,0.3676946759223938,BUY
2303,2026-03-13,2026-03-13T14:30:00+08:00,2026-03-16,60.5,2026-03-18,61.1,0.009917355371900749,0.004017745786634164,gru,test,1,0.34094277024269104,0.3404562771320343,0.31860092282295227,SELL
2303,2026-03-16,2026-03-16T14:30:00+08:00,2026-03-17,60.9,2026-03-19,58.7,-0.03612479474548436,-0.04175544102527462,gru,test,0,0.36377501487731934,0.3180076777935028,0.31821736693382263,SELL
2303,2026-03-17,2026-03-17T14:30:00+08:00,2026-03-18,61.3,2026-03-20,57.8,-0.057096247960848334,-0.06260438581383687,gru,test,0,0.3369898200035095,0.3093101382255554,0.35370001196861267,BUY
2303,2026-03-18,2026-03-18T14:30:00+08:00,2026-03-19,60.4,2026-03-23,56.7,-0.06125827814569529,-0.06674210276845549,gru,test,0,0.308885395526886,0.3058372139930725,0.3852773606777191,BUY
2303,2026-03-19,2026-03-19T14:30:00+08:00,2026-03-20,58.5,2026-03-24,56.5,-0.03418803418803418,-0.039829994394739665,gru,test,0,0.34766632318496704,0.3182404637336731,0.3340931832790375,SELL
2303,2026-03-20,2026-03-20T14:30:00+08:00,2026-03-23,56.0,2026-03-25,59.1,0.05535714285714288,0.04919208877349779,gru,test,2,0.32670918107032776,0.33899369835853577,0.3342970907688141,HOLD
2303,2026-03-23,2026-03-23T14:30:00+08:00,2026-03-24,57.5,2026-03-26,58.2,0.012173913043478368,0.00626112138029411,gru,test,1,0.3761610686779022,0.33613553643226624,0.28770333528518677,SELL
2303,2026-03-24,2026-03-24T14:30:00+08:00,2026-03-25,58.0,2026-03-27,57.8,-0.0034482758620689724,-0.009269807765313831,gru,test,1,0.388400673866272,0.3713761866092682,0.24022310972213745,SELL
2303,2026-03-25,2026-03-25T14:30:00+08:00,2026-03-26,59.4,2026-03-30,57.0,-0.04040404040404033,-0.04600968871882827,gru,test,0,0.36946383118629456,0.3420833647251129,0.2884528636932373,SELL
2303,2026-03-26,2026-03-26T14:30:00+08:00,2026-03-27,57.1,2026-03-31,56.5,-0.010507880910682998,-0.01628817289128326,gru,test,0,0.3683141767978668,0.3229568898677826,0.3087289333343506,SELL
2303,2026-03-27,2026-03-27T14:30:00+08:00,2026-03-30,56.3,2026-04-01,57.4,0.019538188277087087,0.013582376906868587,gru,test,2,0.3459901511669159,0.354558527469635,0.29945138096809387,HOLD
2303,2026-03-30,2026-03-30T14:30:00+08:00,2026-03-31,55.9,2026-04-02,53.6,-0.041144901610017826,-0.046746222053966724,gru,test,0,0.3715988099575043,0.355525404214859,0.2728758156299591,SELL
2303,2026-03-31,2026-03-31T14:30:00+08:00,2026-04-01,57.5,2026-04-07,58.3,0.013913043478260834,0.007990092379229097,gru,test,1,0.3923722505569458,0.3122531473636627,0.29537463188171387,SELL
2303,2026-04-01,2026-04-01T14:30:00+08:00,2026-04-02,57.5,2026-04-08,60.3,0.04869565217391303,0.04256951235793327,gru,test,2,0.3140631318092346,0.31286320090293884,0.37307360768318176,BUY
2303,2026-04-02,2026-04-02T14:30:00+08:00,2026-04-07,54.7,2026-04-09,60.0,0.09689213893967086,0.09048445088235546,gru,test,2,0.3278588652610779,0.2664615511894226,0.4056796133518219,BUY
2303,2026-04-07,2026-04-07T14:30:00+08:00,2026-04-08,59.8,2026-04-10,62.0,0.03678929765886285,0.03073271090368479,gru,test,2,0.3600459396839142,0.355437695980072,0.28451642394065857,SELL
2303,2026-04-08,2026-04-08T14:30:00+08:00,2026-04-09,60.6,2026-04-13,60.1,-0.008250825082508295,-0.014044302051095303,gru,test,0,0.30237117409706116,0.2895263731479645,0.4081023633480072,BUY
2303,2026-04-09,2026-04-09T14:30:00+08:00,2026-04-10,59.7,2026-04-14,59.7,0.0,-0.005841675612252573,gru,test,1,0.3984004259109497,0.30936938524246216,0.29223018884658813,SELL
2303,2026-04-10,2026-04-10T14:30:00+08:00,2026-04-13,61.5,2026-04-15,62.1,0.009756097560975618,0.003857429991530381,gru,test,1,0.3514586091041565,0.3671944737434387,0.2813468277454376,HOLD
2303,2026-04-13,2026-04-13T14:30:00+08:00,2026-04-14,60.1,2026-04-16,68.3,0.13643926788685512,0.12980055833083437,gru,test,2,0.3880055248737335,0.33312731981277466,0.27886709570884705,SELL
2303,2026-04-14,2026-04-14T14:30:00+08:00,2026-04-15,60.1,2026-04-17,73.0,0.21464226289517474,0.20754671681040882,gru,test,2,0.3494393825531006,0.3252781331539154,0.3252825140953064,SELL
2303,2026-04-15,2026-04-15T14:30:00+08:00,2026-04-16,66.5,2026-04-20,76.9,0.1563909774436092,0.14963571647244778,gru,test,2,0.3599008619785309,0.37075361609458923,0.2693455219268799,HOLD
2303,2026-04-16,2026-04-16T14:30:00+08:00,2026-04-17,68.3,2026-04-21,76.2,0.11566617862371897,0.10914881871663762,gru,test,2,0.3328162133693695,0.3322230279445648,0.3349607288837433,BUY
2303,2026-04-17,2026-04-17T14:30:00+08:00,2026-04-20,78.0,2026-04-22,78.6,0.007692307692307665,0.0018056961138070982,gru,test,1,0.39720389246940613,0.34878039360046387,0.25401571393013,SELL
2303,2026-04-20,2026-04-20T14:30:00+08:00,2026-04-21,78.0,2026-04-23,73.6,-0.05641025641025643,-0.06192240160335638,gru,test,0,0.28751182556152344,0.3387199342250824,0.3737681806087494,BUY
2303,2026-04-21,2026-04-21T14:30:00+08:00,2026-04-22,76.5,2026-04-24,74.5,-0.02614379084967322,-0.031832742916507395,gru,test,0,0.2833233177661896,0.31078702211380005,0.405889630317688,BUY
2303,2026-04-22,2026-04-22T14:30:00+08:00,2026-04-23,79.5,2026-04-27,72.7,-0.08553459119496853,-0.09087660147183341,gru,test,0,0.3095318377017975,0.3319888412952423,0.358479380607605,BUY
2303,2026-04-23,2026-04-23T14:30:00+08:00,2026-04-24,77.0,2026-04-28,75.1,-0.02467532467532474,-0.030372855045197045,gru,test,0,0.3977137804031372,0.2901049554347992,0.3121812343597412,SELL
2303,2026-04-24,2026-04-24T14:30:00+08:00,2026-04-27,76.0,2026-04-29,74.5,-0.019736842105263164,-0.02546322148832647,gru,test,0,0.3283069133758545,0.2992807626724243,0.3724122941493988,BUY
2303,2026-04-27,2026-04-27T14:30:00+08:00,2026-04-28,72.3,2026-04-30,77.3,0.06915629322268324,0.06291062897887811,gru,test,2,0.27213987708091736,0.30771294236183167,0.42014726996421814,BUY
2303,2026-04-28,2026-04-28T14:30:00+08:00,2026-04-29,75.3,2026-05-04,81.2,0.07835325365205859,0.07205386374880596,gru,test,2,0.3792041540145874,0.35895249247550964,0.26184338331222534,SELL
2303,2026-04-29,2026-04-29T14:30:00+08:00,2026-04-30,80.5,2026-05-05,83.1,0.032298136645962705,0.02626778579654432,gru,test,2,0.3567924201488495,0.31719398498535156,0.32601359486579895,SELL
2303,2026-04-30,2026-04-30T14:30:00+08:00,2026-05-04,80.0,2026-05-06,91.4,0.14250000000000007,0.13582588561300146,gru,test,2,0.3145633637905121,0.33844050765037537,0.34699609875679016,BUY
2303,2026-05-04,2026-05-04T14:30:00+08:00,2026-05-05,80.8,2026-05-07,96.5,0.19430693069306937,0.18733017702249555,gru,test,2,0.3184608221054077,0.3548153042793274,0.3267238736152649,HOLD
2303,2026-05-05,2026-05-05T14:30:00+08:00,2026-05-06,88.5,2026-05-08,91.3,0.031638418079096065,0.025611921091540424,gru,test,2,0.35647425055503845,0.3451400697231293,0.2983856201171875,SELL
2303,2026-05-06,2026-05-06T14:30:00+08:00,2026-05-07,97.4,2026-05-11,95.0,-0.024640657084188944,-0.030338389970883006,gru,test,0,0.3797186613082886,0.36948835849761963,0.2507930099964142,SELL
2303,2026-05-07,2026-05-07T14:30:00+08:00,2026-05-08,96.5,2026-05-12,104.5,0.08290155440414515,0.076575594803312,gru,test,2,0.37838977575302124,0.3405216336250305,0.28108853101730347,SELL
2303,2026-05-08,2026-05-08T14:30:00+08:00,2026-05-11,94.7,2026-05-13,98.4,0.03907074973600855,0.03300083547787058,gru,test,2,0.3416768014431,0.32127493619918823,0.3370482325553894,SELL
2303,2026-05-11,2026-05-11T14:30:00+08:00,2026-05-12,96.7,2026-05-14,108.0,0.11685625646328845,0.11033194450751505,gru,test,2,0.33158987760543823,0.3287239968776703,0.3396860957145691,BUY
2303,2026-05-12,2026-05-12T14:30:00+08:00,2026-05-13,102.0,2026-05-15,110.0,0.07843137254901955,0.07213152630051178,gru,test,2,0.3575455844402313,0.3857766389846802,0.2566777467727661,HOLD
2303,2026-05-13,2026-05-13T14:30:00+08:00,2026-05-14,102.0,2026-05-18,111.0,0.08823529411764697,0.0818781765396075,gru,test,2,0.4110220670700073,0.28959205746650696,0.29938581585884094,SELL
2303,2026-05-14,2026-05-14T14:30:00+08:00,2026-05-15,112.0,2026-05-19,113.0,0.008928571428571397,0.0030347379983524103,gru,test,1,0.34002822637557983,0.3961038589477539,0.26386791467666626,HOLD
2303,2026-05-15,2026-05-15T14:30:00+08:00,2026-05-18,108.5,2026-05-20,108.0,-0.004608294930875556,-0.010423050379016363,gru,test,0,0.2982093095779419,0.3011136054992676,0.4006771147251129,BUY
2303,2026-05-18,2026-05-18T14:30:00+08:00,2026-05-19,112.5,2026-05-21,116.0,0.03111111111111109,0.02508769447981063,gru,test,2,0.30600935220718384,0.34314876794815063,0.3508418798446655,BUY
2303,2026-05-19,2026-05-19T14:30:00+08:00,2026-05-20,114.0,2026-05-22,114.0,0.0,-0.005841675612252684,gru,test,1,0.3070793151855469,0.30750563740730286,0.3854150176048279,BUY
2303,2026-05-20,2026-05-20T14:30:00+08:00,2026-05-21,112.5,2026-05-25,125.0,0.11111111111111116,0.10462036043083045,gru,test,2,0.3325163722038269,0.30049723386764526,0.3669864237308502,BUY
2303,2026-05-21,2026-05-21T14:30:00+08:00,2026-05-22,119.5,2026-05-26,130.5,0.09205020920502083,0.08567080613055267,gru,test,2,0.38384002447128296,0.33923429250717163,0.2769257128238678,SELL
2303,2026-05-22,2026-05-22T14:30:00+08:00,2026-05-25,115.0,2026-05-27,143.5,0.24782608695652164,0.24053669173601522,gru,test,2,0.4067494571208954,0.3128296434879303,0.2804209291934967,SELL
2303,2026-05-25,2026-05-25T14:30:00+08:00,2026-05-26,129.0,2026-05-28,142.0,0.10077519379844957,0.09434482219426443,gru,test,2,0.3814570903778076,0.3933558166027069,0.22518707811832428,HOLD
2303,2026-05-26,2026-05-26T14:30:00+08:00,2026-05-27,139.5,2026-05-29,144.5,0.03584229390680993,0.029791239240354983,gru,test,2,0.284753680229187,0.28540587425231934,0.42984044551849365,BUY
2303,2026-05-27,2026-05-27T14:30:00+08:00,2026-05-28,145.0,2026-06-01,146.0,0.006896551724137945,0.0010145886938697224,gru,test,1,0.3550315499305725,0.3474830090999603,0.29748547077178955,SELL
2303,2026-05-28,2026-05-28T14:30:00+08:00,2026-05-29,149.0,2026-06-02,141.5,-0.05033557046979864,-0.05588320200760888,gru,test,0,0.2588959038257599,0.286422461271286,0.4546816051006317,BUY
2303,2026-05-29,2026-05-29T14:30:00+08:00,2026-06-01,143.0,2026-06-03,130.5,-0.0874125874125874,-0.09274362704474792,gru,test,0,0.3615044057369232,0.32795822620391846,0.3105373680591583,SELL
2303,2026-06-01,2026-06-01T14:30:00+08:00,2026-06-02,147.0,2026-06-04,125.0,-0.1496598639455783,-0.1546272751804869,gru,test,0,0.3440811038017273,0.33283916115760803,0.3230797052383423,SELL
2303,2026-06-02,2026-06-02T14:30:00+08:00,2026-06-03,141.5,2026-06-05,131.5,-0.07067137809187274,-0.07610021443824178,gru,test,0,0.3237345814704895,0.2810486853122711,0.3952167332172394,BUY
2303,2026-06-03,2026-06-03T14:30:00+08:00,2026-06-04,126.5,2026-06-08,121.0,-0.04347826086956519,-0.0490659505856329,gru,test,0,0.33724066615104675,0.35289984941482544,0.3098595142364502,HOLD
2303,2026-06-04,2026-06-04T14:30:00+08:00,2026-06-05,127.0,2026-06-09,127.5,0.003937007874015741,-0.001927666461119748,gru,test,1,0.39290183782577515,0.317186564207077,0.289911687374115,SELL
2303,2026-06-05,2026-06-05T14:30:00+08:00,2026-06-08,121.0,2026-06-10,118.5,-0.02066115702479343,-0.02638213685993329,gru,test,0,0.24530386924743652,0.35990336537361145,0.39479273557662964,BUY
2303,2026-06-08,2026-06-08T14:30:00+08:00,2026-06-09,124.5,2026-06-11,125.0,0.004016064257028162,-0.0018490718998520617,gru,test,1,0.28854721784591675,0.3342423737049103,0.377210408449173,BUY
2303,2026-06-09,2026-06-09T14:30:00+08:00,2026-06-10,126.5,2026-06-12,133.5,0.05533596837944654,0.0491710379902317,gru,test,2,0.3640904724597931,0.40861228108406067,0.22729724645614624,HOLD
2303,2026-06-10,2026-06-10T14:30:00+08:00,2026-06-11,119.0,2026-06-15,141.5,0.18907563025210083,0.18212943614173338,gru,test,2,0.26933038234710693,0.38591718673706055,0.34475237131118774,HOLD
2303,2026-06-11,2026-06-11T14:30:00+08:00,2026-06-12,134.0,2026-06-16,141.0,0.052238805970149294,0.046091968199047484,gru,test,2,0.38938817381858826,0.34054967761039734,0.2700621485710144,SELL
2303,2026-06-12,2026-06-12T14:30:00+08:00,2026-06-15,139.5,2026-06-17,140.0,0.0035842293906809264,-0.0022783841269917726,gru,test,1,0.41042473912239075,0.365702360868454,0.22387294471263885,SELL
2303,2026-06-15,2026-06-15T14:30:00+08:00,2026-06-16,144.0,2026-06-18,145.5,0.01041666666666674,0.004514140266786537,gru,test,1,0.387040376663208,0.3579559624195099,0.2550036907196045,SELL
2303,2026-06-16,2026-06-16T14:30:00+08:00,2026-06-17,138.5,2026-06-22,160.0,0.15523465703971118,0.14848615091725348,gru,test,2,0.32527264952659607,0.29773852229118347,0.3769887685775757,BUY
2303,2026-06-17,2026-06-17T14:30:00+08:00,2026-06-18,141.0,2026-06-23,170.0,0.2056737588652482,0.19863060387175202,gru,test,2,0.35404324531555176,0.27738678455352783,0.3685700297355652,BUY
2303,2026-06-18,2026-06-18T14:30:00+08:00,2026-06-22,160.0,2026-06-24,178.0,0.11250000000000004,0.10600113588136884,gru,test,2,0.39175453782081604,0.28412842750549316,0.324116975069046,SELL
2303,2026-06-23,2026-06-23T14:30:00+08:00,2026-06-24,172.0,2026-06-26,164.0,-0.046511627906976716,-0.052081597676798874,gru,test,0,0.3906605839729309,0.31347811222076416,0.2958613336086273,SELL
2303,2026-06-24,2026-06-24T14:30:00+08:00,2026-06-25,183.5,2026-06-29,164.0,-0.10626702997275206,-0.11148792806762631,gru,test,0,0.3377120792865753,0.3241365849971771,0.33815136551856995,BUY
2303,2026-06-25,2026-06-25T14:30:00+08:00,2026-06-26,175.0,2026-06-30,164.5,-0.06000000000000005,-0.0654911750755175,gru,test,0,0.385735422372818,0.31195399165153503,0.30231061577796936,SELL
2330,2026-01-02,2026-01-02T14:30:00+08:00,2026-01-05,1630.0,2026-01-07,1675.0,0.027607361963190247,0.02160441309783856,gru,test,2,0.3844590187072754,0.34286126494407654,0.27267971634864807,SELL
2330,2026-01-05,2026-01-05T14:30:00+08:00,2026-01-06,1645.0,2026-01-08,1685.0,0.024316109422492405,0.018332386986841698,gru,test,2,0.3759256601333618,0.36858734488487244,0.25548702478408813,SELL
2330,2026-01-06,2026-01-06T14:30:00+08:00,2026-01-07,1665.0,2026-01-09,1680.0,0.009009009009008917,0.003114705688538111,gru,test,1,0.36751076579093933,0.30625757575035095,0.3262317180633545,SELL
2330,2026-01-07,2026-01-07T14:30:00+08:00,2026-01-08,1660.0,2026-01-12,1690.0,0.01807228915662651,0.01212504109355006,gru,test,2,0.33733874559402466,0.33429521322250366,0.3283660411834717,SELL
2330,2026-01-08,2026-01-08T14:30:00+08:00,2026-01-09,1665.0,2026-01-13,1710.0,0.027027027027026973,0.021027468290119034,gru,test,2,0.3510397672653198,0.3562565743923187,0.2927037477493286,HOLD
2330,2026-01-09,2026-01-09T13:30:00+08:00,2026-01-12,1700.0,2026-01-14,1710.0,0.00588235294117645,6.314531204809626e-06,gru,test,1,0.34784170985221863,0.3353409171104431,0.31681740283966064,SELL
2330,2026-01-12,2026-01-12T14:30:00+08:00,2026-01-13,1720.0,2026-01-15,1690.0,-0.01744186046511631,-0.023181646386457477,gru,test,0,0.3653039038181305,0.34502771496772766,0.2896684408187866,SELL
2330,2026-01-13,2026-01-13T14:30:00+08:00,2026-01-14,1705.0,2026-01-16,1740.0,0.02052785923753664,0.014566266530604555,gru,test,2,0.3744521141052246,0.31589174270629883,0.30965620279312134,SELL
2330,2026-01-14,2026-01-14T14:30:00+08:00,2026-01-15,1685.0,2026-01-19,1760.0,0.04451038575667665,0.03840869490945731,gru,test,2,0.34769517183303833,0.3123837113380432,0.33992114663124084,SELL
2330,2026-01-15,2026-01-15T14:30:00+08:00,2026-01-16,1735.0,2026-01-20,1775.0,0.023054755043227626,0.01707840103069258,gru,test,2,0.3610438406467438,0.3227872848510742,0.316168874502182,SELL
2330,2026-01-16,2026-01-16T14:30:00+08:00,2026-01-19,1725.0,2026-01-21,1740.0,0.008695652173912993,0.0028031793824234708,gru,test,1,0.3822173476219177,0.3446166217327118,0.27316612005233765,SELL
2330,2026-01-19,2026-01-19T14:30:00+08:00,2026-01-20,1740.0,2026-01-22,1760.0,0.011494252873563315,0.005585431564618215,gru,test,1,0.38285329937934875,0.36598384380340576,0.2511628270149231,SELL
2330,2026-01-20,2026-01-20T14:30:00+08:00,2026-01-21,1745.0,2026-01-23,1770.0,0.014326647564469885,0.008401280324534799,gru,test,1,0.3828275203704834,0.3226529657840729,0.29451948404312134,SELL
2330,2026-01-21,2026-01-21T14:30:00+08:00,2026-01-22,1765.0,2026-01-26,1755.0,-0.005665722379603388,-0.01147430067960531,gru,test,0,0.3203541338443756,0.31937021017074585,0.36027562618255615,BUY
2330,2026-01-22,2026-01-22T14:30:00+08:00,2026-01-23,1770.0,2026-01-27,1780.0,0.005649717514124353,-0.00022496191514664865,gru,test,1,0.3598919212818146,0.3216342031955719,0.3184738755226135,SELL
2330,2026-01-23,2026-01-23T14:30:00+08:00,2026-01-26,1765.0,2026-01-28,1820.0,0.031161473087818692,0.025137762258187202,gru,test,2,0.38964754343032837,0.3352394998073578,0.275113046169281,SELL
2330,2026-01-26,2026-01-26T14:30:00+08:00,2026-01-27,1760.0,2026-01-29,1805.0,0.02556818181818188,0.019577145181752353,gru,test,2,0.350594699382782,0.3226228654384613,0.3267824351787567,SELL
2330,2026-01-27,2026-01-27T14:30:00+08:00,2026-01-28,1790.0,2026-01-30,1775.0,-0.008379888268156388,-0.01417261129147962,gru,test,0,0.3764205276966095,0.33204159140586853,0.29153797030448914,SELL
2330,2026-01-28,2026-01-28T14:30:00+08:00,2026-01-29,1830.0,2026-02-02,1765.0,-0.03551912568306015,-0.04115331008504142,gru,test,0,0.3595810830593109,0.3233778476715088,0.3170410990715027,SELL
2330,2026-01-29,2026-01-29T14:30:00+08:00,2026-01-30,1790.0,2026-02-03,1800.0,0.005586592178770999,-0.00028771849276798545,gru,test,1,0.37311989068984985,0.3310953974723816,0.29578471183776855,SELL
2330,2026-01-30,2026-01-30T14:30:00+08:00,2026-02-02,1750.0,2026-02-04,1785.0,0.020000000000000018,0.014041490875502438,gru,test,2,0.31675466895103455,0.37477049231529236,0.30847474932670593,HOLD
2330,2026-02-02,2026-02-02T14:30:00+08:00,2026-02-03,1810.0,2026-02-05,1765.0,-0.024861878453038666,-0.030558319036257275,gru,test,0,0.33917513489723206,0.34031370282173157,0.32051122188568115,HOLD
2330,2026-02-03,2026-02-03T14:30:00+08:00,2026-02-04,1785.0,2026-02-06,1780.0,-0.0028011204481792618,-0.008626432823422792,gru,test,1,0.33998236060142517,0.31761854887008667,0.34239909052848816,BUY
2330,2026-02-04,2026-02-04T14:30:00+08:00,2026-02-05,1765.0,2026-02-09,1815.0,0.028328611898017053,0.022321449724510778,gru,test,2,0.34636443853378296,0.36260372400283813,0.2910318076610565,HOLD
2330,2026-02-05,2026-02-05T14:30:00+08:00,2026-02-06,1745.0,2026-02-10,1880.0,0.0773638968481376,0.07107028644639835,gru,test,2,0.3569178581237793,0.3548818826675415,0.288200318813324,SELL
2330,2026-02-06,2026-02-06T14:30:00+08:00,2026-02-09,1830.0,2026-02-11,1915.0,0.04644808743169393,0.04033507715985585,gru,test,2,0.35744085907936096,0.3265703618526459,0.31598877906799316,SELL
2330,2026-02-09,2026-02-09T14:30:00+08:00,2026-02-10,1845.0,2026-02-23,1900.0,0.02981029810298108,0.023794480399306428,gru,test,2,0.3431602120399475,0.3573039472103119,0.2995358407497406,HOLD
2330,2026-02-10,2026-02-10T14:30:00+08:00,2026-02-11,1880.0,2026-02-24,1965.0,0.04521276595744683,0.039106972032938225,gru,test,2,0.3580821752548218,0.3055601418018341,0.33635759353637695,SELL
2330,2026-02-11,2026-02-11T14:30:00+08:00,2026-02-23,1900.0,2026-02-25,2015.0,0.06052631578947376,0.05433106507437424,gru,test,2,0.3742946982383728,0.3513931930065155,0.27431216835975647,SELL
2330,2026-02-23,2026-02-23T14:30:00+08:00,2026-02-24,1915.0,2026-02-26,1995.0,0.04177545691906004,0.03568974263893265,gru,test,2,0.2999039888381958,0.3759460747241974,0.3241499364376068,HOLD
2330,2026-02-24,2026-02-24T14:30:00+08:00,2026-02-25,1995.0,2026-03-02,1975.0,-0.010025062656641603,-0.015808175104861655,gru,test,0,0.38820597529411316,0.34410104155540466,0.2676929235458374,SELL
2330,2026-02-25,2026-02-25T14:30:00+08:00,2026-02-26,2000.0,2026-03-03,1935.0,-0.03249999999999997,-0.03815182115485427,gru,test,0,0.3540622889995575,0.3136542737483978,0.3322834372520447,SELL
2330,2026-02-26,2026-02-26T14:30:00+08:00,2026-03-02,1940.0,2026-03-04,1865.0,-0.03865979381443296,-0.0442756314519851,gru,test,0,0.3588063418865204,0.31188493967056274,0.32930871844291687,SELL
2330,2026-03-02,2026-03-02T14:30:00+08:00,2026-03-03,1970.0,2026-03-05,1900.0,-0.035532994923857864,-0.04116709830623344,gru,test,0,0.3579365015029907,0.35060548782348633,0.29145798087120056,SELL
2330,2026-03-03,2026-03-03T14:30:00+08:00,2026-03-04,1895.0,2026-03-06,1890.0,-0.0026385224274406704,-0.008464784647576495,gru,test,1,0.3264999985694885,0.3288450241088867,0.34465491771698,BUY
2330,2026-03-04,2026-03-04T14:30:00+08:00,2026-03-05,1940.0,2026-03-09,1810.0,-0.0670103092783505,-0.07246053240112227,gru,test,0,0.36067095398902893,0.3340068459510803,0.30532214045524597,SELL
2330,2026-03-05,2026-03-05T14:30:00+08:00,2026-03-06,1880.0,2026-03-10,1850.0,-0.015957446808510634,-0.021705904192908076,gru,test,0,0.31847864389419556,0.326058954000473,0.35546231269836426,BUY
2330,2026-03-06,2026-03-06T14:30:00+08:00,2026-03-09,1775.0,2026-03-11,1940.0,0.09295774647887334,0.08657304186604509,gru,test,2,0.3692493438720703,0.3313206732273102,0.2994300425052643,SELL
2330,2026-03-09,2026-03-09T14:30:00+08:00,2026-03-10,1870.0,2026-03-12,1885.0,0.008021390374331583,0.0021328564015530294,gru,test,1,0.3797633647918701,0.32158878445625305,0.29864785075187683,SELL
2330,2026-03-10,2026-03-10T14:30:00+08:00,2026-03-11,1885.0,2026-03-13,1865.0,-0.010610079575596787,-0.016389774544748548,gru,test,0,0.32093656063079834,0.329669326543808,0.34939414262771606,BUY
2330,2026-03-11,2026-03-11T14:30:00+08:00,2026-03-12,1900.0,2026-03-16,1845.0,-0.02894736842105261,-0.03461994289716097,gru,test,0,0.3975854516029358,0.364430695772171,0.2379838079214096,SELL
2330,2026-03-12,2026-03-12T14:30:00+08:00,2026-03-13,1840.0,2026-03-17,1870.0,0.016304347826086918,0.010367427502764981,gru,test,2,0.35283711552619934,0.30908817052841187,0.3380747139453888,SELL
2330,2026-03-13,2026-03-13T14:30:00+08:00,2026-03-16,1875.0,2026-03-18,1905.0,0.016000000000000014,0.010064857577951392,gru,test,2,0.35012421011924744,0.33578476309776306,0.3140909671783447,SELL
2330,2026-03-16,2026-03-16T14:30:00+08:00,2026-03-17,1875.0,2026-03-19,1850.0,-0.013333333333333308,-0.01909711993742247,gru,test,0,0.3308273255825043,0.3380245864391327,0.3311481177806854,HOLD
2330,2026-03-17,2026-03-17T14:30:00+08:00,2026-03-18,1900.0,2026-03-20,1840.0,-0.03157894736842104,-0.037236149013970876,gru,test,0,0.3688836097717285,0.33132055401802063,0.29979586601257324,SELL
2330,2026-03-18,2026-03-18T14:30:00+08:00,2026-03-19,1875.0,2026-03-23,1810.0,-0.03466666666666662,-0.04030583085769446,gru,test,0,0.40462031960487366,0.3008161187171936,0.29456350207328796,SELL
2330,2026-03-19,2026-03-19T14:30:00+08:00,2026-03-20,1860.0,2026-03-24,1810.0,-0.026881720430107503,-0.03256636175170813,gru,test,0,0.32159239053726196,0.3324904441833496,0.3459172248840332,BUY
2330,2026-03-20,2026-03-20T14:30:00+08:00,2026-03-23,1790.0,2026-03-25,1845.0,0.030726256983240274,0.024705088544912712,gru,test,2,0.344124972820282,0.3047969341278076,0.3510780930519104,BUY
2330,2026-03-23,2026-03-23T14:30:00+08:00,2026-03-24,1850.0,2026-03-26,1840.0,-0.00540540540540535,-0.011215504392726894,gru,test,0,0.339957594871521,0.3359253704547882,0.3241170346736908,SELL
2330,2026-03-24,2026-03-24T14:30:00+08:00,2026-03-25,1865.0,2026-03-27,1820.0,-0.024128686327077764,-0.029829409980857702,gru,test,0,0.3649623990058899,0.3649767339229584,0.2700608968734741,HOLD
2330,2026-03-25,2026-03-25T14:30:00+08:00,2026-03-26,1850.0,2026-03-30,1780.0,-0.037837837837837784,-0.04345847707557282,gru,test,0,0.3608763515949249,0.34568825364112854,0.2934354841709137,SELL
2330,2026-03-26,2026-03-26T14:30:00+08:00,2026-03-27,1805.0,2026-03-31,1760.0,-0.024930747922437657,-0.030626786192556432,gru,test,0,0.34703314304351807,0.33444496989250183,0.3185219168663025,SELL
2330,2026-03-27,2026-03-27T14:30:00+08:00,2026-03-30,1780.0,2026-04-01,1855.0,0.042134831460674205,0.036047017831051464,gru,test,2,0.3500542640686035,0.34010493755340576,0.3098408281803131,SELL
2330,2026-03-30,2026-03-30T14:30:00+08:00,2026-03-31,1775.0,2026-04-02,1810.0,0.019718309859154903,0.0137614462770832,gru,test,2,0.3639719784259796,0.351248562335968,0.2847793996334076,SELL
2330,2026-03-31,2026-03-31T14:30:00+08:00,2026-04-01,1840.0,2026-04-07,1860.0,0.010869565217391353,0.004964393131092537,gru,test,1,0.2912978529930115,0.3264479637145996,0.38225415349006653,BUY
2330,2026-04-01,2026-04-01T14:30:00+08:00,2026-04-02,1865.0,2026-04-08,1950.0,0.04557640750670244,0.03946848930622382,gru,test,2,0.34038740396499634,0.32763490080833435,0.3319776952266693,SELL
2330,2026-04-02,2026-04-02T14:30:00+08:00,2026-04-07,1850.0,2026-04-09,1955.0,0.05675675675675684,0.05058352658272769,gru,test,2,0.3640381693840027,0.31624022126197815,0.31972160935401917,SELL
2330,2026-04-07,2026-04-07T14:30:00+08:00,2026-04-08,1935.0,2026-04-10,2000.0,0.03359173126614978,0.02755382365658643,gru,test,2,0.35024771094322205,0.3109531104564667,0.33879923820495605,SELL
2330,2026-04-08,2026-04-08T14:30:00+08:00,2026-04-09,1945.0,2026-04-13,1990.0,0.023136246786632286,0.017159416725767374,gru,test,2,0.3675083816051483,0.31730955839157104,0.315182089805603,SELL
2330,2026-04-09,2026-04-09T14:30:00+08:00,2026-04-10,1975.0,2026-04-14,2055.0,0.040506329113924044,0.03442802866674488,gru,test,2,0.35090693831443787,0.31002935767173767,0.33906370401382446,SELL
2330,2026-04-10,2026-04-10T14:30:00+08:00,2026-04-13,1985.0,2026-04-15,2080.0,0.04785894206549113,0.041737690038546216,gru,test,2,0.3679295480251312,0.31922492384910583,0.3128456175327301,SELL
2330,2026-04-13,2026-04-13T14:30:00+08:00,2026-04-14,2015.0,2026-04-16,2085.0,0.03473945409429291,0.0286948418602746,gru,test,2,0.3435588479042053,0.3058163523674011,0.35062479972839355,BUY
2330,2026-04-14,2026-04-14T14:30:00+08:00,2026-04-15,2065.0,2026-04-17,2030.0,-0.016949152542372836,-0.022691816703570455,gru,test,0,0.3624974489212036,0.3557806611061096,0.2817218601703644,SELL
2330,2026-04-15,2026-04-15T14:30:00+08:00,2026-04-16,2080.0,2026-04-20,2025.0,-0.02644230769230771,-0.03212951592058233,gru,test,0,0.3621695935726166,0.318812757730484,0.3190176784992218,SELL
2330,2026-04-16,2026-04-16T14:30:00+08:00,2026-04-17,2055.0,2026-04-21,2050.0,-0.0024330900243308973,-0.008260552313925862,gru,test,1,0.39229363203048706,0.32435718178749084,0.2833491563796997,SELL
2330,2026-04-17,2026-04-17T14:30:00+08:00,2026-04-20,2030.0,2026-04-22,2050.0,0.009852216748768461,0.003952987682207976,gru,test,1,0.3588339388370514,0.31461387872695923,0.326552152633667,SELL
2330,2026-04-20,2026-04-20T14:30:00+08:00,2026-04-21,2050.0,2026-04-23,2080.0,0.014634146341463428,0.008706982793421858,gru,test,1,0.3341120481491089,0.3689497411251068,0.2969382107257843,HOLD
2330,2026-04-21,2026-04-21T14:30:00+08:00,2026-04-22,2045.0,2026-04-24,2185.0,0.06845965770171158,0.062218062976639565,gru,test,2,0.34297266602516174,0.33949893712997437,0.3175284266471863,SELL
2330,2026-04-22,2026-04-22T14:30:00+08:00,2026-04-23,2090.0,2026-04-27,2265.0,0.08373205741626788,0.07740124628624301,gru,test,2,0.33690547943115234,0.328637957572937,0.3344566226005554,SELL
2330,2026-04-23,2026-04-23T14:30:00+08:00,2026-04-24,2110.0,2026-04-28,2215.0,0.04976303317535535,0.04363065806581079,gru,test,2,0.3481146991252899,0.31999608874320984,0.331889271736145,SELL
2330,2026-04-24,2026-04-24T14:30:00+08:00,2026-04-27,2280.0,2026-04-29,2180.0,-0.04385964912280704,-0.049445110892416766,gru,test,0,0.37783563137054443,0.3341536521911621,0.2880106568336487,SELL
2330,2026-04-27,2026-04-27T14:30:00+08:00,2026-04-28,2245.0,2026-04-30,2135.0,-0.04899777282850781,-0.05455321934617352,gru,test,0,0.3338996469974518,0.39985010027885437,0.26625025272369385,HOLD
2330,2026-04-28,2026-04-28T14:30:00+08:00,2026-04-29,2175.0,2026-05-04,2275.0,0.04597701149425282,0.03986675309522991,gru,test,2,0.32434380054473877,0.36437907814979553,0.3112771511077881,HOLD
2330,2026-04-29,2026-04-29T14:30:00+08:00,2026-04-30,2205.0,2026-05-05,2250.0,0.020408163265306145,0.014447269783415706,gru,test,2,0.3636725842952728,0.3736421465873718,0.26268523931503296,HOLD
2330,2026-04-30,2026-04-30T14:30:00+08:00,2026-05-04,2200.0,2026-05-06,2250.0,0.022727272727272707,0.016752831760196152,gru,test,2,0.3327549993991852,0.3445488512516022,0.32269614934921265,HOLD
2330,2026-05-04,2026-05-04T14:30:00+08:00,2026-05-05,2250.0,2026-05-07,2310.0,0.026666666666666616,0.02066921303808722,gru,test,2,0.35882773995399475,0.3719378113746643,0.26923441886901855,HOLD
2330,2026-05-05,2026-05-05T14:30:00+08:00,2026-05-06,2250.0,2026-05-08,2290.0,0.01777777777777767,0.011832250154640622,gru,test,2,0.3484688997268677,0.3440350890159607,0.307496041059494,SELL
2330,2026-05-06,2026-05-06T14:30:00+08:00,2026-05-07,2335.0,2026-05-11,2235.0,-0.04282655246252676,-0.04841804924770199,gru,test,0,0.3433685898780823,0.3209914267063141,0.33563998341560364,SELL
2330,2026-05-07,2026-05-07T14:30:00+08:00,2026-05-08,2300.0,2026-05-12,2255.0,-0.019565217391304346,-0.025292599350273837,gru,test,0,0.3306875228881836,0.33939629793167114,0.3299161195755005,HOLD
2330,2026-05-08,2026-05-08T14:30:00+08:00,2026-05-11,2265.0,2026-05-13,2220.0,-0.019867549668874163,-0.02559316550075086,gru,test,0,0.3436046838760376,0.3219527006149292,0.3344425857067108,SELL
2330,2026-05-11,2026-05-11T14:30:00+08:00,2026-05-12,2235.0,2026-05-14,2270.0,0.015659955257270708,0.009726799266302821,gru,test,1,0.33435362577438354,0.33959755301475525,0.3260488510131836,HOLD
2330,2026-05-12,2026-05-12T14:30:00+08:00,2026-05-13,2205.0,2026-05-15,2265.0,0.027210884353741527,0.021210251581971873,gru,test,2,0.38228437304496765,0.3605692386627197,0.2571464776992798,SELL
2330,2026-05-13,2026-05-13T14:30:00+08:00,2026-05-14,2250.0,2026-05-18,2240.0,-0.004444444444444473,-0.010260157053975871,gru,test,0,0.32736751437187195,0.30987900495529175,0.3627535402774811,BUY
2330,2026-05-14,2026-05-14T14:30:00+08:00,2026-05-15,2310.0,2026-05-19,2205.0,-0.045454545454545414,-0.05103069035715013,gru,test,0,0.3739173710346222,0.30307257175445557,0.32301005721092224,SELL
2330,2026-05-15,2026-05-15T14:30:00+08:00,2026-05-18,2225.0,2026-05-20,2185.0,-0.017977528089887618,-0.02371418481472909,gru,test,0,0.3852517604827881,0.2988022267818451,0.3159460425376892,SELL
2330,2026-05-18,2026-05-18T14:30:00+08:00,2026-05-19,2220.0,2026-05-21,2230.0,0.0045045045045044585,-0.001363484961857231,gru,test,1,0.34054017066955566,0.3708434998989105,0.2886163592338562,HOLD
2330,2026-05-19,2026-05-19T14:30:00+08:00,2026-05-20,2205.0,2026-05-22,2255.0,0.0226757369614512,0.01670159704960117,gru,test,2,0.35025760531425476,0.31576305627822876,0.3339793384075165,SELL
2330,2026-05-20,2026-05-20T14:30:00+08:00,2026-05-21,2240.0,2026-05-25,2310.0,0.03125,0.025225772024864535,gru,test,2,0.36690330505371094,0.327679306268692,0.30541741847991943,SELL
2330,2026-05-21,2026-05-21T14:30:00+08:00,2026-05-22,2245.0,2026-05-26,2270.0,0.011135857461024523,0.00522912978182033,gru,test,1,0.34141218662261963,0.3579670190811157,0.30062079429626465,HOLD
2330,2026-05-22,2026-05-22T14:30:00+08:00,2026-05-25,2275.0,2026-05-27,2300.0,0.01098901098901095,0.005083141139260894,gru,test,1,0.3750024437904358,0.327678918838501,0.29731860756874084,SELL
2330,2026-05-25,2026-05-25T14:30:00+08:00,2026-05-26,2320.0,2026-05-28,2295.0,-0.010775862068965525,-0.016554588590568686,gru,test,0,0.3761040270328522,0.29992061853408813,0.3239753544330597,SELL
2330,2026-05-26,2026-05-26T14:30:00+08:00,2026-05-27,2310.0,2026-05-29,2355.0,0.01948051948051943,0.013525044992703572,gru,test,2,0.34238263964653015,0.31413429975509644,0.343483030796051,BUY
2330,2026-05-27,2026-05-27T14:30:00+08:00,2026-05-28,2350.0,2026-06-01,2355.0,0.0021276595744681437,-0.0037264451348320016,gru,test,1,0.307147353887558,0.3429012894630432,0.3499513268470764,BUY
2330,2026-05-28,2026-05-28T14:30:00+08:00,2026-05-29,2340.0,2026-06-02,2380.0,0.017094017094017033,0.011152483778990918,gru,test,2,0.30250832438468933,0.30042633414268494,0.39706534147262573,BUY
2330,2026-05-29,2026-05-29T14:30:00+08:00,2026-06-01,2355.0,2026-06-03,2425.0,0.02972399150743099,0.023708677978890647,gru,test,2,0.3917871415615082,0.32084381580352783,0.2873689532279968,SELL
2330,2026-06-01,2026-06-01T14:30:00+08:00,2026-06-02,2390.0,2026-06-04,2385.0,-0.0020920502092049986,-0.007921504742770757,gru,test,1,0.334561824798584,0.3577166199684143,0.3077215254306793,HOLD
2330,2026-06-02,2026-06-02T14:30:00+08:00,2026-06-03,2425.0,2026-06-05,2365.0,-0.024742268041237137,-0.030439407349681424,gru,test,0,0.3674704134464264,0.3455379903316498,0.28699156641960144,SELL
2330,2026-06-03,2026-06-03T14:30:00+08:00,2026-06-04,2385.0,2026-06-08,2295.0,-0.037735849056603765,-0.0433570840797145,gru,test,0,0.3588413894176483,0.32692456245422363,0.3142339885234833,SELL
2330,2026-06-04,2026-06-04T14:30:00+08:00,2026-06-05,2395.0,2026-06-09,2305.0,-0.0375782881002088,-0.0432004435433162,gru,test,0,0.3277718424797058,0.36374062299728394,0.30848756432533264,HOLD
2330,2026-06-05,2026-06-05T14:30:00+08:00,2026-06-08,2230.0,2026-06-10,2255.0,0.011210762331838486,0.005303597082677358,gru,test,1,0.31906959414482117,0.3012050986289978,0.3797253370285034,BUY
2330,2026-06-08,2026-06-08T14:30:00+08:00,2026-06-09,2305.0,2026-06-11,2250.0,-0.02386117136659438,-0.029563457755995115,gru,test,0,0.35328617691993713,0.35724809765815735,0.2894657254219055,HOLD
2330,2026-06-09,2026-06-09T14:30:00+08:00,2026-06-10,2285.0,2026-06-12,2310.0,0.010940919037199182,0.005035330125031434,gru,test,1,0.35489052534103394,0.330572247505188,0.3145371675491333,SELL
2330,2026-06-10,2026-06-10T14:30:00+08:00,2026-06-11,2240.0,2026-06-15,2375.0,0.060267857142857206,0.05407411625933034,gru,test,2,0.3376670181751251,0.32586827874183655,0.33646467328071594,SELL
2330,2026-06-11,2026-06-11T14:30:00+08:00,2026-06-12,2325.0,2026-06-16,2400.0,0.032258064516129004,0.026227947755094183,gru,test,2,0.35113751888275146,0.3498380780220032,0.29902440309524536,SELL
2330,2026-06-12,2026-06-12T14:30:00+08:00,2026-06-15,2360.0,2026-06-17,2385.0,0.010593220338983134,0.004689662569821174,gru,test,1,0.34943243861198425,0.30993375182151794,0.3406337797641754,SELL
2330,2026-06-15,2026-06-15T14:30:00+08:00,2026-06-16,2375.0,2026-06-18,2410.0,0.01473684210526316,0.008809078641882628,gru,test,1,0.3676629066467285,0.3111666738986969,0.3211703896522522,SELL
2330,2026-06-16,2026-06-16T14:30:00+08:00,2026-06-17,2355.0,2026-06-22,2510.0,0.06581740976645434,0.059591250196707524,gru,test,2,0.37073126435279846,0.30767184495925903,0.3215969204902649,SELL
2330,2026-06-17,2026-06-17T14:30:00+08:00,2026-06-18,2395.0,2026-06-23,2490.0,0.039665970772442494,0.033592579426092284,gru,test,2,0.356627881526947,0.30326423048973083,0.34010785818099976,SELL
2330,2026-06-18,2026-06-18T14:30:00+08:00,2026-06-22,2455.0,2026-06-24,2390.0,-0.02647657841140527,-0.032163586441256053,gru,test,0,0.3339947462081909,0.291975736618042,0.3740294873714447,BUY
2330,2026-06-22,2026-06-22T14:30:00+08:00,2026-06-23,2510.0,2026-06-25,2390.0,-0.047808764940239,-0.05337115725628838,gru,test,0,0.3730415105819702,0.3372543752193451,0.28970420360565186,SELL
2330,2026-06-23,2026-06-23T14:30:00+08:00,2026-06-24,2435.0,2026-06-26,2340.0,-0.03901437371663241,-0.044628140013417306,gru,test,0,0.3830849230289459,0.3129301965236664,0.3039848506450653,SELL
2330,2026-06-24,2026-06-24T14:30:00+08:00,2026-06-25,2410.0,2026-06-29,2370.0,-0.016597510373444035,-0.022342228714124057,gru,test,0,0.3174573481082916,0.34912818670272827,0.33341434597969055,HOLD
2330,2026-06-25,2026-06-25T14:30:00+08:00,2026-06-26,2360.0,2026-06-30,2410.0,0.021186440677966045,0.015221000751894698,gru,test,2,0.34331974387168884,0.32344791293144226,0.3332323133945465,SELL
2412,2026-01-02,2026-01-02T13:30:00+08:00,2026-01-05,131.5,2026-01-07,133.0,0.011406844106463865,0.005498533411181894,gru,test,1,0.40221017599105835,0.3025655150413513,0.29522430896759033,SELL
2412,2026-01-05,2026-01-05T13:30:00+08:00,2026-01-06,133.0,2026-01-08,133.5,0.003759398496240518,-0.002104238302524153,gru,test,1,0.37574392557144165,0.29727545380592346,0.3269806206226349,SELL
2412,2026-01-06,2026-01-06T13:30:00+08:00,2026-01-07,132.0,2026-01-09,133.5,0.011363636363636465,0.005455578073972012,gru,test,1,0.35721132159233093,0.33524414896965027,0.3075445294380188,SELL
2412,2026-01-07,2026-01-07T13:30:00+08:00,2026-01-08,133.0,2026-01-12,133.5,0.003759398496240518,-0.002104238302524153,gru,test,1,0.34496885538101196,0.3521711230278015,0.3028600215911865,HOLD
2412,2026-01-08,2026-01-08T13:30:00+08:00,2026-01-09,133.0,2026-01-13,133.5,0.003759398496240518,-0.002104238302524153,gru,test,1,0.36030155420303345,0.3299308121204376,0.30976757407188416,SELL
2412,2026-01-09,2026-01-09T13:30:00+08:00,2026-01-12,133.0,2026-01-14,133.0,0.0,-0.005841675612252573,gru,test,1,0.3440190553665161,0.3186151385307312,0.3373658061027527,SELL
2412,2026-01-12,2026-01-12T13:30:00+08:00,2026-01-13,133.5,2026-01-15,133.5,0.0,-0.005841675612252462,gru,test,1,0.3377758264541626,0.33686840534210205,0.32535579800605774,SELL
2412,2026-01-13,2026-01-13T13:30:00+08:00,2026-01-14,133.5,2026-01-16,133.0,-0.0037453183520599342,-0.009565115029435134,gru,test,1,0.3415738344192505,0.3282880187034607,0.3301381468772888,SELL
2412,2026-01-14,2026-01-14T13:30:00+08:00,2026-01-15,133.5,2026-01-19,134.0,0.0037453183520599342,-0.0021182361950699002,gru,test,1,0.3545944094657898,0.3132333755493164,0.3321722149848938,SELL
2412,2026-01-15,2026-01-15T13:30:00+08:00,2026-01-16,133.5,2026-01-20,133.0,-0.0037453183520599342,-0.009565115029435134,gru,test,1,0.3729900121688843,0.32403817772865295,0.30297181010246277,SELL
2412,2026-01-16,2026-01-16T13:30:00+08:00,2026-01-19,133.5,2026-01-21,133.0,-0.0037453183520599342,-0.009565115029435134,gru,test,1,0.34948182106018066,0.3083452582359314,0.34217292070388794,SELL
2412,2026-01-19,2026-01-19T13:30:00+08:00,2026-01-20,133.5,2026-01-22,133.0,-0.0037453183520599342,-0.009565115029435134,gru,test,1,0.3841874301433563,0.31539180874824524,0.30042073130607605,SELL
2412,2026-01-20,2026-01-20T13:30:00+08:00,2026-01-21,133.5,2026-01-23,134.0,0.0037453183520599342,-0.0021182361950699002,gru,test,1,0.3389008343219757,0.33777952194213867,0.32331961393356323,SELL
2412,2026-01-21,2026-01-21T13:30:00+08:00,2026-01-22,133.0,2026-01-26,134.0,0.007518796992481258,0.0016331990072042668,gru,test,1,0.34518611431121826,0.3131229281425476,0.34169092774391174,SELL
2412,2026-01-22,2026-01-22T13:30:00+08:00,2026-01-23,133.5,2026-01-27,133.0,-0.0037453183520599342,-0.009565115029435134,gru,test,1,0.37578096985816956,0.31704431772232056,0.30717477202415466,SELL
2412,2026-01-23,2026-01-23T13:30:00+08:00,2026-01-26,134.0,2026-01-28,133.5,-0.003731343283582045,-0.009551221598773973,gru,test,1,0.37043002247810364,0.30172643065452576,0.3278435468673706,SELL
2412,2026-01-26,2026-01-26T13:30:00+08:00,2026-01-27,134.0,2026-01-29,133.5,-0.003731343283582045,-0.009551221598773973,gru,test,1,0.381000816822052,0.3154841363430023,0.3035150170326233,SELL
2412,2026-01-27,2026-01-27T13:30:00+08:00,2026-01-28,133.5,2026-01-30,133.5,0.0,-0.005841675612252462,gru,test,1,0.3381589949131012,0.33643150329589844,0.32540950179100037,SELL
2412,2026-01-28,2026-01-28T13:30:00+08:00,2026-01-29,133.5,2026-02-02,133.0,-0.0037453183520599342,-0.009565115029435134,gru,test,1,0.36038658022880554,0.3294205665588379,0.31019285321235657,SELL
2412,2026-01-29,2026-01-29T13:30:00+08:00,2026-01-30,133.5,2026-02-03,133.5,0.0,-0.005841675612252462,gru,test,1,0.34745174646377563,0.32396841049194336,0.3285799026489258,SELL
2412,2026-01-30,2026-01-30T13:30:00+08:00,2026-02-02,134.0,2026-02-04,133.0,-0.007462686567164201,-0.013260767585295596,gru,test,0,0.36954444646835327,0.2898895740509033,0.34056591987609863,SELL
2412,2026-02-02,2026-02-02T13:30:00+08:00,2026-02-03,133.5,2026-02-05,132.5,-0.0074906367041198685,-0.013288554446617584,gru,test,0,0.34042859077453613,0.34927693009376526,0.3102944791316986,HOLD
2412,2026-02-03,2026-02-03T13:30:00+08:00,2026-02-04,133.5,2026-02-06,133.0,-0.0037453183520599342,-0.009565115029435134,gru,test,1,0.3351174294948578,0.336991548538208,0.3278910219669342,HOLD
2412,2026-02-04,2026-02-04T13:30:00+08:00,2026-02-05,133.0,2026-02-09,132.0,-0.007518796992481258,-0.013316550231709412,gru,test,0,0.3517082929611206,0.33750900626182556,0.31078267097473145,SELL
2412,2026-02-05,2026-02-05T13:30:00+08:00,2026-02-06,132.5,2026-02-10,132.5,0.0,-0.005841675612252573,gru,test,1,0.3062233328819275,0.3672400712966919,0.326536625623703,HOLD
2412,2026-02-06,2026-02-06T13:30:00+08:00,2026-02-09,133.0,2026-02-11,133.0,0.0,-0.005841675612252573,gru,test,1,0.3732948303222656,0.27525413036346436,0.35145100951194763,SELL
2412,2026-02-09,2026-02-09T13:30:00+08:00,2026-02-10,132.0,2026-02-23,135.0,0.022727272727272707,0.016752831760196374,gru,test,2,0.35698896646499634,0.3173404932022095,0.3256705701351166,SELL
2412,2026-02-10,2026-02-10T13:30:00+08:00,2026-02-11,133.5,2026-02-24,135.5,0.014981273408239737,0.009052082056477673,gru,test,1,0.3454010784626007,0.3337743580341339,0.320824533700943,SELL
2412,2026-02-11,2026-02-11T13:30:00+08:00,2026-02-23,134.0,2026-02-25,136.0,0.014925373134328401,0.008996508333833253,gru,test,1,0.3361344039440155,0.30810990929603577,0.3557557165622711,BUY
2412,2026-02-23,2026-02-23T13:30:00+08:00,2026-02-24,134.5,2026-02-26,134.0,-0.0037174721189591198,-0.009537431464995194,gru,test,1,0.3384638726711273,0.27827614545822144,0.38325998187065125,BUY
2412,2026-02-24,2026-02-24T13:30:00+08:00,2026-02-25,135.0,2026-03-02,138.0,0.022222222222222143,0.016250731596364032,gru,test,2,0.3620763123035431,0.2921850383281708,0.34573861956596375,SELL
2412,2026-02-25,2026-02-25T13:30:00+08:00,2026-02-26,136.0,2026-03-03,138.0,0.014705882352941124,0.008778299746390772,gru,test,1,0.3395858108997345,0.2770911753177643,0.3833230435848236,BUY
2412,2026-02-26,2026-02-26T13:30:00+08:00,2026-03-02,135.0,2026-03-04,135.5,0.0037037037037037646,-0.002159607744149805,gru,test,1,0.32576432824134827,0.2780965566635132,0.39613911509513855,BUY
2412,2026-03-02,2026-03-02T13:30:00+08:00,2026-03-03,137.5,2026-03-05,137.0,-0.0036363636363636598,-0.009456796791844413,gru,test,1,0.3803621232509613,0.29380783438682556,0.3258300721645355,SELL
2412,2026-03-03,2026-03-03T13:30:00+08:00,2026-03-04,137.0,2026-03-06,136.5,-0.0036496350364964014,-0.009469990664762618,gru,test,1,0.3741058111190796,0.2976579964160919,0.32823625206947327,SELL
2412,2026-03-04,2026-03-04T13:30:00+08:00,2026-03-05,136.5,2026-03-09,136.0,-0.00366300366300365,-0.009483281196090432,gru,test,1,0.3744821548461914,0.3266519010066986,0.2988658845424652,SELL
2412,2026-03-05,2026-03-05T13:30:00+08:00,2026-03-06,136.5,2026-03-10,135.0,-0.01098901098901095,-0.01676649236376626,gru,test,0,0.3806341886520386,0.28006038069725037,0.33930549025535583,SELL
2412,2026-03-06,2026-03-06T13:30:00+08:00,2026-03-09,134.5,2026-03-11,135.5,0.0074349442379182396,0.0015498360932324484,gru,test,1,0.38124921917915344,0.29422539472579956,0.3245254158973694,SELL
2412,2026-03-09,2026-03-09T13:30:00+08:00,2026-03-10,137.0,2026-03-12,136.0,-0.007299270072992692,-0.013098305717272551,gru,test,0,0.3575301468372345,0.2914552390575409,0.3510146737098694,SELL
2412,2026-03-10,2026-03-10T13:30:00+08:00,2026-03-11,136.0,2026-03-13,136.0,0.0,-0.005841675612252573,gru,test,1,0.38793298602104187,0.2927192747592926,0.31934770941734314,SELL
2412,2026-03-11,2026-03-11T13:30:00+08:00,2026-03-12,135.0,2026-03-16,136.5,0.011111111111111072,0.005204527992055619,gru,test,1,0.35236042737960815,0.3001117706298828,0.3475278317928314,SELL
2412,2026-03-12,2026-03-12T13:30:00+08:00,2026-03-13,136.0,2026-03-17,137.0,0.007352941176470562,0.0014683120670690997,gru,test,1,0.38556113839149475,0.3053327202796936,0.30910617113113403,SELL
2412,2026-03-13,2026-03-13T13:30:00+08:00,2026-03-16,136.5,2026-03-18,137.5,0.0073260073260073,0.0014415355554231457,gru,test,1,0.3269987404346466,0.33846044540405273,0.33454087376594543,HOLD
2412,2026-03-16,2026-03-16T13:30:00+08:00,2026-03-17,137.0,2026-03-19,135.5,-0.010948905109489093,-0.016726620769782707,gru,test,0,0.3354429006576538,0.3263731598854065,0.3381839394569397,BUY
2412,2026-03-17,2026-03-17T13:30:00+08:00,2026-03-18,137.5,2026-03-20,134.0,-0.025454545454545507,-0.031147523869395344,gru,test,0,0.3259909451007843,0.28486353158950806,0.38914552330970764,BUY
2412,2026-03-18,2026-03-18T13:30:00+08:00,2026-03-19,137.0,2026-03-23,134.0,-0.021897810218978075,-0.02761156592731262,gru,test,0,0.37762320041656494,0.309686541557312,0.3126901686191559,SELL
2412,2026-03-19,2026-03-19T13:30:00+08:00,2026-03-20,136.0,2026-03-24,134.0,-0.014705882352941124,-0.020461650970895917,gru,test,0,0.3581885099411011,0.29639703035354614,0.3454144597053528,SELL
2412,2026-03-20,2026-03-20T13:30:00+08:00,2026-03-23,133.0,2026-03-25,135.0,0.015037593984962516,0.009108073626660884,gru,test,1,0.344605952501297,0.27003777027130127,0.38535627722740173,BUY
2412,2026-03-23,2026-03-23T13:30:00+08:00,2026-03-24,134.0,2026-03-26,134.5,0.003731343283582156,-0.0021321296257312827,gru,test,1,0.3610309064388275,0.33466339111328125,0.304305762052536,SELL
2412,2026-03-24,2026-03-24T13:30:00+08:00,2026-03-25,135.5,2026-03-27,134.0,-0.011070110701106972,-0.016847118317651955,gru,test,0,0.36541953682899475,0.30489563941955566,0.3296847939491272,SELL
2412,2026-03-25,2026-03-25T13:30:00+08:00,2026-03-26,135.5,2026-03-30,134.0,-0.011070110701106972,-0.016847118317651955,gru,test,0,0.34058427810668945,0.3155094385147095,0.34390631318092346,BUY
2412,2026-03-26,2026-03-26T13:30:00+08:00,2026-03-27,134.5,2026-03-31,133.0,-0.01115241635687736,-0.016928943170480326,gru,test,0,0.3414917290210724,0.3212099075317383,0.33729830384254456,SELL
2412,2026-03-27,2026-03-27T13:30:00+08:00,2026-03-30,133.5,2026-04-01,134.0,0.0037453183520599342,-0.0021182361950699002,gru,test,1,0.3441087603569031,0.3252524137496948,0.3306388854980469,SELL
2412,2026-03-30,2026-03-30T13:30:00+08:00,2026-03-31,133.5,2026-04-02,134.0,0.0037453183520599342,-0.0021182361950699002,gru,test,1,0.37025198340415955,0.32645800709724426,0.3032900393009186,SELL
2412,2026-03-31,2026-03-31T13:30:00+08:00,2026-04-01,134.0,2026-04-07,134.0,0.0,-0.005841675612252684,gru,test,1,0.3896070420742035,0.3058629631996155,0.30452999472618103,SELL
2412,2026-04-01,2026-04-01T13:30:00+08:00,2026-04-02,134.5,2026-04-08,134.0,-0.0037174721189591198,-0.009537431464995194,gru,test,1,0.34750857949256897,0.2911055088043213,0.3613859713077545,BUY
2412,2026-04-02,2026-04-02T13:30:00+08:00,2026-04-07,134.0,2026-04-09,135.0,0.00746268656716409,0.0015774163607902292,gru,test,1,0.3644302785396576,0.29090508818626404,0.344664603471756,SELL
2412,2026-04-07,2026-04-07T13:30:00+08:00,2026-04-08,134.5,2026-04-10,135.5,0.0074349442379182396,0.0015498360932324484,gru,test,1,0.3535885214805603,0.29061710834503174,0.35579439997673035,BUY
2412,2026-04-08,2026-04-08T13:30:00+08:00,2026-04-09,134.0,2026-04-13,134.5,0.003731343283582156,-0.0021321296257312827,gru,test,1,0.3582172691822052,0.3057865500450134,0.33599618077278137,SELL
2412,2026-04-09,2026-04-09T13:30:00+08:00,2026-04-10,135.0,2026-04-14,135.0,0.0,-0.005841675612252573,gru,test,1,0.35202735662460327,0.3174828290939331,0.3304898142814636,SELL
2412,2026-04-10,2026-04-10T13:30:00+08:00,2026-04-13,135.0,2026-04-15,135.5,0.0037037037037037646,-0.002159607744149805,gru,test,1,0.4071747362613678,0.27513226866722107,0.3176930248737335,SELL
2412,2026-04-13,2026-04-13T13:30:00+08:00,2026-04-14,135.0,2026-04-16,136.5,0.011111111111111072,0.005204527992055619,gru,test,1,0.41688668727874756,0.28902339935302734,0.2940899729728699,SELL
2412,2026-04-14,2026-04-14T13:30:00+08:00,2026-04-15,135.0,2026-04-17,137.5,0.0185185185185186,0.012568663728261154,gru,test,2,0.3944413661956787,0.2956816256046295,0.30987706780433655,SELL
2412,2026-04-15,2026-04-15T13:30:00+08:00,2026-04-16,136.0,2026-04-20,137.0,0.007352941176470562,0.0014683120670690997,gru,test,1,0.33736133575439453,0.27076515555381775,0.3918735384941101,BUY
2412,2026-04-16,2026-04-16T13:30:00+08:00,2026-04-17,137.0,2026-04-21,137.0,0.0,-0.005841675612252462,gru,test,1,0.377228707075119,0.3198242485523224,0.302947074174881,SELL
2412,2026-04-17,2026-04-17T13:30:00+08:00,2026-04-20,137.5,2026-04-22,136.5,-0.0072727272727273196,-0.013071917971436364,gru,test,0,0.3855322003364563,0.2632973790168762,0.3511703908443451,SELL
2412,2026-04-20,2026-04-20T13:30:00+08:00,2026-04-21,137.5,2026-04-23,136.0,-0.010909090909090868,-0.016687039151028094,gru,test,0,0.33185821771621704,0.33842548727989197,0.3297162652015686,HOLD
2412,2026-04-21,2026-04-21T13:30:00+08:00,2026-04-22,137.5,2026-04-24,135.5,-0.014545454545454528,-0.020302160330619934,gru,test,0,0.40847739577293396,0.2986157238483429,0.292906790971756,SELL
2412,2026-04-22,2026-04-22T13:30:00+08:00,2026-04-23,136.0,2026-04-27,137.0,0.007352941176470562,0.0014683120670690997,gru,test,1,0.38317835330963135,0.28354912996292114,0.33327245712280273,SELL
2412,2026-04-23,2026-04-23T13:30:00+08:00,2026-04-24,136.0,2026-04-28,137.0,0.007352941176470562,0.0014683120670690997,gru,test,1,0.3422279953956604,0.29566526412963867,0.3621067404747009,BUY
2412,2026-04-24,2026-04-24T13:30:00+08:00,2026-04-27,135.0,2026-04-29,136.5,0.011111111111111072,0.005204527992055619,gru,test,1,0.35085391998291016,0.31549665331840515,0.3336494266986847,SELL
2412,2026-04-27,2026-04-27T13:30:00+08:00,2026-04-28,137.5,2026-04-30,136.0,-0.010909090909090868,-0.016687039151028094,gru,test,0,0.40392664074897766,0.3268243074417114,0.26924896240234375,SELL
2412,2026-04-28,2026-04-28T13:30:00+08:00,2026-04-29,137.5,2026-05-04,135.5,-0.014545454545454528,-0.020302160330619934,gru,test,0,0.33016055822372437,0.32591375708580017,0.3439256548881531,BUY
2412,2026-04-29,2026-04-29T13:30:00+08:00,2026-04-30,136.0,2026-05-05,136.0,0.0,-0.005841675612252573,gru,test,1,0.3691478669643402,0.2826153337955475,0.34823673963546753,SELL
2412,2026-04-30,2026-04-30T13:30:00+08:00,2026-05-04,137.0,2026-05-06,136.0,-0.007299270072992692,-0.013098305717272551,gru,test,0,0.36779624223709106,0.3005596399307251,0.33164405822753906,SELL
2412,2026-05-04,2026-05-04T13:30:00+08:00,2026-05-05,135.5,2026-05-07,135.5,0.0,-0.005841675612252573,gru,test,1,0.28397688269615173,0.3045758903026581,0.4114472568035126,BUY
2412,2026-05-05,2026-05-05T13:30:00+08:00,2026-05-06,137.0,2026-05-08,136.5,-0.0036496350364964014,-0.009469990664762618,gru,test,1,0.36915716528892517,0.2912929058074951,0.3395498991012573,SELL
2412,2026-05-06,2026-05-06T13:30:00+08:00,2026-05-07,135.5,2026-05-11,135.5,0.0,-0.005841675612252573,gru,test,1,0.32739919424057007,0.3272715210914612,0.345329225063324,BUY
2412,2026-05-07,2026-05-07T13:30:00+08:00,2026-05-08,136.0,2026-05-12,135.5,-0.003676470588235281,-0.00949666945191352,gru,test,1,0.35890355706214905,0.3161976635456085,0.3248988687992096,SELL
2412,2026-05-08,2026-05-08T13:30:00+08:00,2026-05-11,136.5,2026-05-13,137.5,0.0073260073260073,0.0014415355554231457,gru,test,1,0.37161776423454285,0.30245333909988403,0.3259289264678955,SELL
2412,2026-05-11,2026-05-11T13:30:00+08:00,2026-05-12,135.5,2026-05-14,137.5,0.014760147601476037,0.008832247994946751,gru,test,1,0.3249039053916931,0.3337879478931427,0.3413081169128418,BUY
2412,2026-05-12,2026-05-12T13:30:00+08:00,2026-05-13,136.5,2026-05-15,138.0,0.01098901098901095,0.005083141139261116,gru,test,1,0.31490907073020935,0.35445377230644226,0.3306370675563812,HOLD
2412,2026-05-13,2026-05-13T13:30:00+08:00,2026-05-14,136.5,2026-05-18,137.0,0.00366300366300365,-0.0022000700284146024,gru,test,1,0.3631018102169037,0.32319799065589905,0.31370019912719727,SELL
2412,2026-05-14,2026-05-14T13:30:00+08:00,2026-05-15,137.5,2026-05-19,142.5,0.036363636363636376,0.030309536183665386,gru,test,2,0.3651594817638397,0.31621474027633667,0.31862571835517883,SELL
2412,2026-05-15,2026-05-15T13:30:00+08:00,2026-05-18,138.0,2026-05-20,139.0,0.007246376811594235,0.0013623702166443152,gru,test,1,0.3906400799751282,0.3046109676361084,0.3047489821910858,SELL
2412,2026-05-18,2026-05-18T13:30:00+08:00,2026-05-19,137.0,2026-05-21,137.5,0.0036496350364962904,-0.0022133605597425277,gru,test,1,0.35326728224754333,0.34512197971343994,0.30161070823669434,SELL
2412,2026-05-19,2026-05-19T13:30:00+08:00,2026-05-20,142.5,2026-05-22,137.0,-0.038596491228070184,-0.04421269865879707,gru,test,0,0.3779497444629669,0.3608764708042145,0.2611738443374634,SELL
2412,2026-05-20,2026-05-20T13:30:00+08:00,2026-05-21,139.0,2026-05-25,136.5,-0.017985611510791366,-0.02372222101490984,gru,test,0,0.33293846249580383,0.3403033912181854,0.32675811648368835,HOLD
2412,2026-05-21,2026-05-21T13:30:00+08:00,2026-05-22,137.5,2026-05-26,136.0,-0.010909090909090868,-0.016687039151028094,gru,test,0,0.35606643557548523,0.33789926767349243,0.3060343563556671,SELL
2412,2026-05-22,2026-05-22T13:30:00+08:00,2026-05-25,137.5,2026-05-27,137.0,-0.0036363636363636598,-0.009456796791844413,gru,test,1,0.3434307873249054,0.327541321516037,0.3290278911590576,SELL
2412,2026-05-25,2026-05-25T13:30:00+08:00,2026-05-26,136.5,2026-05-28,136.5,0.0,-0.005841675612252684,gru,test,1,0.3090924024581909,0.317369282245636,0.37353837490081787,BUY
2412,2026-05-26,2026-05-26T13:30:00+08:00,2026-05-27,137.0,2026-05-29,137.0,0.0,-0.005841675612252462,gru,test,1,0.34267860651016235,0.3307396471500397,0.3265817165374756,SELL
2412,2026-05-27,2026-05-27T13:30:00+08:00,2026-05-28,137.0,2026-06-01,140.5,0.025547445255474477,0.019556529755317742,gru,test,2,0.3565848171710968,0.33641713857650757,0.30699804425239563,SELL
2412,2026-05-28,2026-05-28T13:30:00+08:00,2026-05-29,137.5,2026-06-02,142.0,0.032727272727272716,0.026694415004073546,gru,test,2,0.35940489172935486,0.3192484974861145,0.32134658098220825,SELL
2412,2026-05-29,2026-05-29T13:30:00+08:00,2026-06-01,137.0,2026-06-03,141.0,0.029197080291970767,0.023184844807827565,gru,test,2,0.30864277482032776,0.32409340143203735,0.3672637343406677,BUY
2412,2026-06-01,2026-06-01T13:30:00+08:00,2026-06-02,140.0,2026-06-04,141.5,0.010714285714285676,0.004810020720473318,gru,test,1,0.40562331676483154,0.31502312421798706,0.27935361862182617,SELL
2412,2026-06-02,2026-06-02T13:30:00+08:00,2026-06-03,142.0,2026-06-05,141.0,-0.007042253521126751,-0.012842790572729745,gru,test,0,0.3876158595085144,0.31572598218917847,0.29665812849998474,SELL
2412,2026-06-03,2026-06-03T13:30:00+08:00,2026-06-04,141.0,2026-06-08,138.5,-0.01773049645390068,-0.023468596257425478,gru,test,0,0.35445448756217957,0.31070637702941895,0.3348390758037567,SELL
2412,2026-06-04,2026-06-04T13:30:00+08:00,2026-06-05,141.0,2026-06-09,142.0,0.007092198581560183,0.0012090926458163676,gru,test,1,0.38949570059776306,0.3016888499259949,0.3088154196739197,SELL
2412,2026-06-05,2026-06-05T13:30:00+08:00,2026-06-08,139.5,2026-06-10,144.0,0.032258064516129004,0.02622794775509396,gru,test,2,0.3843512535095215,0.3214642405509949,0.29418453574180603,SELL
2412,2026-06-08,2026-06-08T13:30:00+08:00,2026-06-09,138.0,2026-06-11,145.0,0.050724637681159424,0.04458664519002453,gru,test,2,0.38608109951019287,0.30929040908813477,0.30462846159935,SELL
2412,2026-06-09,2026-06-09T13:30:00+08:00,2026-06-10,141.5,2026-06-12,145.0,0.02473498233215543,0.01874881297684361,gru,test,2,0.3634420931339264,0.34892088174819946,0.28763699531555176,SELL
2412,2026-06-10,2026-06-10T13:30:00+08:00,2026-06-11,144.0,2026-06-15,145.5,0.01041666666666674,0.004514140266786537,gru,test,1,0.3804570734500885,0.2908669114112854,0.3286760747432709,SELL
2412,2026-06-11,2026-06-11T13:30:00+08:00,2026-06-12,145.0,2026-06-16,146.5,0.010344827586206806,0.00444272084693087,gru,test,1,0.35598769783973694,0.31418952345848083,0.329822838306427,SELL
2412,2026-06-12,2026-06-12T13:30:00+08:00,2026-06-15,146.0,2026-06-17,145.5,-0.003424657534246589,-0.009246327408101052,gru,test,1,0.3765855133533478,0.31518831849098206,0.30822619795799255,SELL
2412,2026-06-15,2026-06-15T13:30:00+08:00,2026-06-16,146.0,2026-06-18,144.0,-0.013698630136986356,-0.01946028279564649,gru,test,0,0.37503015995025635,0.2738264501094818,0.35114336013793945,SELL
2412,2026-06-16,2026-06-16T13:30:00+08:00,2026-06-17,145.5,2026-06-22,144.5,-0.0068728522336769515,-0.012674378872649328,gru,test,0,0.3748033940792084,0.32966315746307373,0.2955334484577179,SELL
2412,2026-06-17,2026-06-17T13:30:00+08:00,2026-06-18,145.0,2026-06-23,144.0,-0.006896551724137945,-0.012697939918374979,gru,test,0,0.35877981781959534,0.30952250957489014,0.33169764280319214,SELL
2412,2026-06-18,2026-06-18T13:30:00+08:00,2026-06-22,144.0,2026-06-24,143.5,-0.00347222222222221,-0.009293614238598757,gru,test,1,0.3195751905441284,0.319376140832901,0.36104875802993774,BUY
2412,2026-06-22,2026-06-22T13:30:00+08:00,2026-06-23,145.0,2026-06-25,144.0,-0.006896551724137945,-0.012697939918374979,gru,test,0,0.36078545451164246,0.33821895718574524,0.3009955585002899,SELL
2412,2026-06-23,2026-06-23T13:30:00+08:00,2026-06-24,143.5,2026-06-26,143.0,-0.0034843205574912606,-0.009305641899317929,gru,test,1,0.3596431016921997,0.3308820426464081,0.30947479605674744,SELL
2412,2026-06-24,2026-06-24T13:30:00+08:00,2026-06-25,144.0,2026-06-29,142.0,-0.01388888888888884,-0.019649430117637978,gru,test,0,0.32416412234306335,0.3593224585056305,0.31651338934898376,HOLD
2412,2026-06-25,2026-06-25T13:30:00+08:00,2026-06-26,144.0,2026-06-30,141.5,-0.01736111111111116,-0.023101368743984163,gru,test,0,0.37420690059661865,0.3258682191371918,0.29992491006851196,SELL
2881,2026-01-02,2026-01-02T13:30:00+08:00,2026-01-05,95.6,2026-01-07,96.1,0.0052301255230124966,-0.0006421027859567774,gru,test,1,0.32757294178009033,0.30425480008125305,0.3681723177433014,BUY
2881,2026-01-05,2026-01-05T13:30:00+08:00,2026-01-06,97.3,2026-01-08,97.0,-0.0030832476875641834,-0.008906911966993891,gru,test,1,0.41153597831726074,0.2905275523662567,0.29793640971183777,SELL
2881,2026-01-06,2026-01-06T13:30:00+08:00,2026-01-07,96.5,2026-01-09,95.5,-0.010362694300518172,-0.0161438344141982,gru,test,0,0.3201216161251068,0.2915584146976471,0.3883199989795685,BUY
2881,2026-01-07,2026-01-07T13:30:00+08:00,2026-01-08,96.3,2026-01-12,95.0,-0.01349948078920038,-0.01926229681374858,gru,test,0,0.35354337096214294,0.286472350358963,0.35998427867889404,BUY
2881,2026-01-08,2026-01-08T13:30:00+08:00,2026-01-09,97.0,2026-01-13,94.2,-0.028865979381443307,-0.034539029305919566,gru,test,0,0.4026097357273102,0.3031051456928253,0.2942851483821869,SELL
2881,2026-01-09,2026-01-09T13:30:00+08:00,2026-01-12,95.6,2026-01-14,93.8,-0.01882845188284521,-0.024560137786917124,gru,test,0,0.35530927777290344,0.2832072973251343,0.36148345470428467,BUY
2881,2026-01-12,2026-01-12T13:30:00+08:00,2026-01-13,95.2,2026-01-15,94.1,-0.011554621848739566,-0.017328799108329518,gru,test,0,0.35845911502838135,0.29072558879852295,0.3508152961730957,SELL
2881,2026-01-13,2026-01-13T13:30:00+08:00,2026-01-14,94.5,2026-01-16,95.0,0.005291005291005346,-0.0005815786578201587,gru,test,1,0.35888978838920593,0.29705706238746643,0.34405314922332764,SELL
2881,2026-01-14,2026-01-14T13:30:00+08:00,2026-01-15,94.6,2026-01-19,95.0,0.0042283298097252064,-0.0016380463336573836,gru,test,1,0.33465802669525146,0.2910274267196655,0.37431448698043823,BUY
2881,2026-01-15,2026-01-15T13:30:00+08:00,2026-01-16,94.6,2026-01-20,94.0,-0.006342494714587699,-0.012147119530145134,gru,test,0,0.3823073208332062,0.29660701751708984,0.321085661649704,SELL
2881,2026-01-16,2026-01-16T13:30:00+08:00,2026-01-19,94.4,2026-01-21,93.0,-0.014830508474576343,-0.020585549067155595,gru,test,0,0.37252727150917053,0.313333660364151,0.3141390383243561,SELL
2881,2026-01-19,2026-01-19T13:30:00+08:00,2026-01-20,94.9,2026-01-22,93.0,-0.020021074815595452,-0.025745793803366612,gru,test,0,0.3374110162258148,0.3099815547466278,0.35260748863220215,BUY
2881,2026-01-20,2026-01-20T13:30:00+08:00,2026-01-21,93.7,2026-01-23,93.5,-0.002134471718249764,-0.007963678439120714,gru,test,1,0.3431223928928375,0.28834646940231323,0.36853116750717163,BUY
2881,2026-01-21,2026-01-21T13:30:00+08:00,2026-01-22,93.7,2026-01-26,93.2,-0.005336179295624355,-0.011146682679422981,gru,test,0,0.33153530955314636,0.3241598606109619,0.34430480003356934,BUY
2881,2026-01-22,2026-01-22T13:30:00+08:00,2026-01-23,93.7,2026-01-27,92.4,-0.01387406616862319,-0.019634693986895768,gru,test,0,0.33921441435813904,0.30303919315338135,0.35774633288383484,BUY
2881,2026-01-23,2026-01-23T13:30:00+08:00,2026-01-26,93.5,2026-01-28,92.5,-0.010695187165775444,-0.016474384963993227,gru,test,0,0.4051365852355957,0.29091116786003113,0.30395224690437317,SELL
2881,2026-01-26,2026-01-26T13:30:00+08:00,2026-01-27,93.5,2026-01-29,92.3,-0.012834224598930466,-0.018600926834341447,gru,test,0,0.3325420618057251,0.3117220997810364,0.3557358980178833,BUY
2881,2026-01-27,2026-01-27T13:30:00+08:00,2026-01-28,92.9,2026-01-30,90.9,-0.02152852529601723,-0.027244438247080227,gru,test,0,0.35890358686447144,0.2827198803424835,0.35837653279304504,SELL
2881,2026-01-28,2026-01-28T13:30:00+08:00,2026-01-29,92.1,2026-02-02,90.5,-0.017372421281215966,-0.02311261284374433,gru,test,0,0.35751330852508545,0.27968108654022217,0.36280566453933716,BUY
2881,2026-01-29,2026-01-29T13:30:00+08:00,2026-01-30,92.2,2026-02-03,91.8,-0.004338394793926281,-0.010154726911114853,gru,test,0,0.34572792053222656,0.31532013416290283,0.3389519155025482,SELL
2881,2026-01-30,2026-01-30T13:30:00+08:00,2026-02-02,91.5,2026-02-04,92.7,0.013114754098360715,0.007196466346931052,gru,test,1,0.32495424151420593,0.31134462356567383,0.3637011647224426,BUY
2881,2026-02-02,2026-02-02T13:30:00+08:00,2026-02-03,91.6,2026-02-05,93.5,0.020742358078602585,0.01477951233902175,gru,test,2,0.3650207817554474,0.3252026438713074,0.30977663397789,SELL
2881,2026-02-03,2026-02-03T13:30:00+08:00,2026-02-04,91.7,2026-02-06,92.4,0.007633587786259666,0.0017473192304018337,gru,test,1,0.3718055784702301,0.3219427168369293,0.30625173449516296,SELL
2881,2026-02-04,2026-02-04T13:30:00+08:00,2026-02-05,92.8,2026-02-09,93.8,0.010775862068965525,0.004871237366063763,gru,test,1,0.38864007592201233,0.30879688262939453,0.30256301164627075,SELL
2881,2026-02-05,2026-02-05T13:30:00+08:00,2026-02-06,92.7,2026-02-10,94.5,0.01941747572815533,0.013462369521489936,gru,test,2,0.3850151002407074,0.3310798704624176,0.2839049994945526,SELL
2881,2026-02-06,2026-02-06T13:30:00+08:00,2026-02-09,93.0,2026-02-11,95.2,0.023655913978494647,0.017676048190468308,gru,test,2,0.3269121050834656,0.3078958988189697,0.3651920557022095,BUY
2881,2026-02-09,2026-02-09T13:30:00+08:00,2026-02-10,94.2,2026-02-23,95.7,0.015923566878981,0.00998887095443135,gru,test,1,0.3241589069366455,0.3088615834712982,0.3669795095920563,BUY
2881,2026-02-10,2026-02-10T13:30:00+08:00,2026-02-11,95.0,2026-02-24,94.1,-0.009473684210526412,-0.015260017632768075,gru,test,0,0.3235945701599121,0.34474629163742065,0.33165913820266724,HOLD
2881,2026-02-11,2026-02-11T13:30:00+08:00,2026-02-23,96.5,2026-02-25,92.9,-0.03730569948186524,-0.04292944729925663,gru,test,0,0.3364167809486389,0.3246929943561554,0.33889028429985046,BUY
2881,2026-02-23,2026-02-23T13:30:00+08:00,2026-02-24,95.8,2026-02-26,94.2,-0.01670146137787054,-0.02244557247050305,gru,test,0,0.38545429706573486,0.3300428092479706,0.28450295329093933,SELL
2881,2026-02-24,2026-02-24T13:30:00+08:00,2026-02-25,94.0,2026-03-02,93.0,-0.010638297872340385,-0.016417827999356205,gru,test,0,0.32782065868377686,0.2941833436489105,0.377996027469635,BUY
2881,2026-02-25,2026-02-25T13:30:00+08:00,2026-02-26,92.9,2026-03-03,93.1,0.002152852529601512,-0.003701399348770007,gru,test,1,0.321119099855423,0.3570505976676941,0.32183030247688293,HOLD
2881,2026-02-26,2026-02-26T13:30:00+08:00,2026-03-02,94.2,2026-03-04,89.8,-0.04670912951167738,-0.05227794554119214,gru,test,0,0.3748999238014221,0.28680309653282166,0.33829694986343384,SELL
2881,2026-03-02,2026-03-02T13:30:00+08:00,2026-03-03,92.7,2026-03-05,90.5,-0.02373247033441206,-0.02943550855349364,gru,test,0,0.3285614550113678,0.3187410831451416,0.352697491645813,BUY
2881,2026-03-03,2026-03-03T13:30:00+08:00,2026-03-04,92.2,2026-03-06,88.8,-0.03687635574837311,-0.04250261165258162,gru,test,0,0.37836962938308716,0.31040459871292114,0.3112257719039917,SELL
2881,2026-03-04,2026-03-04T13:30:00+08:00,2026-03-05,90.8,2026-03-09,87.2,-0.03964757709251099,-0.045257644420577336,gru,test,0,0.3174005448818207,0.32403162121772766,0.3585678040981293,BUY
2881,2026-03-05,2026-03-05T13:30:00+08:00,2026-03-06,89.8,2026-03-10,88.3,-0.016703786191536785,-0.022447883703361926,gru,test,0,0.3565322458744049,0.3306369185447693,0.3128308653831482,SELL
2881,2026-03-06,2026-03-06T13:30:00+08:00,2026-03-09,84.0,2026-03-11,89.2,0.06190476190476191,0.05570145875460808,gru,test,2,0.34928393363952637,0.30930089950561523,0.3414151966571808,SELL
2881,2026-03-09,2026-03-09T13:30:00+08:00,2026-03-10,88.7,2026-03-12,89.4,0.007891770011273946,0.002003993238609114,gru,test,1,0.3470565974712372,0.2940439283847809,0.3588995635509491,BUY
2881,2026-03-10,2026-03-10T13:30:00+08:00,2026-03-11,88.0,2026-03-13,88.1,0.001136363636363491,-0.004711950243630136,gru,test,1,0.3664418160915375,0.2743174731731415,0.3592407703399658,SELL
2881,2026-03-11,2026-03-11T13:30:00+08:00,2026-03-12,88.0,2026-03-16,88.8,0.009090909090909038,0.003196127336726917,gru,test,1,0.3568279445171356,0.3257860541343689,0.3173860013484955,SELL
2881,2026-03-12,2026-03-12T13:30:00+08:00,2026-03-13,88.5,2026-03-17,89.8,0.014689265536723228,0.008761780000222652,gru,test,1,0.3902606666088104,0.26978638768196106,0.3399529755115509,SELL
2881,2026-03-13,2026-03-13T13:30:00+08:00,2026-03-16,89.1,2026-03-18,89.5,0.004489337822671136,-0.0013785630448552855,gru,test,1,0.3404468894004822,0.3331316113471985,0.32642146944999695,SELL
2881,2026-03-16,2026-03-16T13:30:00+08:00,2026-03-17,89.5,2026-03-19,88.2,-0.014525139664804398,-0.02028196412291261,gru,test,0,0.3496764600276947,0.3297155201435089,0.32060810923576355,SELL
2881,2026-03-17,2026-03-17T13:30:00+08:00,2026-03-18,90.9,2026-03-20,88.6,-0.025302530253025424,-0.030996396691370554,gru,test,0,0.37020012736320496,0.2965877056121826,0.3332121968269348,SELL
2881,2026-03-18,2026-03-18T13:30:00+08:00,2026-03-19,89.0,2026-03-23,86.8,-0.024719101123595544,-0.03041637576565759,gru,test,0,0.3457793891429901,0.3105566203594208,0.3436639606952667,SELL
2881,2026-03-19,2026-03-19T13:30:00+08:00,2026-03-20,87.5,2026-03-24,87.1,-0.004571428571428671,-0.010386399380882372,gru,test,0,0.34894800186157227,0.30024605989456177,0.3508059084415436,BUY
2881,2026-03-20,2026-03-20T13:30:00+08:00,2026-03-23,85.8,2026-03-25,88.8,0.034965034965035,0.02891910496074579,gru,test,2,0.34439796209335327,0.35195192694664,0.3036500811576843,HOLD
2881,2026-03-23,2026-03-23T13:30:00+08:00,2026-03-24,87.3,2026-03-26,88.6,0.014891179839633395,0.0089625147852741,gru,test,1,0.32666513323783875,0.3559522032737732,0.31738266348838806,HOLD
2881,2026-03-24,2026-03-24T13:30:00+08:00,2026-03-25,89.2,2026-03-27,87.7,-0.01681614349775784,-0.02255958465464747,gru,test,0,0.35657399892807007,0.334794819355011,0.30863118171691895,SELL
2881,2026-03-25,2026-03-25T13:30:00+08:00,2026-03-26,89.2,2026-03-30,86.4,-0.03139013452914796,-0.037048439158056334,gru,test,0,0.3996720612049103,0.302854984998703,0.2974730134010315,SELL
2881,2026-03-26,2026-03-26T13:30:00+08:00,2026-03-27,87.8,2026-03-31,86.0,-0.02050113895216399,-0.026223053560976206,gru,test,0,0.37526869773864746,0.26707687973976135,0.3576544225215912,SELL
2881,2026-03-27,2026-03-27T13:30:00+08:00,2026-03-30,86.2,2026-04-01,87.8,0.01856148491879339,0.012611379132763778,gru,test,2,0.36331015825271606,0.27559903264045715,0.3610908091068268,SELL
2881,2026-03-30,2026-03-30T13:30:00+08:00,2026-03-31,85.8,2026-04-02,87.8,0.02331002331002341,0.01733217810307952,gru,test,2,0.3450410068035126,0.3078419864177704,0.34711703658103943,BUY
2881,2026-03-31,2026-03-31T13:30:00+08:00,2026-04-01,87.6,2026-04-07,87.7,0.0011415525114155667,-0.00470679168030308,gru,test,1,0.3362175524234772,0.2939399778842926,0.3698424696922302,BUY
2881,2026-04-01,2026-04-01T13:30:00+08:00,2026-04-02,88.1,2026-04-08,89.2,0.012485811577752637,0.006571197904507109,gru,test,1,0.33786916732788086,0.31137901544570923,0.3507518172264099,BUY
2881,2026-04-02,2026-04-02T13:30:00+08:00,2026-04-07,87.9,2026-04-09,88.5,0.0068259385665527805,0.000944388035445165,gru,test,1,0.36390334367752075,0.326847106218338,0.3092495799064636,SELL
2881,2026-04-07,2026-04-07T13:30:00+08:00,2026-04-08,89.2,2026-04-10,87.6,-0.017937219730941756,-0.023674111924140484,gru,test,0,0.35448238253593445,0.27785810828208923,0.36765944957733154,BUY
2881,2026-04-08,2026-04-08T13:30:00+08:00,2026-04-09,89.2,2026-04-13,86.7,-0.028026905829596438,-0.03370485734957729,gru,test,0,0.37158313393592834,0.2946625053882599,0.33375439047813416,SELL
2881,2026-04-09,2026-04-09T13:30:00+08:00,2026-04-10,87.5,2026-04-14,87.6,0.0011428571428571122,-0.004705494670095289,gru,test,1,0.36816731095314026,0.3030793368816376,0.3287533223628998,SELL
2881,2026-04-10,2026-04-10T13:30:00+08:00,2026-04-13,87.5,2026-04-15,87.5,0.0,-0.005841675612252573,gru,test,1,0.37052121758461,0.3195216953754425,0.30995702743530273,SELL
2881,2026-04-13,2026-04-13T13:30:00+08:00,2026-04-14,86.7,2026-04-16,87.9,0.01384083044982698,0.007918301195882327,gru,test,1,0.3194842040538788,0.31451839208602905,0.3659973740577698,BUY
2881,2026-04-14,2026-04-14T13:30:00+08:00,2026-04-15,88.0,2026-04-17,88.0,0.0,-0.005841675612252462,gru,test,1,0.40075474977493286,0.298946738243103,0.3002984821796417,SELL
2881,2026-04-15,2026-04-15T13:30:00+08:00,2026-04-16,87.3,2026-04-20,87.2,-0.001145475372279381,-0.006980459488985402,gru,test,1,0.3271520733833313,0.29399800300598145,0.37884992361068726,BUY
2881,2026-04-16,2026-04-16T13:30:00+08:00,2026-04-17,88.0,2026-04-21,87.7,-0.003409090909090917,-0.009230851718119881,gru,test,1,0.34259507060050964,0.2737830579280853,0.38362184166908264,BUY
2881,2026-04-17,2026-04-17T13:30:00+08:00,2026-04-20,87.9,2026-04-22,88.3,0.004550625711035261,-0.0013176331804539698,gru,test,1,0.38850638270378113,0.2795352637767792,0.3319582939147949,SELL
2881,2026-04-20,2026-04-20T13:30:00+08:00,2026-04-21,88.1,2026-04-23,88.3,0.002270147559591429,-0.0035847895182961054,gru,test,1,0.29907482862472534,0.3076747953891754,0.39325037598609924,BUY
2881,2026-04-21,2026-04-21T13:30:00+08:00,2026-04-22,87.8,2026-04-24,87.8,0.0,-0.005841675612252462,gru,test,1,0.3758782148361206,0.2914814352989197,0.3326403796672821,SELL
2881,2026-04-22,2026-04-22T13:30:00+08:00,2026-04-23,88.2,2026-04-27,87.9,-0.003401360544217691,-0.009223166511530656,gru,test,1,0.3513683080673218,0.32405051589012146,0.3245811462402344,SELL
2881,2026-04-23,2026-04-23T13:30:00+08:00,2026-04-24,88.2,2026-04-28,88.6,0.0045351473922901064,-0.0013330210798819797,gru,test,1,0.35929298400878906,0.31326213479042053,0.3274449110031128,SELL
2881,2026-04-24,2026-04-24T13:30:00+08:00,2026-04-27,87.5,2026-04-29,91.3,0.04342857142857137,0.03733320018972952,gru,test,2,0.32139620184898376,0.2976970672607422,0.3809067904949188,BUY
2881,2026-04-27,2026-04-27T13:30:00+08:00,2026-04-28,88.5,2026-04-30,90.0,0.016949152542372836,0.0110084654790652,gru,test,2,0.3394135534763336,0.3241119384765625,0.33647453784942627,SELL
2881,2026-04-28,2026-04-28T13:30:00+08:00,2026-04-29,89.4,2026-05-04,91.0,0.017897091722594904,0.011950867106096164,gru,test,2,0.3527621030807495,0.3257105052471161,0.3215274214744568,SELL
2881,2026-04-29,2026-04-29T13:30:00+08:00,2026-04-30,90.4,2026-05-05,92.2,0.019911504424778625,0.013953512262724788,gru,test,2,0.4110123813152313,0.282355934381485,0.3066316843032837,SELL
2881,2026-04-30,2026-04-30T13:30:00+08:00,2026-05-04,91.8,2026-05-06,92.8,0.01089324618736387,0.00498793576452039,gru,test,1,0.3340044915676117,0.32013511657714844,0.34586039185523987,BUY
2881,2026-05-04,2026-05-04T13:30:00+08:00,2026-05-05,91.5,2026-05-07,94.5,0.032786885245901676,0.026753679285706378,gru,test,2,0.34477564692497253,0.30477696657180786,0.350447416305542,BUY
2881,2026-05-05,2026-05-05T13:30:00+08:00,2026-05-06,93.0,2026-05-08,96.7,0.03978494623655915,0.033710859874141796,gru,test,2,0.33524176478385925,0.32934126257896423,0.3354169726371765,BUY
2881,2026-05-06,2026-05-06T13:30:00+08:00,2026-05-07,93.3,2026-05-11,95.5,0.023579849946409492,0.017600428499784382,gru,test,2,0.36241549253463745,0.3099348545074463,0.32764971256256104,SELL
2881,2026-05-07,2026-05-07T13:30:00+08:00,2026-05-08,94.5,2026-05-12,93.7,-0.008465608465608399,-0.014257830739344723,gru,test,0,0.3488565683364868,0.34608861804008484,0.30505475401878357,SELL
2881,2026-05-08,2026-05-08T13:30:00+08:00,2026-05-11,96.7,2026-05-13,94.7,-0.020682523267838704,-0.026403378288317736,gru,test,0,0.3196946680545807,0.34694382548332214,0.33336153626441956,HOLD
2881,2026-05-11,2026-05-11T13:30:00+08:00,2026-05-12,96.0,2026-05-14,94.6,-0.014583333333333393,-0.02033981784290717,gru,test,0,0.3232853412628174,0.31037524342536926,0.3663393557071686,BUY
2881,2026-05-12,2026-05-12T13:30:00+08:00,2026-05-13,93.5,2026-05-15,96.1,0.027807486631016065,0.02180336870227295,gru,test,2,0.307895302772522,0.37916338443756104,0.31294122338294983,HOLD
2881,2026-05-13,2026-05-13T13:30:00+08:00,2026-05-14,93.9,2026-05-18,95.2,0.013844515441959526,0.007921964661486092,gru,test,1,0.345556378364563,0.3360842764377594,0.3183593451976776,SELL
2881,2026-05-14,2026-05-14T13:30:00+08:00,2026-05-15,96.5,2026-05-19,97.2,0.007253886010362809,0.0013698355491094105,gru,test,1,0.36208733916282654,0.315937876701355,0.3219746947288513,SELL
2881,2026-05-15,2026-05-15T13:30:00+08:00,2026-05-18,96.3,2026-05-20,95.8,-0.005192107995846351,-0.01100345299744332,gru,test,0,0.3921377658843994,0.27054113149642944,0.33732104301452637,SELL
2881,2026-05-18,2026-05-18T13:30:00+08:00,2026-05-19,95.7,2026-05-21,96.1,0.004179728317659226,-0.0016863639115723972,gru,test,1,0.33324161171913147,0.31481531262397766,0.35194307565689087,BUY
2881,2026-05-19,2026-05-19T13:30:00+08:00,2026-05-20,97.1,2026-05-22,95.1,-0.02059732234809475,-0.026318675084708754,gru,test,0,0.38717228174209595,0.2912312150001526,0.3215964734554291,SELL
2881,2026-05-20,2026-05-20T13:30:00+08:00,2026-05-21,96.5,2026-05-25,97.7,0.012435233160621895,0.006520914950082224,gru,test,1,0.35281383991241455,0.3198142945766449,0.3273718059062958,SELL
2881,2026-05-21,2026-05-21T13:30:00+08:00,2026-05-22,95.4,2026-05-26,103.5,0.08490566037735836,0.07856799343953713,gru,test,2,0.3416861593723297,0.31386661529541016,0.34444722533226013,BUY
2881,2026-05-22,2026-05-22T13:30:00+08:00,2026-05-25,95.4,2026-05-27,110.0,0.1530398322851152,0.14630414761689936,gru,test,2,0.3460455536842346,0.32919183373451233,0.32476261258125305,SELL
2881,2026-05-25,2026-05-25T13:30:00+08:00,2026-05-26,97.8,2026-05-28,110.0,0.12474437627811863,0.11817398448519656,gru,test,2,0.3687053322792053,0.2315649688243866,0.3997296690940857,BUY
2881,2026-05-26,2026-05-26T13:30:00+08:00,2026-05-27,104.5,2026-05-29,110.0,0.05263157894736836,0.04648244672394464,gru,test,2,0.39333948493003845,0.24374952912330627,0.3629109859466553,SELL
2881,2026-05-27,2026-05-27T13:30:00+08:00,2026-05-28,110.0,2026-06-01,110.5,0.00454545454545463,-0.0013227741377628277,gru,test,1,0.33417895436286926,0.25025665760040283,0.4155643582344055,BUY
2881,2026-05-28,2026-05-28T13:30:00+08:00,2026-05-29,110.5,2026-06-02,113.5,0.02714932126696823,0.02114904812678131,gru,test,2,0.33241137862205505,0.24701635539531708,0.42057231068611145,BUY
2881,2026-05-29,2026-05-29T13:30:00+08:00,2026-06-01,109.5,2026-06-03,113.0,0.03196347031963476,0.02593507448233301,gru,test,2,0.3379254937171936,0.28585031628608704,0.37622421979904175,BUY
2881,2026-06-01,2026-06-01T13:30:00+08:00,2026-06-02,110.5,2026-06-04,114.0,0.03167420814479649,0.02564750208328692,gru,test,2,0.4128156006336212,0.3442532420158386,0.24293118715286255,SELL
2881,2026-06-02,2026-06-02T13:30:00+08:00,2026-06-03,115.5,2026-06-05,118.0,0.02164502164502169,0.015676902837698847,gru,test,2,0.37303709983825684,0.2397129386663437,0.38724997639656067,BUY
2881,2026-06-03,2026-06-03T13:30:00+08:00,2026-06-04,113.5,2026-06-08,116.0,0.022026431718061623,0.016056084836816753,gru,test,2,0.33484983444213867,0.27034854888916016,0.39480164647102356,BUY
2881,2026-06-04,2026-06-04T13:30:00+08:00,2026-06-05,114.0,2026-06-09,125.0,0.09649122807017552,0.09008588200410883,gru,test,2,0.3347793519496918,0.24897687137126923,0.4162437915802002,BUY
2881,2026-06-05,2026-06-05T13:30:00+08:00,2026-06-08,112.0,2026-06-10,122.5,0.09375,0.08736066729909875,gru,test,2,0.41863855719566345,0.31058695912361145,0.2707745432853699,SELL
2881,2026-06-08,2026-06-08T13:30:00+08:00,2026-06-09,115.0,2026-06-11,125.5,0.09130434782608687,0.084929301831846,gru,test,2,0.3759487271308899,0.32782939076423645,0.29622188210487366,SELL
2881,2026-06-09,2026-06-09T13:30:00+08:00,2026-06-10,124.0,2026-06-12,122.0,-0.016129032258064502,-0.02187648729592584,gru,test,0,0.3327784538269043,0.38294172286987305,0.28427985310554504,HOLD
2881,2026-06-10,2026-06-10T13:30:00+08:00,2026-06-11,125.0,2026-06-15,127.5,0.020000000000000018,0.014041490875502438,gru,test,2,0.3394657373428345,0.3358269929885864,0.3247072398662567,SELL
2881,2026-06-11,2026-06-11T13:30:00+08:00,2026-06-12,127.0,2026-06-16,132.0,0.03937007874015741,0.03329841589907612,gru,test,2,0.3944198489189148,0.3246106803417206,0.28096944093704224,SELL
2881,2026-06-12,2026-06-12T13:30:00+08:00,2026-06-15,126.0,2026-06-17,135.5,0.07539682539682535,0.06911470598841074,gru,test,2,0.35428670048713684,0.2540441155433655,0.39166921377182007,BUY
2881,2026-06-15,2026-06-15T13:30:00+08:00,2026-06-16,128.5,2026-06-18,138.0,0.07392996108949412,0.0676564106265305,gru,test,2,0.32795804738998413,0.2667430639266968,0.4052988588809967,BUY
2881,2026-06-16,2026-06-16T13:30:00+08:00,2026-06-17,133.0,2026-06-22,138.5,0.041353383458646586,0.03527013479475949,gru,test,2,0.38427498936653137,0.33359283208847046,0.282132089138031,SELL
2881,2026-06-17,2026-06-17T13:30:00+08:00,2026-06-18,137.0,2026-06-23,137.5,0.0036496350364962904,-0.0022133605597425277,gru,test,1,0.38737159967422485,0.26091456413269043,0.3517138659954071,SELL
2881,2026-06-18,2026-06-18T13:30:00+08:00,2026-06-22,139.5,2026-06-24,134.5,-0.03584229390681004,-0.04147459046486013,gru,test,0,0.37427008152008057,0.27958258986473083,0.3461473882198334,SELL
2881,2026-06-22,2026-06-22T13:30:00+08:00,2026-06-23,137.0,2026-06-25,136.0,-0.007299270072992692,-0.013098305717272551,gru,test,0,0.3096455931663513,0.31258293986320496,0.3777714967727661,BUY
2881,2026-06-23,2026-06-23T13:30:00+08:00,2026-06-24,135.5,2026-06-26,134.0,-0.011070110701106972,-0.016847118317651955,gru,test,0,0.34087783098220825,0.32872655987739563,0.33039557933807373,SELL
2881,2026-06-24,2026-06-24T13:30:00+08:00,2026-06-25,133.5,2026-06-29,128.5,-0.03745318352059923,-0.0430760697840783,gru,test,0,0.31259655952453613,0.33489495515823364,0.35250842571258545,BUY
2881,2026-06-25,2026-06-25T13:30:00+08:00,2026-06-26,136.0,2026-06-30,129.5,-0.047794117647058876,-0.05335659552784344,gru,test,0,0.41010886430740356,0.3209103047847748,0.26898086071014404,SELL
2882,2026-01-02,2026-01-02T13:30:00+08:00,2026-01-05,75.0,2026-01-07,75.6,0.008000000000000007,0.0021115909828492985,gru,test,1,0.3608246445655823,0.30701786279678345,0.3321574926376343,SELL
2882,2026-01-05,2026-01-05T13:30:00+08:00,2026-01-06,76.1,2026-01-08,76.4,0.003942181340341744,-0.001922523216505656,gru,test,1,0.3845498859882355,0.30214637517929077,0.31330370903015137,SELL
2882,2026-01-06,2026-01-06T13:30:00+08:00,2026-01-07,76.5,2026-01-09,75.9,-0.007843137254901933,-0.013638995803529008,gru,test,0,0.3803250789642334,0.3018643260002136,0.31781062483787537,SELL
2882,2026-01-07,2026-01-07T13:30:00+08:00,2026-01-08,75.6,2026-01-12,76.1,0.006613756613756516,0.000733445580788139,gru,test,1,0.3856194317340851,0.26306644082069397,0.35131406784057617,SELL
2882,2026-01-08,2026-01-08T13:30:00+08:00,2026-01-09,76.5,2026-01-13,77.4,0.011764705882353121,0.005854304674662192,gru,test,1,0.42967623472213745,0.2870215177536011,0.2833021879196167,SELL
2882,2026-01-09,2026-01-09T13:30:00+08:00,2026-01-12,76.4,2026-01-14,74.7,-0.022251308900523625,-0.027962999584231096,gru,test,0,0.3736109435558319,0.29971709847450256,0.3266719877719879,SELL
2882,2026-01-12,2026-01-12T13:30:00+08:00,2026-01-13,76.2,2026-01-15,75.2,-0.013123359580052507,-0.018888372782695617,gru,test,0,0.3484037220478058,0.3057013750076294,0.34589487314224243,SELL
2882,2026-01-13,2026-01-13T13:30:00+08:00,2026-01-14,77.5,2026-01-16,76.2,-0.01677419354838705,-0.022517879763272908,gru,test,0,0.37663689255714417,0.31313925981521606,0.31022390723228455,SELL
2882,2026-01-14,2026-01-14T13:30:00+08:00,2026-01-15,74.9,2026-01-19,77.4,0.03337783711615483,0.027341179006830973,gru,test,2,0.30898451805114746,0.2898092567920685,0.4012061655521393,BUY
2882,2026-01-15,2026-01-15T13:30:00+08:00,2026-01-16,75.6,2026-01-20,76.6,0.013227513227513255,0.007308566773828851,gru,test,1,0.39933958649635315,0.2959544360637665,0.30470600724220276,SELL
2882,2026-01-16,2026-01-16T13:30:00+08:00,2026-01-19,76.2,2026-01-21,75.7,-0.006561679790026198,-0.012365024197474095,gru,test,0,0.3779177963733673,0.3237316310405731,0.29835063219070435,SELL
2882,2026-01-19,2026-01-19T13:30:00+08:00,2026-01-20,76.9,2026-01-22,75.6,-0.016905071521456594,-0.022647993189678917,gru,test,0,0.33987540006637573,0.3069450259208679,0.35317957401275635,BUY
2882,2026-01-20,2026-01-20T13:30:00+08:00,2026-01-21,76.6,2026-01-23,76.6,0.0,-0.005841675612252573,gru,test,1,0.34508225321769714,0.26965662837028503,0.3852611184120178,BUY
2882,2026-01-21,2026-01-21T13:30:00+08:00,2026-01-22,76.0,2026-01-26,77.1,0.014473684210526194,0.008547458030201627,gru,test,1,0.36465945839881897,0.2996854782104492,0.3356550335884094,SELL
2882,2026-01-22,2026-01-22T13:30:00+08:00,2026-01-23,75.9,2026-01-27,75.9,0.0,-0.005841675612252684,gru,test,1,0.3737436532974243,0.286007821559906,0.34024858474731445,SELL
2882,2026-01-23,2026-01-23T13:30:00+08:00,2026-01-26,76.6,2026-01-28,75.8,-0.010443864229764954,-0.016224530175048768,gru,test,0,0.40669941902160645,0.2837425470352173,0.30955809354782104,SELL
2882,2026-01-26,2026-01-26T13:30:00+08:00,2026-01-27,77.0,2026-01-29,76.4,-0.007792207792207684,-0.013588363854234897,gru,test,0,0.36440014839172363,0.2969191372394562,0.3386806845664978,SELL
2882,2026-01-27,2026-01-27T13:30:00+08:00,2026-01-28,76.1,2026-01-30,75.4,-0.009198423127463662,-0.014986364535661378,gru,test,0,0.38715291023254395,0.2747777998447418,0.33806923031806946,SELL
2882,2026-01-28,2026-01-28T13:30:00+08:00,2026-01-29,75.4,2026-02-02,74.3,-0.01458885941644572,-0.02034531164443465,gru,test,0,0.378732830286026,0.2858940362930298,0.3353731334209442,SELL
2882,2026-01-29,2026-01-29T13:30:00+08:00,2026-01-30,76.1,2026-02-03,74.7,-0.018396846254927657,-0.024131053459070295,gru,test,0,0.38705021142959595,0.30344662070274353,0.3095031976699829,SELL
2882,2026-01-30,2026-01-30T13:30:00+08:00,2026-02-02,75.7,2026-02-04,76.2,0.006605019815059343,0.0007247598196347127,gru,test,1,0.3792748749256134,0.2804906666278839,0.3402344882488251,SELL
2882,2026-02-02,2026-02-02T13:30:00+08:00,2026-02-03,74.9,2026-02-05,76.0,0.014686248331108098,0.008758780420144108,gru,test,1,0.3621685206890106,0.26940158009529114,0.36842989921569824,BUY
2882,2026-02-03,2026-02-03T13:30:00+08:00,2026-02-04,75.0,2026-02-06,75.7,0.009333333333333416,0.003437135415366388,gru,test,1,0.36551371216773987,0.3175109624862671,0.31697529554367065,SELL
2882,2026-02-04,2026-02-04T13:30:00+08:00,2026-02-05,75.8,2026-02-09,77.2,0.018469656992084582,0.012520087635014665,gru,test,2,0.3845173120498657,0.3173748254776001,0.29810789227485657,SELL
2882,2026-02-05,2026-02-05T13:30:00+08:00,2026-02-06,75.9,2026-02-10,77.9,0.026350461133069825,0.020354854674644596,gru,test,2,0.36649397015571594,0.3301762342453003,0.30332979559898376,SELL
2882,2026-02-06,2026-02-06T13:30:00+08:00,2026-02-09,76.2,2026-02-11,78.8,0.034120734908136496,0.02807973703089872,gru,test,2,0.34348082542419434,0.28751140832901,0.36900776624679565,BUY
2882,2026-02-09,2026-02-09T13:30:00+08:00,2026-02-10,77.5,2026-02-23,79.6,0.02709677419354839,0.021096808016318525,gru,test,2,0.3344525694847107,0.32209691405296326,0.34345048666000366,BUY
2882,2026-02-10,2026-02-10T13:30:00+08:00,2026-02-11,78.4,2026-02-24,78.2,-0.0025510204081633514,-0.008377793786711218,gru,test,1,0.33551815152168274,0.32468485832214355,0.3397969901561737,BUY
2882,2026-02-11,2026-02-11T13:30:00+08:00,2026-02-23,81.4,2026-02-25,76.9,-0.055282555282555323,-0.060801288139830656,gru,test,0,0.3621862232685089,0.33657020330429077,0.3012436628341675,SELL
2882,2026-02-23,2026-02-23T13:30:00+08:00,2026-02-24,79.2,2026-02-26,79.7,0.0063131313131312705,0.0004345764356499249,gru,test,1,0.36886343359947205,0.3333277106285095,0.2978088855743408,SELL
2882,2026-02-24,2026-02-24T13:30:00+08:00,2026-02-25,78.2,2026-03-02,77.9,-0.0038363171355498826,-0.009655582227550696,gru,test,1,0.34038424491882324,0.279489666223526,0.38012608885765076,BUY
2882,2026-02-25,2026-02-25T13:30:00+08:00,2026-02-26,77.0,2026-03-03,77.6,0.007792207792207684,0.001905012629729974,gru,test,1,0.31659361720085144,0.35920941829681396,0.324196994304657,HOLD
2882,2026-02-26,2026-02-26T13:30:00+08:00,2026-03-02,79.4,2026-03-04,73.2,-0.07808564231738035,-0.08347116693724044,gru,test,0,0.3474734425544739,0.3359745442867279,0.316552072763443,SELL
2882,2026-03-02,2026-03-02T13:30:00+08:00,2026-03-03,77.3,2026-03-05,73.6,-0.04786545924967667,-0.0534275203759611,gru,test,0,0.3449627161026001,0.34258002042770386,0.31245726346969604,SELL
2882,2026-03-03,2026-03-03T13:30:00+08:00,2026-03-04,76.5,2026-03-06,73.0,-0.04575163398692805,-0.051326043394698595,gru,test,0,0.40340667963027954,0.285612553358078,0.3109807074069977,SELL
2882,2026-03-04,2026-03-04T13:30:00+08:00,2026-03-05,74.3,2026-03-09,70.0,-0.05787348586810226,-0.0633770833493631,gru,test,0,0.3291800618171692,0.3357098698616028,0.335110068321228,HOLD
2882,2026-03-05,2026-03-05T13:30:00+08:00,2026-03-06,73.0,2026-03-10,71.1,-0.026027397260274032,-0.03171702926070086,gru,test,0,0.38545671105384827,0.30674394965171814,0.30779939889907837,SELL
2882,2026-03-06,2026-03-06T13:30:00+08:00,2026-03-09,68.3,2026-03-11,71.8,0.051244509516837455,0.0451034801030783,gru,test,2,0.3898918330669403,0.2909258008003235,0.3191823661327362,SELL
2882,2026-03-09,2026-03-09T13:30:00+08:00,2026-03-10,71.6,2026-03-12,72.5,0.012569832402234749,0.006654727906587832,gru,test,1,0.3845553696155548,0.27274757623672485,0.34269705414772034,SELL
2882,2026-03-10,2026-03-10T13:30:00+08:00,2026-03-11,71.2,2026-03-13,71.7,0.0070224719101124045,0.00113977329496473,gru,test,1,0.3836921155452728,0.28460928797721863,0.33169856667518616,SELL
2882,2026-03-11,2026-03-11T13:30:00+08:00,2026-03-12,72.6,2026-03-16,72.4,-0.0027548209366389242,-0.008580403778609691,gru,test,1,0.3401019275188446,0.3154415190219879,0.34445658326148987,BUY
2882,2026-03-12,2026-03-12T13:30:00+08:00,2026-03-13,71.6,2026-03-17,73.2,0.022346368715083997,0.01637415286568622,gru,test,2,0.4176303446292877,0.2697383463382721,0.3126313388347626,SELL
2882,2026-03-13,2026-03-13T13:30:00+08:00,2026-03-16,72.2,2026-03-18,73.4,0.016620498614958512,0.010681731441283482,gru,test,2,0.34224945306777954,0.32434818148612976,0.3334023952484131,SELL
2882,2026-03-16,2026-03-16T13:30:00+08:00,2026-03-17,72.5,2026-03-19,71.6,-0.012413793103448367,-0.01818295136327286,gru,test,0,0.41108939051628113,0.3179165720939636,0.27099403738975525,SELL
2882,2026-03-17,2026-03-17T13:30:00+08:00,2026-03-18,74.2,2026-03-20,72.0,-0.02964959568733161,-0.03531806797954429,gru,test,0,0.38209211826324463,0.3151623010635376,0.3027455806732178,SELL
2882,2026-03-18,2026-03-18T13:30:00+08:00,2026-03-19,73.0,2026-03-23,71.7,-0.017808219178082174,-0.023545864950664575,gru,test,0,0.34505224227905273,0.32345709204673767,0.33149057626724243,SELL
2882,2026-03-19,2026-03-19T13:30:00+08:00,2026-03-20,71.3,2026-03-24,70.8,-0.007012622720897643,-0.012813332866023486,gru,test,0,0.3421989381313324,0.29281866550445557,0.36498236656188965,BUY
2882,2026-03-20,2026-03-20T13:30:00+08:00,2026-03-23,70.1,2026-03-25,71.4,0.018544935805991702,0.012594926694510455,gru,test,2,0.3049250543117523,0.337671160697937,0.35740378499031067,BUY
2882,2026-03-23,2026-03-23T13:30:00+08:00,2026-03-24,71.8,2026-03-26,70.8,-0.013927576601671321,-0.019687891829352044,gru,test,0,0.3506631851196289,0.37047654390335083,0.2788602113723755,HOLD
2882,2026-03-24,2026-03-24T13:30:00+08:00,2026-03-25,72.4,2026-03-27,70.6,-0.024861878453038777,-0.030558319036257497,gru,test,0,0.34955039620399475,0.3106130063533783,0.33983659744262695,SELL
2882,2026-03-25,2026-03-25T13:30:00+08:00,2026-03-26,71.4,2026-03-30,70.4,-0.014005602240896309,-0.019765461668103335,gru,test,0,0.37869009375572205,0.27969929575920105,0.3416106104850769,SELL
2882,2026-03-26,2026-03-26T13:30:00+08:00,2026-03-27,70.4,2026-03-31,70.3,-0.0014204545454546968,-0.007253832323030562,gru,test,1,0.3285081088542938,0.30666986107826233,0.36482203006744385,BUY
2882,2026-03-27,2026-03-27T13:30:00+08:00,2026-03-30,69.1,2026-04-01,71.9,0.0405209840810421,0.034442598024299054,gru,test,2,0.3110692501068115,0.30032557249069214,0.38860517740249634,BUY
2882,2026-03-30,2026-03-30T13:30:00+08:00,2026-03-31,69.8,2026-04-02,71.8,0.02865329512893977,0.02264423626132195,gru,test,2,0.33937907218933105,0.3288719356060028,0.33174893260002136,SELL
2882,2026-03-31,2026-03-31T13:30:00+08:00,2026-04-01,71.6,2026-04-07,71.9,0.0041899441340784715,-0.0016762077726388824,gru,test,1,0.3149707019329071,0.3136082589626312,0.37142109870910645,BUY
2882,2026-04-01,2026-04-01T13:30:00+08:00,2026-04-02,72.1,2026-04-08,73.8,0.023578363384188616,0.01759895062157768,gru,test,2,0.3362882137298584,0.3064664304256439,0.35724541544914246,BUY
2882,2026-04-02,2026-04-02T13:30:00+08:00,2026-04-07,72.2,2026-04-09,73.6,0.01939058171745134,0.013435632616872528,gru,test,2,0.3716229200363159,0.2971377372741699,0.33123934268951416,SELL
2882,2026-04-07,2026-04-07T13:30:00+08:00,2026-04-08,73.6,2026-04-10,72.9,-0.009510869565217184,-0.015296985762679238,gru,test,0,0.3447042405605316,0.3619787395000458,0.2933170795440674,HOLD
2882,2026-04-08,2026-04-08T13:30:00+08:00,2026-04-09,74.3,2026-04-13,72.0,-0.030955585464333746,-0.03661642858791636,gru,test,0,0.39927297830581665,0.30535149574279785,0.2953755259513855,SELL
2882,2026-04-09,2026-04-09T13:30:00+08:00,2026-04-10,73.9,2026-04-14,72.7,-0.016238159675236896,-0.02198497722612658,gru,test,0,0.3549649119377136,0.24652734398841858,0.3985077142715454,BUY
2882,2026-04-10,2026-04-10T13:30:00+08:00,2026-04-13,72.6,2026-04-15,72.9,0.004132231404958775,-0.001733583362716118,gru,test,1,0.3696046471595764,0.28521859645843506,0.34517669677734375,SELL
2882,2026-04-13,2026-04-13T13:30:00+08:00,2026-04-14,71.5,2026-04-16,74.2,0.03776223776223775,0.03169996740658543,gru,test,2,0.38427862524986267,0.28738173842430115,0.3283396065235138,SELL
2882,2026-04-14,2026-04-14T13:30:00+08:00,2026-04-15,72.9,2026-04-17,75.0,0.028806584362139898,0.022796630028546705,gru,test,2,0.4164654016494751,0.2804124057292938,0.3031221032142639,SELL
2882,2026-04-15,2026-04-15T13:30:00+08:00,2026-04-16,73.0,2026-04-20,74.6,0.021917808219177992,0.015948095881177293,gru,test,2,0.3223755359649658,0.26599156856536865,0.41163283586502075,BUY
2882,2026-04-16,2026-04-16T13:30:00+08:00,2026-04-17,74.2,2026-04-21,75.5,0.017520215633423097,0.011576192604783486,gru,test,2,0.32781320810317993,0.27448979020118713,0.3976970613002777,BUY
2882,2026-04-17,2026-04-17T13:30:00+08:00,2026-04-20,74.8,2026-04-22,75.9,0.014705882352941346,0.008778299746390994,gru,test,1,0.36565011739730835,0.24500854313373566,0.3893413543701172,BUY
2882,2026-04-20,2026-04-20T13:30:00+08:00,2026-04-21,75.4,2026-04-23,74.8,-0.007957559681697757,-0.013752749811624665,gru,test,0,0.3430638015270233,0.3060882091522217,0.35084789991378784,BUY
2882,2026-04-21,2026-04-21T13:30:00+08:00,2026-04-22,75.5,2026-04-24,74.9,-0.007947019867549643,-0.013742271567651732,gru,test,0,0.3722112774848938,0.2725023925304413,0.3552863299846649,SELL
2882,2026-04-22,2026-04-22T13:30:00+08:00,2026-04-23,75.1,2026-04-27,74.5,-0.00798934753661773,-0.013784351972207731,gru,test,0,0.36216431856155396,0.31431758403778076,0.3235180974006653,SELL
2882,2026-04-23,2026-04-23T13:30:00+08:00,2026-04-24,74.5,2026-04-28,74.7,0.0026845637583892135,-0.003172794204500007,gru,test,1,0.39830124378204346,0.30944931507110596,0.29224950075149536,SELL
2882,2026-04-24,2026-04-24T13:30:00+08:00,2026-04-27,74.1,2026-04-29,78.6,0.06072874493927127,0.054532311698744396,gru,test,2,0.36877185106277466,0.31815746426582336,0.3130706548690796,SELL
2882,2026-04-27,2026-04-27T13:30:00+08:00,2026-04-28,74.5,2026-04-30,77.2,0.03624161073825505,0.030188223392404234,gru,test,2,0.3735857605934143,0.3101191222667694,0.3162950873374939,SELL
2882,2026-04-28,2026-04-28T13:30:00+08:00,2026-04-29,75.9,2026-05-04,76.2,0.0039525691699604515,-0.0019121960692181084,gru,test,1,0.33460187911987305,0.31568771600723267,0.3497103452682495,BUY
2882,2026-04-29,2026-04-29T13:30:00+08:00,2026-04-30,78.0,2026-05-05,77.2,-0.01025641025641022,-0.016038171246998578,gru,test,0,0.4505790174007416,0.2980460524559021,0.2513749301433563,SELL
2882,2026-04-30,2026-04-30T13:30:00+08:00,2026-05-04,77.8,2026-05-06,78.7,0.011568123393316254,0.0056588705567575115,gru,test,1,0.3234182298183441,0.28764310479164124,0.38893866539001465,BUY
2882,2026-05-04,2026-05-04T13:30:00+08:00,2026-05-05,76.2,2026-05-07,79.0,0.03674540682414684,0.03068907646498742,gru,test,2,0.32808026671409607,0.3005255460739136,0.37139424681663513,BUY
2882,2026-05-05,2026-05-05T13:30:00+08:00,2026-05-06,77.7,2026-05-08,80.0,0.029601029601029616,0.02358643437605923,gru,test,2,0.3398858606815338,0.31212902069091797,0.34798508882522583,BUY
2882,2026-05-06,2026-05-06T13:30:00+08:00,2026-05-07,78.5,2026-05-11,78.4,-0.00127388535031836,-0.007108119337587149,gru,test,1,0.37261083722114563,0.3132161796092987,0.31417298316955566,SELL
2882,2026-05-07,2026-05-07T13:30:00+08:00,2026-05-08,79.5,2026-05-12,76.4,-0.03899371069182378,-0.04460759769529676,gru,test,0,0.35363543033599854,0.33048734068870544,0.3158772587776184,SELL
2882,2026-05-08,2026-05-08T13:30:00+08:00,2026-05-11,79.6,2026-05-13,77.3,-0.028894472361808976,-0.03456735583953652,gru,test,0,0.3499715030193329,0.28100574016571045,0.36902278661727905,BUY
2882,2026-05-11,2026-05-11T13:30:00+08:00,2026-05-12,78.7,2026-05-14,76.7,-0.02541296060991105,-0.031106181949933642,gru,test,0,0.3298063278198242,0.2990645170211792,0.3711291253566742,BUY
2882,2026-05-12,2026-05-12T13:30:00+08:00,2026-05-13,76.6,2026-05-15,77.9,0.016971279373368287,0.011030463052291717,gru,test,2,0.3473776578903198,0.3398672938346863,0.3127550184726715,SELL
2882,2026-05-13,2026-05-13T13:30:00+08:00,2026-05-14,76.9,2026-05-18,76.8,-0.0013003901170351995,-0.007134469272054633,gru,test,1,0.3692990839481354,0.3482106626033783,0.28249025344848633,SELL
2882,2026-05-14,2026-05-14T13:30:00+08:00,2026-05-15,77.4,2026-05-19,77.8,0.0051679586563306845,-0.0007039064939698969,gru,test,1,0.3473605811595917,0.31219497323036194,0.3404444456100464,SELL
2882,2026-05-15,2026-05-15T13:30:00+08:00,2026-05-18,78.0,2026-05-20,77.9,-0.0012820512820511665,-0.007116237566595629,gru,test,1,0.40669554471969604,0.2657179832458496,0.32758650183677673,SELL
2882,2026-05-18,2026-05-18T13:30:00+08:00,2026-05-19,77.5,2026-05-21,78.7,0.015483870967742064,0.009551743604073959,gru,test,1,0.32884716987609863,0.3054242730140686,0.36572861671447754,BUY
2882,2026-05-19,2026-05-19T13:30:00+08:00,2026-05-20,78.0,2026-05-22,79.7,0.02179487179487194,0.01582587761158316,gru,test,2,0.3522852063179016,0.30282318592071533,0.34489157795906067,SELL
2882,2026-05-20,2026-05-20T13:30:00+08:00,2026-05-21,77.8,2026-05-25,81.5,0.04755784061696655,0.04143834752701059,gru,test,2,0.332428514957428,0.33453232049942017,0.33303916454315186,HOLD
2882,2026-05-21,2026-05-21T13:30:00+08:00,2026-05-22,78.5,2026-05-26,83.1,0.05859872611464967,0.05241473575314415,gru,test,2,0.35669344663619995,0.31959864497184753,0.3237078785896301,SELL
2882,2026-05-22,2026-05-22T13:30:00+08:00,2026-05-25,79.9,2026-05-27,85.4,0.06883604505632035,0.06259225159841852,gru,test,2,0.3736709654331207,0.33298805356025696,0.2933409512042999,SELL
2882,2026-05-25,2026-05-25T13:30:00+08:00,2026-05-26,80.6,2026-05-28,84.8,0.05210918114143914,0.04596310059653819,gru,test,2,0.35203424096107483,0.24544738233089447,0.4025183618068695,BUY
2882,2026-05-26,2026-05-26T13:30:00+08:00,2026-05-27,83.1,2026-05-29,85.7,0.03128760529482566,0.02526315764175635,gru,test,2,0.37844932079315186,0.23852814733982086,0.38302257657051086,BUY
2882,2026-05-27,2026-05-27T13:30:00+08:00,2026-05-28,85.4,2026-06-01,88.2,0.032786885245901676,0.026753679285706156,gru,test,2,0.32558587193489075,0.2561001777648926,0.4183139204978943,BUY
2882,2026-05-28,2026-05-28T13:30:00+08:00,2026-05-29,85.6,2026-06-02,89.2,0.0420560747663552,0.03596872120779282,gru,test,2,0.3059910237789154,0.2589779198169708,0.43503114581108093,BUY
2882,2026-05-29,2026-05-29T13:30:00+08:00,2026-06-01,86.6,2026-06-03,91.8,0.06004618937644346,0.05385374340410176,gru,test,2,0.3357572555541992,0.2712498605251312,0.39299291372299194,BUY
2882,2026-06-01,2026-06-01T13:30:00+08:00,2026-06-02,88.5,2026-06-04,94.4,0.06666666666666665,0.06043554601359724,gru,test,2,0.4405179023742676,0.33106276392936707,0.22841933369636536,SELL
2882,2026-06-02,2026-06-02T13:30:00+08:00,2026-06-03,89.9,2026-06-05,100.0,0.11234705228031139,0.1058490816326445,gru,test,2,0.3349922299385071,0.2558945119380951,0.4091132581233978,BUY
2882,2026-06-03,2026-06-03T13:30:00+08:00,2026-06-04,96.3,2026-06-08,95.0,-0.01349948078920038,-0.01926229681374858,gru,test,0,0.34432336688041687,0.32997024059295654,0.3257063329219818,SELL
2882,2026-06-04,2026-06-04T13:30:00+08:00,2026-06-05,94.4,2026-06-09,104.0,0.10169491525423724,0.09525917093565406,gru,test,2,0.4018167555332184,0.25946280360221863,0.3387204110622406,SELL
2882,2026-06-05,2026-06-05T13:30:00+08:00,2026-06-08,97.8,2026-06-10,99.9,0.021472392638036908,0.01550528227337411,gru,test,2,0.3801915645599365,0.2824341654777527,0.3373742997646332,SELL
2882,2026-06-08,2026-06-08T13:30:00+08:00,2026-06-09,95.3,2026-06-11,100.5,0.05456453305351516,0.04840410913923021,gru,test,2,0.29994869232177734,0.3275894224643707,0.3724619150161743,BUY
2882,2026-06-09,2026-06-09T13:30:00+08:00,2026-06-10,102.0,2026-06-12,100.5,-0.014705882352941124,-0.020461650970895917,gru,test,0,0.4177618622779846,0.2775883674621582,0.3046497702598572,SELL
2882,2026-06-10,2026-06-10T13:30:00+08:00,2026-06-11,101.0,2026-06-15,104.0,0.02970297029702973,0.023687779567581613,gru,test,2,0.39389291405677795,0.3759714365005493,0.23013563454151154,SELL
2882,2026-06-11,2026-06-11T13:30:00+08:00,2026-06-12,102.0,2026-06-16,109.5,0.07352941176470584,0.06725820118096415,gru,test,2,0.44362181425094604,0.3095242977142334,0.24685391783714294,SELL
2882,2026-06-12,2026-06-12T13:30:00+08:00,2026-06-15,105.0,2026-06-17,113.5,0.08095238095238089,0.07463780779056495,gru,test,2,0.3832548260688782,0.29364022612571716,0.3231048882007599,SELL
2882,2026-06-15,2026-06-15T13:30:00+08:00,2026-06-16,104.5,2026-06-18,115.5,0.10526315789473695,0.09880656906014207,gru,test,2,0.40104639530181885,0.2574947774410248,0.34145882725715637,SELL
2882,2026-06-16,2026-06-16T13:30:00+08:00,2026-06-17,110.0,2026-06-22,113.0,0.027272727272727337,0.021271733234685897,gru,test,2,0.40764564275741577,0.30121147632598877,0.29114285111427307,SELL
2882,2026-06-17,2026-06-17T13:30:00+08:00,2026-06-18,115.0,2026-06-23,113.5,-0.013043478260869601,-0.01880895810426675,gru,test,0,0.31015029549598694,0.26971378922462463,0.42013588547706604,BUY
2882,2026-06-18,2026-06-18T13:30:00+08:00,2026-06-22,117.0,2026-06-24,110.0,-0.05982905982905984,-0.0653212334816049,gru,test,0,0.3710116147994995,0.29832956194877625,0.33065879344940186,SELL
2882,2026-06-22,2026-06-22T13:30:00+08:00,2026-06-23,113.0,2026-06-25,111.5,-0.013274336283185861,-0.019038467528904035,gru,test,0,0.34545955061912537,0.3055878281593323,0.34895262122154236,BUY
2882,2026-06-23,2026-06-23T13:30:00+08:00,2026-06-24,110.5,2026-06-26,106.0,-0.040723981900452455,-0.04632776122080329,gru,test,0,0.34678980708122253,0.3405797779560089,0.31263041496276855,SELL
2882,2026-06-24,2026-06-24T13:30:00+08:00,2026-06-25,110.0,2026-06-29,101.5,-0.07727272727272727,-0.08266300067857857,gru,test,0,0.32385027408599854,0.33179765939712524,0.3443520665168762,BUY
2882,2026-06-25,2026-06-25T13:30:00+08:00,2026-06-26,110.5,2026-06-30,98.3,-0.11040723981900458,-0.11560395215099029,gru,test,0,0.33539292216300964,0.3700447082519531,0.2945623993873596,HOLD
