stock_code,signal_date,signal_time,entry_date,entry_open,target_date,target_close,future_gross_return,future_net_return,model,split,label,probability,signal
2002,2025-01-02,2025-01-02T13:30:00+08:00,2025-01-03,19.25,2025-01-07,18.95,-0.01558441558441559,-0.021335052096217444,random_forest,validation,0,0.30002917209118624,SELL
2002,2025-01-03,2025-01-03T13:30:00+08:00,2025-01-06,19.0,2025-01-08,18.9,-0.0052631578947369695,-0.011074087845872382,random_forest,validation,0,0.3386073068620042,SELL
2002,2025-01-06,2025-01-06T13:30:00+08:00,2025-01-07,19.25,2025-01-09,18.6,-0.033766233766233666,-0.03941065799417642,random_forest,validation,0,0.3769321281880901,SELL
2002,2025-01-07,2025-01-07T13:30:00+08:00,2025-01-08,18.95,2025-01-10,18.3,-0.03430079155672816,-0.03994209307146268,random_forest,validation,0,0.385672112084605,SELL
2002,2025-01-08,2025-01-08T13:30:00+08:00,2025-01-09,18.85,2025-01-13,18.1,-0.039787798408488007,-0.04539704660911248,random_forest,validation,0,0.4906719309212649,HOLD
2002,2025-01-09,2025-01-09T13:30:00+08:00,2025-01-10,18.55,2025-01-14,18.35,-0.010781671159029615,-0.016560363745813045,random_forest,validation,0,0.3368789551709001,SELL
2002,2025-01-10,2025-01-10T13:30:00+08:00,2025-01-13,18.25,2025-01-15,18.7,0.024657534246575352,0.018671817317856165,random_forest,validation,1,0.36419589949239517,SELL
2002,2025-01-13,2025-01-13T13:30:00+08:00,2025-01-14,18.1,2025-01-16,18.9,0.044198895027624197,0.03809902380820018,random_forest,validation,1,0.37657042801402063,SELL
2002,2025-01-14,2025-01-14T13:30:00+08:00,2025-01-15,18.35,2025-01-17,19.55,0.06539509536784727,0.05917140282182354,random_forest,validation,1,0.4310845049817494,SELL
2002,2025-01-15,2025-01-15T13:30:00+08:00,2025-01-16,19.0,2025-01-20,19.55,0.02894736842105261,0.022936591672656048,random_forest,validation,1,0.4874329004270625,HOLD
2002,2025-01-16,2025-01-16T13:30:00+08:00,2025-01-17,19.1,2025-01-21,20.1,0.05235602094240832,0.046208498439461954,random_forest,validation,1,0.4088520561418569,SELL
2002,2025-01-17,2025-01-17T13:30:00+08:00,2025-01-20,19.6,2025-01-22,20.15,0.028061224489795755,0.02205562430679109,random_forest,validation,1,0.49678536829227127,HOLD
2002,2025-01-20,2025-01-20T13:30:00+08:00,2025-01-21,19.7,2025-02-03,20.0,0.015228426395939021,0.009297791256596355,random_forest,validation,1,0.44645865466901297,SELL
2002,2025-01-21,2025-01-21T13:30:00+08:00,2025-01-22,20.3,2025-02-04,19.6,-0.03448275862068961,-0.04012299714286449,random_forest,validation,0,0.4748735745909758,HOLD
2002,2025-01-22,2025-01-22T13:30:00+08:00,2025-02-03,19.95,2025-02-05,19.6,-0.01754385964912275,-0.02328304972431816,random_forest,validation,0,0.4049968581557755,SELL
2002,2025-02-03,2025-02-03T13:30:00+08:00,2025-02-04,20.15,2025-02-06,19.9,-0.012406947890818865,-0.018176146138155214,random_forest,validation,0,0.382001495827395,SELL
2002,2025-02-04,2025-02-04T13:30:00+08:00,2025-02-05,19.8,2025-02-07,19.65,-0.00757575757575768,-0.01337317806973548,random_forest,validation,0,0.49809489813418345,HOLD
2002,2025-02-05,2025-02-05T13:30:00+08:00,2025-02-06,19.9,2025-02-10,20.05,0.007537688442211143,0.0016519800992131906,random_forest,validation,0,0.577162346372615,HOLD
2002,2025-02-06,2025-02-06T13:30:00+08:00,2025-02-07,19.9,2025-02-11,19.9,0.0,-0.005841675612252573,random_forest,validation,0,0.2928705665790553,SELL
2002,2025-02-07,2025-02-07T13:30:00+08:00,2025-02-10,19.65,2025-02-12,20.1,0.022900763358778775,0.016925308915711312,random_forest,validation,1,0.3346047125569711,SELL
2002,2025-02-10,2025-02-10T13:30:00+08:00,2025-02-11,20.15,2025-02-13,21.9,0.08684863523573205,0.08049961806906536,random_forest,validation,1,0.4914822664305775,HOLD
2002,2025-02-11,2025-02-11T13:30:00+08:00,2025-02-12,20.0,2025-02-14,23.25,0.1625000000000001,0.15570905210075647,random_forest,validation,1,0.4368438391704791,SELL
2002,2025-02-12,2025-02-12T13:30:00+08:00,2025-02-13,20.2,2025-02-17,22.85,0.1311881188118813,0.12458008476534821,random_forest,validation,1,0.37489042525179106,SELL
2002,2025-02-13,2025-02-13T13:30:00+08:00,2025-02-14,22.0,2025-02-18,22.4,0.018181818181818077,0.012233930285706407,random_forest,validation,1,0.6065584321511704,BUY
2002,2025-02-14,2025-02-14T13:30:00+08:00,2025-02-17,23.4,2025-02-19,22.35,-0.04487179487179471,-0.050451344014266764,random_forest,validation,0,0.512100484298932,HOLD
2002,2025-02-17,2025-02-17T13:30:00+08:00,2025-02-18,22.65,2025-02-20,22.65,0.0,-0.005841675612252462,random_forest,validation,0,0.4043661735647547,SELL
2002,2025-02-18,2025-02-18T13:30:00+08:00,2025-02-19,22.45,2025-02-21,23.0,0.024498886414253906,0.0185140962547079,random_forest,validation,1,0.40806816709074456,SELL
2002,2025-02-19,2025-02-19T13:30:00+08:00,2025-02-20,22.6,2025-02-24,23.2,0.0265486725663715,0.020551908221050352,random_forest,validation,1,0.41518654181462106,SELL
2002,2025-02-20,2025-02-20T13:30:00+08:00,2025-02-21,22.8,2025-02-25,23.9,0.048245614035087536,0.04212210319592824,random_forest,validation,1,0.428031634175007,SELL
2002,2025-02-21,2025-02-21T13:30:00+08:00,2025-02-24,22.95,2025-02-26,23.8,0.0370370370370372,0.0309790030687751,random_forest,validation,1,0.426129377607793,SELL
2002,2025-02-24,2025-02-24T13:30:00+08:00,2025-02-25,23.1,2025-02-27,24.35,0.054112554112554,0.04795477051262553,random_forest,validation,1,0.552549954572622,HOLD
2002,2025-02-25,2025-02-25T13:30:00+08:00,2025-02-26,23.95,2025-03-03,24.0,0.0020876826722338038,-0.003766188504971235,random_forest,validation,0,0.4721288175394824,HOLD
2002,2025-02-26,2025-02-26T13:30:00+08:00,2025-02-27,23.9,2025-03-04,23.6,-0.012552301255229992,-0.018320650395362237,random_forest,validation,0,0.46267383174011223,HOLD
2002,2025-02-27,2025-02-27T13:30:00+08:00,2025-03-03,23.6,2025-03-05,24.1,0.021186440677966045,0.015221000751894698,random_forest,validation,1,0.3855988627877991,SELL
2002,2025-03-03,2025-03-03T13:30:00+08:00,2025-03-04,23.75,2025-03-06,24.25,0.021052631578947434,0.015087973322226444,random_forest,validation,1,0.3447181082261564,SELL
2002,2025-03-04,2025-03-04T13:30:00+08:00,2025-03-05,23.6,2025-03-07,24.25,0.02754237288135597,0.021539803661138723,random_forest,validation,1,0.4650607561843064,HOLD
2002,2025-03-05,2025-03-05T13:30:00+08:00,2025-03-06,24.2,2025-03-10,24.7,0.02066115702479343,0.014698785635428147,random_forest,validation,1,0.34573319739826963,SELL
2002,2025-03-06,2025-03-06T13:30:00+08:00,2025-03-07,24.15,2025-03-11,24.3,0.006211180124223725,0.0003332208125161884,random_forest,validation,0,0.4339625135475792,SELL
2002,2025-03-07,2025-03-07T13:30:00+08:00,2025-03-10,24.35,2025-03-12,24.15,-0.008213552361396426,-0.014007247065129347,random_forest,validation,0,0.46111709941822776,HOLD
2002,2025-03-10,2025-03-10T13:30:00+08:00,2025-03-11,24.45,2025-03-13,23.7,-0.030674846625766916,-0.03633732973457604,random_forest,validation,0,0.4352434070896829,SELL
2002,2025-03-11,2025-03-11T13:30:00+08:00,2025-03-12,24.4,2025-03-14,24.3,-0.004098360655737654,-0.009916094974497414,random_forest,validation,0,0.46291435815107557,HOLD
2002,2025-03-12,2025-03-12T13:30:00+08:00,2025-03-13,24.15,2025-03-17,24.1,-0.0020703933747411307,-0.007899974420508604,random_forest,validation,0,0.43195288887229394,SELL
2002,2025-03-13,2025-03-13T13:30:00+08:00,2025-03-14,23.8,2025-03-18,24.15,0.014705882352941124,0.008778299746390772,random_forest,validation,1,0.45842954496458616,HOLD
2002,2025-03-14,2025-03-14T13:30:00+08:00,2025-03-17,24.2,2025-03-19,24.1,-0.004132231404958553,-0.009949767861788583,random_forest,validation,0,0.48320593097006004,HOLD
2002,2025-03-17,2025-03-17T13:30:00+08:00,2025-03-18,24.15,2025-03-20,24.35,0.008281573498964967,0.002391519620772442,random_forest,validation,0,0.40510519976198084,SELL
2002,2025-03-18,2025-03-18T13:30:00+08:00,2025-03-19,24.0,2025-03-21,23.8,-0.008333333333333304,-0.01412632831548366,random_forest,validation,0,0.3467704235326683,SELL
2002,2025-03-19,2025-03-19T13:30:00+08:00,2025-03-20,24.3,2025-03-24,23.7,-0.024691358024691468,-0.030388794732937652,random_forest,validation,0,0.3784957429487894,SELL
2002,2025-03-20,2025-03-20T13:30:00+08:00,2025-03-21,24.35,2025-03-25,23.1,-0.05133470225872694,-0.05687649719273247,random_forest,validation,0,0.3302279426912007,SELL
2002,2025-03-21,2025-03-21T13:30:00+08:00,2025-03-24,23.8,2025-03-26,23.2,-0.025210084033613467,-0.0309044905127841,random_forest,validation,0,0.5418413001935852,HOLD
2002,2025-03-24,2025-03-24T13:30:00+08:00,2025-03-25,23.9,2025-03-27,23.45,-0.01882845188284521,-0.024560137786917124,random_forest,validation,0,0.42491357809336855,SELL
2002,2025-03-25,2025-03-25T13:30:00+08:00,2025-03-26,23.1,2025-03-28,23.0,-0.0043290043290044045,-0.01014539130224279,random_forest,validation,0,0.48578212765992396,HOLD
2002,2025-03-26,2025-03-26T13:30:00+08:00,2025-03-27,23.1,2025-03-31,22.4,-0.030303030303030387,-0.035967685442184316,random_forest,validation,0,0.48409254857446643,HOLD
2002,2025-03-27,2025-03-27T13:30:00+08:00,2025-03-28,23.55,2025-04-01,22.95,-0.025477707006369532,-0.03117055011894687,random_forest,validation,0,0.52454444312971,HOLD
2002,2025-03-28,2025-03-28T13:30:00+08:00,2025-03-31,22.65,2025-04-02,22.85,0.008830022075055233,0.0029367643381914554,random_forest,validation,0,0.5060755220526029,HOLD
2002,2025-03-31,2025-03-31T13:30:00+08:00,2025-04-01,22.5,2025-04-07,20.6,-0.08444444444444443,-0.08979282300499558,random_forest,validation,0,0.4438522761451077,SELL
2002,2025-04-01,2025-04-01T13:30:00+08:00,2025-04-02,23.0,2025-04-08,20.45,-0.11086956521739133,-0.1160635767943724,random_forest,validation,0,0.4335986773832898,SELL
2002,2025-04-02,2025-04-02T13:30:00+08:00,2025-04-07,20.6,2025-04-09,19.0,-0.07766990291262144,-0.08305785614722316,random_forest,validation,0,0.34529901805485663,SELL
2002,2025-04-08,2025-04-08T13:30:00+08:00,2025-04-09,19.9,2025-04-11,20.45,0.027638190954773822,0.021635061996454263,random_forest,validation,1,0.4883730071989658,HOLD
2002,2025-04-09,2025-04-09T13:30:00+08:00,2025-04-10,20.9,2025-04-14,21.15,0.011961722488038173,0.006050170373246955,random_forest,validation,1,0.5360132555031637,HOLD
2002,2025-04-11,2025-04-11T13:30:00+08:00,2025-04-14,20.9,2025-04-16,20.9,0.0,-0.005841675612252462,random_forest,validation,0,0.3549241600000171,SELL
2002,2025-04-14,2025-04-14T13:30:00+08:00,2025-04-15,21.2,2025-04-17,20.5,-0.03301886792452824,-0.0386676580212818,random_forest,validation,0,0.3838360292628067,SELL
2002,2025-04-15,2025-04-15T13:30:00+08:00,2025-04-16,21.05,2025-04-18,20.4,-0.030878859857482288,-0.036540151187171244,random_forest,validation,0,0.39708847612477866,SELL
2002,2025-04-16,2025-04-16T13:30:00+08:00,2025-04-17,20.9,2025-04-21,20.0,-0.04306220095693769,-0.04865232116005014,random_forest,validation,0,0.5221832698745459,HOLD
2002,2025-04-17,2025-04-17T13:30:00+08:00,2025-04-18,20.55,2025-04-22,20.2,-0.017031630170316392,-0.022773812523966153,random_forest,validation,0,0.4409251342792888,SELL
2002,2025-04-18,2025-04-18T13:30:00+08:00,2025-04-21,20.4,2025-04-23,20.65,0.01225490196078427,0.006341637186616955,random_forest,validation,1,0.3922232595563125,SELL
2002,2025-04-21,2025-04-21T13:30:00+08:00,2025-04-22,19.95,2025-04-24,20.5,0.027568922305764465,0.02156619799242221,random_forest,validation,1,0.44997813562342315,SELL
2002,2025-04-22,2025-04-22T13:30:00+08:00,2025-04-23,20.4,2025-04-25,20.3,-0.004901960784313597,-0.010715000731800317,random_forest,validation,0,0.42370521027361,SELL
2002,2025-04-23,2025-04-23T13:30:00+08:00,2025-04-24,20.6,2025-04-28,20.45,-0.00728155339805836,-0.013080692537406069,random_forest,validation,0,0.3818725906132366,SELL
2002,2025-04-24,2025-04-24T13:30:00+08:00,2025-04-25,20.55,2025-04-29,20.65,0.0048661800486617945,-0.001003922208905994,random_forest,validation,0,0.35298546094021854,SELL
2002,2025-04-25,2025-04-25T13:30:00+08:00,2025-04-28,20.4,2025-04-30,20.65,0.01225490196078427,0.006341637186616955,random_forest,validation,1,0.4993029238894567,HOLD
2002,2025-04-28,2025-04-28T13:30:00+08:00,2025-04-29,20.5,2025-05-02,20.7,0.009756097560975618,0.003857429991530381,random_forest,validation,0,0.42181933030347024,SELL
2002,2025-04-29,2025-04-29T13:30:00+08:00,2025-04-30,20.45,2025-05-05,21.15,0.03422982885085579,0.02818819368219372,random_forest,validation,1,0.4138531872570479,SELL
2002,2025-04-30,2025-04-30T13:30:00+08:00,2025-05-02,20.65,2025-05-06,21.9,0.060532687651331685,0.054337399713882295,random_forest,validation,1,0.4157001782377797,SELL
2002,2025-05-02,2025-05-02T13:30:00+08:00,2025-05-05,20.9,2025-05-07,21.55,0.031100478468899517,0.02507712395004602,random_forest,validation,1,0.4067185507395946,SELL
2002,2025-05-05,2025-05-05T13:30:00+08:00,2025-05-06,21.5,2025-05-08,21.25,-0.011627906976744207,-0.017401656128389176,random_forest,validation,0,0.5247156063964558,HOLD
2002,2025-05-06,2025-05-06T13:30:00+08:00,2025-05-07,21.95,2025-05-09,21.3,-0.029612756264236872,-0.03528144376040887,random_forest,validation,0,0.3222743937872214,SELL
2002,2025-05-07,2025-05-07T13:30:00+08:00,2025-05-08,21.55,2025-05-12,21.35,-0.009280742459396696,-0.015068202984760526,random_forest,validation,0,0.42588021770249723,SELL
2002,2025-05-08,2025-05-08T13:30:00+08:00,2025-05-09,21.2,2025-05-13,21.4,0.00943396226415083,0.0035371765046128267,random_forest,validation,0,0.45054839601284713,HOLD
2002,2025-05-09,2025-05-09T13:30:00+08:00,2025-05-12,21.4,2025-05-14,21.5,0.004672897196261738,-0.0011960759655808006,random_forest,validation,0,0.48834585494302063,HOLD
2002,2025-05-12,2025-05-12T13:30:00+08:00,2025-05-13,21.45,2025-05-15,21.3,-0.006993006993006978,-0.012793831726852112,random_forest,validation,0,0.41600661265085825,SELL
2002,2025-05-13,2025-05-13T13:30:00+08:00,2025-05-14,21.5,2025-05-16,21.0,-0.023255813953488413,-0.02896163664452578,random_forest,validation,0,0.4439150053925273,SELL
2002,2025-05-14,2025-05-14T13:30:00+08:00,2025-05-15,21.4,2025-05-19,21.1,-0.014018691588784882,-0.019778474552267666,random_forest,validation,0,0.39150685677991676,SELL
2002,2025-05-15,2025-05-15T13:30:00+08:00,2025-05-16,21.0,2025-05-20,21.65,0.030952380952380842,0.024929891571177754,random_forest,validation,1,0.4175143039649188,SELL
2002,2025-05-16,2025-05-16T13:30:00+08:00,2025-05-19,21.0,2025-05-21,21.05,0.0023809523809523725,-0.00347463198275777,random_forest,validation,0,0.4952548558299348,HOLD
2002,2025-05-19,2025-05-19T13:30:00+08:00,2025-05-20,21.2,2025-05-22,20.45,-0.035377358490566,-0.041012371050498264,random_forest,validation,0,0.4380083166329877,SELL
2002,2025-05-20,2025-05-20T13:30:00+08:00,2025-05-21,21.55,2025-05-23,20.3,-0.058004640371229654,-0.06350747169042814,random_forest,validation,0,0.3512039234951289,SELL
2002,2025-05-21,2025-05-21T13:30:00+08:00,2025-05-22,21.05,2025-05-26,20.2,-0.040380047505938266,-0.045985835979453826,random_forest,validation,0,0.3476938955553374,SELL
2002,2025-05-22,2025-05-22T13:30:00+08:00,2025-05-23,20.5,2025-05-27,20.0,-0.024390243902439046,-0.030089439621709735,random_forest,validation,0,0.5168570539405468,HOLD
2002,2025-05-23,2025-05-23T13:30:00+08:00,2025-05-26,20.3,2025-05-28,20.05,-0.012315270935960632,-0.018085004730328258,random_forest,validation,0,0.428500736548068,SELL
2002,2025-05-26,2025-05-26T13:30:00+08:00,2025-05-27,20.1,2025-05-29,19.75,-0.017412935323383172,-0.023152890216019406,random_forest,validation,0,0.35814694044946543,SELL
2002,2025-05-27,2025-05-27T13:30:00+08:00,2025-05-28,20.2,2025-06-02,19.2,-0.04950495049504955,-0.05505743424530929,random_forest,validation,0,0.4714562973234516,HOLD
2002,2025-05-28,2025-05-28T13:30:00+08:00,2025-05-29,20.15,2025-06-03,19.25,-0.04466501240694787,-0.05024576950550186,random_forest,validation,0,0.41659709209130513,SELL
2002,2025-05-29,2025-05-29T13:30:00+08:00,2025-06-02,19.7,2025-06-04,19.2,-0.025380710659898442,-0.031074120393667415,random_forest,validation,0,0.4646812645826515,HOLD
2002,2025-06-02,2025-06-02T13:30:00+08:00,2025-06-03,19.2,2025-06-05,19.4,0.01041666666666674,0.004514140266786315,random_forest,validation,1,0.366463058439548,SELL
2002,2025-06-03,2025-06-03T13:30:00+08:00,2025-06-04,19.35,2025-06-06,19.55,0.010335917312661369,0.004433862624313223,random_forest,validation,1,0.3324506737387869,SELL
2002,2025-06-04,2025-06-04T13:30:00+08:00,2025-06-05,19.3,2025-06-09,19.35,0.002590673575129543,-0.003266135911766166,random_forest,validation,0,0.4333796825156586,SELL
2002,2025-06-05,2025-06-05T13:30:00+08:00,2025-06-06,19.45,2025-06-10,19.4,-0.0025706940874036244,-0.008397352538699221,random_forest,validation,0,0.3408568458456208,SELL
2002,2025-06-06,2025-06-06T13:30:00+08:00,2025-06-09,19.75,2025-06-11,19.5,-0.012658227848101222,-0.018425958199439374,random_forest,validation,0,0.3364156518159739,SELL
2002,2025-06-09,2025-06-09T13:30:00+08:00,2025-06-10,19.4,2025-06-12,19.45,0.002577319587628857,-0.0032794118896037894,random_forest,validation,0,0.47043979704432975,HOLD
2002,2025-06-10,2025-06-10T13:30:00+08:00,2025-06-11,19.45,2025-06-13,19.2,-0.01285347043701801,-0.018620060244485814,random_forest,validation,0,0.3628148290720303,SELL
2002,2025-06-11,2025-06-11T13:30:00+08:00,2025-06-12,19.5,2025-06-16,19.2,-0.015384615384615441,-0.021136419064371692,random_forest,validation,0,0.36277801504865087,SELL
2002,2025-06-12,2025-06-12T13:30:00+08:00,2025-06-13,19.25,2025-06-17,19.1,-0.007792207792207684,-0.013588363854234897,random_forest,validation,0,0.3350642050458628,SELL
2002,2025-06-13,2025-06-13T13:30:00+08:00,2025-06-16,19.2,2025-06-18,19.1,-0.005208333333333259,-0.011019583551772016,random_forest,validation,0,0.401750005170532,SELL
2002,2025-06-16,2025-06-16T13:30:00+08:00,2025-06-17,19.2,2025-06-19,18.95,-0.01302083333333337,-0.01878644546105135,random_forest,validation,0,0.35936652431800264,SELL
2002,2025-06-17,2025-06-17T13:30:00+08:00,2025-06-18,19.1,2025-06-20,18.65,-0.023560209424083878,-0.02926425393552423,random_forest,validation,0,0.41228107085225324,SELL
2002,2025-06-18,2025-06-18T13:30:00+08:00,2025-06-19,19.1,2025-06-23,18.45,-0.034031413612565564,-0.03967428874586709,random_forest,validation,0,0.40192584424572025,SELL
2002,2025-06-19,2025-06-19T13:30:00+08:00,2025-06-20,18.95,2025-06-24,18.9,-0.0026385224274406704,-0.008464784647576384,random_forest,validation,0,0.3995506430146638,SELL
2002,2025-06-20,2025-06-20T13:30:00+08:00,2025-06-23,18.5,2025-06-25,18.75,0.013513513513513598,0.0075928963389331194,random_forest,validation,1,0.42891757739077135,SELL
2002,2025-06-23,2025-06-23T13:30:00+08:00,2025-06-24,18.7,2025-06-26,19.0,0.016042780748663166,0.010107388415358631,random_forest,validation,1,0.31284506790510025,SELL
2002,2025-06-24,2025-06-24T13:30:00+08:00,2025-06-25,19.0,2025-06-27,19.1,0.0052631578947368585,-0.0006092633786327628,random_forest,validation,0,0.375846862182227,SELL
2002,2025-06-25,2025-06-25T13:30:00+08:00,2025-06-26,18.85,2025-06-30,18.8,-0.0026525198938992522,-0.008478700345376677,random_forest,validation,0,0.31722795895456807,SELL
2303,2025-01-02,2025-01-02T13:30:00+08:00,2025-01-03,43.95,2025-01-07,42.35,-0.0364050056882822,-0.04203401506664162,random_forest,validation,0,0.5173891609738792,HOLD
2303,2025-01-03,2025-01-03T13:30:00+08:00,2025-01-06,43.6,2025-01-08,42.7,-0.020642201834862317,-0.026363292400072957,random_forest,validation,0,0.5296089654674426,HOLD
2303,2025-01-06,2025-01-06T13:30:00+08:00,2025-01-07,43.65,2025-01-09,41.6,-0.04696449026345928,-0.05253181455829792,random_forest,validation,0,0.5198509051503805,HOLD
2303,2025-01-07,2025-01-07T13:30:00+08:00,2025-01-08,42.4,2025-01-10,41.3,-0.025943396226415172,-0.031633518933632865,random_forest,validation,0,0.6496953589094275,BUY
2303,2025-01-08,2025-01-08T13:30:00+08:00,2025-01-09,42.7,2025-01-13,40.9,-0.042154566744730726,-0.04774998905248551,random_forest,validation,0,0.45610903693982285,HOLD
2303,2025-01-09,2025-01-09T13:30:00+08:00,2025-01-10,41.25,2025-01-14,42.25,0.024242424242424176,0.018259132251692733,random_forest,validation,1,0.542967037664885,HOLD
2303,2025-01-10,2025-01-10T13:30:00+08:00,2025-01-13,41.0,2025-01-15,41.45,0.01097560975609757,0.00506981819200325,random_forest,validation,1,0.5255047692561184,HOLD
2303,2025-01-13,2025-01-13T13:30:00+08:00,2025-01-14,41.2,2025-01-16,41.55,0.00849514563106779,0.002603844133759914,random_forest,validation,0,0.5448950612771182,HOLD
2303,2025-01-14,2025-01-14T13:30:00+08:00,2025-01-15,42.05,2025-01-17,41.2,-0.02021403091557661,-0.02593762271640432,random_forest,validation,0,0.574835666618662,HOLD
2303,2025-01-15,2025-01-15T13:30:00+08:00,2025-01-16,41.9,2025-01-20,42.75,0.020286396181384392,0.014326214023298478,random_forest,validation,1,0.5869608074156737,HOLD
2303,2025-01-16,2025-01-16T13:30:00+08:00,2025-01-17,41.4,2025-01-21,42.95,0.037439613526570215,0.031379227837047274,random_forest,validation,1,0.5503689294071915,HOLD
2303,2025-01-17,2025-01-17T13:30:00+08:00,2025-01-20,41.55,2025-01-22,40.2,-0.032490974729241784,-0.038142848606800284,random_forest,validation,0,0.4605254691713092,HOLD
2303,2025-01-20,2025-01-20T13:30:00+08:00,2025-01-21,42.75,2025-02-03,40.5,-0.052631578947368474,-0.05816579794844967,random_forest,validation,0,0.5236037788408938,HOLD
2303,2025-01-21,2025-01-21T13:30:00+08:00,2025-01-22,39.7,2025-02-04,40.1,0.010075566750629594,0.004175032945810342,random_forest,validation,1,0.5565148705688437,HOLD
2303,2025-01-22,2025-01-22T13:30:00+08:00,2025-02-03,40.2,2025-02-05,40.1,-0.0024875621890547706,-0.00831470626993347,random_forest,validation,0,0.5322923182156064,HOLD
2303,2025-02-03,2025-02-03T13:30:00+08:00,2025-02-04,40.95,2025-02-06,40.1,-0.020757020757020794,-0.026477440587334033,random_forest,validation,0,0.42670336402321973,SELL
2303,2025-02-04,2025-02-04T13:30:00+08:00,2025-02-05,40.4,2025-02-07,40.15,-0.006188118811881194,-0.011993645441384593,random_forest,validation,0,0.6085529750426051,BUY
2303,2025-02-05,2025-02-05T13:30:00+08:00,2025-02-06,40.3,2025-02-10,40.2,-0.002481389578163684,-0.0083085697174331,random_forest,validation,0,0.6120522084624872,BUY
2303,2025-02-06,2025-02-06T13:30:00+08:00,2025-02-07,40.1,2025-02-11,40.4,0.007481296758104605,0.00159591783703239,random_forest,validation,0,0.6114532727931399,BUY
2303,2025-02-07,2025-02-07T13:30:00+08:00,2025-02-10,40.15,2025-02-12,40.1,-0.001245330012453194,-0.007079730810742868,random_forest,validation,0,0.580184404841015,HOLD
2303,2025-02-10,2025-02-10T13:30:00+08:00,2025-02-11,40.3,2025-02-13,41.4,0.027295285359801635,0.021294159544733127,random_forest,validation,1,0.4319432133105635,SELL
2303,2025-02-11,2025-02-11T13:30:00+08:00,2025-02-12,40.4,2025-02-14,41.4,0.024752475247524774,0.018766203704275952,random_forest,validation,1,0.4825833151382843,HOLD
2303,2025-02-12,2025-02-12T13:30:00+08:00,2025-02-13,40.25,2025-02-17,42.0,0.04347826086956519,0.037382599361127866,random_forest,validation,1,0.5677019416858499,HOLD
2303,2025-02-13,2025-02-13T13:30:00+08:00,2025-02-14,41.5,2025-02-18,41.95,0.010843373493975905,0.00493835441122914,random_forest,validation,1,0.44597638871717643,SELL
2303,2025-02-14,2025-02-14T13:30:00+08:00,2025-02-17,41.5,2025-02-19,42.55,0.025301204819277112,0.01931172777587098,random_forest,validation,1,0.477101548917166,HOLD
2303,2025-02-17,2025-02-17T13:30:00+08:00,2025-02-18,42.05,2025-02-20,43.0,0.022592152199762294,0.01661850056297598,random_forest,validation,1,0.5277817972156952,HOLD
2303,2025-02-18,2025-02-18T13:30:00+08:00,2025-02-19,42.2,2025-02-21,43.6,0.033175355450236976,0.027139880173122855,random_forest,validation,1,0.5231268477436832,HOLD
2303,2025-02-19,2025-02-19T13:30:00+08:00,2025-02-20,43.0,2025-02-24,43.55,0.012790697674418539,0.006874302955497624,random_forest,validation,1,0.47994614773812605,HOLD
2303,2025-02-20,2025-02-20T13:30:00+08:00,2025-02-21,43.35,2025-02-25,43.3,-0.0011534025374856371,-0.006988340346263944,random_forest,validation,0,0.5064364489732253,HOLD
2303,2025-02-21,2025-02-21T13:30:00+08:00,2025-02-24,43.05,2025-02-26,43.6,0.012775842044134844,0.006859534106987031,random_forest,validation,1,0.5662785923110274,HOLD
2303,2025-02-24,2025-02-24T13:30:00+08:00,2025-02-25,43.05,2025-02-27,43.7,0.015098722415795685,0.009168844965030676,random_forest,validation,1,0.5577727047241828,HOLD
2303,2025-02-25,2025-02-25T13:30:00+08:00,2025-02-26,43.1,2025-03-03,43.6,0.011600928074245953,0.005691483603382563,random_forest,validation,1,0.5994163069085297,HOLD
2303,2025-02-26,2025-02-26T13:30:00+08:00,2025-02-27,44.0,2025-03-04,43.6,-0.009090909090909038,-0.014879478561232062,random_forest,validation,0,0.5464057708457747,HOLD
2303,2025-02-27,2025-02-27T13:30:00+08:00,2025-03-03,43.1,2025-03-05,44.0,0.02088167053364276,0.01491801097589085,random_forest,validation,1,0.532157305972597,HOLD
2303,2025-03-03,2025-03-03T13:30:00+08:00,2025-03-04,42.95,2025-03-06,44.0,0.024447031431897415,0.018462544192337393,random_forest,validation,1,0.4642765230495163,HOLD
2303,2025-03-04,2025-03-04T13:30:00+08:00,2025-03-05,44.1,2025-03-07,44.15,0.0011337868480725266,-0.004714511979159952,random_forest,validation,0,0.4888581498357896,HOLD
2303,2025-03-05,2025-03-05T13:30:00+08:00,2025-03-06,44.3,2025-03-10,45.05,0.016930022573363512,0.01098944726112916,random_forest,validation,1,0.5575932274799573,HOLD
2303,2025-03-06,2025-03-06T13:30:00+08:00,2025-03-07,44.0,2025-03-11,44.85,0.01931818181818179,0.013363655654329065,random_forest,validation,1,0.5552430129584415,HOLD
2303,2025-03-07,2025-03-07T13:30:00+08:00,2025-03-10,44.55,2025-03-12,44.8,0.0056116722783390305,-0.0002627849030059082,random_forest,validation,0,0.5429414432760908,HOLD
2303,2025-03-10,2025-03-10T13:30:00+08:00,2025-03-11,44.3,2025-03-13,43.7,-0.013544018058690654,-0.019306573910957803,random_forest,validation,0,0.6047531419186796,BUY
2303,2025-03-11,2025-03-11T13:30:00+08:00,2025-03-12,44.7,2025-03-14,44.9,0.004474272930648615,-0.001393539932665555,random_forest,validation,0,0.47213756470909535,HOLD
2303,2025-03-12,2025-03-12T13:30:00+08:00,2025-03-13,44.7,2025-03-17,44.1,-0.01342281879194629,-0.019186082651014402,random_forest,validation,0,0.5096276034585064,HOLD
2303,2025-03-13,2025-03-13T13:30:00+08:00,2025-03-14,43.55,2025-03-18,44.5,0.021814006888633886,0.015844900924334437,random_forest,validation,1,0.47435003784481894,HOLD
2303,2025-03-14,2025-03-14T13:30:00+08:00,2025-03-17,45.0,2025-03-19,44.3,-0.015555555555555656,-0.021306360658284174,random_forest,validation,0,0.5377164835838198,HOLD
2303,2025-03-17,2025-03-17T13:30:00+08:00,2025-03-18,44.2,2025-03-20,45.15,0.02149321266968318,0.015525980681149187,random_forest,validation,1,0.5824867553582475,HOLD
2303,2025-03-18,2025-03-18T13:30:00+08:00,2025-03-19,44.5,2025-03-21,45.0,0.011235955056179803,0.005328642639295111,random_forest,validation,1,0.463350958082576,HOLD
2303,2025-03-19,2025-03-19T13:30:00+08:00,2025-03-20,44.7,2025-03-24,44.85,0.003355704697986628,-0.002505573852562226,random_forest,validation,0,0.5830765151700608,HOLD
2303,2025-03-20,2025-03-20T13:30:00+08:00,2025-03-21,45.0,2025-03-25,44.85,-0.0033333333333332993,-0.009155536693544963,random_forest,validation,0,0.5483525213501699,HOLD
2303,2025-03-21,2025-03-21T13:30:00+08:00,2025-03-24,45.0,2025-03-26,44.55,-0.010000000000000009,-0.015783258856129967,random_forest,validation,0,0.48320915488063126,HOLD
2303,2025-03-24,2025-03-24T13:30:00+08:00,2025-03-25,45.0,2025-03-27,44.8,-0.004444444444444473,-0.010260157053975871,random_forest,validation,0,0.5155206942119298,HOLD
2303,2025-03-25,2025-03-25T13:30:00+08:00,2025-03-26,44.75,2025-03-28,44.55,-0.004469273743016866,-0.010284841307840353,random_forest,validation,0,0.538652488085279,HOLD
2303,2025-03-26,2025-03-26T13:30:00+08:00,2025-03-27,44.1,2025-03-31,44.65,0.012471655328798015,0.00655712435176703,random_forest,validation,1,0.5476906782721407,HOLD
2303,2025-03-27,2025-03-27T13:30:00+08:00,2025-03-28,44.6,2025-04-01,45.95,0.030269058295964157,0.024250560664058174,random_forest,validation,1,0.506317686784572,HOLD
2303,2025-03-28,2025-03-28T13:30:00+08:00,2025-03-31,43.55,2025-04-02,45.25,0.039035591274397374,0.032965882400587176,random_forest,validation,1,0.4397834351557932,SELL
2303,2025-03-31,2025-03-31T13:30:00+08:00,2025-04-01,47.2,2025-04-07,40.75,-0.13665254237288138,-0.1416959381610019,random_forest,validation,0,0.48614721895638846,HOLD
2303,2025-04-01,2025-04-01T13:30:00+08:00,2025-04-02,45.8,2025-04-08,41.7,-0.08951965065502177,-0.09483838150722557,random_forest,validation,0,0.4557696601779413,HOLD
2303,2025-04-02,2025-04-02T13:30:00+08:00,2025-04-07,40.75,2025-04-09,39.9,-0.020858895705521463,-0.026578720415432744,random_forest,validation,0,0.43287384826390835,SELL
2303,2025-04-08,2025-04-08T13:30:00+08:00,2025-04-09,40.55,2025-04-11,44.1,0.08754623921085081,0.08119314686805579,random_forest,validation,1,0.49920845661488555,HOLD
2303,2025-04-09,2025-04-09T13:30:00+08:00,2025-04-10,43.85,2025-04-14,44.3,0.010262257696693089,0.004360633303927219,random_forest,validation,1,0.5655686675629513,HOLD
2303,2025-04-10,2025-04-10T13:30:00+08:00,2025-04-11,42.7,2025-04-15,44.7,0.04683840749414525,0.040723117099117356,random_forest,validation,1,0.4038362011124674,SELL
2303,2025-04-11,2025-04-11T13:30:00+08:00,2025-04-14,44.8,2025-04-16,44.95,0.0033482142857144126,-0.0025130205082755097,random_forest,validation,0,0.4773622474542274,HOLD
2303,2025-04-14,2025-04-14T13:30:00+08:00,2025-04-15,44.5,2025-04-17,44.1,-0.008988764044943753,-0.01477793021349072,random_forest,validation,0,0.4702664417027859,HOLD
2303,2025-04-15,2025-04-15T13:30:00+08:00,2025-04-16,44.2,2025-04-18,44.3,0.002262443438913797,-0.0035924486339997674,random_forest,validation,0,0.5295654049100721,HOLD
2303,2025-04-16,2025-04-16T13:30:00+08:00,2025-04-17,44.85,2025-04-21,43.65,-0.026755852842809458,-0.03244122944202521,random_forest,validation,0,0.544648278393172,HOLD
2303,2025-04-17,2025-04-17T13:30:00+08:00,2025-04-18,44.45,2025-04-22,44.3,-0.003374578177727905,-0.00919654059893793,random_forest,validation,0,0.5749929227053309,HOLD
2303,2025-04-18,2025-04-18T13:30:00+08:00,2025-04-21,44.35,2025-04-23,45.1,0.016910935738444266,0.01097047192530809,random_forest,validation,1,0.5525277169684835,HOLD
2303,2025-04-21,2025-04-21T13:30:00+08:00,2025-04-22,43.6,2025-04-24,43.4,-0.004587155963302836,-0.010402034898435053,random_forest,validation,0,0.6145486197342019,BUY
2303,2025-04-22,2025-04-22T13:30:00+08:00,2025-04-23,44.95,2025-04-25,44.65,-0.006674082313681939,-0.012476770102048396,random_forest,validation,0,0.5498270049118988,HOLD
2303,2025-04-23,2025-04-23T13:30:00+08:00,2025-04-24,44.75,2025-04-28,44.9,0.003351955307262511,-0.0025093013405619313,random_forest,validation,0,0.500473704028523,HOLD
2303,2025-04-24,2025-04-24T13:30:00+08:00,2025-04-25,44.1,2025-04-29,44.95,0.01927437641723362,0.013320106150322975,random_forest,validation,1,0.45496130082008873,HOLD
2303,2025-04-25,2025-04-25T13:30:00+08:00,2025-04-28,44.55,2025-04-30,45.2,0.014590347923681302,0.008663440231788666,random_forest,validation,1,0.5495901632174558,HOLD
2303,2025-04-28,2025-04-28T13:30:00+08:00,2025-04-29,44.7,2025-05-02,45.65,0.021252796420581532,0.015286968865786621,random_forest,validation,1,0.5242973135793604,HOLD
2303,2025-04-29,2025-04-29T13:30:00+08:00,2025-04-30,44.75,2025-05-05,45.05,0.006703910614525022,0.000823072931128932,random_forest,validation,0,0.558760031585094,HOLD
2303,2025-04-30,2025-04-30T13:30:00+08:00,2025-05-02,45.2,2025-05-06,45.4,0.004424778761061843,-0.0014427449733689368,random_forest,validation,0,0.49030140811734024,HOLD
2303,2025-05-02,2025-05-02T13:30:00+08:00,2025-05-05,45.75,2025-05-07,45.75,0.0,-0.005841675612252573,random_forest,validation,0,0.49118338649372584,HOLD
2303,2025-05-05,2025-05-05T13:30:00+08:00,2025-05-06,45.0,2025-05-08,45.3,0.006666666666666599,0.000786046550332431,random_forest,validation,0,0.5030312263242207,HOLD
2303,2025-05-06,2025-05-06T13:30:00+08:00,2025-05-07,45.6,2025-05-09,45.55,-0.0010964912280703176,-0.006931761494256783,random_forest,validation,0,0.47569892411139736,HOLD
2303,2025-05-07,2025-05-07T13:30:00+08:00,2025-05-08,45.4,2025-05-12,46.45,0.023127753303964882,0.017150972859270253,random_forest,validation,1,0.5066351364810611,HOLD
2303,2025-05-08,2025-05-08T13:30:00+08:00,2025-05-09,45.2,2025-05-13,46.55,0.02986725663716805,0.023851106200213135,random_forest,validation,1,0.5351186537610261,HOLD
2303,2025-05-09,2025-05-09T13:30:00+08:00,2025-05-12,45.75,2025-05-14,47.0,0.02732240437158473,0.02132112013604659,random_forest,validation,1,0.424368082168904,SELL
2303,2025-05-12,2025-05-12T13:30:00+08:00,2025-05-13,46.65,2025-05-15,47.5,0.018220793140407254,0.012272677565230428,random_forest,validation,1,0.5862493254517205,HOLD
2303,2025-05-13,2025-05-13T13:30:00+08:00,2025-05-14,46.9,2025-05-16,47.8,0.019189765458422103,0.013235989461286346,random_forest,validation,1,0.5431356566840481,HOLD
2303,2025-05-14,2025-05-14T13:30:00+08:00,2025-05-15,46.95,2025-05-19,47.75,0.017039403620873195,0.011098189340041253,random_forest,validation,1,0.5097531299839502,HOLD
2303,2025-05-15,2025-05-15T13:30:00+08:00,2025-05-16,47.6,2025-05-20,47.85,0.005252100840336116,-0.0006202558413085368,random_forest,validation,0,0.5186994037379358,HOLD
2303,2025-05-16,2025-05-16T13:30:00+08:00,2025-05-19,47.6,2025-05-21,49.55,0.0409663865546217,0.03488539860111084,random_forest,validation,1,0.5479684744039288,HOLD
2303,2025-05-19,2025-05-19T13:30:00+08:00,2025-05-20,47.95,2025-05-22,49.45,0.031282586027111536,0.02525816769497613,random_forest,validation,1,0.4675408645786952,HOLD
2303,2025-05-20,2025-05-20T13:30:00+08:00,2025-05-21,48.0,2025-05-23,48.05,0.0010416666666666075,-0.004806094024348617,random_forest,validation,0,0.5688600112542357,HOLD
2303,2025-05-21,2025-05-21T13:30:00+08:00,2025-05-22,49.45,2025-05-26,47.1,-0.04752275025278063,-0.05308681337385446,random_forest,validation,0,0.5423682390713744,HOLD
2303,2025-05-22,2025-05-22T13:30:00+08:00,2025-05-23,48.1,2025-05-27,46.0,-0.04365904365904372,-0.04924567730069895,random_forest,validation,0,0.6193379792598666,BUY
2303,2025-05-23,2025-05-23T13:30:00+08:00,2025-05-26,47.8,2025-05-28,47.05,-0.01569037656903771,-0.021440394091139736,random_forest,validation,0,0.470115437126662,HOLD
2303,2025-05-26,2025-05-26T13:30:00+08:00,2025-05-27,47.1,2025-05-29,46.75,-0.007430997876857748,-0.013229264010038433,random_forest,validation,0,0.5399261093192819,HOLD
2303,2025-05-27,2025-05-27T13:30:00+08:00,2025-05-28,46.4,2025-06-02,46.95,0.0118534482758621,0.005942528663895441,random_forest,validation,1,0.5123214335957854,HOLD
2303,2025-05-28,2025-05-28T13:30:00+08:00,2025-05-29,47.4,2025-06-03,47.25,-0.0031645569620253333,-0.0089877462590493,random_forest,validation,0,0.36042401131762264,SELL
2303,2025-05-29,2025-05-29T13:30:00+08:00,2025-06-02,46.8,2025-06-04,45.95,-0.018162393162392987,-0.023897969965448684,random_forest,validation,0,0.5178528297402832,HOLD
2303,2025-06-02,2025-06-02T13:30:00+08:00,2025-06-03,46.7,2025-06-05,45.3,-0.029978586723768852,-0.0356451371570673,random_forest,validation,0,0.5160406086825376,HOLD
2303,2025-06-03,2025-06-03T13:30:00+08:00,2025-06-04,47.1,2025-06-06,45.0,-0.04458598726114649,-0.05016720599896751,random_forest,validation,0,0.4188920306430053,SELL
2303,2025-06-04,2025-06-04T13:30:00+08:00,2025-06-05,45.65,2025-06-09,45.65,0.0,-0.005841675612252684,random_forest,validation,0,0.556779385530766,HOLD
2303,2025-06-05,2025-06-05T13:30:00+08:00,2025-06-06,45.3,2025-06-10,46.4,0.02428256070640189,0.018299034251467727,random_forest,validation,1,0.4816175670081503,HOLD
2303,2025-06-06,2025-06-06T13:30:00+08:00,2025-06-09,45.0,2025-06-11,47.25,0.050000000000000044,0.04386624060713484,random_forest,validation,1,0.555180006957423,HOLD
2303,2025-06-09,2025-06-09T13:30:00+08:00,2025-06-10,45.85,2025-06-12,47.3,0.0316248636859322,0.025598445878744824,random_forest,validation,1,0.5315346790787358,HOLD
2303,2025-06-10,2025-06-10T13:30:00+08:00,2025-06-11,46.55,2025-06-13,47.45,0.019334049409237553,0.01337943055206492,random_forest,validation,1,0.4741718478583985,HOLD
2303,2025-06-11,2025-06-11T13:30:00+08:00,2025-06-12,47.25,2025-06-16,48.0,0.015873015873015817,0.009938615251045002,random_forest,validation,1,0.5228633814826038,HOLD
2303,2025-06-12,2025-06-12T13:30:00+08:00,2025-06-13,46.8,2025-06-17,47.5,0.014957264957265126,0.009028213855085454,random_forest,validation,1,0.4583455806836263,HOLD
2303,2025-06-13,2025-06-13T13:30:00+08:00,2025-06-16,47.35,2025-06-18,48.3,0.020063357972544882,0.014104478731324255,random_forest,validation,1,0.5539583278212704,HOLD
2303,2025-06-16,2025-06-16T13:30:00+08:00,2025-06-17,48.25,2025-06-19,47.75,-0.010362694300518172,-0.0161438344141982,random_forest,validation,0,0.5387181050546905,HOLD
2303,2025-06-17,2025-06-17T13:30:00+08:00,2025-06-18,47.7,2025-06-20,47.65,-0.0010482180293501786,-0.006883770291904345,random_forest,validation,0,0.5444211133961704,HOLD
2303,2025-06-18,2025-06-18T13:30:00+08:00,2025-06-19,48.4,2025-06-23,47.0,-0.02892561983471076,-0.034598321359005535,random_forest,validation,0,0.5827849457747621,HOLD
2303,2025-06-19,2025-06-19T13:30:00+08:00,2025-06-20,47.3,2025-06-24,45.35,-0.04122621564482021,-0.046827061078554943,random_forest,validation,0,0.5215999666462936,HOLD
2303,2025-06-20,2025-06-20T13:30:00+08:00,2025-06-23,46.5,2025-06-25,43.8,-0.058064516129032295,-0.06356699767347662,random_forest,validation,0,0.5584403885015177,HOLD
2303,2025-06-23,2025-06-23T13:30:00+08:00,2025-06-24,42.5,2025-06-26,43.25,0.01764705882352935,0.011702294818119352,random_forest,validation,1,0.5554592289568009,HOLD
2303,2025-06-24,2025-06-24T13:30:00+08:00,2025-06-25,45.45,2025-06-27,44.3,-0.025302530253025424,-0.030996396691370554,random_forest,validation,0,0.5780145567185735,HOLD
2303,2025-06-25,2025-06-25T13:30:00+08:00,2025-06-26,43.8,2025-06-30,44.2,0.009132420091324311,0.0032373958433433714,random_forest,validation,0,0.4636647043119585,HOLD
2330,2025-01-02,2025-01-02T13:30:00+08:00,2025-01-03,1080.0,2025-01-07,1130.0,0.04629629629629628,0.040184172739031965,random_forest,validation,1,0.44202645471205865,SELL
2330,2025-01-03,2025-01-03T13:30:00+08:00,2025-01-06,1100.0,2025-01-08,1105.0,0.00454545454545463,-0.0013227741377629387,random_forest,validation,0,0.44331162400416707,SELL
2330,2025-01-06,2025-01-06T13:30:00+08:00,2025-01-07,1150.0,2025-01-09,1100.0,-0.04347826086956519,-0.04906595058563301,random_forest,validation,0,0.33572888323936256,SELL
2330,2025-01-07,2025-01-07T13:30:00+08:00,2025-01-08,1110.0,2025-01-10,1100.0,-0.009009009009009028,-0.014798056913043145,random_forest,validation,0,0.43768820569121764,SELL
2330,2025-01-08,2025-01-08T13:30:00+08:00,2025-01-09,1100.0,2025-01-13,1075.0,-0.022727272727272707,-0.02843618298470152,random_forest,validation,0,0.43428443671959066,SELL
2330,2025-01-09,2025-01-09T13:30:00+08:00,2025-01-10,1100.0,2025-01-14,1090.0,-0.009090909090909038,-0.014879478561232062,random_forest,validation,0,0.282840016989182,SELL
2330,2025-01-10,2025-01-10T13:30:00+08:00,2025-01-13,1110.0,2025-01-15,1065.0,-0.04054054054054057,-0.04614539146580998,random_forest,validation,0,0.34540357016427253,SELL
2330,2025-01-13,2025-01-13T13:30:00+08:00,2025-01-14,1085.0,2025-01-16,1105.0,0.018433179723502224,0.01248382345480259,random_forest,validation,1,0.4805260193579347,HOLD
2330,2025-01-14,2025-01-14T13:30:00+08:00,2025-01-15,1085.0,2025-01-17,1120.0,0.032258064516129004,0.026227947755094183,random_forest,validation,1,0.29595096441712526,SELL
2330,2025-01-15,2025-01-15T13:30:00+08:00,2025-01-16,1095.0,2025-01-20,1120.0,0.022831050228310446,0.016856003026737287,random_forest,validation,1,0.4737850177919203,HOLD
2330,2025-01-16,2025-01-16T13:30:00+08:00,2025-01-17,1125.0,2025-01-21,1120.0,-0.004444444444444473,-0.010260157053975871,random_forest,validation,0,0.41835700294294925,SELL
2330,2025-01-17,2025-01-17T13:30:00+08:00,2025-01-20,1125.0,2025-01-22,1135.0,0.008888888888888946,0.002995287271194025,random_forest,validation,0,0.4240723250387277,SELL
2330,2025-01-20,2025-01-20T13:30:00+08:00,2025-01-21,1115.0,2025-02-03,1070.0,-0.04035874439461884,-0.045964657314000235,random_forest,validation,0,0.2927408457283779,SELL
2330,2025-01-21,2025-01-21T13:30:00+08:00,2025-01-22,1140.0,2025-02-04,1095.0,-0.03947368421052633,-0.04508476736440048,random_forest,validation,0,0.3735657724794437,SELL
2330,2025-01-22,2025-01-22T13:30:00+08:00,2025-02-03,1065.0,2025-02-05,1110.0,0.04225352112676051,0.03616501415061002,random_forest,validation,1,0.43596413044189214,SELL
2330,2025-02-03,2025-02-03T13:30:00+08:00,2025-02-04,1085.0,2025-02-06,1115.0,0.02764976958525356,0.021646572988330393,random_forest,validation,1,0.39458721079182624,SELL
2330,2025-02-04,2025-02-04T13:30:00+08:00,2025-02-05,1110.0,2025-02-07,1125.0,0.013513513513513598,0.0075928963389331194,random_forest,validation,1,0.46128823184638645,HOLD
2330,2025-02-05,2025-02-05T13:30:00+08:00,2025-02-06,1120.0,2025-02-10,1105.0,-0.013392857142857095,-0.019156296028159936,random_forest,validation,0,0.3932752762033359,SELL
2330,2025-02-06,2025-02-06T13:30:00+08:00,2025-02-07,1110.0,2025-02-11,1110.0,0.0,-0.005841675612252573,random_forest,validation,0,0.47259217048872926,HOLD
2330,2025-02-07,2025-02-07T13:30:00+08:00,2025-02-10,1125.0,2025-02-12,1100.0,-0.022222222222222254,-0.027934082820869288,random_forest,validation,0,0.3939378997902064,SELL
2330,2025-02-10,2025-02-10T13:30:00+08:00,2025-02-11,1110.0,2025-02-13,1090.0,-0.018018018018018056,-0.023754438213833495,random_forest,validation,0,0.40634723600777223,SELL
2330,2025-02-11,2025-02-11T13:30:00+08:00,2025-02-12,1110.0,2025-02-14,1060.0,-0.04504504504504503,-0.0506235821162051,random_forest,validation,0,0.3410058313609982,SELL
2330,2025-02-12,2025-02-12T13:30:00+08:00,2025-02-13,1090.0,2025-02-17,1085.0,-0.004587155963302725,-0.01040203489843472,random_forest,validation,0,0.374813183641765,SELL
2330,2025-02-13,2025-02-13T13:30:00+08:00,2025-02-14,1065.0,2025-02-18,1100.0,0.032863849765258246,0.026830194203307123,random_forest,validation,1,0.37641723754888656,SELL
2330,2025-02-14,2025-02-14T13:30:00+08:00,2025-02-17,1065.0,2025-02-19,1090.0,0.023474178403755763,0.01749537425600467,random_forest,validation,1,0.42886805492696906,SELL
2330,2025-02-17,2025-02-17T13:30:00+08:00,2025-02-18,1085.0,2025-02-20,1080.0,-0.004608294930875556,-0.010423050379016363,random_forest,validation,0,0.37839618322627067,SELL
2330,2025-02-18,2025-02-18T13:30:00+08:00,2025-02-19,1090.0,2025-02-21,1095.0,0.004587155963302836,-0.0012813163260702032,random_forest,validation,0,0.4408733272283619,SELL
2330,2025-02-19,2025-02-19T13:30:00+08:00,2025-02-20,1080.0,2025-02-24,1075.0,-0.00462962962962965,-0.010444260447381004,random_forest,validation,0,0.4862654178283543,HOLD
2330,2025-02-20,2025-02-20T13:30:00+08:00,2025-02-21,1085.0,2025-02-25,1055.0,-0.027649769585253448,-0.03332992421283543,random_forest,validation,0,0.45978337520684776,HOLD
2330,2025-02-21,2025-02-21T13:30:00+08:00,2025-02-24,1080.0,2025-02-26,1060.0,-0.01851851851851849,-0.0242520149527663,random_forest,validation,0,0.39735775996677936,SELL
2330,2025-02-24,2025-02-24T13:30:00+08:00,2025-02-25,1055.0,2025-02-27,1040.0,-0.014218009478673022,-0.01997662809169931,random_forest,validation,0,0.4074457370949151,SELL
2330,2025-02-25,2025-02-25T13:30:00+08:00,2025-02-26,1045.0,2025-03-03,1020.0,-0.02392344497607657,-0.029625367583251405,random_forest,validation,0,0.46657833654927566,HOLD
2330,2025-02-26,2025-02-26T13:30:00+08:00,2025-02-27,1065.0,2025-03-04,1000.0,-0.06103286384976525,-0.06651800526972074,random_forest,validation,0,0.43238787484822744,SELL
2330,2025-02-27,2025-02-27T13:30:00+08:00,2025-03-03,1000.0,2025-03-05,1020.0,0.020000000000000018,0.014041490875502438,random_forest,validation,1,0.625406505617941,BUY
2330,2025-03-03,2025-03-03T13:30:00+08:00,2025-03-04,996.0,2025-03-06,1005.0,0.009036144578313143,0.0031416827406487435,random_forest,validation,0,0.4619960418310927,HOLD
2330,2025-03-04,2025-03-04T13:30:00+08:00,2025-03-05,1020.0,2025-03-07,1005.0,-0.014705882352941124,-0.020461650970895917,random_forest,validation,0,0.4836113645653345,HOLD
2330,2025-03-05,2025-03-05T13:30:00+08:00,2025-03-06,1020.0,2025-03-10,998.0,-0.021568627450980427,-0.027284306138262715,random_forest,validation,0,0.42617447186358814,SELL
2330,2025-03-06,2025-03-06T13:30:00+08:00,2025-03-07,1005.0,2025-03-11,971.0,-0.03383084577114426,-0.03947489255671377,random_forest,validation,0,0.5814623901771141,HOLD
2330,2025-03-07,2025-03-07T13:30:00+08:00,2025-03-10,1005.0,2025-03-12,988.0,-0.01691542288557213,-0.022658284084483116,random_forest,validation,0,0.4349008702224911,SELL
2330,2025-03-10,2025-03-10T13:30:00+08:00,2025-03-11,969.0,2025-03-13,965.0,-0.0041279669762641635,-0.00994552834450324,random_forest,validation,0,0.5394462124975715,HOLD
2330,2025-03-11,2025-03-11T13:30:00+08:00,2025-03-12,980.0,2025-03-14,959.0,-0.021428571428571463,-0.027145068277704243,random_forest,validation,0,0.5308548955791443,HOLD
2330,2025-03-12,2025-03-12T13:30:00+08:00,2025-03-13,1000.0,2025-03-17,970.0,-0.030000000000000027,-0.03566642534388487,random_forest,validation,0,0.5432115652636432,HOLD
2330,2025-03-13,2025-03-13T13:30:00+08:00,2025-03-14,965.0,2025-03-18,971.0,0.006217616580310947,0.0003396196689147146,random_forest,validation,0,0.5581047330246357,HOLD
2330,2025-03-14,2025-03-14T13:30:00+08:00,2025-03-17,977.0,2025-03-19,952.0,-0.025588536335721557,-0.03128073201930859,random_forest,validation,0,0.5249685393423373,HOLD
2330,2025-03-17,2025-03-17T13:30:00+08:00,2025-03-18,976.0,2025-03-20,985.0,0.009221311475409832,0.0033257679527984862,random_forest,validation,0,0.6061161595542399,BUY
2330,2025-03-18,2025-03-18T13:30:00+08:00,2025-03-19,965.0,2025-03-21,972.0,0.007253886010362587,0.0013698355491094105,random_forest,validation,0,0.5356239409173994,HOLD
2330,2025-03-19,2025-03-19T13:30:00+08:00,2025-03-20,978.0,2025-03-24,972.0,-0.006134969325153339,-0.011940806436717244,random_forest,validation,0,0.5416657107706473,HOLD
2330,2025-03-20,2025-03-20T13:30:00+08:00,2025-03-21,985.0,2025-03-25,990.0,0.0050761421319796,-0.0007951866559696708,random_forest,validation,0,0.5030444143031442,HOLD
2330,2025-03-21,2025-03-21T13:30:00+08:00,2025-03-24,986.0,2025-03-26,980.0,-0.006085192697768749,-0.011891320588242826,random_forest,validation,0,0.5876661504541033,HOLD
2330,2025-03-24,2025-03-24T13:30:00+08:00,2025-03-25,989.0,2025-03-27,958.0,-0.03134479271991908,-0.03700336222096856,random_forest,validation,0,0.548952267670392,HOLD
2330,2025-03-25,2025-03-25T13:30:00+08:00,2025-03-26,995.0,2025-03-28,952.0,-0.04321608040201008,-0.048805301691321024,random_forest,validation,0,0.5751298091663457,HOLD
2330,2025-03-26,2025-03-26T13:30:00+08:00,2025-03-27,961.0,2025-03-31,910.0,-0.05306971904266389,-0.05860137857143577,random_forest,validation,0,0.594944038083971,HOLD
2330,2025-03-27,2025-03-27T13:30:00+08:00,2025-03-28,946.0,2025-04-01,944.0,-0.0021141649048626032,-0.007943490251550167,random_forest,validation,0,0.5462737286156338,HOLD
2330,2025-03-28,2025-03-28T13:30:00+08:00,2025-03-31,920.0,2025-04-02,942.0,0.023913043478260843,0.01793167562310649,random_forest,validation,1,0.5556527051733773,HOLD
2330,2025-03-31,2025-03-31T13:30:00+08:00,2025-04-01,929.0,2025-04-07,848.0,-0.08719052744886979,-0.0925228642833048,random_forest,validation,0,0.6073952463580891,BUY
2330,2025-04-01,2025-04-01T13:30:00+08:00,2025-04-02,949.0,2025-04-08,816.0,-0.1401475237091675,-0.14517050295005074,random_forest,validation,0,0.5433610156322666,HOLD
2330,2025-04-02,2025-04-02T13:30:00+08:00,2025-04-07,848.0,2025-04-09,785.0,-0.0742924528301887,-0.07970013603256865,random_forest,validation,0,0.5245135730344416,HOLD
2330,2025-04-08,2025-04-08T13:30:00+08:00,2025-04-09,809.0,2025-04-11,889.0,0.09888751545117436,0.09246817105155447,random_forest,validation,1,0.5226554564229402,HOLD
2330,2025-04-09,2025-04-09T13:30:00+08:00,2025-04-10,863.0,2025-04-14,865.0,0.002317497103128563,-0.003537716575432781,random_forest,validation,0,0.5908423232154544,HOLD
2330,2025-04-11,2025-04-11T13:30:00+08:00,2025-04-14,895.0,2025-04-16,855.0,-0.04469273743016755,-0.0502733325681296,random_forest,validation,0,0.4787741103199522,HOLD
2330,2025-04-14,2025-04-14T13:30:00+08:00,2025-04-15,874.0,2025-04-17,847.0,-0.03089244851258577,-0.03655366046175956,random_forest,validation,0,0.5783249168219675,HOLD
2330,2025-04-15,2025-04-15T13:30:00+08:00,2025-04-16,867.0,2025-04-18,850.0,-0.019607843137254943,-0.025334976090443773,random_forest,validation,0,0.4800351586550427,HOLD
2330,2025-04-16,2025-04-16T13:30:00+08:00,2025-04-17,849.0,2025-04-21,835.0,-0.01648998822143699,-0.022235334671650064,random_forest,validation,0,0.4692926735070502,HOLD
2330,2025-04-17,2025-04-17T13:30:00+08:00,2025-04-18,853.0,2025-04-22,816.0,-0.04337631887456039,-0.0489646041026941,random_forest,validation,0,0.4406048915324659,SELL
2330,2025-04-18,2025-04-18T13:30:00+08:00,2025-04-21,844.0,2025-04-23,873.0,0.034360189573459765,0.028317792879743564,random_forest,validation,1,0.570099932150641,HOLD
2330,2025-04-21,2025-04-21T13:30:00+08:00,2025-04-22,826.0,2025-04-24,864.0,0.04600484261501214,0.039894421635609856,random_forest,validation,1,0.58217546257932,HOLD
2330,2025-04-22,2025-04-22T13:30:00+08:00,2025-04-23,853.0,2025-04-25,888.0,0.041031652989449,0.03495028377059772,random_forest,validation,1,0.5806806475243889,HOLD
2330,2025-04-23,2025-04-23T13:30:00+08:00,2025-04-24,886.0,2025-04-28,897.0,0.01241534988713311,0.006501147828227305,random_forest,validation,1,0.5299135675619977,HOLD
2330,2025-04-24,2025-04-24T13:30:00+08:00,2025-04-25,900.0,2025-04-29,902.0,0.0022222222222221255,-0.0036324348913908677,random_forest,validation,0,0.4915302862090926,HOLD
2330,2025-04-25,2025-04-25T13:30:00+08:00,2025-04-28,898.0,2025-04-30,908.0,0.011135857461024523,0.00522912978182033,random_forest,validation,1,0.4839556947958173,HOLD
2330,2025-04-28,2025-04-28T13:30:00+08:00,2025-04-29,897.0,2025-05-02,950.0,0.059085841694537455,0.05289900576182838,random_forest,validation,1,0.5090847172153908,HOLD
2330,2025-04-29,2025-04-29T13:30:00+08:00,2025-04-30,901.0,2025-05-05,938.0,0.04106548279689237,0.03498391595527983,random_forest,validation,1,0.4660151554305966,HOLD
2330,2025-04-30,2025-04-30T13:30:00+08:00,2025-05-02,938.0,2025-05-06,920.0,-0.019189765458422214,-0.02491934068579138,random_forest,validation,0,0.5097975314284698,HOLD
2330,2025-05-02,2025-05-02T13:30:00+08:00,2025-05-05,956.0,2025-05-07,928.0,-0.029288702928870314,-0.034959283439508715,random_forest,validation,0,0.6673863675874699,BUY
2330,2025-05-05,2025-05-05T13:30:00+08:00,2025-05-06,916.0,2025-05-08,918.0,0.0021834061135370675,-0.003671024248960486,random_forest,validation,0,0.5803598734490797,HOLD
2330,2025-05-06,2025-05-06T13:30:00+08:00,2025-05-07,925.0,2025-05-09,949.0,0.025945945945945903,0.019952702534024036,random_forest,validation,1,0.514198033809091,HOLD
2330,2025-05-07,2025-05-07T13:30:00+08:00,2025-05-08,933.0,2025-05-12,957.0,0.025723472668810254,0.019731528873605964,random_forest,validation,1,0.5401730192474755,HOLD
2330,2025-05-08,2025-05-08T13:30:00+08:00,2025-05-09,938.0,2025-05-13,969.0,0.03304904051172697,0.027014303125508787,random_forest,validation,1,0.5287424150136852,HOLD
2330,2025-05-09,2025-05-09T13:30:00+08:00,2025-05-12,954.0,2025-05-14,999.0,0.04716981132075482,0.04105258497207509,random_forest,validation,1,0.566750033523887,HOLD
2330,2025-05-12,2025-05-12T13:30:00+08:00,2025-05-13,990.0,2025-05-15,993.0,0.003030303030302939,-0.0028290746292594093,random_forest,validation,0,0.5561088289404201,HOLD
2330,2025-05-13,2025-05-13T13:30:00+08:00,2025-05-14,990.0,2025-05-16,998.0,0.008080808080808133,0.0021919270090626775,random_forest,validation,0,0.5539510348787209,HOLD
2330,2025-05-14,2025-05-14T13:30:00+08:00,2025-05-15,1000.0,2025-05-19,984.0,-0.016000000000000014,-0.021748208802456426,random_forest,validation,0,0.6057717194119284,BUY
2330,2025-05-15,2025-05-15T13:30:00+08:00,2025-05-16,991.0,2025-05-20,978.0,-0.013118062563067578,-0.018883106709165598,random_forest,validation,0,0.5338914031438663,HOLD
2330,2025-05-16,2025-05-16T13:30:00+08:00,2025-05-19,993.0,2025-05-21,990.0,-0.0030211480362537513,-0.008845175081702017,random_forest,validation,0,0.543560207303861,HOLD
2330,2025-05-19,2025-05-19T13:30:00+08:00,2025-05-20,991.0,2025-05-22,982.0,-0.00908173562058523,-0.014870358679346163,random_forest,validation,0,0.6007915593299105,BUY
2330,2025-05-20,2025-05-20T13:30:00+08:00,2025-05-21,986.0,2025-05-23,984.0,-0.0020283975659228792,-0.00785822393758262,random_forest,validation,0,0.5419422245244604,HOLD
2330,2025-05-21,2025-05-21T13:30:00+08:00,2025-05-22,988.0,2025-05-26,976.0,-0.012145748987854255,-0.01791647307445199,random_forest,validation,0,0.6358412745627922,BUY
2330,2025-05-22,2025-05-22T13:30:00+08:00,2025-05-23,993.0,2025-05-27,965.0,-0.028197381671701938,-0.033874337327113535,random_forest,validation,0,0.5405565622828713,HOLD
2330,2025-05-23,2025-05-23T13:30:00+08:00,2025-05-26,975.0,2025-05-28,967.0,-0.008205128205128198,-0.013998872120049466,random_forest,validation,0,0.5310035531451581,HOLD
2330,2025-05-26,2025-05-26T13:30:00+08:00,2025-05-27,971.0,2025-05-29,967.0,-0.004119464469618972,-0.009937075506743831,random_forest,validation,0,0.5604922149143688,HOLD
2330,2025-05-27,2025-05-27T13:30:00+08:00,2025-05-28,984.0,2025-06-02,946.0,-0.03861788617886175,-0.044233968627226505,random_forest,validation,0,0.5059804949707786,HOLD
2330,2025-05-28,2025-05-28T13:30:00+08:00,2025-05-29,986.0,2025-06-03,950.0,-0.0365111561866126,-0.04213954546819465,random_forest,validation,0,0.5395889380753158,HOLD
2330,2025-05-29,2025-05-29T13:30:00+08:00,2025-06-02,958.0,2025-06-04,990.0,0.03340292275574108,0.027366118104248383,random_forest,validation,1,0.53436792854415,HOLD
2330,2025-06-02,2025-06-02T13:30:00+08:00,2025-06-03,960.0,2025-06-05,998.0,0.039583333333333304,0.033510424728095733,random_forest,validation,1,0.4595600001402721,HOLD
2330,2025-06-03,2025-06-03T13:30:00+08:00,2025-06-04,974.0,2025-06-06,995.0,0.021560574948665368,0.015592949451548987,random_forest,validation,1,0.5939689776823388,HOLD
2330,2025-06-04,2025-06-04T13:30:00+08:00,2025-06-05,1000.0,2025-06-09,1005.0,0.004999999999999893,-0.0008708839903137644,random_forest,validation,0,0.6098932324337116,BUY
2330,2025-06-05,2025-06-05T13:30:00+08:00,2025-06-06,997.0,2025-06-10,1045.0,0.0481444332998997,0.042021513525773324,random_forest,validation,1,0.5217165690868724,HOLD
2330,2025-06-06,2025-06-06T13:30:00+08:00,2025-06-09,1005.0,2025-06-11,1065.0,0.05970149253731338,0.05351106017209051,random_forest,validation,1,0.4953931433218729,HOLD
2330,2025-06-09,2025-06-09T13:30:00+08:00,2025-06-10,1025.0,2025-06-12,1045.0,0.019512195121951237,0.013556535595313335,random_forest,validation,1,0.4432540956763611,SELL
2330,2025-06-10,2025-06-10T13:30:00+08:00,2025-06-11,1065.0,2025-06-13,1030.0,-0.032863849765258246,-0.03851354542781227,random_forest,validation,0,0.5311153713507211,HOLD
2330,2025-06-11,2025-06-11T13:30:00+08:00,2025-06-12,1055.0,2025-06-16,1025.0,-0.028436018957345932,-0.03411158057114583,random_forest,validation,0,0.28647630685328723,SELL
2330,2025-06-12,2025-06-12T13:30:00+08:00,2025-06-13,1040.0,2025-06-17,1045.0,0.004807692307692291,-0.0010620682834653339,random_forest,validation,0,0.4422745736473196,SELL
2330,2025-06-13,2025-06-13T13:30:00+08:00,2025-06-16,1030.0,2025-06-18,1055.0,0.024271844660194164,0.018288380804925897,random_forest,validation,1,0.46521826324962634,HOLD
2330,2025-06-16,2025-06-16T13:30:00+08:00,2025-06-17,1040.0,2025-06-19,1035.0,-0.004807692307692291,-0.0106212829410397,random_forest,validation,0,0.5076295296393196,HOLD
2330,2025-06-17,2025-06-17T13:30:00+08:00,2025-06-18,1040.0,2025-06-20,1055.0,0.014423076923076872,0.008497146374109255,random_forest,validation,1,0.503029191978491,HOLD
2330,2025-06-18,2025-06-18T13:30:00+08:00,2025-06-19,1045.0,2025-06-23,1020.0,-0.02392344497607657,-0.029625367583251405,random_forest,validation,0,0.3795819802139315,SELL
2330,2025-06-19,2025-06-19T13:30:00+08:00,2025-06-20,1030.0,2025-06-24,1050.0,0.01941747572815533,0.013462369521490158,random_forest,validation,1,0.4124920317654933,SELL
2330,2025-06-20,2025-06-20T13:30:00+08:00,2025-06-23,1025.0,2025-06-25,1070.0,0.04390243902439028,0.0378042996047705,random_forest,validation,1,0.45190565677068373,HOLD
2330,2025-06-23,2025-06-23T13:30:00+08:00,2025-06-24,1045.0,2025-06-26,1075.0,0.028708133971291794,0.022698754752945804,random_forest,validation,1,0.5281827478503759,HOLD
2330,2025-06-24,2025-06-24T13:30:00+08:00,2025-06-25,1060.0,2025-06-27,1080.0,0.018867924528301883,0.012916028621478448,random_forest,validation,1,0.4767491452546022,HOLD
2330,2025-06-25,2025-06-25T13:30:00+08:00,2025-06-26,1075.0,2025-06-30,1060.0,-0.013953488372092981,-0.019713652231616252,random_forest,validation,0,0.4076531445405683,SELL
2412,2025-01-02,2025-01-02T13:30:00+08:00,2025-01-03,123.0,2025-01-07,123.0,0.0,-0.005841675612252573,random_forest,validation,0,0.3724637409007304,SELL
2412,2025-01-03,2025-01-03T13:30:00+08:00,2025-01-06,123.0,2025-01-08,123.5,0.004065040650406582,-0.0018003816106763049,random_forest,validation,0,0.3064695534764461,SELL
2412,2025-01-06,2025-01-06T13:30:00+08:00,2025-01-07,124.0,2025-01-09,123.0,-0.008064516129032251,-0.013859081454089206,random_forest,validation,0,0.2537291621089924,SELL
2412,2025-01-07,2025-01-07T13:30:00+08:00,2025-01-08,123.5,2025-01-10,123.0,-0.004048582995951455,-0.009866608099652341,random_forest,validation,0,0.31914911895992043,SELL
2412,2025-01-08,2025-01-08T13:30:00+08:00,2025-01-09,123.5,2025-01-13,123.0,-0.004048582995951455,-0.009866608099652341,random_forest,validation,0,0.2595479549334376,SELL
2412,2025-01-09,2025-01-09T13:30:00+08:00,2025-01-10,123.0,2025-01-14,123.5,0.004065040650406582,-0.0018003816106763049,random_forest,validation,0,0.2205013683554787,SELL
2412,2025-01-10,2025-01-10T13:30:00+08:00,2025-01-13,122.5,2025-01-15,123.5,0.008163265306122547,0.0022739025460147833,random_forest,validation,0,0.31616160644257474,SELL
2412,2025-01-13,2025-01-13T13:30:00+08:00,2025-01-14,123.0,2025-01-16,124.0,0.008130081300812941,0.002240912390899963,random_forest,validation,0,0.20832660713307086,SELL
2412,2025-01-14,2025-01-14T13:30:00+08:00,2025-01-15,123.5,2025-01-17,124.0,0.004048582995951344,-0.0018167431248528043,random_forest,validation,0,0.27647897192623094,SELL
2412,2025-01-15,2025-01-15T13:30:00+08:00,2025-01-16,123.5,2025-01-20,123.5,0.0,-0.005841675612252573,random_forest,validation,0,0.23029928198248814,SELL
2412,2025-01-16,2025-01-16T13:30:00+08:00,2025-01-17,123.5,2025-01-21,123.5,0.0,-0.005841675612252573,random_forest,validation,0,0.3090641260608007,SELL
2412,2025-01-17,2025-01-17T13:30:00+08:00,2025-01-20,124.0,2025-01-22,124.5,0.0040322580645162365,-0.0018329726913340894,random_forest,validation,0,0.2583875390513728,SELL
2412,2025-01-20,2025-01-20T13:30:00+08:00,2025-01-21,123.5,2025-02-03,125.5,0.0161943319838056,0.0102580543373465,random_forest,validation,1,0.29015232038007166,SELL
2412,2025-01-21,2025-01-21T13:30:00+08:00,2025-01-22,124.0,2025-02-04,125.0,0.008064516129032251,0.002175730229584172,random_forest,validation,0,0.18719546980104781,SELL
2412,2025-01-22,2025-01-22T13:30:00+08:00,2025-02-03,124.5,2025-02-05,126.0,0.012048192771084265,0.006136135524949182,random_forest,validation,1,0.3229623891579947,SELL
2412,2025-02-03,2025-02-03T13:30:00+08:00,2025-02-04,125.5,2025-02-06,126.0,0.003984063745019917,-0.0018808854752495607,random_forest,validation,0,0.34342890794316977,SELL
2412,2025-02-04,2025-02-04T13:30:00+08:00,2025-02-05,126.0,2025-02-07,126.0,0.0,-0.005841675612252684,random_forest,validation,0,0.31973543611794375,SELL
2412,2025-02-05,2025-02-05T13:30:00+08:00,2025-02-06,126.0,2025-02-10,125.5,-0.003968253968253954,-0.009786748328077022,random_forest,validation,0,0.3697207533918321,SELL
2412,2025-02-06,2025-02-06T13:30:00+08:00,2025-02-07,125.5,2025-02-11,125.5,0.0,-0.005841675612252573,random_forest,validation,0,0.25804900983026996,SELL
2412,2025-02-07,2025-02-07T13:30:00+08:00,2025-02-10,125.5,2025-02-12,126.0,0.003984063745019917,-0.0018808854752495607,random_forest,validation,0,0.29115734714164926,SELL
2412,2025-02-10,2025-02-10T13:30:00+08:00,2025-02-11,125.5,2025-02-13,125.5,0.0,-0.005841675612252573,random_forest,validation,0,0.203406270689648,SELL
2412,2025-02-11,2025-02-11T13:30:00+08:00,2025-02-12,126.0,2025-02-14,125.5,-0.003968253968253954,-0.009786748328077022,random_forest,validation,0,0.229425535605262,SELL
2412,2025-02-12,2025-02-12T13:30:00+08:00,2025-02-13,126.0,2025-02-17,126.0,0.0,-0.005841675612252684,random_forest,validation,0,0.19397714943139902,SELL
2412,2025-02-13,2025-02-13T13:30:00+08:00,2025-02-14,126.0,2025-02-18,126.5,0.003968253968253954,-0.0018966028964282344,random_forest,validation,0,0.31001537858386075,SELL
2412,2025-02-14,2025-02-14T13:30:00+08:00,2025-02-17,126.0,2025-02-19,126.5,0.003968253968253954,-0.0018966028964282344,random_forest,validation,0,0.25295479132659066,SELL
2412,2025-02-17,2025-02-17T13:30:00+08:00,2025-02-18,126.0,2025-02-20,126.5,0.003968253968253954,-0.0018966028964282344,random_forest,validation,0,0.1874693568261541,SELL
2412,2025-02-18,2025-02-18T13:30:00+08:00,2025-02-19,126.5,2025-02-21,127.0,0.0039525691699604515,-0.0019121960692179973,random_forest,validation,0,0.3071070603043415,SELL
2412,2025-02-19,2025-02-19T13:30:00+08:00,2025-02-20,126.5,2025-02-24,127.0,0.0039525691699604515,-0.0019121960692179973,random_forest,validation,0,0.24584390560404973,SELL
2412,2025-02-20,2025-02-20T13:30:00+08:00,2025-02-21,126.5,2025-02-25,126.5,0.0,-0.005841675612252573,random_forest,validation,0,0.2723772614118802,SELL
2412,2025-02-21,2025-02-21T13:30:00+08:00,2025-02-24,126.5,2025-02-26,127.5,0.007905138339920903,0.002017283473816578,random_forest,validation,0,0.2225019232544767,SELL
2412,2025-02-24,2025-02-24T13:30:00+08:00,2025-02-25,126.5,2025-02-27,128.0,0.011857707509881354,0.005946763016851264,random_forest,validation,1,0.2748168737439734,SELL
2412,2025-02-25,2025-02-25T13:30:00+08:00,2025-02-26,126.5,2025-03-03,128.5,0.015810276679841806,0.009876242559885728,random_forest,validation,1,0.30172042792459275,SELL
2412,2025-02-26,2025-02-26T13:30:00+08:00,2025-02-27,128.0,2025-03-04,127.0,-0.0078125,-0.013608537521531905,random_forest,validation,0,0.34670845219612234,SELL
2412,2025-02-27,2025-02-27T13:30:00+08:00,2025-03-03,128.0,2025-03-05,127.5,-0.00390625,-0.009725106566892183,random_forest,validation,0,0.2766102120716984,SELL
2412,2025-03-03,2025-03-03T13:30:00+08:00,2025-03-04,128.5,2025-03-06,128.0,-0.0038910505836575737,-0.009709995940609506,random_forest,validation,0,0.2608290743465918,SELL
2412,2025-03-04,2025-03-04T13:30:00+08:00,2025-03-05,127.5,2025-03-07,128.0,0.0039215686274509665,-0.0019430155166142438,random_forest,validation,0,0.3435783072645917,SELL
2412,2025-03-05,2025-03-05T13:30:00+08:00,2025-03-06,128.0,2025-03-10,128.0,0.0,-0.005841675612252573,random_forest,validation,0,0.39008964291250225,SELL
2412,2025-03-06,2025-03-06T13:30:00+08:00,2025-03-07,128.0,2025-03-11,127.5,-0.00390625,-0.009725106566892183,random_forest,validation,0,0.2511351533531815,SELL
2412,2025-03-07,2025-03-07T13:30:00+08:00,2025-03-10,128.0,2025-03-12,128.0,0.0,-0.005841675612252573,random_forest,validation,0,0.22507707515537184,SELL
2412,2025-03-10,2025-03-10T13:30:00+08:00,2025-03-11,127.5,2025-03-13,128.5,0.007843137254901933,0.001955644579023863,random_forest,validation,0,0.29022914658486365,SELL
2412,2025-03-11,2025-03-11T13:30:00+08:00,2025-03-12,127.5,2025-03-14,128.5,0.007843137254901933,0.001955644579023863,random_forest,validation,0,0.37713390222932214,SELL
2412,2025-03-12,2025-03-12T13:30:00+08:00,2025-03-13,128.5,2025-03-17,128.0,-0.0038910505836575737,-0.009709995940609506,random_forest,validation,0,0.2730529932190003,SELL
2412,2025-03-13,2025-03-13T13:30:00+08:00,2025-03-14,128.5,2025-03-18,129.0,0.0038910505836575737,-0.001973355283895639,random_forest,validation,0,0.2395812122572053,SELL
2412,2025-03-14,2025-03-14T13:30:00+08:00,2025-03-17,128.0,2025-03-19,128.5,0.00390625,-0.001958244657612962,random_forest,validation,0,0.41671650580490704,SELL
2412,2025-03-17,2025-03-17T13:30:00+08:00,2025-03-18,128.5,2025-03-20,129.0,0.0038910505836575737,-0.001973355283895639,random_forest,validation,0,0.24665755094636538,SELL
2412,2025-03-18,2025-03-18T13:30:00+08:00,2025-03-19,129.0,2025-03-21,130.0,0.007751937984496138,0.0018649780651716075,random_forest,validation,0,0.25639725378240485,SELL
2412,2025-03-19,2025-03-19T13:30:00+08:00,2025-03-20,129.0,2025-03-24,129.0,0.0,-0.005841675612252795,random_forest,validation,0,0.2967652083286757,SELL
2412,2025-03-20,2025-03-20T13:30:00+08:00,2025-03-21,129.0,2025-03-25,129.0,0.0,-0.005841675612252795,random_forest,validation,0,0.4073725808630396,SELL
2412,2025-03-21,2025-03-21T13:30:00+08:00,2025-03-24,130.0,2025-03-26,129.0,-0.007692307692307665,-0.013489047338312243,random_forest,validation,0,0.2809421326687725,SELL
2412,2025-03-24,2025-03-24T13:30:00+08:00,2025-03-25,129.5,2025-03-27,130.0,0.0038610038610038533,-0.0020032264833423907,random_forest,validation,0,0.34244028025057394,SELL
2412,2025-03-25,2025-03-25T13:30:00+08:00,2025-03-26,129.5,2025-03-28,130.0,0.0038610038610038533,-0.0020032264833423907,random_forest,validation,0,0.3161021500132627,SELL
2412,2025-03-26,2025-03-26T13:30:00+08:00,2025-03-27,129.0,2025-03-31,128.5,-0.003875968992248069,-0.009695002450964885,random_forest,validation,0,0.2962756520049522,SELL
2412,2025-03-27,2025-03-27T13:30:00+08:00,2025-03-28,129.5,2025-04-01,130.0,0.0038610038610038533,-0.0020032264833423907,random_forest,validation,0,0.33954929651222726,SELL
2412,2025-03-28,2025-03-28T13:30:00+08:00,2025-03-31,129.0,2025-04-02,130.0,0.007751937984496138,0.0018649780651716075,random_forest,validation,0,0.33776708581732445,SELL
2412,2025-03-31,2025-03-31T13:30:00+08:00,2025-04-01,129.0,2025-04-07,124.0,-0.03875968992248058,-0.04437494399937458,random_forest,validation,0,0.39491339381520524,SELL
2412,2025-04-01,2025-04-01T13:30:00+08:00,2025-04-02,129.5,2025-04-08,127.0,-0.019305019305019266,-0.025033921256803704,random_forest,validation,0,0.3692955234233554,SELL
2412,2025-04-02,2025-04-02T13:30:00+08:00,2025-04-07,123.0,2025-04-09,126.0,0.024390243902439046,0.01840608839720459,random_forest,validation,1,0.3289927883348416,SELL
2412,2025-04-07,2025-04-07T13:30:00+08:00,2025-04-08,125.5,2025-04-10,127.0,0.01195219123505975,0.006040694798756352,random_forest,validation,1,0.46881022182911025,HOLD
2412,2025-04-08,2025-04-08T13:30:00+08:00,2025-04-09,126.0,2025-04-11,128.5,0.01984126984126977,0.01388368796686934,random_forest,validation,1,0.4622770316927699,HOLD
2412,2025-04-09,2025-04-09T13:30:00+08:00,2025-04-10,129.0,2025-04-14,127.5,-0.011627906976744207,-0.017401656128389287,random_forest,validation,0,0.462276367680538,HOLD
2412,2025-04-10,2025-04-10T13:30:00+08:00,2025-04-11,127.5,2025-04-15,129.0,0.0117647058823529,0.00585430467466197,random_forest,validation,1,0.4475739956632045,SELL
2412,2025-04-11,2025-04-11T13:30:00+08:00,2025-04-14,128.0,2025-04-16,128.5,0.00390625,-0.001958244657612962,random_forest,validation,0,0.4500381785521605,HOLD
2412,2025-04-14,2025-04-14T13:30:00+08:00,2025-04-15,128.0,2025-04-17,128.0,0.0,-0.005841675612252573,random_forest,validation,0,0.303137758780365,SELL
2412,2025-04-15,2025-04-15T13:30:00+08:00,2025-04-16,128.5,2025-04-18,128.0,-0.0038910505836575737,-0.009709995940609506,random_forest,validation,0,0.3172091201104855,SELL
2412,2025-04-16,2025-04-16T13:30:00+08:00,2025-04-17,129.0,2025-04-21,127.0,-0.015503875968992276,-0.021254982967101488,random_forest,validation,0,0.3495405812261845,SELL
2412,2025-04-17,2025-04-17T13:30:00+08:00,2025-04-18,129.0,2025-04-22,128.0,-0.007751937984496138,-0.013548329289677086,random_forest,validation,0,0.42881866813983166,SELL
2412,2025-04-18,2025-04-18T13:30:00+08:00,2025-04-21,128.0,2025-04-23,127.5,-0.00390625,-0.009725106566892183,random_forest,validation,0,0.2991513729917765,SELL
2412,2025-04-21,2025-04-21T13:30:00+08:00,2025-04-22,128.0,2025-04-24,127.0,-0.0078125,-0.013608537521531905,random_forest,validation,0,0.31568761219789004,SELL
2412,2025-04-22,2025-04-22T13:30:00+08:00,2025-04-23,128.5,2025-04-25,126.5,-0.015564202334630295,-0.021314956925680528,random_forest,validation,0,0.34713214489562255,SELL
2412,2025-04-23,2025-04-23T13:30:00+08:00,2025-04-24,127.5,2025-04-28,128.0,0.0039215686274509665,-0.0019430155166142438,random_forest,validation,0,0.36055466576430073,SELL
2412,2025-04-24,2025-04-24T13:30:00+08:00,2025-04-25,127.0,2025-04-29,129.0,0.015748031496062964,0.009814360992278726,random_forest,validation,1,0.1944480717096187,SELL
2412,2025-04-25,2025-04-25T13:30:00+08:00,2025-04-28,127.0,2025-04-30,129.5,0.019685039370078705,0.013728370143411661,random_forest,validation,1,0.1825251185626891,SELL
2412,2025-04-28,2025-04-28T13:30:00+08:00,2025-04-29,128.0,2025-05-02,128.5,0.00390625,-0.001958244657612962,random_forest,validation,0,0.38129676783134786,SELL
2412,2025-04-29,2025-04-29T13:30:00+08:00,2025-04-30,129.0,2025-05-05,129.5,0.003875968992248069,-0.0019883487735403715,random_forest,validation,0,0.27520131177013957,SELL
2412,2025-04-30,2025-04-30T13:30:00+08:00,2025-05-02,129.5,2025-05-06,130.0,0.0038610038610038533,-0.0020032264833423907,random_forest,validation,0,0.2978299107143441,SELL
2412,2025-05-02,2025-05-02T13:30:00+08:00,2025-05-05,129.0,2025-05-07,131.0,0.015503875968992276,0.00957163174259601,random_forest,validation,1,0.29820297841751975,SELL
2412,2025-05-05,2025-05-05T13:30:00+08:00,2025-05-06,129.5,2025-05-08,129.5,0.0,-0.005841675612252573,random_forest,validation,0,0.21285932266530466,SELL
2412,2025-05-06,2025-05-06T13:30:00+08:00,2025-05-07,130.5,2025-05-09,131.0,0.003831417624521105,-0.0020326398866289397,random_forest,validation,0,0.2631526007632981,SELL
2412,2025-05-07,2025-05-07T13:30:00+08:00,2025-05-08,131.0,2025-05-12,131.0,0.0,-0.005841675612252684,random_forest,validation,0,0.22267843480603808,SELL
2412,2025-05-08,2025-05-08T13:30:00+08:00,2025-05-09,129.5,2025-05-13,130.0,0.0038610038610038533,-0.0020032264833423907,random_forest,validation,0,0.306920636248433,SELL
2412,2025-05-09,2025-05-09T13:30:00+08:00,2025-05-12,131.0,2025-05-14,129.5,-0.011450381679389277,-0.017225167876234404,random_forest,validation,0,0.4197496059766575,SELL
2412,2025-05-13,2025-05-13T13:30:00+08:00,2025-05-14,130.5,2025-05-16,131.0,0.003831417624521105,-0.0020326398866289397,random_forest,validation,0,0.2943193782182978,SELL
2412,2025-05-14,2025-05-14T13:30:00+08:00,2025-05-15,129.5,2025-05-19,131.0,0.01158301158301156,0.005673671774478084,random_forest,validation,1,0.3505234366566481,SELL
2412,2025-05-15,2025-05-15T13:30:00+08:00,2025-05-16,131.0,2025-05-20,131.5,0.003816793893129722,-0.0020471781909252584,random_forest,validation,0,0.35334797695312603,SELL
2412,2025-05-16,2025-05-16T13:30:00+08:00,2025-05-19,131.0,2025-05-21,132.5,0.011450381679389388,0.00554181665172937,random_forest,validation,1,0.3327008767104098,SELL
2412,2025-05-19,2025-05-19T13:30:00+08:00,2025-05-20,131.5,2025-05-22,133.0,0.011406844106463865,0.005498533411181894,random_forest,validation,1,0.28198350081310847,SELL
2412,2025-05-20,2025-05-20T13:30:00+08:00,2025-05-21,132.0,2025-05-23,133.0,0.007575757575757569,0.0016898268452303356,random_forest,validation,0,0.35316421326040087,SELL
2412,2025-05-21,2025-05-21T13:30:00+08:00,2025-05-22,132.0,2025-05-26,133.0,0.007575757575757569,0.0016898268452303356,random_forest,validation,0,0.3329397724104233,SELL
2412,2025-05-22,2025-05-22T13:30:00+08:00,2025-05-23,133.0,2025-05-27,131.5,-0.011278195488721776,-0.01705398754143761,random_forest,validation,0,0.2885003949499835,SELL
2412,2025-05-23,2025-05-23T13:30:00+08:00,2025-05-26,133.0,2025-05-28,132.0,-0.007518796992481258,-0.013316550231709412,random_forest,validation,0,0.2954885892185316,SELL
2412,2025-05-26,2025-05-26T13:30:00+08:00,2025-05-27,133.0,2025-05-29,129.5,-0.02631578947368418,-0.03200373678035118,random_forest,validation,0,0.3088905664999193,SELL
2412,2025-05-27,2025-05-27T13:30:00+08:00,2025-05-28,131.5,2025-06-02,131.5,0.0,-0.005841675612252462,random_forest,validation,0,0.35006289466044577,SELL
2412,2025-05-28,2025-05-28T13:30:00+08:00,2025-05-29,132.5,2025-06-03,130.0,-0.018867924528301883,-0.024599379845983815,random_forest,validation,0,0.3010645415882643,SELL
2412,2025-05-29,2025-05-29T13:30:00+08:00,2025-06-02,130.0,2025-06-04,129.5,-0.0038461538461538325,-0.009665361475282297,random_forest,validation,0,0.35457101552992293,SELL
2412,2025-06-02,2025-06-02T13:30:00+08:00,2025-06-03,131.5,2025-06-05,130.0,-0.011406844106463865,-0.01718188463568704,random_forest,validation,0,0.41913816509846136,SELL
2412,2025-06-03,2025-06-03T13:30:00+08:00,2025-06-04,130.5,2025-06-06,130.0,-0.003831417624521105,-0.009650711337876094,random_forest,validation,0,0.3448460858737553,SELL
2412,2025-06-04,2025-06-04T13:30:00+08:00,2025-06-05,129.5,2025-06-09,132.5,0.02316602316602312,0.01718901916120874,random_forest,validation,1,0.33346898164436956,SELL
2412,2025-06-05,2025-06-05T13:30:00+08:00,2025-06-06,130.5,2025-06-10,133.0,0.019157088122605304,0.013203503015865259,random_forest,validation,1,0.32143710767353684,SELL
2412,2025-06-06,2025-06-06T13:30:00+08:00,2025-06-09,130.0,2025-06-11,133.0,0.023076923076922995,0.017100439565926218,random_forest,validation,1,0.38457969754381444,SELL
2412,2025-06-09,2025-06-09T13:30:00+08:00,2025-06-10,132.0,2025-06-12,134.0,0.015151515151515138,0.009221329302713466,random_forest,validation,1,0.456509536873678,HOLD
2412,2025-06-10,2025-06-10T13:30:00+08:00,2025-06-11,132.5,2025-06-13,135.0,0.018867924528301883,0.012916028621478448,random_forest,validation,1,0.3164245886789087,SELL
2412,2025-06-11,2025-06-11T13:30:00+08:00,2025-06-12,133.0,2025-06-16,136.0,0.022556390977443552,0.016582948246117724,random_forest,validation,1,0.26376537781689197,SELL
2412,2025-06-12,2025-06-12T13:30:00+08:00,2025-06-13,133.0,2025-06-17,136.5,0.026315789473684292,0.020320385555846032,random_forest,validation,1,0.4069611860966361,SELL
2412,2025-06-13,2025-06-13T13:30:00+08:00,2025-06-16,135.0,2025-06-18,137.0,0.014814814814814836,0.008886595860158497,random_forest,validation,1,0.3165813247192012,SELL
2412,2025-06-16,2025-06-16T13:30:00+08:00,2025-06-17,136.0,2025-06-19,136.5,0.003676470588235281,-0.0021866817725918475,random_forest,validation,0,0.340697343167269,SELL
2412,2025-06-17,2025-06-17T13:30:00+08:00,2025-06-18,136.0,2025-06-20,136.5,0.003676470588235281,-0.0021866817725918475,random_forest,validation,0,0.3669744104558596,SELL
2412,2025-06-18,2025-06-18T13:30:00+08:00,2025-06-19,136.0,2025-06-23,136.5,0.003676470588235281,-0.0021866817725918475,random_forest,validation,0,0.2730824289365399,SELL
2412,2025-06-19,2025-06-19T13:30:00+08:00,2025-06-20,136.0,2025-06-24,135.5,-0.003676470588235281,-0.00949666945191352,random_forest,validation,0,0.30641035913456227,SELL
2412,2025-06-20,2025-06-20T13:30:00+08:00,2025-06-23,136.0,2025-06-25,137.0,0.007352941176470562,0.0014683120670690997,random_forest,validation,0,0.20508346512839654,SELL
2412,2025-06-23,2025-06-23T13:30:00+08:00,2025-06-24,136.5,2025-06-26,137.0,0.00366300366300365,-0.0022000700284146024,random_forest,validation,0,0.3140308164113903,SELL
2412,2025-06-24,2025-06-24T13:30:00+08:00,2025-06-25,136.5,2025-06-27,136.5,0.0,-0.005841675612252684,random_forest,validation,0,0.38265424840205453,SELL
2412,2025-06-25,2025-06-25T13:30:00+08:00,2025-06-26,136.5,2025-06-30,135.0,-0.01098901098901095,-0.01676649236376626,random_forest,validation,0,0.4258739772412416,SELL
2881,2025-01-02,2025-01-02T13:30:00+08:00,2025-01-03,90.9,2025-01-07,91.9,0.011001100110010986,0.005095159639537883,random_forest,validation,1,0.5163803056508717,HOLD
2881,2025-01-03,2025-01-03T13:30:00+08:00,2025-01-06,91.3,2025-01-08,91.1,-0.0021905805038335835,-0.008019459455380296,random_forest,validation,0,0.4793111075424688,HOLD
2881,2025-01-06,2025-01-06T13:30:00+08:00,2025-01-07,92.1,2025-01-09,91.1,-0.010857763300760048,-0.016636011381935045,random_forest,validation,0,0.5367499061287806,HOLD
2881,2025-01-07,2025-01-07T13:30:00+08:00,2025-01-08,91.8,2025-01-10,89.9,-0.020697167755991175,-0.026417937228120802,random_forest,validation,0,0.4874569562316281,HOLD
2881,2025-01-08,2025-01-08T13:30:00+08:00,2025-01-09,91.3,2025-01-13,89.8,-0.01642935377875132,-0.022175054435709662,random_forest,validation,0,0.5891813796444619,HOLD
2881,2025-01-09,2025-01-09T13:30:00+08:00,2025-01-10,91.1,2025-01-14,90.8,-0.003293084522502765,-0.009115523003211168,random_forest,validation,0,0.5524475505476207,HOLD
2881,2025-01-10,2025-01-10T13:30:00+08:00,2025-01-13,90.2,2025-01-15,90.4,0.0022172949002217113,-0.0036373334295745074,random_forest,validation,0,0.62288291465241,BUY
2881,2025-01-13,2025-01-13T13:30:00+08:00,2025-01-14,90.1,2025-01-16,91.6,0.01664816870144281,0.010709239888098354,random_forest,validation,1,0.5195158453151049,HOLD
2881,2025-01-14,2025-01-14T13:30:00+08:00,2025-01-15,91.0,2025-01-17,91.0,0.0,-0.005841675612252684,random_forest,validation,0,0.588963520821669,HOLD
2881,2025-01-15,2025-01-15T13:30:00+08:00,2025-01-16,91.5,2025-01-20,90.5,-0.010928961748633892,-0.01670679391157215,random_forest,validation,0,0.583432462208868,HOLD
2881,2025-01-16,2025-01-16T13:30:00+08:00,2025-01-17,91.6,2025-01-21,91.5,-0.0010917030567685337,-0.00692700129389856,random_forest,validation,0,0.47179734720890243,HOLD
2881,2025-01-17,2025-01-17T13:30:00+08:00,2025-01-20,91.2,2025-01-22,92.8,0.01754385964912264,0.011599698499813238,random_forest,validation,1,0.48654270588942355,HOLD
2881,2025-01-20,2025-01-20T13:30:00+08:00,2025-01-21,90.8,2025-02-03,91.4,0.006607929515418665,0.0007276525224684249,random_forest,validation,0,0.4607693469006287,HOLD
2881,2025-01-21,2025-01-21T13:30:00+08:00,2025-01-22,92.2,2025-02-04,90.3,-0.020607375271149753,-0.026328669281848294,random_forest,validation,0,0.6545948535940573,BUY
2881,2025-01-22,2025-01-22T13:30:00+08:00,2025-02-03,91.5,2025-02-05,91.8,0.003278688524590123,-0.002582140122456722,random_forest,validation,0,0.47555561933267154,HOLD
2881,2025-02-03,2025-02-03T13:30:00+08:00,2025-02-04,92.0,2025-02-06,93.0,0.010869565217391353,0.004964393131092537,random_forest,validation,1,0.5580692391068376,HOLD
2881,2025-02-04,2025-02-04T13:30:00+08:00,2025-02-05,91.5,2025-02-07,92.3,0.008743169398907069,0.002850419027203177,random_forest,validation,0,0.5895395279980884,HOLD
2881,2025-02-05,2025-02-05T13:30:00+08:00,2025-02-06,92.0,2025-02-10,93.4,0.01521739130434785,0.009286820628430448,random_forest,validation,1,0.5317929640921185,HOLD
2881,2025-02-06,2025-02-06T13:30:00+08:00,2025-02-07,92.6,2025-02-11,93.8,0.012958963282937441,0.007041585610914725,random_forest,validation,1,0.634041681707406,BUY
2881,2025-02-07,2025-02-07T13:30:00+08:00,2025-02-10,92.0,2025-02-12,93.4,0.01521739130434785,0.009286820628430448,random_forest,validation,1,0.5724663153921891,HOLD
2881,2025-02-10,2025-02-10T13:30:00+08:00,2025-02-11,93.6,2025-02-13,93.4,-0.002136752136752018,-0.007965945536157926,random_forest,validation,0,0.5315628660765637,HOLD
2881,2025-02-11,2025-02-11T13:30:00+08:00,2025-02-12,93.3,2025-02-14,93.1,-0.002143622722400873,-0.007972775986074154,random_forest,validation,0,0.556031492216021,HOLD
2881,2025-02-12,2025-02-12T13:30:00+08:00,2025-02-13,93.0,2025-02-17,94.0,0.010752688172043001,0.004848198843529827,random_forest,validation,1,0.5630805375133741,HOLD
2881,2025-02-13,2025-02-13T13:30:00+08:00,2025-02-14,93.2,2025-02-18,94.3,0.011802575107296098,0.005891952679877521,random_forest,validation,1,0.5523125423656244,HOLD
2881,2025-02-14,2025-02-14T13:30:00+08:00,2025-02-17,93.5,2025-02-19,92.4,-0.0117647058823529,-0.017537655899167337,random_forest,validation,0,0.5449833902607335,HOLD
2881,2025-02-17,2025-02-17T13:30:00+08:00,2025-02-18,93.7,2025-02-20,92.0,-0.018143009605122717,-0.02387869964063216,random_forest,validation,0,0.5070629304896969,HOLD
2881,2025-02-18,2025-02-18T13:30:00+08:00,2025-02-19,93.9,2025-02-21,92.6,-0.013844515441959637,-0.01960531588599157,random_forest,validation,0,0.518844373731143,HOLD
2881,2025-02-19,2025-02-19T13:30:00+08:00,2025-02-20,92.3,2025-02-24,91.6,-0.007583965330444253,-0.013381337877381827,random_forest,validation,0,0.5890225973204766,HOLD
2881,2025-02-20,2025-02-20T13:30:00+08:00,2025-02-21,92.0,2025-02-25,91.7,-0.003260869565217317,-0.009083496235256061,random_forest,validation,0,0.55896106682483,HOLD
2881,2025-02-21,2025-02-21T13:30:00+08:00,2025-02-24,91.9,2025-02-26,92.8,0.009793253536452662,0.0038943689138515314,random_forest,validation,0,0.5294829654199499,HOLD
2881,2025-02-24,2025-02-24T13:30:00+08:00,2025-02-25,91.3,2025-02-27,92.3,0.010952902519167473,0.005047243603385265,random_forest,validation,1,0.6008374110670358,BUY
2881,2025-02-25,2025-02-25T13:30:00+08:00,2025-02-26,91.3,2025-03-03,92.8,0.016429353778751432,0.010491703211204406,random_forest,validation,1,0.5654373904281573,HOLD
2881,2025-02-26,2025-02-26T13:30:00+08:00,2025-02-27,92.6,2025-03-04,91.2,-0.015118790496760126,-0.020872147039281086,random_forest,validation,0,0.5602709081479994,HOLD
2881,2025-02-27,2025-02-27T13:30:00+08:00,2025-03-03,92.0,2025-03-05,91.8,-0.0021739130434782483,-0.008002889360921639,random_forest,validation,0,0.5519941523482288,HOLD
2881,2025-03-03,2025-03-03T13:30:00+08:00,2025-03-04,91.5,2025-03-06,92.5,0.010928961748633892,0.0050234426870672255,random_forest,validation,1,0.581453879021765,HOLD
2881,2025-03-04,2025-03-04T13:30:00+08:00,2025-03-05,91.2,2025-03-07,90.9,-0.003289473684210509,-0.00911193325826476,random_forest,validation,0,0.5061480400613138,HOLD
2881,2025-03-05,2025-03-05T13:30:00+08:00,2025-03-06,91.5,2025-03-10,90.7,-0.008743169398907069,-0.014533770251708211,random_forest,validation,0,0.5695082186120225,HOLD
2881,2025-03-06,2025-03-06T13:30:00+08:00,2025-03-07,91.8,2025-03-11,89.7,-0.02287581699346397,-0.028583859503475417,random_forest,validation,0,0.5542759210929212,HOLD
2881,2025-03-07,2025-03-07T13:30:00+08:00,2025-03-10,91.3,2025-03-12,89.5,-0.019715224534501585,-0.02544173020040097,random_forest,validation,0,0.5649654285058581,HOLD
2881,2025-03-10,2025-03-10T13:30:00+08:00,2025-03-11,89.8,2025-03-13,89.0,-0.008908685968819552,-0.014698319927510917,random_forest,validation,0,0.6671085400993519,BUY
2881,2025-03-11,2025-03-11T13:30:00+08:00,2025-03-12,89.8,2025-03-14,88.2,-0.017817371937639104,-0.02355496424276926,random_forest,validation,0,0.572605516135771,HOLD
2881,2025-03-12,2025-03-12T13:30:00+08:00,2025-03-13,90.1,2025-03-17,90.0,-0.0011098779134294245,-0.00694506997894262,random_forest,validation,0,0.4770866346801535,HOLD
2881,2025-03-13,2025-03-13T13:30:00+08:00,2025-03-14,89.0,2025-03-18,90.4,0.01573033707865168,0.009796769939914407,random_forest,validation,1,0.6180953237890542,BUY
2881,2025-03-14,2025-03-14T13:30:00+08:00,2025-03-17,88.8,2025-03-19,89.0,0.0022522522522523403,-0.0036025802870550683,random_forest,validation,0,0.5874077741291649,HOLD
2881,2025-03-17,2025-03-17T13:30:00+08:00,2025-03-18,90.4,2025-03-20,89.9,-0.00553097345132747,-0.011340338910857395,random_forest,validation,0,0.5080145705121268,HOLD
2881,2025-03-18,2025-03-18T13:30:00+08:00,2025-03-19,90.2,2025-03-21,89.0,-0.013303769401330379,-0.019067728708320186,random_forest,validation,0,0.4840536262584184,HOLD
2881,2025-03-19,2025-03-19T13:30:00+08:00,2025-03-20,89.7,2025-03-24,89.0,-0.0078037904124861335,-0.01359987881260305,random_forest,validation,0,0.620842312173426,BUY
2881,2025-03-20,2025-03-20T13:30:00+08:00,2025-03-21,89.9,2025-03-25,89.7,-0.0022246941045606095,-0.008053373775517847,random_forest,validation,0,0.564760257330706,HOLD
2881,2025-03-21,2025-03-21T13:30:00+08:00,2025-03-24,89.2,2025-03-26,89.9,0.007847533632286963,0.0019600152741983123,random_forest,validation,0,0.5644146586106696,HOLD
2881,2025-03-24,2025-03-24T13:30:00+08:00,2025-03-25,89.5,2025-03-27,89.9,0.004469273743016755,-0.0013985099166647919,random_forest,validation,0,0.5940367650085507,HOLD
2881,2025-03-25,2025-03-25T13:30:00+08:00,2025-03-26,89.7,2025-03-28,88.2,-0.01672240802675584,-0.022466396755860485,random_forest,validation,0,0.4854978617941655,HOLD
2881,2025-03-26,2025-03-26T13:30:00+08:00,2025-03-27,89.5,2025-03-31,85.3,-0.04692737430167604,-0.05249491541592344,random_forest,validation,0,0.4787763412307766,HOLD
2881,2025-03-27,2025-03-27T13:30:00+08:00,2025-03-28,89.3,2025-04-01,87.4,-0.02127659574468077,-0.026993980386459837,random_forest,validation,0,0.5516003895470327,HOLD
2881,2025-03-28,2025-03-28T13:30:00+08:00,2025-03-31,86.5,2025-04-02,87.6,0.012716763005780285,0.006800800189210143,random_forest,validation,1,0.5809811786224409,HOLD
2881,2025-03-31,2025-03-31T13:30:00+08:00,2025-04-01,85.8,2025-04-07,78.9,-0.0804195804195803,-0.08579147093014816,random_forest,validation,0,0.4897835199281206,HOLD
2881,2025-04-01,2025-04-01T13:30:00+08:00,2025-04-02,86.9,2025-04-08,77.9,-0.10356731875719216,-0.1088039876892345,random_forest,validation,0,0.593101185733208,HOLD
2881,2025-04-02,2025-04-02T13:30:00+08:00,2025-04-07,78.9,2025-04-09,72.1,-0.08618504435994945,-0.09152325490042346,random_forest,validation,0,0.5362562105308583,HOLD
2881,2025-04-08,2025-04-08T13:30:00+08:00,2025-04-09,79.0,2025-04-11,80.4,0.017721518987341867,0.01177632000980866,random_forest,validation,1,0.5876664602651587,HOLD
2881,2025-04-09,2025-04-09T13:30:00+08:00,2025-04-10,79.3,2025-04-14,80.9,0.020176544766708826,0.014217004324952986,random_forest,validation,1,0.5986956581692339,HOLD
2881,2025-04-11,2025-04-11T13:30:00+08:00,2025-04-14,80.8,2025-04-16,80.1,-0.008663366336633671,-0.014454433373037534,random_forest,validation,0,0.49321822500255763,HOLD
2881,2025-04-14,2025-04-14T13:30:00+08:00,2025-04-15,81.3,2025-04-17,79.6,-0.02091020910209107,-0.026629734055784948,random_forest,validation,0,0.45305653673242063,HOLD
2881,2025-04-15,2025-04-15T13:30:00+08:00,2025-04-16,81.5,2025-04-18,79.5,-0.024539877300613466,-0.03023819891011148,random_forest,validation,0,0.49720677765893306,HOLD
2881,2025-04-16,2025-04-16T13:30:00+08:00,2025-04-17,80.1,2025-04-21,79.0,-0.013732833957552981,-0.019494286808588557,random_forest,validation,0,0.5343053640161596,HOLD
2881,2025-04-17,2025-04-17T13:30:00+08:00,2025-04-18,80.0,2025-04-22,77.3,-0.03375000000000006,-0.039394519060339084,random_forest,validation,0,0.5351286873205554,HOLD
2881,2025-04-18,2025-04-18T13:30:00+08:00,2025-04-21,79.5,2025-04-23,79.3,-0.002515723270440251,-0.00834270284341676,random_forest,validation,0,0.4728728218285717,HOLD
2881,2025-04-21,2025-04-21T13:30:00+08:00,2025-04-22,77.6,2025-04-24,78.3,0.009020618556700999,0.0031262474170183907,random_forest,validation,0,0.6009619999318684,BUY
2881,2025-04-22,2025-04-22T13:30:00+08:00,2025-04-23,78.3,2025-04-25,79.4,0.014048531289910793,0.00812478871503397,random_forest,validation,1,0.4423281525262767,SELL
2881,2025-04-23,2025-04-23T13:30:00+08:00,2025-04-24,79.2,2025-04-28,79.2,0.0,-0.005841675612252462,random_forest,validation,0,0.6274180241363158,BUY
2881,2025-04-24,2025-04-24T13:30:00+08:00,2025-04-25,79.3,2025-04-29,81.4,0.02648171500630525,0.020485341805329682,random_forest,validation,1,0.6201340521975088,BUY
2881,2025-04-25,2025-04-25T13:30:00+08:00,2025-04-28,79.9,2025-04-30,84.3,0.05506883604505619,0.048905466156284216,random_forest,validation,1,0.5088127308552471,HOLD
2881,2025-04-28,2025-04-28T13:30:00+08:00,2025-04-29,79.5,2025-05-02,85.0,0.0691823899371069,0.06293657324476154,random_forest,validation,1,0.39843691006455506,SELL
2881,2025-04-29,2025-04-29T13:30:00+08:00,2025-04-30,82.5,2025-05-05,80.0,-0.030303030303030276,-0.035967685442184316,random_forest,validation,0,0.5097637571351039,HOLD
2881,2025-04-30,2025-04-30T13:30:00+08:00,2025-05-02,84.7,2025-05-06,79.0,-0.06729634002361273,-0.07274489224755565,random_forest,validation,0,0.49044898454914715,HOLD
2881,2025-05-02,2025-05-02T13:30:00+08:00,2025-05-05,80.0,2025-05-07,78.0,-0.025000000000000022,-0.03069563372194628,random_forest,validation,0,0.505248502745134,HOLD
2881,2025-05-05,2025-05-05T13:30:00+08:00,2025-05-06,78.3,2025-05-08,78.1,-0.0025542784163473664,-0.008381032762668217,random_forest,validation,0,0.5121958985957393,HOLD
2881,2025-05-06,2025-05-06T13:30:00+08:00,2025-05-07,79.2,2025-05-09,77.4,-0.022727272727272707,-0.028436182984701297,random_forest,validation,0,0.6180384180017804,BUY
2881,2025-05-07,2025-05-07T13:30:00+08:00,2025-05-08,78.0,2025-05-12,78.1,0.0012820512820512775,-0.004567113657909183,random_forest,validation,0,0.5438410653779099,HOLD
2881,2025-05-08,2025-05-08T13:30:00+08:00,2025-05-09,77.2,2025-05-13,79.0,0.023316062176165664,0.017338181692124977,random_forest,validation,1,0.6020905748075465,BUY
2881,2025-05-09,2025-05-09T13:30:00+08:00,2025-05-12,77.6,2025-05-14,80.0,0.030927835051546504,0.024905489059533492,random_forest,validation,1,0.5774525338327499,HOLD
2881,2025-05-12,2025-05-12T13:30:00+08:00,2025-05-13,78.8,2025-05-15,80.5,0.021573604060913798,0.015605902451950149,random_forest,validation,1,0.6065382059057849,BUY
2881,2025-05-13,2025-05-13T13:30:00+08:00,2025-05-14,79.6,2025-05-16,81.9,0.028894472361809198,0.022884004615031817,random_forest,validation,1,0.5288381989237008,HOLD
2881,2025-05-14,2025-05-14T13:30:00+08:00,2025-05-15,80.4,2025-05-19,79.8,-0.007462686567164312,-0.013260767585295596,random_forest,validation,0,0.5709055796214088,HOLD
2881,2025-05-15,2025-05-15T13:30:00+08:00,2025-05-16,80.2,2025-05-20,80.7,0.006234413965087171,0.00035631892881826666,random_forest,validation,0,0.5561003452843438,HOLD
2881,2025-05-16,2025-05-16T13:30:00+08:00,2025-05-19,81.1,2025-05-21,81.5,0.004932182490752224,-0.0009383053316716072,random_forest,validation,0,0.49971808265449225,HOLD
2881,2025-05-19,2025-05-19T13:30:00+08:00,2025-05-20,80.7,2025-05-22,81.9,0.014869888475836479,0.008941347798717691,random_forest,validation,1,0.6567095266774747,BUY
2881,2025-05-20,2025-05-20T13:30:00+08:00,2025-05-21,80.5,2025-05-23,81.5,0.012422360248447228,0.006508117237284727,random_forest,validation,1,0.49789320140210225,HOLD
2881,2025-05-21,2025-05-21T13:30:00+08:00,2025-05-22,80.5,2025-05-26,80.9,0.00496894409937898,-0.0009017584724375638,random_forest,validation,0,0.5597108545136333,HOLD
2881,2025-05-22,2025-05-22T13:30:00+08:00,2025-05-23,81.7,2025-05-27,80.3,-0.017135862913096767,-0.022877436372874982,random_forest,validation,0,0.5579532203153899,HOLD
2881,2025-05-23,2025-05-23T13:30:00+08:00,2025-05-26,81.3,2025-05-28,79.5,-0.022140221402213944,-0.027852561023051337,random_forest,validation,0,0.5705035288627672,HOLD
2881,2025-05-26,2025-05-26T13:30:00+08:00,2025-05-27,80.7,2025-05-29,79.6,-0.01363073110285018,-0.019392780405642074,random_forest,validation,0,0.5323894758813185,HOLD
2881,2025-05-27,2025-05-27T13:30:00+08:00,2025-05-28,80.7,2025-06-02,81.8,0.013630731102850069,0.007709429181136818,random_forest,validation,1,0.5308156833774784,HOLD
2881,2025-05-28,2025-05-28T13:30:00+08:00,2025-05-29,80.0,2025-06-03,83.6,0.04499999999999993,0.038895448985196035,random_forest,validation,1,0.5284682042312923,HOLD
2881,2025-05-29,2025-05-29T13:30:00+08:00,2025-06-02,79.6,2025-06-04,87.1,0.0942211055276383,0.08782902078106547,random_forest,validation,1,0.5280904808989113,HOLD
2881,2025-06-02,2025-06-02T13:30:00+08:00,2025-06-03,81.8,2025-06-05,87.1,0.06479217603911969,0.05857200555223474,random_forest,validation,1,0.40966581425976933,SELL
2881,2025-06-03,2025-06-03T13:30:00+08:00,2025-06-04,83.9,2025-06-06,87.8,0.04648390941597125,0.04037068988372128,random_forest,validation,1,0.4026923522013501,SELL
2881,2025-06-04,2025-06-04T13:30:00+08:00,2025-06-05,86.4,2025-06-09,88.5,0.02430555555555558,0.01832189477217172,random_forest,validation,1,0.5986295373155724,HOLD
2881,2025-06-05,2025-06-05T13:30:00+08:00,2025-06-06,87.0,2025-06-10,87.7,0.008045977011494232,0.0021572994115568456,random_forest,validation,0,0.518938940515692,HOLD
2881,2025-06-06,2025-06-06T13:30:00+08:00,2025-06-09,87.8,2025-06-11,90.1,0.026195899772209597,0.020201196211116823,random_forest,validation,1,0.4189469347194661,SELL
2881,2025-06-09,2025-06-09T13:30:00+08:00,2025-06-10,88.2,2025-06-12,87.5,-0.00793650793650802,-0.01373182104390136,random_forest,validation,0,0.4091340132059998,SELL
2881,2025-06-10,2025-06-10T13:30:00+08:00,2025-06-11,87.1,2025-06-13,86.5,-0.006888633754305373,-0.012690068202753535,random_forest,validation,0,0.46006372061948697,HOLD
2881,2025-06-11,2025-06-11T13:30:00+08:00,2025-06-12,87.8,2025-06-16,86.0,-0.02050113895216399,-0.026223053560976206,random_forest,validation,0,0.48824860290546523,HOLD
2881,2025-06-12,2025-06-12T13:30:00+08:00,2025-06-13,86.5,2025-06-17,85.8,-0.008092485549133,-0.013886887485910604,random_forest,validation,0,0.5916463139399739,HOLD
2881,2025-06-13,2025-06-13T13:30:00+08:00,2025-06-16,86.5,2025-06-18,87.4,0.010404624277456698,0.004502168225307912,random_forest,validation,1,0.5094896410595614,HOLD
2881,2025-06-16,2025-06-16T13:30:00+08:00,2025-06-17,86.3,2025-06-19,86.7,0.004634994206257348,-0.0012337575386128785,random_forest,validation,0,0.48275486479939306,HOLD
2881,2025-06-17,2025-06-17T13:30:00+08:00,2025-06-18,86.2,2025-06-20,84.9,-0.015081206496519672,-0.020834782592578094,random_forest,validation,0,0.49554192932454444,HOLD
2881,2025-06-18,2025-06-18T13:30:00+08:00,2025-06-19,86.6,2025-06-23,84.7,-0.021939953810623414,-0.027653463329766592,random_forest,validation,0,0.4322213032010472,SELL
2881,2025-06-19,2025-06-19T13:30:00+08:00,2025-06-20,86.1,2025-06-24,86.1,0.0,-0.005841675612252573,random_forest,validation,0,0.5037783972927334,HOLD
2881,2025-06-20,2025-06-20T13:30:00+08:00,2025-06-23,84.2,2025-06-25,85.7,0.017814726840855055,0.011868983373277464,random_forest,validation,1,0.5594044776805331,HOLD
2881,2025-06-23,2025-06-23T13:30:00+08:00,2025-06-24,85.2,2025-06-26,86.1,0.010563380281690016,0.0046599968284630755,random_forest,validation,1,0.45522984167989555,HOLD
2881,2025-06-24,2025-06-24T13:30:00+08:00,2025-06-25,86.5,2025-06-27,86.1,-0.0046242774566475076,-0.010438939540057257,random_forest,validation,0,0.4986021223241701,HOLD
2881,2025-06-25,2025-06-25T13:30:00+08:00,2025-06-26,86.0,2025-06-30,87.3,0.015116279069767424,0.009186299058725034,random_forest,validation,1,0.5761121238385686,HOLD
2882,2025-01-02,2025-01-02T13:30:00+08:00,2025-01-03,68.1,2025-01-07,69.1,0.014684287812041008,0.00875683135379357,random_forest,validation,1,0.37529237883582284,SELL
2882,2025-01-03,2025-01-03T13:30:00+08:00,2025-01-06,68.3,2025-01-08,68.8,0.007320644216691097,0.0014362037756519008,random_forest,validation,0,0.5385477179601252,HOLD
2882,2025-01-06,2025-01-06T13:30:00+08:00,2025-01-07,69.1,2025-01-09,68.3,-0.011577424023154759,-0.01735146807983856,random_forest,validation,0,0.5596205298473631,HOLD
2882,2025-01-07,2025-01-07T13:30:00+08:00,2025-01-08,68.8,2025-01-10,65.1,-0.053779069767441956,-0.05930658549938428,random_forest,validation,0,0.49771222396750353,HOLD
2882,2025-01-08,2025-01-08T13:30:00+08:00,2025-01-09,68.6,2025-01-13,64.2,-0.06413994169096193,-0.06960693257006723,random_forest,validation,0,0.5813128793641588,HOLD
2882,2025-01-09,2025-01-09T13:30:00+08:00,2025-01-10,67.5,2025-01-14,65.5,-0.029629629629629672,-0.03529821855707471,random_forest,validation,0,0.5247893786397981,HOLD
2882,2025-01-10,2025-01-10T13:30:00+08:00,2025-01-13,65.0,2025-01-15,64.7,-0.004615384615384577,-0.010430098647888242,random_forest,validation,0,0.4495603634285047,SELL
2882,2025-01-13,2025-01-13T13:30:00+08:00,2025-01-14,64.5,2025-01-16,65.5,0.015503875968992276,0.00957163174259601,random_forest,validation,1,0.49573354622727733,HOLD
2882,2025-01-14,2025-01-14T13:30:00+08:00,2025-01-15,65.5,2025-01-17,65.5,0.0,-0.005841675612252684,random_forest,validation,0,0.4969625460473404,HOLD
2882,2025-01-15,2025-01-15T13:30:00+08:00,2025-01-16,65.6,2025-01-20,65.1,-0.007621951219512146,-0.013419101865207894,random_forest,validation,0,0.48807841650930794,HOLD
2882,2025-01-16,2025-01-16T13:30:00+08:00,2025-01-17,65.8,2025-01-21,65.9,0.001519756838905817,-0.00433079669980907,random_forest,validation,0,0.4777915467762394,HOLD
2882,2025-01-17,2025-01-17T13:30:00+08:00,2025-01-20,65.7,2025-01-22,66.8,0.016742770167427645,0.01080328872300651,random_forest,validation,1,0.44095385597141884,SELL
2882,2025-01-20,2025-01-20T13:30:00+08:00,2025-01-21,65.3,2025-02-03,66.0,0.010719754977029039,0.004815458033557984,random_forest,validation,1,0.535045352714383,HOLD
2882,2025-01-21,2025-01-21T13:30:00+08:00,2025-01-22,66.5,2025-02-04,65.2,-0.019548872180451093,-0.02527634962284009,random_forest,validation,0,0.5837309806213087,HOLD
2882,2025-01-22,2025-01-22T13:30:00+08:00,2025-02-03,65.1,2025-02-05,66.5,0.021505376344086002,0.015538073299312005,random_forest,validation,1,0.4819265275282615,HOLD
2882,2025-02-03,2025-02-03T13:30:00+08:00,2025-02-04,66.5,2025-02-06,66.9,0.00601503759398514,0.00013822408331298774,random_forest,validation,0,0.41158626979344687,SELL
2882,2025-02-04,2025-02-04T13:30:00+08:00,2025-02-05,65.9,2025-02-07,66.9,0.015174506828528056,0.00924418666980742,random_forest,validation,1,0.5295606074871292,HOLD
2882,2025-02-05,2025-02-05T13:30:00+08:00,2025-02-06,66.8,2025-02-10,67.4,0.008982035928143839,0.0030878901756614674,random_forest,validation,0,0.48280138176572607,HOLD
2882,2025-02-06,2025-02-06T13:30:00+08:00,2025-02-07,66.6,2025-02-11,68.5,0.028528528528528607,0.022520198506917666,random_forest,validation,1,0.5191912352507707,HOLD
2882,2025-02-07,2025-02-07T13:30:00+08:00,2025-02-10,66.7,2025-02-12,68.7,0.02998500749625177,0.02396816919697531,random_forest,validation,1,0.43502855527230766,SELL
2882,2025-02-10,2025-02-10T13:30:00+08:00,2025-02-11,68.1,2025-02-13,68.7,0.008810572687224738,0.002917428567375424,random_forest,validation,0,0.4668696830599797,HOLD
2882,2025-02-11,2025-02-11T13:30:00+08:00,2025-02-12,68.6,2025-02-14,68.7,0.001457725947521915,-0.004392465226847553,random_forest,validation,0,0.5259775367723507,HOLD
2882,2025-02-12,2025-02-12T13:30:00+08:00,2025-02-13,68.6,2025-02-17,69.0,0.005830903790087438,-4.483407063293754e-05,random_forest,validation,0,0.45249839233272615,HOLD
2882,2025-02-13,2025-02-13T13:30:00+08:00,2025-02-14,68.7,2025-02-18,69.2,0.00727802037845704,0.0013938289320540864,random_forest,validation,0,0.40290870989139227,SELL
2882,2025-02-14,2025-02-14T13:30:00+08:00,2025-02-17,68.9,2025-02-19,68.7,-0.002902757619738794,-0.008727476263595824,random_forest,validation,0,0.4763939353214905,HOLD
2882,2025-02-17,2025-02-17T13:30:00+08:00,2025-02-18,68.7,2025-02-20,68.8,0.0014556040756912303,-0.00439457470339133,random_forest,validation,0,0.5379838482770524,HOLD
2882,2025-02-18,2025-02-18T13:30:00+08:00,2025-02-19,69.0,2025-02-21,68.9,-0.0014492753623187582,-0.00728248477803195,random_forest,validation,0,0.475362099414993,HOLD
2882,2025-02-19,2025-02-19T13:30:00+08:00,2025-02-20,68.7,2025-02-24,68.7,0.0,-0.005841675612252462,random_forest,validation,0,0.5672781326406552,HOLD
2882,2025-02-20,2025-02-20T13:30:00+08:00,2025-02-21,68.6,2025-02-25,68.7,0.001457725947521915,-0.004392465226847553,random_forest,validation,0,0.5203604821613844,HOLD
2882,2025-02-21,2025-02-21T13:30:00+08:00,2025-02-24,68.4,2025-02-26,69.2,0.011695906432748426,0.005785907129124412,random_forest,validation,1,0.526900014645834,HOLD
2882,2025-02-24,2025-02-24T13:30:00+08:00,2025-02-25,68.2,2025-02-27,68.4,0.0029325513196480912,-0.00292625530613011,random_forest,validation,0,0.5280897201147997,HOLD
2882,2025-02-25,2025-02-25T13:30:00+08:00,2025-02-26,68.5,2025-03-03,68.8,0.004379562043795637,-0.0014876975492404965,random_forest,validation,0,0.5589701632971044,HOLD
2882,2025-02-26,2025-02-26T13:30:00+08:00,2025-02-27,69.0,2025-03-04,67.7,-0.018840579710144856,-0.024572194767383926,random_forest,validation,0,0.48991135057852175,HOLD
2882,2025-02-27,2025-02-27T13:30:00+08:00,2025-03-03,68.7,2025-03-05,68.2,-0.00727802037845704,-0.013077180156559232,random_forest,validation,0,0.5327277128723393,HOLD
2882,2025-03-03,2025-03-03T13:30:00+08:00,2025-03-04,67.8,2025-03-06,68.7,0.013274336283185972,0.007355116304399223,random_forest,validation,1,0.5257893985588926,HOLD
2882,2025-03-04,2025-03-04T13:30:00+08:00,2025-03-05,67.9,2025-03-07,67.3,-0.008836524300441906,-0.014626579804191464,random_forest,validation,0,0.461697462427607,HOLD
2882,2025-03-05,2025-03-05T13:30:00+08:00,2025-03-06,68.0,2025-03-10,67.3,-0.010294117647058898,-0.016075658363303047,random_forest,validation,0,0.5472192242333286,HOLD
2882,2025-03-06,2025-03-06T13:30:00+08:00,2025-03-07,68.3,2025-03-11,65.9,-0.03513909224011702,-0.04077549667419378,random_forest,validation,0,0.42809636076815943,SELL
2882,2025-03-07,2025-03-07T13:30:00+08:00,2025-03-10,67.2,2025-03-12,66.5,-0.01041666666666674,-0.016197491491291682,random_forest,validation,0,0.610596059272821,BUY
2882,2025-03-10,2025-03-10T13:30:00+08:00,2025-03-11,66.0,2025-03-13,65.9,-0.0015151515151514694,-0.007347976103748932,random_forest,validation,0,0.6053431871041167,BUY
2882,2025-03-11,2025-03-11T13:30:00+08:00,2025-03-12,66.0,2025-03-14,66.0,0.0,-0.005841675612252573,random_forest,validation,0,0.5818158278986307,HOLD
2882,2025-03-12,2025-03-12T13:30:00+08:00,2025-03-13,66.8,2025-03-17,66.0,-0.0119760479041916,-0.017747763329471145,random_forest,validation,0,0.4894515057313084,HOLD
2882,2025-03-13,2025-03-13T13:30:00+08:00,2025-03-14,66.6,2025-03-18,66.5,-0.0015015015015014122,-0.007334405829050872,random_forest,validation,0,0.5451226980773596,HOLD
2882,2025-03-14,2025-03-14T13:30:00+08:00,2025-03-17,65.8,2025-03-19,65.3,-0.0075987841945288626,-0.013396070174469643,random_forest,validation,0,0.37004253473594884,SELL
2882,2025-03-17,2025-03-17T13:30:00+08:00,2025-03-18,66.3,2025-03-20,65.9,-0.006033182503770607,-0.011839614220926498,random_forest,validation,0,0.4779595989137571,HOLD
2882,2025-03-18,2025-03-18T13:30:00+08:00,2025-03-19,66.3,2025-03-21,65.1,-0.018099547511312264,-0.023835491438275014,random_forest,validation,0,0.5232162113188091,HOLD
2882,2025-03-19,2025-03-19T13:30:00+08:00,2025-03-20,65.8,2025-03-24,65.0,-0.012158054711246202,-0.017928706911799708,random_forest,validation,0,0.6150587834456086,BUY
2882,2025-03-20,2025-03-20T13:30:00+08:00,2025-03-21,65.6,2025-03-25,65.0,-0.009146341463414531,-0.01493458711579898,random_forest,validation,0,0.46153478867041575,HOLD
2882,2025-03-21,2025-03-21T13:30:00+08:00,2025-03-24,65.3,2025-03-26,65.4,0.0015313935681471325,-0.004319227948565207,random_forest,validation,0,0.6169419262646542,BUY
2882,2025-03-24,2025-03-24T13:30:00+08:00,2025-03-25,65.4,2025-03-27,65.3,-0.00152905198776776,-0.007361795374313473,random_forest,validation,0,0.5433092761888269,HOLD
2882,2025-03-25,2025-03-25T13:30:00+08:00,2025-03-26,65.5,2025-03-28,64.0,-0.022900763358778664,-0.028608660140216347,random_forest,validation,0,0.48356361093520783,HOLD
2882,2025-03-26,2025-03-26T13:30:00+08:00,2025-03-27,65.1,2025-03-31,61.2,-0.05990783410138234,-0.06539954758018185,random_forest,validation,0,0.5538163447197715,HOLD
2882,2025-03-27,2025-03-27T13:30:00+08:00,2025-03-28,65.0,2025-04-01,61.6,-0.05230769230769228,-0.05784380334945771,random_forest,validation,0,0.6396126431581708,BUY
2882,2025-03-28,2025-03-28T13:30:00+08:00,2025-03-31,62.8,2025-04-02,61.6,-0.019108280254776955,-0.024838331492273102,random_forest,validation,0,0.5250936590292065,HOLD
2882,2025-03-31,2025-03-31T13:30:00+08:00,2025-04-01,61.5,2025-04-07,55.5,-0.09756097560975607,-0.10283273165008155,random_forest,validation,0,0.5078380489426493,HOLD
2882,2025-04-01,2025-04-01T13:30:00+08:00,2025-04-02,61.6,2025-04-08,54.1,-0.12175324675324672,-0.1268836793932283,random_forest,validation,0,0.42152771681250556,SELL
2882,2025-04-02,2025-04-02T13:30:00+08:00,2025-04-07,55.5,2025-04-09,49.5,-0.10810810810810811,-0.11331825122173877,random_forest,validation,0,0.49244592932006853,HOLD
2882,2025-04-08,2025-04-08T13:30:00+08:00,2025-04-09,53.5,2025-04-11,54.2,0.013084112149532867,0.007166003398428433,random_forest,validation,1,0.5988611516093627,HOLD
2882,2025-04-09,2025-04-09T13:30:00+08:00,2025-04-10,54.4,2025-04-14,54.5,0.0018382352941177516,-0.0040141786924221545,random_forest,validation,0,0.6058834688573174,BUY
2882,2025-04-11,2025-04-11T13:30:00+08:00,2025-04-14,54.4,2025-04-16,54.8,0.007352941176470562,0.0014683120670690997,random_forest,validation,0,0.4592203531952555,HOLD
2882,2025-04-14,2025-04-14T13:30:00+08:00,2025-04-15,54.8,2025-04-17,53.9,-0.01642335766423353,-0.022169093348547664,random_forest,validation,0,0.5014227269769927,HOLD
2882,2025-04-15,2025-04-15T13:30:00+08:00,2025-04-16,55.1,2025-04-18,53.6,-0.02722323049001818,-0.03290587682063051,random_forest,validation,0,0.4876884413631851,HOLD
2882,2025-04-16,2025-04-16T13:30:00+08:00,2025-04-17,54.5,2025-04-21,54.1,-0.007339449541284404,-0.013138250470144275,random_forest,validation,0,0.46452600606199856,HOLD
2882,2025-04-17,2025-04-17T13:30:00+08:00,2025-04-18,53.6,2025-04-22,52.5,-0.020522388059701524,-0.026244178538120555,random_forest,validation,0,0.4969344325458338,HOLD
2882,2025-04-18,2025-04-18T13:30:00+08:00,2025-04-21,53.8,2025-04-23,53.6,-0.0037174721189590088,-0.009537431464995083,random_forest,validation,0,0.35908930323563604,SELL
2882,2025-04-21,2025-04-21T13:30:00+08:00,2025-04-22,53.1,2025-04-24,53.5,0.007532956685499137,0.0016472759838885853,random_forest,validation,0,0.45869893469854234,HOLD
2882,2025-04-22,2025-04-22T13:30:00+08:00,2025-04-23,53.6,2025-04-25,54.1,0.009328358208955168,0.003432189354050985,random_forest,validation,0,0.49599699626525195,HOLD
2882,2025-04-23,2025-04-23T13:30:00+08:00,2025-04-24,53.7,2025-04-28,54.6,0.016759776536312776,0.0108201957462013,random_forest,validation,1,0.3962221780724962,SELL
2882,2025-04-24,2025-04-24T13:30:00+08:00,2025-04-25,54.0,2025-04-29,55.7,0.031481481481481444,0.025455901266620895,random_forest,validation,1,0.45379773824775527,HOLD
2882,2025-04-25,2025-04-25T13:30:00+08:00,2025-04-28,54.8,2025-04-30,58.5,0.0675182481751826,0.061282152859182926,random_forest,validation,1,0.5228837774924419,HOLD
2882,2025-04-28,2025-04-28T13:30:00+08:00,2025-04-29,54.6,2025-05-02,58.7,0.07509157509157505,0.06881123885642437,random_forest,validation,1,0.4516839761763353,HOLD
2882,2025-04-29,2025-04-29T13:30:00+08:00,2025-04-30,58.4,2025-05-05,54.7,-0.06335616438356162,-0.06882773383544871,random_forest,validation,0,0.502802814930772,HOLD
2882,2025-04-30,2025-04-30T13:30:00+08:00,2025-05-02,58.5,2025-05-06,55.9,-0.04444444444444451,-0.05002649002948578,random_forest,validation,0,0.40077684337540986,SELL
2882,2025-05-02,2025-05-02T13:30:00+08:00,2025-05-05,55.1,2025-05-07,56.2,0.019963702359346636,0.014005405273891158,random_forest,validation,1,0.43672073911596904,SELL
2882,2025-05-05,2025-05-05T13:30:00+08:00,2025-05-06,53.9,2025-05-08,55.2,0.024118738404452778,0.018136168946264464,random_forest,validation,1,0.5571322880315784,HOLD
2882,2025-05-06,2025-05-06T13:30:00+08:00,2025-05-07,55.7,2025-05-09,55.2,-0.008976660682226245,-0.014765897554691931,random_forest,validation,0,0.5645130961002439,HOLD
2882,2025-05-07,2025-05-07T13:30:00+08:00,2025-05-08,55.1,2025-05-12,56.1,0.01814882032667886,0.012201125193332496,random_forest,validation,1,0.4909220597535979,HOLD
2882,2025-05-08,2025-05-08T13:30:00+08:00,2025-05-09,54.6,2025-05-13,57.9,0.06043956043956045,0.054244816521072714,random_forest,validation,1,0.4846292339508929,HOLD
2882,2025-05-09,2025-05-09T13:30:00+08:00,2025-05-12,55.0,2025-05-14,58.8,0.06909090909090909,0.06284562679999173,random_forest,validation,1,0.49711616535456743,HOLD
2882,2025-05-12,2025-05-12T13:30:00+08:00,2025-05-13,57.3,2025-05-15,59.6,0.04013961605584648,0.03406345782739528,random_forest,validation,1,0.48437209076959675,HOLD
2882,2025-05-13,2025-05-13T13:30:00+08:00,2025-05-14,58.6,2025-05-16,63.0,0.07508532423208192,0.06880502451242454,random_forest,validation,1,0.4198603788868077,SELL
2882,2025-05-14,2025-05-14T13:30:00+08:00,2025-05-15,59.3,2025-05-19,60.5,0.02023608768971341,0.014276199417516455,random_forest,validation,1,0.5437643743542523,HOLD
2882,2025-05-15,2025-05-15T13:30:00+08:00,2025-05-16,59.9,2025-05-20,61.5,0.026711185308848195,0.02071347161680248,random_forest,validation,1,0.41054866092801445,SELL
2882,2025-05-16,2025-05-16T13:30:00+08:00,2025-05-19,61.5,2025-05-21,63.5,0.03252032520325199,0.026488676400357125,random_forest,validation,1,0.5833967991466096,HOLD
2882,2025-05-19,2025-05-19T13:30:00+08:00,2025-05-20,60.8,2025-05-22,65.6,0.07894736842105265,0.07264450789204324,random_forest,validation,1,0.5435256016316796,HOLD
2882,2025-05-20,2025-05-20T13:30:00+08:00,2025-05-21,61.7,2025-05-23,65.7,0.06482982171799034,0.05860943131726115,random_forest,validation,1,0.4535310473441351,HOLD
2882,2025-05-21,2025-05-21T13:30:00+08:00,2025-05-22,62.2,2025-05-26,63.0,0.012861736334405016,0.006944926630676473,random_forest,validation,1,0.5571429554112673,HOLD
2882,2025-05-22,2025-05-22T13:30:00+08:00,2025-05-23,65.0,2025-05-27,62.2,-0.04307692307692301,-0.04866695727818626,random_forest,validation,0,0.5061306757714151,HOLD
2882,2025-05-23,2025-05-23T13:30:00+08:00,2025-05-26,65.4,2025-05-28,61.2,-0.06422018348623859,-0.06968670561880508,random_forest,validation,0,0.45850969287437965,HOLD
2882,2025-05-26,2025-05-26T13:30:00+08:00,2025-05-27,62.6,2025-05-29,59.8,-0.04472843450479236,-0.05030882111202406,random_forest,validation,0,0.5265135142589397,HOLD
2882,2025-05-27,2025-05-27T13:30:00+08:00,2025-05-28,62.6,2025-06-02,60.4,-0.03514376996805113,-0.0407801470763588,random_forest,validation,0,0.5382865354309951,HOLD
2882,2025-05-28,2025-05-28T13:30:00+08:00,2025-05-29,61.6,2025-06-03,63.9,0.037337662337662225,0.031277872213913316,random_forest,validation,1,0.528490785651476,HOLD
2882,2025-05-29,2025-05-29T13:30:00+08:00,2025-06-02,59.7,2025-06-04,64.7,0.08375209380234505,0.07742116562625223,random_forest,validation,1,0.5318805217539971,HOLD
2882,2025-06-02,2025-06-02T13:30:00+08:00,2025-06-03,60.1,2025-06-05,66.1,0.09983361064891838,0.09340873946805495,random_forest,validation,1,0.5550472465533948,HOLD
2882,2025-06-03,2025-06-03T13:30:00+08:00,2025-06-04,63.0,2025-06-06,66.3,0.05238095238095242,0.04623328423662931,random_forest,validation,1,0.48643741174877014,HOLD
2882,2025-06-04,2025-06-04T13:30:00+08:00,2025-06-05,64.3,2025-06-09,67.7,0.05287713841368591,0.046726571711516396,random_forest,validation,1,0.5972668266105382,HOLD
2882,2025-06-05,2025-06-05T13:30:00+08:00,2025-06-06,64.9,2025-06-10,66.0,0.016949152542372836,0.011008465479064977,random_forest,validation,1,0.42475146824377125,SELL
2882,2025-06-06,2025-06-06T13:30:00+08:00,2025-06-09,66.5,2025-06-11,68.4,0.028571428571428692,0.022562847941683062,random_forest,validation,1,0.3891746096103248,SELL
2882,2025-06-09,2025-06-09T13:30:00+08:00,2025-06-10,67.7,2025-06-12,68.5,0.011816838995568624,0.00590613324314182,random_forest,validation,1,0.3878071220879308,SELL
2882,2025-06-10,2025-06-10T13:30:00+08:00,2025-06-11,66.4,2025-06-13,69.0,0.03915662650602392,0.03308621058365313,random_forest,validation,1,0.49344434508205126,HOLD
2882,2025-06-11,2025-06-11T13:30:00+08:00,2025-06-12,67.1,2025-06-16,67.3,0.0029806259314455463,-0.002878461530619991,random_forest,validation,0,0.6106949227994678,BUY
2882,2025-06-12,2025-06-12T13:30:00+08:00,2025-06-13,67.5,2025-06-17,65.7,-0.026666666666666616,-0.032352564262592476,random_forest,validation,0,0.4456959227362669,SELL
2882,2025-06-13,2025-06-13T13:30:00+08:00,2025-06-16,68.7,2025-06-18,67.3,-0.02037845705967989,-0.02610108833631164,random_forest,validation,0,0.6012127747274882,BUY
2882,2025-06-16,2025-06-16T13:30:00+08:00,2025-06-17,67.3,2025-06-19,66.2,-0.01634472511144125,-0.022090920141621173,random_forest,validation,0,0.5081355406362845,HOLD
2882,2025-06-17,2025-06-17T13:30:00+08:00,2025-06-18,66.3,2025-06-20,65.6,-0.010558069381598867,-0.01633806817743233,random_forest,validation,0,0.5398384395167086,HOLD
2882,2025-06-18,2025-06-18T13:30:00+08:00,2025-06-19,66.5,2025-06-23,65.9,-0.009022556390977376,-0.01481152515560058,random_forest,validation,0,0.4717207443163746,HOLD
2882,2025-06-19,2025-06-19T13:30:00+08:00,2025-06-20,66.2,2025-06-24,66.5,0.004531722054380571,-0.001336426408078517,random_forest,validation,0,0.4703627700291272,HOLD
2882,2025-06-20,2025-06-20T13:30:00+08:00,2025-06-23,65.0,2025-06-25,66.5,0.023076923076922995,0.017100439565926218,random_forest,validation,1,0.5062802084445203,HOLD
2882,2025-06-23,2025-06-23T13:30:00+08:00,2025-06-24,66.2,2025-06-26,66.7,0.007552870090634434,0.0016670730613710383,random_forest,validation,0,0.4629827085326881,HOLD
2882,2025-06-24,2025-06-24T13:30:00+08:00,2025-06-25,66.9,2025-06-27,67.9,0.014947683109117982,0.009018687980987261,random_forest,validation,1,0.5874050554052834,HOLD
2882,2025-06-25,2025-06-25T13:30:00+08:00,2025-06-26,66.4,2025-06-30,62.8,-0.05421686746987964,-0.05974182572966069,random_forest,validation,0,0.4802877810850472,HOLD
2002,2026-01-02,2026-01-02T13:30:00+08:00,2026-01-05,18.8,2026-01-07,19.45,0.034574468085106336,0.02853081964583426,random_forest,test,1,0.4057578518161025,SELL
2002,2026-01-05,2026-01-05T13:30:00+08:00,2026-01-06,18.7,2026-01-08,19.15,0.024064171122994527,0.01808192042916379,random_forest,test,1,0.4449423479231473,SELL
2002,2026-01-06,2026-01-06T13:30:00+08:00,2026-01-07,18.65,2026-01-09,19.0,0.018766756032171594,0.012815451118884935,random_forest,test,1,0.46777157510703704,HOLD
2002,2026-01-07,2026-01-07T13:30:00+08:00,2026-01-08,19.7,2026-01-12,19.55,-0.0076142131979695105,-0.013411409046676925,random_forest,test,0,0.501401258692568,HOLD
2002,2026-01-08,2026-01-08T13:30:00+08:00,2026-01-09,19.15,2026-01-13,19.45,0.015665796344647598,0.009732606231941832,random_forest,test,1,0.49648381383576834,HOLD
2002,2026-01-09,2026-01-09T13:30:00+08:00,2026-01-12,19.0,2026-01-14,19.4,0.021052631578947212,0.015087973322226222,random_forest,test,1,0.4462478307703675,SELL
2002,2026-01-12,2026-01-12T13:30:00+08:00,2026-01-13,19.75,2026-01-15,19.45,-0.0151898734177216,-0.020942814716876756,random_forest,test,0,0.46160185962778466,HOLD
2002,2026-01-13,2026-01-13T13:30:00+08:00,2026-01-14,19.5,2026-01-16,19.25,-0.012820512820512775,-0.018587295155685246,random_forest,test,0,0.4977909991289495,HOLD
2002,2026-01-14,2026-01-14T13:30:00+08:00,2026-01-15,19.5,2026-01-19,19.65,0.007692307692307665,0.0018056961138070982,random_forest,test,0,0.4247146975677789,SELL
2002,2026-01-15,2026-01-15T13:30:00+08:00,2026-01-16,19.55,2026-01-20,19.15,-0.020460358056266115,-0.02618251089384338,random_forest,test,0,0.43544933860085855,SELL
2002,2026-01-16,2026-01-16T13:30:00+08:00,2026-01-19,19.25,2026-01-21,18.95,-0.01558441558441559,-0.021335052096217444,random_forest,test,0,0.4118443758391804,SELL
2002,2026-01-19,2026-01-19T13:30:00+08:00,2026-01-20,19.65,2026-01-22,19.0,-0.03307888040712459,-0.03872731993042211,random_forest,test,0,0.5179195992142389,HOLD
2002,2026-01-20,2026-01-20T13:30:00+08:00,2026-01-21,19.1,2026-01-23,19.15,0.002617801047120283,-0.0032391669096668574,random_forest,test,0,0.5252983614759179,HOLD
2002,2026-01-21,2026-01-21T13:30:00+08:00,2026-01-22,19.15,2026-01-26,19.65,0.02610966057441244,0.02011546079473825,random_forest,test,1,0.2999943695094618,SELL
2002,2026-01-22,2026-01-22T13:30:00+08:00,2026-01-23,19.1,2026-01-27,19.35,0.01308900523560208,0.0071708679006761145,random_forest,test,1,0.42512581789014653,SELL
2002,2026-01-23,2026-01-23T13:30:00+08:00,2026-01-26,19.2,2026-01-28,19.6,0.02083333333333348,0.014869956145825647,random_forest,test,1,0.37991650233504065,SELL
2002,2026-01-26,2026-01-26T13:30:00+08:00,2026-01-27,19.75,2026-01-29,20.7,0.048101265822784844,0.041978598219056806,random_forest,test,1,0.4029699874225799,SELL
2002,2026-01-27,2026-01-27T13:30:00+08:00,2026-01-28,19.35,2026-01-30,20.75,0.07235142118863047,0.06608709204370822,random_forest,test,1,0.4687004823433849,HOLD
2002,2026-01-28,2026-01-28T13:30:00+08:00,2026-01-29,19.85,2026-02-02,21.1,0.06297229219143574,0.05676275287564092,random_forest,test,1,0.4108563598424524,SELL
2002,2026-01-29,2026-01-29T13:30:00+08:00,2026-01-30,20.8,2026-02-03,20.65,-0.007211538461538547,-0.013011086605433486,random_forest,test,0,0.26856269096812146,SELL
2002,2026-01-30,2026-01-30T13:30:00+08:00,2026-02-02,21.05,2026-02-04,20.95,-0.004750593824228044,-0.010564518008393975,random_forest,test,0,0.4853083397873839,HOLD
2002,2026-02-02,2026-02-02T13:30:00+08:00,2026-02-03,21.4,2026-02-05,20.95,-0.02102803738317749,-0.02674687402227538,random_forest,test,0,0.34066488472716827,SELL
2002,2026-02-03,2026-02-03T13:30:00+08:00,2026-02-04,20.65,2026-02-06,20.4,-0.01210653753026636,-0.01787749067747957,random_forest,test,0,0.48256972877680654,HOLD
2002,2026-02-04,2026-02-04T13:30:00+08:00,2026-02-05,21.15,2026-02-09,20.35,-0.03782505910165468,-0.04344577298862107,random_forest,test,0,0.41795736518224474,SELL
2002,2026-02-05,2026-02-05T13:30:00+08:00,2026-02-06,20.8,2026-02-10,20.5,-0.014423076923076983,-0.02018049759861429,random_forest,test,0,0.3832402278038706,SELL
2002,2026-02-06,2026-02-06T13:30:00+08:00,2026-02-09,20.6,2026-02-11,20.9,0.014563106796116276,0.00863635823805442,random_forest,test,1,0.45225691978993454,HOLD
2002,2026-02-09,2026-02-09T13:30:00+08:00,2026-02-10,20.45,2026-02-23,20.45,0.0,-0.005841675612252462,random_forest,test,0,0.30848529845513456,SELL
2002,2026-02-10,2026-02-10T13:30:00+08:00,2026-02-11,20.6,2026-02-24,20.7,0.004854368932038833,-0.0010156643288168343,random_forest,test,0,0.4369418685923737,SELL
2002,2026-02-11,2026-02-11T13:30:00+08:00,2026-02-23,20.75,2026-02-25,21.25,0.024096385542168752,0.018113946662150937,random_forest,test,1,0.41392047928982256,SELL
2002,2026-02-23,2026-02-23T13:30:00+08:00,2026-02-24,20.6,2026-02-26,20.75,0.007281553398058138,0.0013973413129009238,random_forest,test,0,0.46820480677812365,HOLD
2002,2026-02-24,2026-02-24T13:30:00+08:00,2026-02-25,20.7,2026-03-02,20.25,-0.021739130434782594,-0.02745381309894268,random_forest,test,0,0.3729215607057427,SELL
2002,2026-02-25,2026-02-25T13:30:00+08:00,2026-02-26,21.25,2026-03-03,20.05,-0.05647058823529405,-0.061982380989442976,random_forest,test,0,0.4902288966489273,HOLD
2002,2026-02-26,2026-02-26T13:30:00+08:00,2026-03-02,20.4,2026-03-04,19.2,-0.05882352941176472,-0.06432157704682584,random_forest,test,0,0.4094097315656573,SELL
2002,2026-03-02,2026-03-02T13:30:00+08:00,2026-03-03,20.1,2026-03-05,19.3,-0.03980099502487566,-0.04541016613514803,random_forest,test,0,0.3488238140415102,SELL
2002,2026-03-03,2026-03-03T13:30:00+08:00,2026-03-04,19.8,2026-03-06,19.9,0.005050505050504972,-0.0008206739739307078,random_forest,test,0,0.4121006488105771,SELL
2002,2026-03-04,2026-03-04T13:30:00+08:00,2026-03-05,19.6,2026-03-09,19.15,-0.022959183673469497,-0.028666739182379608,random_forest,test,0,0.37795515595682666,SELL
2002,2026-03-05,2026-03-05T13:30:00+08:00,2026-03-06,19.1,2026-03-10,19.2,0.005235602094240788,-0.0006366582070810312,random_forest,test,0,0.365846690824618,SELL
2002,2026-03-06,2026-03-06T13:30:00+08:00,2026-03-09,19.15,2026-03-11,19.5,0.018276762402088753,0.012328319872640936,random_forest,test,1,0.49508269706318336,HOLD
2002,2026-03-09,2026-03-09T13:30:00+08:00,2026-03-10,19.4,2026-03-12,19.35,-0.002577319587628746,-0.008403939334901245,random_forest,test,0,0.4106321138313051,SELL
2002,2026-03-10,2026-03-10T13:30:00+08:00,2026-03-11,19.25,2026-03-13,19.1,-0.007792207792207684,-0.013588363854234897,random_forest,test,0,0.38643461664302614,SELL
2002,2026-03-11,2026-03-11T13:30:00+08:00,2026-03-12,19.3,2026-03-16,19.15,-0.00777202072538874,-0.013568294713711793,random_forest,test,0,0.43850888298097807,SELL
2002,2026-03-12,2026-03-12T13:30:00+08:00,2026-03-13,19.3,2026-03-17,19.25,-0.002590673575129543,-0.00841721531273909,random_forest,test,0,0.39818888407726943,SELL
2002,2026-03-13,2026-03-13T13:30:00+08:00,2026-03-16,19.2,2026-03-18,19.3,0.005208333333333481,-0.0006637676727330177,random_forest,test,0,0.26365297155822215,SELL
2002,2026-03-16,2026-03-16T13:30:00+08:00,2026-03-17,19.25,2026-03-19,18.8,-0.023376623376623384,-0.02908174033819988,random_forest,test,0,0.3294067364546284,SELL
2002,2026-03-17,2026-03-17T13:30:00+08:00,2026-03-18,19.4,2026-03-20,19.45,0.002577319587628857,-0.0032794118896037894,random_forest,test,0,0.2989210558742481,SELL
2002,2026-03-18,2026-03-18T13:30:00+08:00,2026-03-19,19.0,2026-03-23,19.05,0.0026315789473685403,-0.0032254694954426677,random_forest,test,0,0.3900363857724926,SELL
2002,2026-03-19,2026-03-19T13:30:00+08:00,2026-03-20,19.1,2026-03-24,19.2,0.005235602094240788,-0.0006366582070810312,random_forest,test,0,0.34971431382369966,SELL
2002,2026-03-20,2026-03-20T13:30:00+08:00,2026-03-23,19.8,2026-03-25,19.3,-0.025252525252525304,-0.03094668380386234,random_forest,test,0,0.4147470196939832,SELL
2002,2026-03-23,2026-03-23T13:30:00+08:00,2026-03-24,19.35,2026-03-26,19.75,0.02067183462532296,0.014709400860879018,random_forest,test,1,0.46130579242809583,HOLD
2002,2026-03-24,2026-03-24T13:30:00+08:00,2026-03-25,19.5,2026-03-27,19.6,0.00512820512820511,-0.0007434277948793477,random_forest,test,0,0.44283179458770555,SELL
2002,2026-03-25,2026-03-25T13:30:00+08:00,2026-03-26,19.45,2026-03-30,19.15,-0.015424164524421635,-0.021175737170932574,random_forest,test,0,0.38922691834008155,SELL
2002,2026-03-26,2026-03-26T13:30:00+08:00,2026-03-27,19.75,2026-03-31,18.9,-0.04303797468354442,-0.04862823640868741,random_forest,test,0,0.3944260286028049,SELL
2002,2026-03-27,2026-03-27T13:30:00+08:00,2026-03-30,19.25,2026-04-01,19.5,0.01298701298701288,0.0070694714577181905,random_forest,test,1,0.41661181287010807,SELL
2002,2026-03-30,2026-03-30T13:30:00+08:00,2026-03-31,19.0,2026-04-02,19.5,0.026315789473684292,0.020320385555846032,random_forest,test,1,0.31761240770540866,SELL
2002,2026-03-31,2026-03-31T13:30:00+08:00,2026-04-01,19.25,2026-04-07,19.5,0.01298701298701288,0.0070694714577181905,random_forest,test,1,0.42791265892231733,SELL
2002,2026-04-01,2026-04-01T13:30:00+08:00,2026-04-02,19.6,2026-04-08,19.95,0.017857142857142794,0.01191115160895695,random_forest,test,1,0.5122955039129097,HOLD
2002,2026-04-02,2026-04-02T13:30:00+08:00,2026-04-07,19.5,2026-04-09,20.2,0.03589743589743577,0.029846059109359002,random_forest,test,1,0.4093498524947601,SELL
2002,2026-04-07,2026-04-07T13:30:00+08:00,2026-04-08,19.8,2026-04-10,20.05,0.012626262626262541,0.006710828483552422,random_forest,test,1,0.37027991150854933,SELL
2002,2026-04-08,2026-04-08T13:30:00+08:00,2026-04-09,20.0,2026-04-13,20.2,0.010000000000000009,0.004099907631624822,random_forest,test,1,0.38455741618559336,SELL
2002,2026-04-09,2026-04-09T13:30:00+08:00,2026-04-10,20.3,2026-04-14,20.5,0.009852216748768461,0.003952987682207976,random_forest,test,0,0.4707861804446298,HOLD
2002,2026-04-10,2026-04-10T13:30:00+08:00,2026-04-13,20.05,2026-04-15,20.1,0.0024937655860348684,-0.0033624777958242147,random_forest,test,0,0.4394679467593348,SELL
2002,2026-04-13,2026-04-13T13:30:00+08:00,2026-04-14,20.2,2026-04-16,19.95,-0.012376237623762387,-0.018145615270516724,random_forest,test,0,0.38137776577314286,SELL
2002,2026-04-14,2026-04-14T13:30:00+08:00,2026-04-15,20.5,2026-04-17,20.1,-0.019512195121951126,-0.02523988681981837,random_forest,test,0,0.4280930453742451,SELL
2002,2026-04-15,2026-04-15T13:30:00+08:00,2026-04-16,20.25,2026-04-20,19.85,-0.01975308641975304,-0.02547937090880048,random_forest,test,0,0.47025573880054045,HOLD
2002,2026-04-16,2026-04-16T13:30:00+08:00,2026-04-17,20.05,2026-04-21,19.75,-0.014962593516209544,-0.020716862510822276,random_forest,test,0,0.4056313859613333,SELL
2002,2026-04-17,2026-04-17T13:30:00+08:00,2026-04-20,20.15,2026-04-22,19.55,-0.02977667493796521,-0.03544440487441869,random_forest,test,0,0.40674061259107086,SELL
2002,2026-04-20,2026-04-20T13:30:00+08:00,2026-04-21,19.9,2026-04-23,19.15,-0.03768844221105527,-0.04330995416957961,random_forest,test,0,0.3777770361479272,SELL
2002,2026-04-21,2026-04-21T13:30:00+08:00,2026-04-22,19.75,2026-04-24,19.0,-0.03797468354430378,-0.04359452337381253,random_forest,test,0,0.31892123735473454,SELL
2002,2026-04-22,2026-04-22T13:30:00+08:00,2026-04-23,19.4,2026-04-27,18.75,-0.03350515463917514,-0.0391511040066872,random_forest,test,0,0.40917339233624256,SELL
2002,2026-04-23,2026-04-23T13:30:00+08:00,2026-04-24,19.15,2026-04-28,18.75,-0.02088772845952991,-0.026607384737845075,random_forest,test,0,0.4527667273430914,HOLD
2002,2026-04-24,2026-04-24T13:30:00+08:00,2026-04-27,18.8,2026-04-29,19.0,0.010638297872340496,0.004734476774851171,random_forest,test,1,0.3842259808829897,SELL
2002,2026-04-27,2026-04-27T13:30:00+08:00,2026-04-28,18.75,2026-04-30,18.75,0.0,-0.005841675612252573,random_forest,test,0,0.4119160952586541,SELL
2002,2026-04-28,2026-04-28T13:30:00+08:00,2026-04-29,18.75,2026-05-04,18.6,-0.007999999999999896,-0.013794942207354555,random_forest,test,0,0.460438794553758,HOLD
2002,2026-04-29,2026-04-29T13:30:00+08:00,2026-04-30,18.9,2026-05-05,18.6,-0.015873015873015706,-0.021621966475550147,random_forest,test,0,0.3849417609270034,SELL
2002,2026-04-30,2026-04-30T13:30:00+08:00,2026-05-04,18.8,2026-05-06,18.8,0.0,-0.005841675612252684,random_forest,test,0,0.36163779253986894,SELL
2002,2026-05-04,2026-05-04T13:30:00+08:00,2026-05-05,18.6,2026-05-07,18.85,0.013440860215053752,0.007520667457475261,random_forest,test,1,0.35432188992059954,SELL
2002,2026-05-05,2026-05-05T13:30:00+08:00,2026-05-06,18.6,2026-05-08,18.75,0.008064516129032251,0.002175730229584172,random_forest,test,0,0.36773093176894733,SELL
2002,2026-05-06,2026-05-06T13:30:00+08:00,2026-05-07,18.8,2026-05-11,18.6,-0.010638297872340385,-0.016417827999356427,random_forest,test,0,0.5150985044332722,HOLD
2002,2026-05-07,2026-05-07T13:30:00+08:00,2026-05-08,18.85,2026-05-12,18.5,-0.018567639257294544,-0.02430084874412053,random_forest,test,0,0.4434969298931296,SELL
2002,2026-05-08,2026-05-08T13:30:00+08:00,2026-05-11,18.85,2026-05-13,18.4,-0.023872679045092937,-0.02957489821036874,random_forest,test,0,0.36884129887405914,SELL
2002,2026-05-11,2026-05-11T13:30:00+08:00,2026-05-12,18.8,2026-05-14,18.3,-0.02659574468085102,-0.03228205658001182,random_forest,test,0,0.34389626428688985,SELL
2002,2026-05-12,2026-05-12T13:30:00+08:00,2026-05-13,18.5,2026-05-15,18.15,-0.018918918918918948,-0.02465007634391292,random_forest,test,0,0.39533590007708347,SELL
2002,2026-05-13,2026-05-13T13:30:00+08:00,2026-05-14,18.5,2026-05-18,18.2,-0.016216216216216273,-0.021963161953675647,random_forest,test,0,0.4012713678629837,SELL
2002,2026-05-14,2026-05-14T13:30:00+08:00,2026-05-15,18.3,2026-05-19,18.2,-0.005464480874317057,-0.011274234761912472,random_forest,test,0,0.3909272908446138,SELL
2002,2026-05-15,2026-05-15T13:30:00+08:00,2026-05-18,18.15,2026-05-20,18.1,-0.0027548209366389242,-0.008580403778609691,random_forest,test,0,0.44716837471585935,SELL
2002,2026-05-18,2026-05-18T13:30:00+08:00,2026-05-19,18.35,2026-05-21,18.2,-0.008174386920981047,-0.013968310416512253,random_forest,test,0,0.3512856640642405,SELL
2002,2026-05-19,2026-05-19T13:30:00+08:00,2026-05-20,18.25,2026-05-22,18.15,-0.005479452054794609,-0.011289118485610317,random_forest,test,0,0.4000109802584212,SELL
2002,2026-05-20,2026-05-20T13:30:00+08:00,2026-05-21,18.3,2026-05-25,19.95,0.0901639344262295,0.08379555035713437,random_forest,test,1,0.44424994755158875,SELL
2002,2026-05-21,2026-05-21T13:30:00+08:00,2026-05-22,18.25,2026-05-26,19.5,0.06849315068493156,0.06225136030471634,random_forest,test,1,0.3404931095670482,SELL
2002,2026-05-22,2026-05-22T13:30:00+08:00,2026-05-25,18.5,2026-05-27,19.1,0.032432432432432545,0.026401297070593355,random_forest,test,1,0.4546253868383655,HOLD
2002,2026-05-25,2026-05-25T13:30:00+08:00,2026-05-26,21.0,2026-05-28,18.85,-0.10238095238095235,-0.10762455168052187,random_forest,test,0,0.5134601647100708,HOLD
2002,2026-05-26,2026-05-26T13:30:00+08:00,2026-05-27,19.65,2026-05-29,19.1,-0.027989821882951516,-0.03366799003531906,random_forest,test,0,0.6107099449408362,BUY
2002,2026-05-27,2026-05-27T13:30:00+08:00,2026-05-28,19.1,2026-06-01,19.1,0.0,-0.005841675612252462,random_forest,test,0,0.40314545751170927,SELL
2002,2026-05-28,2026-05-28T13:30:00+08:00,2026-05-29,19.05,2026-06-02,18.95,-0.005249343832021025,-0.011060354480429746,random_forest,test,0,0.46046555963532415,HOLD
2002,2026-05-29,2026-05-29T13:30:00+08:00,2026-06-01,19.2,2026-06-03,19.4,0.01041666666666674,0.004514140266786315,random_forest,test,1,0.3632587363730904,SELL
2002,2026-06-01,2026-06-01T13:30:00+08:00,2026-06-02,19.1,2026-06-04,19.25,0.00785340314136107,0.001965850495504462,random_forest,test,0,0.43133189411800266,SELL
2002,2026-06-02,2026-06-02T13:30:00+08:00,2026-06-03,19.1,2026-06-05,19.3,0.010471204188481575,0.004568359198090288,random_forest,test,1,0.372745313576634,SELL
2002,2026-06-03,2026-06-03T13:30:00+08:00,2026-06-04,19.45,2026-06-08,18.65,-0.04113110539845766,-0.04673250643539906,random_forest,test,0,0.39571673612693414,SELL
2002,2026-06-04,2026-06-04T13:30:00+08:00,2026-06-05,19.35,2026-06-09,18.75,-0.03100775193798455,-0.03666829032195029,random_forest,test,0,0.4224770102784355,SELL
2002,2026-06-05,2026-06-05T13:30:00+08:00,2026-06-08,18.6,2026-06-10,18.7,0.005376344086021501,-0.0004967383843615947,random_forest,test,0,0.3573347702319869,SELL
2002,2026-06-08,2026-06-08T13:30:00+08:00,2026-06-09,18.75,2026-06-11,18.55,-0.010666666666666602,-0.0164460310723884,random_forest,test,0,0.4464705022802747,SELL
2002,2026-06-09,2026-06-09T13:30:00+08:00,2026-06-10,18.75,2026-06-12,18.9,0.008000000000000007,0.0021115909828492985,random_forest,test,0,0.36423442704117825,SELL
2002,2026-06-10,2026-06-10T13:30:00+08:00,2026-06-11,18.7,2026-06-15,19.0,0.016042780748663166,0.010107388415358631,random_forest,test,1,0.46618325374135045,HOLD
2002,2026-06-11,2026-06-11T13:30:00+08:00,2026-06-12,18.75,2026-06-16,18.65,-0.005333333333333412,-0.011143853342320709,random_forest,test,0,0.4121100286888485,SELL
2002,2026-06-12,2026-06-12T13:30:00+08:00,2026-06-15,19.2,2026-06-17,18.75,-0.0234375,-0.029142261340090347,random_forest,test,0,0.3863758157752656,SELL
2002,2026-06-15,2026-06-15T13:30:00+08:00,2026-06-16,19.05,2026-06-18,19.1,0.002624671916010568,-0.003232336178163986,random_forest,test,0,0.42634887272808586,SELL
2002,2026-06-16,2026-06-16T13:30:00+08:00,2026-06-17,18.65,2026-06-22,19.5,0.04557640750670244,0.03946848930622382,random_forest,test,1,0.4032696343158995,SELL
2002,2026-06-17,2026-06-17T13:30:00+08:00,2026-06-18,18.8,2026-06-23,19.2,0.02127659574468077,0.015310629161954692,random_forest,test,1,0.33608196894170694,SELL
2002,2026-06-18,2026-06-18T13:30:00+08:00,2026-06-22,19.25,2026-06-24,19.35,0.0051948051948051965,-0.0006772167842641341,random_forest,test,0,0.39961453629400245,SELL
2002,2026-06-22,2026-06-22T13:30:00+08:00,2026-06-23,19.75,2026-06-25,19.05,-0.03544303797468351,-0.04107766685637537,random_forest,test,0,0.4172466015212427,SELL
2002,2026-06-23,2026-06-23T13:30:00+08:00,2026-06-24,19.15,2026-06-26,19.0,-0.007832898172323688,-0.013628816534349664,random_forest,test,0,0.4399127500161783,SELL
2002,2026-06-24,2026-06-24T13:30:00+08:00,2026-06-25,19.4,2026-06-29,19.05,-0.018041237113401998,-0.023777521670794277,random_forest,test,0,0.38701416818525414,SELL
2002,2026-06-25,2026-06-25T13:30:00+08:00,2026-06-26,19.0,2026-06-30,18.8,-0.010526315789473606,-0.01630650007949208,random_forest,test,0,0.4539470482892498,HOLD
2303,2026-01-02,2026-01-02T14:30:00+08:00,2026-01-05,48.5,2026-01-07,54.1,0.11546391752577323,0.10894773916241518,random_forest,test,1,0.49488760170168794,HOLD
2303,2026-01-05,2026-01-05T14:30:00+08:00,2026-01-06,48.85,2026-01-08,52.8,0.08085977482088014,0.07454574263404412,random_forest,test,1,0.4911996486099903,HOLD
2303,2026-01-06,2026-01-06T14:30:00+08:00,2026-01-07,50.8,2026-01-09,55.1,0.08464566929133865,0.0783095211371041,random_forest,test,1,0.465342938471344,HOLD
2303,2026-01-07,2026-01-07T14:30:00+08:00,2026-01-08,57.0,2026-01-12,55.3,-0.029824561403508865,-0.035492011602764495,random_forest,test,0,0.5330091015441893,HOLD
2303,2026-01-08,2026-01-08T14:30:00+08:00,2026-01-09,54.4,2026-01-13,54.9,0.009191176470588314,0.0032958089868995177,random_forest,test,0,0.6547269437040293,BUY
2303,2026-01-09,2026-01-09T13:30:00+08:00,2026-01-12,57.0,2026-01-14,54.0,-0.052631578947368474,-0.05816579794844989,random_forest,test,0,0.6575066718007077,BUY
2303,2026-01-12,2026-01-12T14:30:00+08:00,2026-01-13,55.5,2026-01-15,54.7,-0.014414414414414378,-0.020171885693517244,random_forest,test,0,0.5536278750229043,HOLD
2303,2026-01-13,2026-01-13T14:30:00+08:00,2026-01-14,55.1,2026-01-16,58.5,0.06170598911070768,0.05550384712673728,random_forest,test,1,0.3412395460808909,SELL
2303,2026-01-14,2026-01-14T14:30:00+08:00,2026-01-15,54.7,2026-01-19,62.5,0.14259597806215707,0.13592130300245353,random_forest,test,1,0.41185833303861263,SELL
2303,2026-01-15,2026-01-15T14:30:00+08:00,2026-01-16,54.8,2026-01-20,67.8,0.23722627737226287,0.22999880280089924,random_forest,test,1,0.4706461608326412,HOLD
2303,2026-01-16,2026-01-16T14:30:00+08:00,2026-01-19,60.3,2026-01-21,68.4,0.1343283582089554,0.1277019799025194,random_forest,test,1,0.6909954988611873,BUY
2303,2026-01-19,2026-01-19T14:30:00+08:00,2026-01-20,62.4,2026-01-22,67.6,0.08333333333333326,0.07700485142005964,random_forest,test,1,0.5917309244116383,HOLD
2303,2026-01-20,2026-01-20T14:30:00+08:00,2026-01-21,70.9,2026-01-23,64.8,-0.0860366713681242,-0.09137574865548614,random_forest,test,0,0.5243397291793522,HOLD
2303,2026-01-21,2026-01-21T14:30:00+08:00,2026-01-22,71.5,2026-01-26,69.3,-0.03076923076923077,-0.036431162516491034,random_forest,test,0,0.5643624700906473,HOLD
2303,2026-01-22,2026-01-22T14:30:00+08:00,2026-01-23,68.0,2026-01-27,76.2,0.12058823529411766,0.11404212232862276,random_forest,test,1,0.569815295874832,HOLD
2303,2026-01-23,2026-01-23T14:30:00+08:00,2026-01-26,66.0,2026-01-28,75.9,0.15000000000000013,0.14328207304590967,random_forest,test,1,0.5309418491220399,HOLD
2303,2026-01-26,2026-01-26T14:30:00+08:00,2026-01-27,71.1,2026-01-29,68.4,-0.03797468354430367,-0.043594523373812644,random_forest,test,0,0.5575410299969656,HOLD
2303,2026-01-27,2026-01-27T14:30:00+08:00,2026-01-28,79.6,2026-01-30,62.4,-0.2160804020100502,-0.22065980600759483,random_forest,test,0,0.6386179842755282,BUY
2303,2026-01-28,2026-01-28T14:30:00+08:00,2026-01-29,70.3,2026-02-02,60.7,-0.13655761024182067,-0.14160156059265605,random_forest,test,0,0.5528066429653208,HOLD
2303,2026-01-29,2026-01-29T14:30:00+08:00,2026-01-30,65.0,2026-02-03,60.8,-0.06461538461538463,-0.07007959811115327,random_forest,test,0,0.5235948268981414,HOLD
2303,2026-01-30,2026-01-30T14:30:00+08:00,2026-02-02,62.3,2026-02-04,61.8,-0.008025682182985605,-0.013820474363358093,random_forest,test,0,0.48195137701213453,HOLD
2303,2026-02-02,2026-02-02T14:30:00+08:00,2026-02-03,62.5,2026-02-05,61.5,-0.016000000000000014,-0.021748208802456426,random_forest,test,0,0.5935941759528248,HOLD
2303,2026-02-03,2026-02-03T14:30:00+08:00,2026-02-04,60.6,2026-02-06,61.9,0.021452145214521323,0.015485153128738771,random_forest,test,1,0.51414977080857,HOLD
2303,2026-02-04,2026-02-04T14:30:00+08:00,2026-02-05,61.8,2026-02-09,62.4,0.009708737864077666,0.003810346954618904,random_forest,test,0,0.40010237161677353,SELL
2303,2026-02-05,2026-02-05T14:30:00+08:00,2026-02-06,61.1,2026-02-10,62.4,0.02127659574468077,0.015310629161954692,random_forest,test,1,0.5053742261947288,HOLD
2303,2026-02-06,2026-02-06T14:30:00+08:00,2026-02-09,63.6,2026-02-11,62.8,-0.012578616352201366,-0.01834681176807329,random_forest,test,0,0.49829967401658676,HOLD
2303,2026-02-09,2026-02-09T14:30:00+08:00,2026-02-10,62.8,2026-02-23,63.9,0.01751592356687892,0.011571925611099765,random_forest,test,1,0.3993168133012157,SELL
2303,2026-02-10,2026-02-10T14:30:00+08:00,2026-02-11,62.9,2026-02-24,67.5,0.0731319554848966,0.06686306671181175,random_forest,test,1,0.40247452937088485,SELL
2303,2026-02-11,2026-02-11T14:30:00+08:00,2026-02-23,65.2,2026-02-25,65.5,0.004601226993864893,-0.0012673274939041246,random_forest,test,0,0.4105258818084306,SELL
2303,2026-02-23,2026-02-23T14:30:00+08:00,2026-02-24,64.3,2026-02-26,65.4,0.017107309486780853,0.011165698521908185,random_forest,test,1,0.48406291475038027,HOLD
2303,2026-02-24,2026-02-24T14:30:00+08:00,2026-02-25,69.3,2026-03-02,64.5,-0.06926406926406925,-0.0747011266520966,random_forest,test,0,0.486788490559211,HOLD
2303,2026-02-25,2026-02-25T14:30:00+08:00,2026-02-26,66.0,2026-03-03,62.6,-0.051515151515151514,-0.05705589232313646,random_forest,test,0,0.5380987286926722,HOLD
2303,2026-02-26,2026-02-26T14:30:00+08:00,2026-03-02,64.1,2026-03-04,60.0,-0.06396255850234,-0.06943058559649218,random_forest,test,0,0.44447322000311096,SELL
2303,2026-03-02,2026-03-02T14:30:00+08:00,2026-03-03,64.5,2026-03-05,62.1,-0.037209302325581395,-0.04283361326388979,random_forest,test,0,0.5182951343930449,HOLD
2303,2026-03-03,2026-03-03T14:30:00+08:00,2026-03-04,61.0,2026-03-06,62.0,0.016393442622950838,0.010456001836727014,random_forest,test,1,0.47568397096989473,HOLD
2303,2026-03-04,2026-03-04T14:30:00+08:00,2026-03-05,62.5,2026-03-09,59.7,-0.04479999999999995,-0.05037996854482352,random_forest,test,0,0.5082446415867671,HOLD
2303,2026-03-05,2026-03-05T14:30:00+08:00,2026-03-06,62.1,2026-03-10,60.4,-0.027375201288244777,-0.03305695985475143,random_forest,test,0,0.460746684040464,HOLD
2303,2026-03-06,2026-03-06T14:30:00+08:00,2026-03-09,58.3,2026-03-11,62.2,0.0668953687821614,0.06066291212552133,random_forest,test,1,0.37948756550573487,SELL
2303,2026-03-09,2026-03-09T14:30:00+08:00,2026-03-10,60.8,2026-03-12,60.6,-0.003289473684210509,-0.00911193325826487,random_forest,test,0,0.5687701589209563,HOLD
2303,2026-03-10,2026-03-10T14:30:00+08:00,2026-03-11,62.2,2026-03-13,59.5,-0.043408360128617374,-0.048996458182138825,random_forest,test,0,0.5005561170514043,HOLD
2303,2026-03-11,2026-03-11T14:30:00+08:00,2026-03-12,62.2,2026-03-16,60.5,-0.027331189710610992,-0.033013205378477295,random_forest,test,0,0.4883166090747947,HOLD
2303,2026-03-12,2026-03-12T14:30:00+08:00,2026-03-13,59.8,2026-03-17,60.7,0.015050167224080369,0.00912057341699457,random_forest,test,1,0.5017032027695979,HOLD
2303,2026-03-13,2026-03-13T14:30:00+08:00,2026-03-16,60.5,2026-03-18,61.1,0.009917355371900749,0.004017745786634164,random_forest,test,0,0.3654348828737319,SELL
2303,2026-03-16,2026-03-16T14:30:00+08:00,2026-03-17,60.9,2026-03-19,58.7,-0.03612479474548436,-0.04175544102527462,random_forest,test,0,0.4312977725418371,SELL
2303,2026-03-17,2026-03-17T14:30:00+08:00,2026-03-18,61.3,2026-03-20,57.8,-0.057096247960848334,-0.06260438581383687,random_forest,test,0,0.45401247645304627,HOLD
2303,2026-03-18,2026-03-18T14:30:00+08:00,2026-03-19,60.4,2026-03-23,56.7,-0.06125827814569529,-0.06674210276845549,random_forest,test,0,0.41433993816421494,SELL
2303,2026-03-19,2026-03-19T14:30:00+08:00,2026-03-20,58.5,2026-03-24,56.5,-0.03418803418803418,-0.039829994394739665,random_forest,test,0,0.5278221043408595,HOLD
2303,2026-03-20,2026-03-20T14:30:00+08:00,2026-03-23,56.0,2026-03-25,59.1,0.05535714285714288,0.04919208877349779,random_forest,test,1,0.4346379853438057,SELL
2303,2026-03-23,2026-03-23T14:30:00+08:00,2026-03-24,57.5,2026-03-26,58.2,0.012173913043478368,0.00626112138029411,random_forest,test,1,0.4560935530286372,HOLD
2303,2026-03-24,2026-03-24T14:30:00+08:00,2026-03-25,58.0,2026-03-27,57.8,-0.0034482758620689724,-0.009269807765313831,random_forest,test,0,0.54008877611181,HOLD
2303,2026-03-25,2026-03-25T14:30:00+08:00,2026-03-26,59.4,2026-03-30,57.0,-0.04040404040404033,-0.04600968871882827,random_forest,test,0,0.4846284794375771,HOLD
2303,2026-03-26,2026-03-26T14:30:00+08:00,2026-03-27,57.1,2026-03-31,56.5,-0.010507880910682998,-0.01628817289128326,random_forest,test,0,0.4396262534808368,SELL
2303,2026-03-27,2026-03-27T14:30:00+08:00,2026-03-30,56.3,2026-04-01,57.4,0.019538188277087087,0.013582376906868587,random_forest,test,1,0.4195982164198921,SELL
2303,2026-03-30,2026-03-30T14:30:00+08:00,2026-03-31,55.9,2026-04-02,53.6,-0.041144901610017826,-0.046746222053966724,random_forest,test,0,0.52758123863252,HOLD
2303,2026-03-31,2026-03-31T14:30:00+08:00,2026-04-01,57.5,2026-04-07,58.3,0.013913043478260834,0.007990092379229097,random_forest,test,1,0.4322417244488544,SELL
2303,2026-04-01,2026-04-01T14:30:00+08:00,2026-04-02,57.5,2026-04-08,60.3,0.04869565217391303,0.04256951235793327,random_forest,test,1,0.3876149522501723,SELL
2303,2026-04-02,2026-04-02T14:30:00+08:00,2026-04-07,54.7,2026-04-09,60.0,0.09689213893967086,0.09048445088235546,random_forest,test,1,0.5195739644421097,HOLD
2303,2026-04-07,2026-04-07T14:30:00+08:00,2026-04-08,59.8,2026-04-10,62.0,0.03678929765886285,0.03073271090368479,random_forest,test,1,0.45857378864259535,HOLD
2303,2026-04-08,2026-04-08T14:30:00+08:00,2026-04-09,60.6,2026-04-13,60.1,-0.008250825082508295,-0.014044302051095303,random_forest,test,0,0.4796781965053213,HOLD
2303,2026-04-09,2026-04-09T14:30:00+08:00,2026-04-10,59.7,2026-04-14,59.7,0.0,-0.005841675612252573,random_forest,test,0,0.4535398410568036,HOLD
2303,2026-04-10,2026-04-10T14:30:00+08:00,2026-04-13,61.5,2026-04-15,62.1,0.009756097560975618,0.003857429991530381,random_forest,test,0,0.4248675909291507,SELL
2303,2026-04-13,2026-04-13T14:30:00+08:00,2026-04-14,60.1,2026-04-16,68.3,0.13643926788685512,0.12980055833083437,random_forest,test,1,0.501139640233968,HOLD
2303,2026-04-14,2026-04-14T14:30:00+08:00,2026-04-15,60.1,2026-04-17,73.0,0.21464226289517474,0.20754671681040882,random_forest,test,1,0.4596659253153696,HOLD
2303,2026-04-15,2026-04-15T14:30:00+08:00,2026-04-16,66.5,2026-04-20,76.9,0.1563909774436092,0.14963571647244778,random_forest,test,1,0.4503106513624079,HOLD
2303,2026-04-16,2026-04-16T14:30:00+08:00,2026-04-17,68.3,2026-04-21,76.2,0.11566617862371897,0.10914881871663762,random_forest,test,1,0.4204219829259403,SELL
2303,2026-04-17,2026-04-17T14:30:00+08:00,2026-04-20,78.0,2026-04-22,78.6,0.007692307692307665,0.0018056961138070982,random_forest,test,0,0.6127208550429188,BUY
2303,2026-04-20,2026-04-20T14:30:00+08:00,2026-04-21,78.0,2026-04-23,73.6,-0.05641025641025643,-0.06192240160335638,random_forest,test,0,0.5898250472290943,HOLD
2303,2026-04-21,2026-04-21T14:30:00+08:00,2026-04-22,76.5,2026-04-24,74.5,-0.02614379084967322,-0.031832742916507395,random_forest,test,0,0.4846819065010229,HOLD
2303,2026-04-22,2026-04-22T14:30:00+08:00,2026-04-23,79.5,2026-04-27,72.7,-0.08553459119496853,-0.09087660147183341,random_forest,test,0,0.537953083079244,HOLD
2303,2026-04-23,2026-04-23T14:30:00+08:00,2026-04-24,77.0,2026-04-28,75.1,-0.02467532467532474,-0.030372855045197045,random_forest,test,0,0.565535896893632,HOLD
2303,2026-04-24,2026-04-24T14:30:00+08:00,2026-04-27,76.0,2026-04-29,74.5,-0.019736842105263164,-0.02546322148832647,random_forest,test,0,0.4485587609410709,SELL
2303,2026-04-27,2026-04-27T14:30:00+08:00,2026-04-28,72.3,2026-04-30,77.3,0.06915629322268324,0.06291062897887811,random_forest,test,1,0.5188897185494449,HOLD
2303,2026-04-28,2026-04-28T14:30:00+08:00,2026-04-29,75.3,2026-05-04,81.2,0.07835325365205859,0.07205386374880596,random_forest,test,1,0.45228787588384606,HOLD
2303,2026-04-29,2026-04-29T14:30:00+08:00,2026-04-30,80.5,2026-05-05,83.1,0.032298136645962705,0.02626778579654432,random_forest,test,1,0.5100849019508616,HOLD
2303,2026-04-30,2026-04-30T14:30:00+08:00,2026-05-04,80.0,2026-05-06,91.4,0.14250000000000007,0.13582588561300146,random_forest,test,1,0.6046268567508878,BUY
2303,2026-05-04,2026-05-04T14:30:00+08:00,2026-05-05,80.8,2026-05-07,96.5,0.19430693069306937,0.18733017702249555,random_forest,test,1,0.4091969520024799,SELL
2303,2026-05-05,2026-05-05T14:30:00+08:00,2026-05-06,88.5,2026-05-08,91.3,0.031638418079096065,0.025611921091540424,random_forest,test,1,0.4158193110829141,SELL
2303,2026-05-06,2026-05-06T14:30:00+08:00,2026-05-07,97.4,2026-05-11,95.0,-0.024640657084188944,-0.030338389970883006,random_forest,test,0,0.5745935178960475,HOLD
2303,2026-05-07,2026-05-07T14:30:00+08:00,2026-05-08,96.5,2026-05-12,104.5,0.08290155440414515,0.076575594803312,random_forest,test,1,0.4964102451696485,HOLD
2303,2026-05-08,2026-05-08T14:30:00+08:00,2026-05-11,94.7,2026-05-13,98.4,0.03907074973600855,0.03300083547787058,random_forest,test,1,0.4659030997960582,HOLD
2303,2026-05-11,2026-05-11T14:30:00+08:00,2026-05-12,96.7,2026-05-14,108.0,0.11685625646328845,0.11033194450751505,random_forest,test,1,0.3584159863301396,SELL
2303,2026-05-12,2026-05-12T14:30:00+08:00,2026-05-13,102.0,2026-05-15,110.0,0.07843137254901955,0.07213152630051178,random_forest,test,1,0.5302556959710512,HOLD
2303,2026-05-13,2026-05-13T14:30:00+08:00,2026-05-14,102.0,2026-05-18,111.0,0.08823529411764697,0.0818781765396075,random_forest,test,1,0.6415975352271195,BUY
2303,2026-05-14,2026-05-14T14:30:00+08:00,2026-05-15,112.0,2026-05-19,113.0,0.008928571428571397,0.0030347379983524103,random_forest,test,0,0.4797625859761335,HOLD
2303,2026-05-15,2026-05-15T14:30:00+08:00,2026-05-18,108.5,2026-05-20,108.0,-0.004608294930875556,-0.010423050379016363,random_forest,test,0,0.5739152888145549,HOLD
2303,2026-05-18,2026-05-18T14:30:00+08:00,2026-05-19,112.5,2026-05-21,116.0,0.03111111111111109,0.02508769447981063,random_forest,test,1,0.5278941982243298,HOLD
2303,2026-05-19,2026-05-19T14:30:00+08:00,2026-05-20,114.0,2026-05-22,114.0,0.0,-0.005841675612252684,random_forest,test,0,0.49914057215511337,HOLD
2303,2026-05-20,2026-05-20T14:30:00+08:00,2026-05-21,112.5,2026-05-25,125.0,0.11111111111111116,0.10462036043083045,random_forest,test,1,0.5255899198488999,HOLD
2303,2026-05-21,2026-05-21T14:30:00+08:00,2026-05-22,119.5,2026-05-26,130.5,0.09205020920502083,0.08567080613055267,random_forest,test,1,0.5290850479921475,HOLD
2303,2026-05-22,2026-05-22T14:30:00+08:00,2026-05-25,115.0,2026-05-27,143.5,0.24782608695652164,0.24053669173601522,random_forest,test,1,0.5143186383345298,HOLD
2303,2026-05-25,2026-05-25T14:30:00+08:00,2026-05-26,129.0,2026-05-28,142.0,0.10077519379844957,0.09434482219426443,random_forest,test,1,0.4804201010334599,HOLD
2303,2026-05-26,2026-05-26T14:30:00+08:00,2026-05-27,139.5,2026-05-29,144.5,0.03584229390680993,0.029791239240354983,random_forest,test,1,0.44072047499146505,SELL
2303,2026-05-27,2026-05-27T14:30:00+08:00,2026-05-28,145.0,2026-06-01,146.0,0.006896551724137945,0.0010145886938697224,random_forest,test,0,0.5085281182248629,HOLD
2303,2026-05-28,2026-05-28T14:30:00+08:00,2026-05-29,149.0,2026-06-02,141.5,-0.05033557046979864,-0.05588320200760888,random_forest,test,0,0.5525959956782065,HOLD
2303,2026-05-29,2026-05-29T14:30:00+08:00,2026-06-01,143.0,2026-06-03,130.5,-0.0874125874125874,-0.09274362704474792,random_forest,test,0,0.5516090855722401,HOLD
2303,2026-06-01,2026-06-01T14:30:00+08:00,2026-06-02,147.0,2026-06-04,125.0,-0.1496598639455783,-0.1546272751804869,random_forest,test,0,0.48469495170511734,HOLD
2303,2026-06-02,2026-06-02T14:30:00+08:00,2026-06-03,141.5,2026-06-05,131.5,-0.07067137809187274,-0.07610021443824178,random_forest,test,0,0.6143294233797575,BUY
2303,2026-06-03,2026-06-03T14:30:00+08:00,2026-06-04,126.5,2026-06-08,121.0,-0.04347826086956519,-0.0490659505856329,random_forest,test,0,0.5702831240606006,HOLD
2303,2026-06-04,2026-06-04T14:30:00+08:00,2026-06-05,127.0,2026-06-09,127.5,0.003937007874015741,-0.001927666461119748,random_forest,test,0,0.4586235307036827,HOLD
2303,2026-06-05,2026-06-05T14:30:00+08:00,2026-06-08,121.0,2026-06-10,118.5,-0.02066115702479343,-0.02638213685993329,random_forest,test,0,0.5454463416221887,HOLD
2303,2026-06-08,2026-06-08T14:30:00+08:00,2026-06-09,124.5,2026-06-11,125.0,0.004016064257028162,-0.0018490718998520617,random_forest,test,0,0.47091024547919097,HOLD
2303,2026-06-09,2026-06-09T14:30:00+08:00,2026-06-10,126.5,2026-06-12,133.5,0.05533596837944654,0.0491710379902317,random_forest,test,1,0.5108967700955427,HOLD
2303,2026-06-10,2026-06-10T14:30:00+08:00,2026-06-11,119.0,2026-06-15,141.5,0.18907563025210083,0.18212943614173338,random_forest,test,1,0.5575744552212767,HOLD
2303,2026-06-11,2026-06-11T14:30:00+08:00,2026-06-12,134.0,2026-06-16,141.0,0.052238805970149294,0.046091968199047484,random_forest,test,1,0.5477243123230123,HOLD
2303,2026-06-12,2026-06-12T14:30:00+08:00,2026-06-15,139.5,2026-06-17,140.0,0.0035842293906809264,-0.0022783841269917726,random_forest,test,0,0.601847562939744,BUY
2303,2026-06-15,2026-06-15T14:30:00+08:00,2026-06-16,144.0,2026-06-18,145.5,0.01041666666666674,0.004514140266786537,random_forest,test,1,0.4856531698936662,HOLD
2303,2026-06-16,2026-06-16T14:30:00+08:00,2026-06-17,138.5,2026-06-22,160.0,0.15523465703971118,0.14848615091725348,random_forest,test,1,0.45927128291450003,HOLD
2303,2026-06-17,2026-06-17T14:30:00+08:00,2026-06-18,141.0,2026-06-23,170.0,0.2056737588652482,0.19863060387175202,random_forest,test,1,0.5725694403205889,HOLD
2303,2026-06-18,2026-06-18T14:30:00+08:00,2026-06-22,160.0,2026-06-24,178.0,0.11250000000000004,0.10600113588136884,random_forest,test,1,0.47800041876733596,HOLD
2303,2026-06-23,2026-06-23T14:30:00+08:00,2026-06-24,172.0,2026-06-26,164.0,-0.046511627906976716,-0.052081597676798874,random_forest,test,0,0.5533865576742121,HOLD
2303,2026-06-24,2026-06-24T14:30:00+08:00,2026-06-25,183.5,2026-06-29,164.0,-0.10626702997275206,-0.11148792806762631,random_forest,test,0,0.5471111018147051,HOLD
2303,2026-06-25,2026-06-25T14:30:00+08:00,2026-06-26,175.0,2026-06-30,164.5,-0.06000000000000005,-0.0654911750755175,random_forest,test,0,0.476596053014487,HOLD
2330,2026-01-02,2026-01-02T14:30:00+08:00,2026-01-05,1630.0,2026-01-07,1675.0,0.027607361963190247,0.02160441309783856,random_forest,test,1,0.47303837730004467,HOLD
2330,2026-01-05,2026-01-05T14:30:00+08:00,2026-01-06,1645.0,2026-01-08,1685.0,0.024316109422492405,0.018332386986841698,random_forest,test,1,0.46711200533158315,HOLD
2330,2026-01-06,2026-01-06T14:30:00+08:00,2026-01-07,1665.0,2026-01-09,1680.0,0.009009009009008917,0.003114705688538111,random_forest,test,0,0.41652322580488865,SELL
2330,2026-01-07,2026-01-07T14:30:00+08:00,2026-01-08,1660.0,2026-01-12,1690.0,0.01807228915662651,0.01212504109355006,random_forest,test,1,0.2822284136030313,SELL
2330,2026-01-08,2026-01-08T14:30:00+08:00,2026-01-09,1665.0,2026-01-13,1710.0,0.027027027027026973,0.021027468290119034,random_forest,test,1,0.3971795552151648,SELL
2330,2026-01-09,2026-01-09T13:30:00+08:00,2026-01-12,1700.0,2026-01-14,1710.0,0.00588235294117645,6.314531204809626e-06,random_forest,test,0,0.43270823514823925,SELL
2330,2026-01-12,2026-01-12T14:30:00+08:00,2026-01-13,1720.0,2026-01-15,1690.0,-0.01744186046511631,-0.023181646386457477,random_forest,test,0,0.38456394305371766,SELL
2330,2026-01-13,2026-01-13T14:30:00+08:00,2026-01-14,1705.0,2026-01-16,1740.0,0.02052785923753664,0.014566266530604555,random_forest,test,1,0.30219760106187016,SELL
2330,2026-01-14,2026-01-14T14:30:00+08:00,2026-01-15,1685.0,2026-01-19,1760.0,0.04451038575667665,0.03840869490945731,random_forest,test,1,0.29354184677258405,SELL
2330,2026-01-15,2026-01-15T14:30:00+08:00,2026-01-16,1735.0,2026-01-20,1775.0,0.023054755043227626,0.01707840103069258,random_forest,test,1,0.3832550832373194,SELL
2330,2026-01-16,2026-01-16T14:30:00+08:00,2026-01-19,1725.0,2026-01-21,1740.0,0.008695652173912993,0.0028031793824234708,random_forest,test,0,0.4198877455510393,SELL
2330,2026-01-19,2026-01-19T14:30:00+08:00,2026-01-20,1740.0,2026-01-22,1760.0,0.011494252873563315,0.005585431564618215,random_forest,test,1,0.4877867927575168,HOLD
2330,2026-01-20,2026-01-20T14:30:00+08:00,2026-01-21,1745.0,2026-01-23,1770.0,0.014326647564469885,0.008401280324534799,random_forest,test,1,0.44097419451099645,SELL
2330,2026-01-21,2026-01-21T14:30:00+08:00,2026-01-22,1765.0,2026-01-26,1755.0,-0.005665722379603388,-0.01147430067960531,random_forest,test,0,0.389681257372368,SELL
2330,2026-01-22,2026-01-22T14:30:00+08:00,2026-01-23,1770.0,2026-01-27,1780.0,0.005649717514124353,-0.00022496191514664865,random_forest,test,0,0.29984226438093065,SELL
2330,2026-01-23,2026-01-23T14:30:00+08:00,2026-01-26,1765.0,2026-01-28,1820.0,0.031161473087818692,0.025137762258187202,random_forest,test,1,0.3501713818703551,SELL
2330,2026-01-26,2026-01-26T14:30:00+08:00,2026-01-27,1760.0,2026-01-29,1805.0,0.02556818181818188,0.019577145181752353,random_forest,test,1,0.30294526727686377,SELL
2330,2026-01-27,2026-01-27T14:30:00+08:00,2026-01-28,1790.0,2026-01-30,1775.0,-0.008379888268156388,-0.01417261129147962,random_forest,test,0,0.35987551471206636,SELL
2330,2026-01-28,2026-01-28T14:30:00+08:00,2026-01-29,1830.0,2026-02-02,1765.0,-0.03551912568306015,-0.04115331008504142,random_forest,test,0,0.3228644509038871,SELL
2330,2026-01-29,2026-01-29T14:30:00+08:00,2026-01-30,1790.0,2026-02-03,1800.0,0.005586592178770999,-0.00028771849276798545,random_forest,test,0,0.31638273132908645,SELL
2330,2026-01-30,2026-01-30T14:30:00+08:00,2026-02-02,1750.0,2026-02-04,1785.0,0.020000000000000018,0.014041490875502438,random_forest,test,1,0.44131954613753005,SELL
2330,2026-02-02,2026-02-02T14:30:00+08:00,2026-02-03,1810.0,2026-02-05,1765.0,-0.024861878453038666,-0.030558319036257275,random_forest,test,0,0.418812705839796,SELL
2330,2026-02-03,2026-02-03T14:30:00+08:00,2026-02-04,1785.0,2026-02-06,1780.0,-0.0028011204481792618,-0.008626432823422792,random_forest,test,0,0.34241889660508656,SELL
2330,2026-02-04,2026-02-04T14:30:00+08:00,2026-02-05,1765.0,2026-02-09,1815.0,0.028328611898017053,0.022321449724510778,random_forest,test,1,0.3865205196351337,SELL
2330,2026-02-05,2026-02-05T14:30:00+08:00,2026-02-06,1745.0,2026-02-10,1880.0,0.0773638968481376,0.07107028644639835,random_forest,test,1,0.4133562446077977,SELL
2330,2026-02-06,2026-02-06T14:30:00+08:00,2026-02-09,1830.0,2026-02-11,1915.0,0.04644808743169393,0.04033507715985585,random_forest,test,1,0.2962886820229299,SELL
2330,2026-02-09,2026-02-09T14:30:00+08:00,2026-02-10,1845.0,2026-02-23,1900.0,0.02981029810298108,0.023794480399306428,random_forest,test,1,0.41763756574833294,SELL
2330,2026-02-10,2026-02-10T14:30:00+08:00,2026-02-11,1880.0,2026-02-24,1965.0,0.04521276595744683,0.039106972032938225,random_forest,test,1,0.37207463347939657,SELL
2330,2026-02-11,2026-02-11T14:30:00+08:00,2026-02-23,1900.0,2026-02-25,2015.0,0.06052631578947376,0.05433106507437424,random_forest,test,1,0.4345845357186811,SELL
2330,2026-02-23,2026-02-23T14:30:00+08:00,2026-02-24,1915.0,2026-02-26,1995.0,0.04177545691906004,0.03568974263893265,random_forest,test,1,0.4970040343911925,HOLD
2330,2026-02-24,2026-02-24T14:30:00+08:00,2026-02-25,1995.0,2026-03-02,1975.0,-0.010025062656641603,-0.015808175104861655,random_forest,test,0,0.4643783544707267,HOLD
2330,2026-02-25,2026-02-25T14:30:00+08:00,2026-02-26,2000.0,2026-03-03,1935.0,-0.03249999999999997,-0.03815182115485427,random_forest,test,0,0.2997593241535536,SELL
2330,2026-02-26,2026-02-26T14:30:00+08:00,2026-03-02,1940.0,2026-03-04,1865.0,-0.03865979381443296,-0.0442756314519851,random_forest,test,0,0.3489617850986974,SELL
2330,2026-03-02,2026-03-02T14:30:00+08:00,2026-03-03,1970.0,2026-03-05,1900.0,-0.035532994923857864,-0.04116709830623344,random_forest,test,0,0.3522987749221857,SELL
2330,2026-03-03,2026-03-03T14:30:00+08:00,2026-03-04,1895.0,2026-03-06,1890.0,-0.0026385224274406704,-0.008464784647576495,random_forest,test,0,0.4663046626889631,HOLD
2330,2026-03-04,2026-03-04T14:30:00+08:00,2026-03-05,1940.0,2026-03-09,1810.0,-0.0670103092783505,-0.07246053240112227,random_forest,test,0,0.43232443991806774,SELL
2330,2026-03-05,2026-03-05T14:30:00+08:00,2026-03-06,1880.0,2026-03-10,1850.0,-0.015957446808510634,-0.021705904192908076,random_forest,test,0,0.45925633157050155,HOLD
2330,2026-03-06,2026-03-06T14:30:00+08:00,2026-03-09,1775.0,2026-03-11,1940.0,0.09295774647887334,0.08657304186604509,random_forest,test,1,0.3052315842462352,SELL
2330,2026-03-09,2026-03-09T14:30:00+08:00,2026-03-10,1870.0,2026-03-12,1885.0,0.008021390374331583,0.0021328564015530294,random_forest,test,0,0.412909561074834,SELL
2330,2026-03-10,2026-03-10T14:30:00+08:00,2026-03-11,1885.0,2026-03-13,1865.0,-0.010610079575596787,-0.016389774544748548,random_forest,test,0,0.45869694067259126,HOLD
2330,2026-03-11,2026-03-11T14:30:00+08:00,2026-03-12,1900.0,2026-03-16,1845.0,-0.02894736842105261,-0.03461994289716097,random_forest,test,0,0.447381412817194,SELL
2330,2026-03-12,2026-03-12T14:30:00+08:00,2026-03-13,1840.0,2026-03-17,1870.0,0.016304347826086918,0.010367427502764981,random_forest,test,1,0.44342181988102225,SELL
2330,2026-03-13,2026-03-13T14:30:00+08:00,2026-03-16,1875.0,2026-03-18,1905.0,0.016000000000000014,0.010064857577951392,random_forest,test,1,0.35805336432466545,SELL
2330,2026-03-16,2026-03-16T14:30:00+08:00,2026-03-17,1875.0,2026-03-19,1850.0,-0.013333333333333308,-0.01909711993742247,random_forest,test,0,0.41318729169722496,SELL
2330,2026-03-17,2026-03-17T14:30:00+08:00,2026-03-18,1900.0,2026-03-20,1840.0,-0.03157894736842104,-0.037236149013970876,random_forest,test,0,0.33610018497928384,SELL
2330,2026-03-18,2026-03-18T14:30:00+08:00,2026-03-19,1875.0,2026-03-23,1810.0,-0.03466666666666662,-0.04030583085769446,random_forest,test,0,0.3564951297366765,SELL
2330,2026-03-19,2026-03-19T14:30:00+08:00,2026-03-20,1860.0,2026-03-24,1810.0,-0.026881720430107503,-0.03256636175170813,random_forest,test,0,0.41147475549196066,SELL
2330,2026-03-20,2026-03-20T14:30:00+08:00,2026-03-23,1790.0,2026-03-25,1845.0,0.030726256983240274,0.024705088544912712,random_forest,test,1,0.37352660980302427,SELL
2330,2026-03-23,2026-03-23T14:30:00+08:00,2026-03-24,1850.0,2026-03-26,1840.0,-0.00540540540540535,-0.011215504392726894,random_forest,test,0,0.3741913736136897,SELL
2330,2026-03-24,2026-03-24T14:30:00+08:00,2026-03-25,1865.0,2026-03-27,1820.0,-0.024128686327077764,-0.029829409980857702,random_forest,test,0,0.4908644878139264,HOLD
2330,2026-03-25,2026-03-25T14:30:00+08:00,2026-03-26,1850.0,2026-03-30,1780.0,-0.037837837837837784,-0.04345847707557282,random_forest,test,0,0.49163091919418755,HOLD
2330,2026-03-26,2026-03-26T14:30:00+08:00,2026-03-27,1805.0,2026-03-31,1760.0,-0.024930747922437657,-0.030626786192556432,random_forest,test,0,0.4101615490777331,SELL
2330,2026-03-27,2026-03-27T14:30:00+08:00,2026-03-30,1780.0,2026-04-01,1855.0,0.042134831460674205,0.036047017831051464,random_forest,test,1,0.4615385402514231,HOLD
2330,2026-03-30,2026-03-30T14:30:00+08:00,2026-03-31,1775.0,2026-04-02,1810.0,0.019718309859154903,0.0137614462770832,random_forest,test,1,0.4314830211974748,SELL
2330,2026-03-31,2026-03-31T14:30:00+08:00,2026-04-01,1840.0,2026-04-07,1860.0,0.010869565217391353,0.004964393131092537,random_forest,test,1,0.4755743357244211,HOLD
2330,2026-04-01,2026-04-01T14:30:00+08:00,2026-04-02,1865.0,2026-04-08,1950.0,0.04557640750670244,0.03946848930622382,random_forest,test,1,0.3374545260627879,SELL
2330,2026-04-02,2026-04-02T14:30:00+08:00,2026-04-07,1850.0,2026-04-09,1955.0,0.05675675675675684,0.05058352658272769,random_forest,test,1,0.44393438457191975,SELL
2330,2026-04-07,2026-04-07T14:30:00+08:00,2026-04-08,1935.0,2026-04-10,2000.0,0.03359173126614978,0.02755382365658643,random_forest,test,1,0.40232926258771684,SELL
2330,2026-04-08,2026-04-08T14:30:00+08:00,2026-04-09,1945.0,2026-04-13,1990.0,0.023136246786632286,0.017159416725767374,random_forest,test,1,0.32641955126027616,SELL
2330,2026-04-09,2026-04-09T14:30:00+08:00,2026-04-10,1975.0,2026-04-14,2055.0,0.040506329113924044,0.03442802866674488,random_forest,test,1,0.4187265568681146,SELL
2330,2026-04-10,2026-04-10T14:30:00+08:00,2026-04-13,1985.0,2026-04-15,2080.0,0.04785894206549113,0.041737690038546216,random_forest,test,1,0.3607206322662869,SELL
2330,2026-04-13,2026-04-13T14:30:00+08:00,2026-04-14,2015.0,2026-04-16,2085.0,0.03473945409429291,0.0286948418602746,random_forest,test,1,0.4932757813047424,HOLD
2330,2026-04-14,2026-04-14T14:30:00+08:00,2026-04-15,2065.0,2026-04-17,2030.0,-0.016949152542372836,-0.022691816703570455,random_forest,test,0,0.4438351302099431,SELL
2330,2026-04-15,2026-04-15T14:30:00+08:00,2026-04-16,2080.0,2026-04-20,2025.0,-0.02644230769230771,-0.03212951592058233,random_forest,test,0,0.4781505318189829,HOLD
2330,2026-04-16,2026-04-16T14:30:00+08:00,2026-04-17,2055.0,2026-04-21,2050.0,-0.0024330900243308973,-0.008260552313925862,random_forest,test,0,0.4658872792249849,HOLD
2330,2026-04-17,2026-04-17T14:30:00+08:00,2026-04-20,2030.0,2026-04-22,2050.0,0.009852216748768461,0.003952987682207976,random_forest,test,0,0.4885596025902927,HOLD
2330,2026-04-20,2026-04-20T14:30:00+08:00,2026-04-21,2050.0,2026-04-23,2080.0,0.014634146341463428,0.008706982793421858,random_forest,test,1,0.4237994460837266,SELL
2330,2026-04-21,2026-04-21T14:30:00+08:00,2026-04-22,2045.0,2026-04-24,2185.0,0.06845965770171158,0.062218062976639565,random_forest,test,1,0.35899750264945196,SELL
2330,2026-04-22,2026-04-22T14:30:00+08:00,2026-04-23,2090.0,2026-04-27,2265.0,0.08373205741626788,0.07740124628624301,random_forest,test,1,0.3446837152247856,SELL
2330,2026-04-23,2026-04-23T14:30:00+08:00,2026-04-24,2110.0,2026-04-28,2215.0,0.04976303317535535,0.04363065806581079,random_forest,test,1,0.4878808615925137,HOLD
2330,2026-04-24,2026-04-24T14:30:00+08:00,2026-04-27,2280.0,2026-04-29,2180.0,-0.04385964912280704,-0.049445110892416766,random_forest,test,0,0.4581425797650798,HOLD
2330,2026-04-27,2026-04-27T14:30:00+08:00,2026-04-28,2245.0,2026-04-30,2135.0,-0.04899777282850781,-0.05455321934617352,random_forest,test,0,0.5244355948544895,HOLD
2330,2026-04-28,2026-04-28T14:30:00+08:00,2026-04-29,2175.0,2026-05-04,2275.0,0.04597701149425282,0.03986675309522991,random_forest,test,1,0.4637950327323891,HOLD
2330,2026-04-29,2026-04-29T14:30:00+08:00,2026-04-30,2205.0,2026-05-05,2250.0,0.020408163265306145,0.014447269783415706,random_forest,test,1,0.5043346049585161,HOLD
2330,2026-04-30,2026-04-30T14:30:00+08:00,2026-05-04,2200.0,2026-05-06,2250.0,0.022727272727272707,0.016752831760196152,random_forest,test,1,0.5266448995832663,HOLD
2330,2026-05-04,2026-05-04T14:30:00+08:00,2026-05-05,2250.0,2026-05-07,2310.0,0.026666666666666616,0.02066921303808722,random_forest,test,1,0.43878075473104083,SELL
2330,2026-05-05,2026-05-05T14:30:00+08:00,2026-05-06,2250.0,2026-05-08,2290.0,0.01777777777777767,0.011832250154640622,random_forest,test,1,0.5013239561124396,HOLD
2330,2026-05-06,2026-05-06T14:30:00+08:00,2026-05-07,2335.0,2026-05-11,2235.0,-0.04282655246252676,-0.04841804924770199,random_forest,test,0,0.4221867375172687,SELL
2330,2026-05-07,2026-05-07T14:30:00+08:00,2026-05-08,2300.0,2026-05-12,2255.0,-0.019565217391304346,-0.025292599350273837,random_forest,test,0,0.3815336111507442,SELL
2330,2026-05-08,2026-05-08T14:30:00+08:00,2026-05-11,2265.0,2026-05-13,2220.0,-0.019867549668874163,-0.02559316550075086,random_forest,test,0,0.37786119314580185,SELL
2330,2026-05-11,2026-05-11T14:30:00+08:00,2026-05-12,2235.0,2026-05-14,2270.0,0.015659955257270708,0.009726799266302821,random_forest,test,1,0.4943332076710372,HOLD
2330,2026-05-12,2026-05-12T14:30:00+08:00,2026-05-13,2205.0,2026-05-15,2265.0,0.027210884353741527,0.021210251581971873,random_forest,test,1,0.4756704305182463,HOLD
2330,2026-05-13,2026-05-13T14:30:00+08:00,2026-05-14,2250.0,2026-05-18,2240.0,-0.004444444444444473,-0.010260157053975871,random_forest,test,0,0.35648852419992577,SELL
2330,2026-05-14,2026-05-14T14:30:00+08:00,2026-05-15,2310.0,2026-05-19,2205.0,-0.045454545454545414,-0.05103069035715013,random_forest,test,0,0.4192610811384961,SELL
2330,2026-05-15,2026-05-15T14:30:00+08:00,2026-05-18,2225.0,2026-05-20,2185.0,-0.017977528089887618,-0.02371418481472909,random_forest,test,0,0.511560805353043,HOLD
2330,2026-05-18,2026-05-18T14:30:00+08:00,2026-05-19,2220.0,2026-05-21,2230.0,0.0045045045045044585,-0.001363484961857231,random_forest,test,0,0.4449623793715216,SELL
2330,2026-05-19,2026-05-19T14:30:00+08:00,2026-05-20,2205.0,2026-05-22,2255.0,0.0226757369614512,0.01670159704960117,random_forest,test,1,0.43109238335276534,SELL
2330,2026-05-20,2026-05-20T14:30:00+08:00,2026-05-21,2240.0,2026-05-25,2310.0,0.03125,0.025225772024864535,random_forest,test,1,0.36632768195431664,SELL
2330,2026-05-21,2026-05-21T14:30:00+08:00,2026-05-22,2245.0,2026-05-26,2270.0,0.011135857461024523,0.00522912978182033,random_forest,test,1,0.41615963239955234,SELL
2330,2026-05-22,2026-05-22T14:30:00+08:00,2026-05-25,2275.0,2026-05-27,2300.0,0.01098901098901095,0.005083141139260894,random_forest,test,1,0.4625983966870889,HOLD
2330,2026-05-25,2026-05-25T14:30:00+08:00,2026-05-26,2320.0,2026-05-28,2295.0,-0.010775862068965525,-0.016554588590568686,random_forest,test,0,0.3668752969246274,SELL
2330,2026-05-26,2026-05-26T14:30:00+08:00,2026-05-27,2310.0,2026-05-29,2355.0,0.01948051948051943,0.013525044992703572,random_forest,test,1,0.4442416308491154,SELL
2330,2026-05-27,2026-05-27T14:30:00+08:00,2026-05-28,2350.0,2026-06-01,2355.0,0.0021276595744681437,-0.0037264451348320016,random_forest,test,0,0.4060526478740573,SELL
2330,2026-05-28,2026-05-28T14:30:00+08:00,2026-05-29,2340.0,2026-06-02,2380.0,0.017094017094017033,0.011152483778990918,random_forest,test,1,0.4988861455409711,HOLD
2330,2026-05-29,2026-05-29T14:30:00+08:00,2026-06-01,2355.0,2026-06-03,2425.0,0.02972399150743099,0.023708677978890647,random_forest,test,1,0.4517191469779947,HOLD
2330,2026-06-01,2026-06-01T14:30:00+08:00,2026-06-02,2390.0,2026-06-04,2385.0,-0.0020920502092049986,-0.007921504742770757,random_forest,test,0,0.33815074025178304,SELL
2330,2026-06-02,2026-06-02T14:30:00+08:00,2026-06-03,2425.0,2026-06-05,2365.0,-0.024742268041237137,-0.030439407349681424,random_forest,test,0,0.38449170899147506,SELL
2330,2026-06-03,2026-06-03T14:30:00+08:00,2026-06-04,2385.0,2026-06-08,2295.0,-0.037735849056603765,-0.0433570840797145,random_forest,test,0,0.4418721353837079,SELL
2330,2026-06-04,2026-06-04T14:30:00+08:00,2026-06-05,2395.0,2026-06-09,2305.0,-0.0375782881002088,-0.0432004435433162,random_forest,test,0,0.4736232151697552,HOLD
2330,2026-06-05,2026-06-05T14:30:00+08:00,2026-06-08,2230.0,2026-06-10,2255.0,0.011210762331838486,0.005303597082677358,random_forest,test,1,0.5222911239005252,HOLD
2330,2026-06-08,2026-06-08T14:30:00+08:00,2026-06-09,2305.0,2026-06-11,2250.0,-0.02386117136659438,-0.029563457755995115,random_forest,test,0,0.3336801271565883,SELL
2330,2026-06-09,2026-06-09T14:30:00+08:00,2026-06-10,2285.0,2026-06-12,2310.0,0.010940919037199182,0.005035330125031434,random_forest,test,1,0.42650056012705184,SELL
2330,2026-06-10,2026-06-10T14:30:00+08:00,2026-06-11,2240.0,2026-06-15,2375.0,0.060267857142857206,0.05407411625933034,random_forest,test,1,0.3774471713500623,SELL
2330,2026-06-11,2026-06-11T14:30:00+08:00,2026-06-12,2325.0,2026-06-16,2400.0,0.032258064516129004,0.026227947755094183,random_forest,test,1,0.49184272088359043,HOLD
2330,2026-06-12,2026-06-12T14:30:00+08:00,2026-06-15,2360.0,2026-06-17,2385.0,0.010593220338983134,0.004689662569821174,random_forest,test,1,0.2926012294135638,SELL
2330,2026-06-15,2026-06-15T14:30:00+08:00,2026-06-16,2375.0,2026-06-18,2410.0,0.01473684210526316,0.008809078641882628,random_forest,test,1,0.2807583959171965,SELL
2330,2026-06-16,2026-06-16T14:30:00+08:00,2026-06-17,2355.0,2026-06-22,2510.0,0.06581740976645434,0.059591250196707524,random_forest,test,1,0.5271654507964896,HOLD
2330,2026-06-17,2026-06-17T14:30:00+08:00,2026-06-18,2395.0,2026-06-23,2490.0,0.039665970772442494,0.033592579426092284,random_forest,test,1,0.4598082614657444,HOLD
2330,2026-06-18,2026-06-18T14:30:00+08:00,2026-06-22,2455.0,2026-06-24,2390.0,-0.02647657841140527,-0.032163586441256053,random_forest,test,0,0.3703021619375702,SELL
2330,2026-06-22,2026-06-22T14:30:00+08:00,2026-06-23,2510.0,2026-06-25,2390.0,-0.047808764940239,-0.05337115725628838,random_forest,test,0,0.43479310502591273,SELL
2330,2026-06-23,2026-06-23T14:30:00+08:00,2026-06-24,2435.0,2026-06-26,2340.0,-0.03901437371663241,-0.044628140013417306,random_forest,test,0,0.4775235783108095,HOLD
2330,2026-06-24,2026-06-24T14:30:00+08:00,2026-06-25,2410.0,2026-06-29,2370.0,-0.016597510373444035,-0.022342228714124057,random_forest,test,0,0.5008736638060126,HOLD
2330,2026-06-25,2026-06-25T14:30:00+08:00,2026-06-26,2360.0,2026-06-30,2410.0,0.021186440677966045,0.015221000751894698,random_forest,test,1,0.35350047368412546,SELL
2412,2026-01-02,2026-01-02T13:30:00+08:00,2026-01-05,131.5,2026-01-07,133.0,0.011406844106463865,0.005498533411181894,random_forest,test,1,0.30847283420389493,SELL
2412,2026-01-05,2026-01-05T13:30:00+08:00,2026-01-06,133.0,2026-01-08,133.5,0.003759398496240518,-0.002104238302524153,random_forest,test,0,0.2984267211286719,SELL
2412,2026-01-06,2026-01-06T13:30:00+08:00,2026-01-07,132.0,2026-01-09,133.5,0.011363636363636465,0.005455578073972012,random_forest,test,1,0.27790660682318724,SELL
2412,2026-01-07,2026-01-07T13:30:00+08:00,2026-01-08,133.0,2026-01-12,133.5,0.003759398496240518,-0.002104238302524153,random_forest,test,0,0.370992365980199,SELL
2412,2026-01-08,2026-01-08T13:30:00+08:00,2026-01-09,133.0,2026-01-13,133.5,0.003759398496240518,-0.002104238302524153,random_forest,test,0,0.3032009263512482,SELL
2412,2026-01-09,2026-01-09T13:30:00+08:00,2026-01-12,133.0,2026-01-14,133.0,0.0,-0.005841675612252573,random_forest,test,0,0.3696705053312633,SELL
2412,2026-01-12,2026-01-12T13:30:00+08:00,2026-01-13,133.5,2026-01-15,133.5,0.0,-0.005841675612252462,random_forest,test,0,0.2848562105999933,SELL
2412,2026-01-13,2026-01-13T13:30:00+08:00,2026-01-14,133.5,2026-01-16,133.0,-0.0037453183520599342,-0.009565115029435134,random_forest,test,0,0.3355679826231341,SELL
2412,2026-01-14,2026-01-14T13:30:00+08:00,2026-01-15,133.5,2026-01-19,134.0,0.0037453183520599342,-0.0021182361950699002,random_forest,test,0,0.26083395626474226,SELL
2412,2026-01-15,2026-01-15T13:30:00+08:00,2026-01-16,133.5,2026-01-20,133.0,-0.0037453183520599342,-0.009565115029435134,random_forest,test,0,0.34070413416215817,SELL
2412,2026-01-16,2026-01-16T13:30:00+08:00,2026-01-19,133.5,2026-01-21,133.0,-0.0037453183520599342,-0.009565115029435134,random_forest,test,0,0.27074169080764493,SELL
2412,2026-01-19,2026-01-19T13:30:00+08:00,2026-01-20,133.5,2026-01-22,133.0,-0.0037453183520599342,-0.009565115029435134,random_forest,test,0,0.33604800708425836,SELL
2412,2026-01-20,2026-01-20T13:30:00+08:00,2026-01-21,133.5,2026-01-23,134.0,0.0037453183520599342,-0.0021182361950699002,random_forest,test,0,0.26459588445617027,SELL
2412,2026-01-21,2026-01-21T13:30:00+08:00,2026-01-22,133.0,2026-01-26,134.0,0.007518796992481258,0.0016331990072042668,random_forest,test,0,0.2467832164813993,SELL
2412,2026-01-22,2026-01-22T13:30:00+08:00,2026-01-23,133.5,2026-01-27,133.0,-0.0037453183520599342,-0.009565115029435134,random_forest,test,0,0.3198713297831228,SELL
2412,2026-01-23,2026-01-23T13:30:00+08:00,2026-01-26,134.0,2026-01-28,133.5,-0.003731343283582045,-0.009551221598773973,random_forest,test,0,0.3024457360528119,SELL
2412,2026-01-26,2026-01-26T13:30:00+08:00,2026-01-27,134.0,2026-01-29,133.5,-0.003731343283582045,-0.009551221598773973,random_forest,test,0,0.2709593986581582,SELL
2412,2026-01-27,2026-01-27T13:30:00+08:00,2026-01-28,133.5,2026-01-30,133.5,0.0,-0.005841675612252462,random_forest,test,0,0.23151474276994247,SELL
2412,2026-01-28,2026-01-28T13:30:00+08:00,2026-01-29,133.5,2026-02-02,133.0,-0.0037453183520599342,-0.009565115029435134,random_forest,test,0,0.26821186259459706,SELL
2412,2026-01-29,2026-01-29T13:30:00+08:00,2026-01-30,133.5,2026-02-03,133.5,0.0,-0.005841675612252462,random_forest,test,0,0.30771983992859236,SELL
2412,2026-01-30,2026-01-30T13:30:00+08:00,2026-02-02,134.0,2026-02-04,133.0,-0.007462686567164201,-0.013260767585295596,random_forest,test,0,0.398575828925054,SELL
2412,2026-02-02,2026-02-02T13:30:00+08:00,2026-02-03,133.5,2026-02-05,132.5,-0.0074906367041198685,-0.013288554446617584,random_forest,test,0,0.36955196844315596,SELL
2412,2026-02-03,2026-02-03T13:30:00+08:00,2026-02-04,133.5,2026-02-06,133.0,-0.0037453183520599342,-0.009565115029435134,random_forest,test,0,0.34325025059999115,SELL
2412,2026-02-04,2026-02-04T13:30:00+08:00,2026-02-05,133.0,2026-02-09,132.0,-0.007518796992481258,-0.013316550231709412,random_forest,test,0,0.25889026361429635,SELL
2412,2026-02-05,2026-02-05T13:30:00+08:00,2026-02-06,132.5,2026-02-10,132.5,0.0,-0.005841675612252573,random_forest,test,0,0.3533502630905469,SELL
2412,2026-02-06,2026-02-06T13:30:00+08:00,2026-02-09,133.0,2026-02-11,133.0,0.0,-0.005841675612252573,random_forest,test,0,0.37820496303288725,SELL
2412,2026-02-09,2026-02-09T13:30:00+08:00,2026-02-10,132.0,2026-02-23,135.0,0.022727272727272707,0.016752831760196374,random_forest,test,1,0.41578059030377856,SELL
2412,2026-02-10,2026-02-10T13:30:00+08:00,2026-02-11,133.5,2026-02-24,135.5,0.014981273408239737,0.009052082056477673,random_forest,test,1,0.30561410009841977,SELL
2412,2026-02-11,2026-02-11T13:30:00+08:00,2026-02-23,134.0,2026-02-25,136.0,0.014925373134328401,0.008996508333833253,random_forest,test,1,0.3620486771879164,SELL
2412,2026-02-23,2026-02-23T13:30:00+08:00,2026-02-24,134.5,2026-02-26,134.0,-0.0037174721189591198,-0.009537431464995194,random_forest,test,0,0.28323126021527534,SELL
2412,2026-02-24,2026-02-24T13:30:00+08:00,2026-02-25,135.0,2026-03-02,138.0,0.022222222222222143,0.016250731596364032,random_forest,test,1,0.3086623684217981,SELL
2412,2026-02-25,2026-02-25T13:30:00+08:00,2026-02-26,136.0,2026-03-03,138.0,0.014705882352941124,0.008778299746390772,random_forest,test,1,0.2972420694323243,SELL
2412,2026-02-26,2026-02-26T13:30:00+08:00,2026-03-02,135.0,2026-03-04,135.5,0.0037037037037037646,-0.002159607744149805,random_forest,test,0,0.39915300588799235,SELL
2412,2026-03-02,2026-03-02T13:30:00+08:00,2026-03-03,137.5,2026-03-05,137.0,-0.0036363636363636598,-0.009456796791844413,random_forest,test,0,0.40575347577698295,SELL
2412,2026-03-03,2026-03-03T13:30:00+08:00,2026-03-04,137.0,2026-03-06,136.5,-0.0036496350364964014,-0.009469990664762618,random_forest,test,0,0.34757829481388974,SELL
2412,2026-03-04,2026-03-04T13:30:00+08:00,2026-03-05,136.5,2026-03-09,136.0,-0.00366300366300365,-0.009483281196090432,random_forest,test,0,0.372529632808198,SELL
2412,2026-03-05,2026-03-05T13:30:00+08:00,2026-03-06,136.5,2026-03-10,135.0,-0.01098901098901095,-0.01676649236376626,random_forest,test,0,0.4892537766838793,HOLD
2412,2026-03-06,2026-03-06T13:30:00+08:00,2026-03-09,134.5,2026-03-11,135.5,0.0074349442379182396,0.0015498360932324484,random_forest,test,0,0.31542080246646603,SELL
2412,2026-03-09,2026-03-09T13:30:00+08:00,2026-03-10,137.0,2026-03-12,136.0,-0.007299270072992692,-0.013098305717272551,random_forest,test,0,0.28208229799055945,SELL
2412,2026-03-10,2026-03-10T13:30:00+08:00,2026-03-11,136.0,2026-03-13,136.0,0.0,-0.005841675612252573,random_forest,test,0,0.43637155001882505,SELL
2412,2026-03-11,2026-03-11T13:30:00+08:00,2026-03-12,135.0,2026-03-16,136.5,0.011111111111111072,0.005204527992055619,random_forest,test,1,0.3849753777647865,SELL
2412,2026-03-12,2026-03-12T13:30:00+08:00,2026-03-13,136.0,2026-03-17,137.0,0.007352941176470562,0.0014683120670690997,random_forest,test,0,0.37949799905763726,SELL
2412,2026-03-13,2026-03-13T13:30:00+08:00,2026-03-16,136.5,2026-03-18,137.5,0.0073260073260073,0.0014415355554231457,random_forest,test,0,0.3042507542168567,SELL
2412,2026-03-16,2026-03-16T13:30:00+08:00,2026-03-17,137.0,2026-03-19,135.5,-0.010948905109489093,-0.016726620769782707,random_forest,test,0,0.26314133606903956,SELL
2412,2026-03-17,2026-03-17T13:30:00+08:00,2026-03-18,137.5,2026-03-20,134.0,-0.025454545454545507,-0.031147523869395344,random_forest,test,0,0.4255534500817966,SELL
2412,2026-03-18,2026-03-18T13:30:00+08:00,2026-03-19,137.0,2026-03-23,134.0,-0.021897810218978075,-0.02761156592731262,random_forest,test,0,0.24377610428809987,SELL
2412,2026-03-19,2026-03-19T13:30:00+08:00,2026-03-20,136.0,2026-03-24,134.0,-0.014705882352941124,-0.020461650970895917,random_forest,test,0,0.4036343537936209,SELL
2412,2026-03-20,2026-03-20T13:30:00+08:00,2026-03-23,133.0,2026-03-25,135.0,0.015037593984962516,0.009108073626660884,random_forest,test,1,0.4407372627693521,SELL
2412,2026-03-23,2026-03-23T13:30:00+08:00,2026-03-24,134.0,2026-03-26,134.5,0.003731343283582156,-0.0021321296257312827,random_forest,test,0,0.4190698384283341,SELL
2412,2026-03-24,2026-03-24T13:30:00+08:00,2026-03-25,135.5,2026-03-27,134.0,-0.011070110701106972,-0.016847118317651955,random_forest,test,0,0.3015428800903775,SELL
2412,2026-03-25,2026-03-25T13:30:00+08:00,2026-03-26,135.5,2026-03-30,134.0,-0.011070110701106972,-0.016847118317651955,random_forest,test,0,0.37181497254754525,SELL
2412,2026-03-26,2026-03-26T13:30:00+08:00,2026-03-27,134.5,2026-03-31,133.0,-0.01115241635687736,-0.016928943170480326,random_forest,test,0,0.3191638569040356,SELL
2412,2026-03-27,2026-03-27T13:30:00+08:00,2026-03-30,133.5,2026-04-01,134.0,0.0037453183520599342,-0.0021182361950699002,random_forest,test,0,0.28533968817288274,SELL
2412,2026-03-30,2026-03-30T13:30:00+08:00,2026-03-31,133.5,2026-04-02,134.0,0.0037453183520599342,-0.0021182361950699002,random_forest,test,0,0.33157524251671744,SELL
2412,2026-03-31,2026-03-31T13:30:00+08:00,2026-04-01,134.0,2026-04-07,134.0,0.0,-0.005841675612252684,random_forest,test,0,0.2990462832759627,SELL
2412,2026-04-01,2026-04-01T13:30:00+08:00,2026-04-02,134.5,2026-04-08,134.0,-0.0037174721189591198,-0.009537431464995194,random_forest,test,0,0.36369005976557894,SELL
2412,2026-04-02,2026-04-02T13:30:00+08:00,2026-04-07,134.0,2026-04-09,135.0,0.00746268656716409,0.0015774163607902292,random_forest,test,0,0.36152938239703253,SELL
2412,2026-04-07,2026-04-07T13:30:00+08:00,2026-04-08,134.5,2026-04-10,135.5,0.0074349442379182396,0.0015498360932324484,random_forest,test,0,0.2973019841476411,SELL
2412,2026-04-08,2026-04-08T13:30:00+08:00,2026-04-09,134.0,2026-04-13,134.5,0.003731343283582156,-0.0021321296257312827,random_forest,test,0,0.33412885865053626,SELL
2412,2026-04-09,2026-04-09T13:30:00+08:00,2026-04-10,135.0,2026-04-14,135.0,0.0,-0.005841675612252573,random_forest,test,0,0.3546842051742419,SELL
2412,2026-04-10,2026-04-10T13:30:00+08:00,2026-04-13,135.0,2026-04-15,135.5,0.0037037037037037646,-0.002159607744149805,random_forest,test,0,0.30966171833585504,SELL
2412,2026-04-13,2026-04-13T13:30:00+08:00,2026-04-14,135.0,2026-04-16,136.5,0.011111111111111072,0.005204527992055619,random_forest,test,1,0.3197164098664745,SELL
2412,2026-04-14,2026-04-14T13:30:00+08:00,2026-04-15,135.0,2026-04-17,137.5,0.0185185185185186,0.012568663728261154,random_forest,test,1,0.27562640436918046,SELL
2412,2026-04-15,2026-04-15T13:30:00+08:00,2026-04-16,136.0,2026-04-20,137.0,0.007352941176470562,0.0014683120670690997,random_forest,test,0,0.2844895174420271,SELL
2412,2026-04-16,2026-04-16T13:30:00+08:00,2026-04-17,137.0,2026-04-21,137.0,0.0,-0.005841675612252462,random_forest,test,0,0.47919882708519984,HOLD
2412,2026-04-17,2026-04-17T13:30:00+08:00,2026-04-20,137.5,2026-04-22,136.5,-0.0072727272727273196,-0.013071917971436364,random_forest,test,0,0.4372515778896256,SELL
2412,2026-04-20,2026-04-20T13:30:00+08:00,2026-04-21,137.5,2026-04-23,136.0,-0.010909090909090868,-0.016687039151028094,random_forest,test,0,0.48102274610530954,HOLD
2412,2026-04-21,2026-04-21T13:30:00+08:00,2026-04-22,137.5,2026-04-24,135.5,-0.014545454545454528,-0.020302160330619934,random_forest,test,0,0.3315106519634312,SELL
2412,2026-04-22,2026-04-22T13:30:00+08:00,2026-04-23,136.0,2026-04-27,137.0,0.007352941176470562,0.0014683120670690997,random_forest,test,0,0.4203292079173852,SELL
2412,2026-04-23,2026-04-23T13:30:00+08:00,2026-04-24,136.0,2026-04-28,137.0,0.007352941176470562,0.0014683120670690997,random_forest,test,0,0.3130141305630186,SELL
2412,2026-04-24,2026-04-24T13:30:00+08:00,2026-04-27,135.0,2026-04-29,136.5,0.011111111111111072,0.005204527992055619,random_forest,test,1,0.3271009544763321,SELL
2412,2026-04-27,2026-04-27T13:30:00+08:00,2026-04-28,137.5,2026-04-30,136.0,-0.010909090909090868,-0.016687039151028094,random_forest,test,0,0.5051980067990458,HOLD
2412,2026-04-28,2026-04-28T13:30:00+08:00,2026-04-29,137.5,2026-05-04,135.5,-0.014545454545454528,-0.020302160330619934,random_forest,test,0,0.27845961031397043,SELL
2412,2026-04-29,2026-04-29T13:30:00+08:00,2026-04-30,136.0,2026-05-05,136.0,0.0,-0.005841675612252573,random_forest,test,0,0.34776897591027056,SELL
2412,2026-04-30,2026-04-30T13:30:00+08:00,2026-05-04,137.0,2026-05-06,136.0,-0.007299270072992692,-0.013098305717272551,random_forest,test,0,0.3526374314556563,SELL
2412,2026-05-04,2026-05-04T13:30:00+08:00,2026-05-05,135.5,2026-05-07,135.5,0.0,-0.005841675612252573,random_forest,test,0,0.34434599902371127,SELL
2412,2026-05-05,2026-05-05T13:30:00+08:00,2026-05-06,137.0,2026-05-08,136.5,-0.0036496350364964014,-0.009469990664762618,random_forest,test,0,0.2739302900293678,SELL
2412,2026-05-06,2026-05-06T13:30:00+08:00,2026-05-07,135.5,2026-05-11,135.5,0.0,-0.005841675612252573,random_forest,test,0,0.2531721970390663,SELL
2412,2026-05-07,2026-05-07T13:30:00+08:00,2026-05-08,136.0,2026-05-12,135.5,-0.003676470588235281,-0.00949666945191352,random_forest,test,0,0.2820427543908611,SELL
2412,2026-05-08,2026-05-08T13:30:00+08:00,2026-05-11,136.5,2026-05-13,137.5,0.0073260073260073,0.0014415355554231457,random_forest,test,0,0.28729983238434026,SELL
2412,2026-05-11,2026-05-11T13:30:00+08:00,2026-05-12,135.5,2026-05-14,137.5,0.014760147601476037,0.008832247994946751,random_forest,test,1,0.24086992812565924,SELL
2412,2026-05-12,2026-05-12T13:30:00+08:00,2026-05-13,136.5,2026-05-15,138.0,0.01098901098901095,0.005083141139261116,random_forest,test,1,0.36759750123348495,SELL
2412,2026-05-13,2026-05-13T13:30:00+08:00,2026-05-14,136.5,2026-05-18,137.0,0.00366300366300365,-0.0022000700284146024,random_forest,test,0,0.3256865647837857,SELL
2412,2026-05-14,2026-05-14T13:30:00+08:00,2026-05-15,137.5,2026-05-19,142.5,0.036363636363636376,0.030309536183665386,random_forest,test,1,0.37286980571680567,SELL
2412,2026-05-15,2026-05-15T13:30:00+08:00,2026-05-18,138.0,2026-05-20,139.0,0.007246376811594235,0.0013623702166443152,random_forest,test,0,0.308539188092103,SELL
2412,2026-05-18,2026-05-18T13:30:00+08:00,2026-05-19,137.0,2026-05-21,137.5,0.0036496350364962904,-0.0022133605597425277,random_forest,test,0,0.3760586301650675,SELL
2412,2026-05-19,2026-05-19T13:30:00+08:00,2026-05-20,142.5,2026-05-22,137.0,-0.038596491228070184,-0.04421269865879707,random_forest,test,0,0.5263250586771893,HOLD
2412,2026-05-20,2026-05-20T13:30:00+08:00,2026-05-21,139.0,2026-05-25,136.5,-0.017985611510791366,-0.02372222101490984,random_forest,test,0,0.4389944943860754,SELL
2412,2026-05-21,2026-05-21T13:30:00+08:00,2026-05-22,137.5,2026-05-26,136.0,-0.010909090909090868,-0.016687039151028094,random_forest,test,0,0.3612192190295351,SELL
2412,2026-05-22,2026-05-22T13:30:00+08:00,2026-05-25,137.5,2026-05-27,137.0,-0.0036363636363636598,-0.009456796791844413,random_forest,test,0,0.27661469182905024,SELL
2412,2026-05-25,2026-05-25T13:30:00+08:00,2026-05-26,136.5,2026-05-28,136.5,0.0,-0.005841675612252684,random_forest,test,0,0.30502382925942234,SELL
2412,2026-05-26,2026-05-26T13:30:00+08:00,2026-05-27,137.0,2026-05-29,137.0,0.0,-0.005841675612252462,random_forest,test,0,0.361835463095421,SELL
2412,2026-05-27,2026-05-27T13:30:00+08:00,2026-05-28,137.0,2026-06-01,140.5,0.025547445255474477,0.019556529755317742,random_forest,test,1,0.35547652489189646,SELL
2412,2026-05-28,2026-05-28T13:30:00+08:00,2026-05-29,137.5,2026-06-02,142.0,0.032727272727272716,0.026694415004073546,random_forest,test,1,0.37451581256240374,SELL
2412,2026-05-29,2026-05-29T13:30:00+08:00,2026-06-01,137.0,2026-06-03,141.0,0.029197080291970767,0.023184844807827565,random_forest,test,1,0.3880706649280486,SELL
2412,2026-06-01,2026-06-01T13:30:00+08:00,2026-06-02,140.0,2026-06-04,141.5,0.010714285714285676,0.004810020720473318,random_forest,test,1,0.44742116152296474,SELL
2412,2026-06-02,2026-06-02T13:30:00+08:00,2026-06-03,142.0,2026-06-05,141.0,-0.007042253521126751,-0.012842790572729745,random_forest,test,0,0.3980201838865699,SELL
2412,2026-06-03,2026-06-03T13:30:00+08:00,2026-06-04,141.0,2026-06-08,138.5,-0.01773049645390068,-0.023468596257425478,random_forest,test,0,0.47351152993753653,HOLD
2412,2026-06-04,2026-06-04T13:30:00+08:00,2026-06-05,141.0,2026-06-09,142.0,0.007092198581560183,0.0012090926458163676,random_forest,test,0,0.41298151224978447,SELL
2412,2026-06-05,2026-06-05T13:30:00+08:00,2026-06-08,139.5,2026-06-10,144.0,0.032258064516129004,0.02622794775509396,random_forest,test,1,0.41948466201947376,SELL
2412,2026-06-08,2026-06-08T13:30:00+08:00,2026-06-09,138.0,2026-06-11,145.0,0.050724637681159424,0.04458664519002453,random_forest,test,1,0.3973612851126553,SELL
2412,2026-06-09,2026-06-09T13:30:00+08:00,2026-06-10,141.5,2026-06-12,145.0,0.02473498233215543,0.01874881297684361,random_forest,test,1,0.4491166422517884,SELL
2412,2026-06-10,2026-06-10T13:30:00+08:00,2026-06-11,144.0,2026-06-15,145.5,0.01041666666666674,0.004514140266786537,random_forest,test,1,0.3137910458839805,SELL
2412,2026-06-11,2026-06-11T13:30:00+08:00,2026-06-12,145.0,2026-06-16,146.5,0.010344827586206806,0.00444272084693087,random_forest,test,1,0.37926810813850836,SELL
2412,2026-06-12,2026-06-12T13:30:00+08:00,2026-06-15,146.0,2026-06-17,145.5,-0.003424657534246589,-0.009246327408101052,random_forest,test,0,0.32356473440638134,SELL
2412,2026-06-15,2026-06-15T13:30:00+08:00,2026-06-16,146.0,2026-06-18,144.0,-0.013698630136986356,-0.01946028279564649,random_forest,test,0,0.2714222403408845,SELL
2412,2026-06-16,2026-06-16T13:30:00+08:00,2026-06-17,145.5,2026-06-22,144.5,-0.0068728522336769515,-0.012674378872649328,random_forest,test,0,0.37347919582881056,SELL
2412,2026-06-17,2026-06-17T13:30:00+08:00,2026-06-18,145.0,2026-06-23,144.0,-0.006896551724137945,-0.012697939918374979,random_forest,test,0,0.32186128515179857,SELL
2412,2026-06-18,2026-06-18T13:30:00+08:00,2026-06-22,144.0,2026-06-24,143.5,-0.00347222222222221,-0.009293614238598757,random_forest,test,0,0.3661421788462134,SELL
2412,2026-06-22,2026-06-22T13:30:00+08:00,2026-06-23,145.0,2026-06-25,144.0,-0.006896551724137945,-0.012697939918374979,random_forest,test,0,0.4203953233574025,SELL
2412,2026-06-23,2026-06-23T13:30:00+08:00,2026-06-24,143.5,2026-06-26,143.0,-0.0034843205574912606,-0.009305641899317929,random_forest,test,0,0.4893117580895391,HOLD
2412,2026-06-24,2026-06-24T13:30:00+08:00,2026-06-25,144.0,2026-06-29,142.0,-0.01388888888888884,-0.019649430117637978,random_forest,test,0,0.3834588408511562,SELL
2412,2026-06-25,2026-06-25T13:30:00+08:00,2026-06-26,144.0,2026-06-30,141.5,-0.01736111111111116,-0.023101368743984163,random_forest,test,0,0.4870383069395515,HOLD
2881,2026-01-02,2026-01-02T13:30:00+08:00,2026-01-05,95.6,2026-01-07,96.1,0.0052301255230124966,-0.0006421027859567774,random_forest,test,0,0.6042381268946005,BUY
2881,2026-01-05,2026-01-05T13:30:00+08:00,2026-01-06,97.3,2026-01-08,97.0,-0.0030832476875641834,-0.008906911966993891,random_forest,test,0,0.5642306995345537,HOLD
2881,2026-01-06,2026-01-06T13:30:00+08:00,2026-01-07,96.5,2026-01-09,95.5,-0.010362694300518172,-0.0161438344141982,random_forest,test,0,0.6046461855513539,BUY
2881,2026-01-07,2026-01-07T13:30:00+08:00,2026-01-08,96.3,2026-01-12,95.0,-0.01349948078920038,-0.01926229681374858,random_forest,test,0,0.5178854062713889,HOLD
2881,2026-01-08,2026-01-08T13:30:00+08:00,2026-01-09,97.0,2026-01-13,94.2,-0.028865979381443307,-0.034539029305919566,random_forest,test,0,0.5454218485512083,HOLD
2881,2026-01-09,2026-01-09T13:30:00+08:00,2026-01-12,95.6,2026-01-14,93.8,-0.01882845188284521,-0.024560137786917124,random_forest,test,0,0.5708417457580796,HOLD
2881,2026-01-12,2026-01-12T13:30:00+08:00,2026-01-13,95.2,2026-01-15,94.1,-0.011554621848739566,-0.017328799108329518,random_forest,test,0,0.5869421881306188,HOLD
2881,2026-01-13,2026-01-13T13:30:00+08:00,2026-01-14,94.5,2026-01-16,95.0,0.005291005291005346,-0.0005815786578201587,random_forest,test,0,0.5307419099054868,HOLD
2881,2026-01-14,2026-01-14T13:30:00+08:00,2026-01-15,94.6,2026-01-19,95.0,0.0042283298097252064,-0.0016380463336573836,random_forest,test,0,0.5479487593058683,HOLD
2881,2026-01-15,2026-01-15T13:30:00+08:00,2026-01-16,94.6,2026-01-20,94.0,-0.006342494714587699,-0.012147119530145134,random_forest,test,0,0.4619228251450738,HOLD
2881,2026-01-16,2026-01-16T13:30:00+08:00,2026-01-19,94.4,2026-01-21,93.0,-0.014830508474576343,-0.020585549067155595,random_forest,test,0,0.5221875074014471,HOLD
2881,2026-01-19,2026-01-19T13:30:00+08:00,2026-01-20,94.9,2026-01-22,93.0,-0.020021074815595452,-0.025745793803366612,random_forest,test,0,0.5821439581266025,HOLD
2881,2026-01-20,2026-01-20T13:30:00+08:00,2026-01-21,93.7,2026-01-23,93.5,-0.002134471718249764,-0.007963678439120714,random_forest,test,0,0.5761350123302018,HOLD
2881,2026-01-21,2026-01-21T13:30:00+08:00,2026-01-22,93.7,2026-01-26,93.2,-0.005336179295624355,-0.011146682679422981,random_forest,test,0,0.5143841080587367,HOLD
2881,2026-01-22,2026-01-22T13:30:00+08:00,2026-01-23,93.7,2026-01-27,92.4,-0.01387406616862319,-0.019634693986895768,random_forest,test,0,0.45639575391052356,HOLD
2881,2026-01-23,2026-01-23T13:30:00+08:00,2026-01-26,93.5,2026-01-28,92.5,-0.010695187165775444,-0.016474384963993227,random_forest,test,0,0.5680438678252488,HOLD
2881,2026-01-26,2026-01-26T13:30:00+08:00,2026-01-27,93.5,2026-01-29,92.3,-0.012834224598930466,-0.018600926834341447,random_forest,test,0,0.5017843513232889,HOLD
2881,2026-01-27,2026-01-27T13:30:00+08:00,2026-01-28,92.9,2026-01-30,90.9,-0.02152852529601723,-0.027244438247080227,random_forest,test,0,0.5725582290792125,HOLD
2881,2026-01-28,2026-01-28T13:30:00+08:00,2026-01-29,92.1,2026-02-02,90.5,-0.017372421281215966,-0.02311261284374433,random_forest,test,0,0.5309026878101721,HOLD
2881,2026-01-29,2026-01-29T13:30:00+08:00,2026-01-30,92.2,2026-02-03,91.8,-0.004338394793926281,-0.010154726911114853,random_forest,test,0,0.5370274203852464,HOLD
2881,2026-01-30,2026-01-30T13:30:00+08:00,2026-02-02,91.5,2026-02-04,92.7,0.013114754098360715,0.007196466346931052,random_forest,test,1,0.5638384112460434,HOLD
2881,2026-02-02,2026-02-02T13:30:00+08:00,2026-02-03,91.6,2026-02-05,93.5,0.020742358078602585,0.01477951233902175,random_forest,test,1,0.4960991910378701,HOLD
2881,2026-02-03,2026-02-03T13:30:00+08:00,2026-02-04,91.7,2026-02-06,92.4,0.007633587786259666,0.0017473192304018337,random_forest,test,0,0.43590137971390325,SELL
2881,2026-02-04,2026-02-04T13:30:00+08:00,2026-02-05,92.8,2026-02-09,93.8,0.010775862068965525,0.004871237366063763,random_forest,test,1,0.5208584552514799,HOLD
2881,2026-02-05,2026-02-05T13:30:00+08:00,2026-02-06,92.7,2026-02-10,94.5,0.01941747572815533,0.013462369521489936,random_forest,test,1,0.624911624230427,BUY
2881,2026-02-06,2026-02-06T13:30:00+08:00,2026-02-09,93.0,2026-02-11,95.2,0.023655913978494647,0.017676048190468308,random_forest,test,1,0.47931036379449815,HOLD
2881,2026-02-09,2026-02-09T13:30:00+08:00,2026-02-10,94.2,2026-02-23,95.7,0.015923566878981,0.00998887095443135,random_forest,test,1,0.488703919263602,HOLD
2881,2026-02-10,2026-02-10T13:30:00+08:00,2026-02-11,95.0,2026-02-24,94.1,-0.009473684210526412,-0.015260017632768075,random_forest,test,0,0.581625959571422,HOLD
2881,2026-02-11,2026-02-11T13:30:00+08:00,2026-02-23,96.5,2026-02-25,92.9,-0.03730569948186524,-0.04292944729925663,random_forest,test,0,0.5589222514743939,HOLD
2881,2026-02-23,2026-02-23T13:30:00+08:00,2026-02-24,95.8,2026-02-26,94.2,-0.01670146137787054,-0.02244557247050305,random_forest,test,0,0.5484014170173795,HOLD
2881,2026-02-24,2026-02-24T13:30:00+08:00,2026-02-25,94.0,2026-03-02,93.0,-0.010638297872340385,-0.016417827999356205,random_forest,test,0,0.5456267434516259,HOLD
2881,2026-02-25,2026-02-25T13:30:00+08:00,2026-02-26,92.9,2026-03-03,93.1,0.002152852529601512,-0.003701399348770007,random_forest,test,0,0.47900318958820626,HOLD
2881,2026-02-26,2026-02-26T13:30:00+08:00,2026-03-02,94.2,2026-03-04,89.8,-0.04670912951167738,-0.05227794554119214,random_forest,test,0,0.44279403695708835,SELL
2881,2026-03-02,2026-03-02T13:30:00+08:00,2026-03-03,92.7,2026-03-05,90.5,-0.02373247033441206,-0.02943550855349364,random_forest,test,0,0.5056611693793553,HOLD
2881,2026-03-03,2026-03-03T13:30:00+08:00,2026-03-04,92.2,2026-03-06,88.8,-0.03687635574837311,-0.04250261165258162,random_forest,test,0,0.5127921485591421,HOLD
2881,2026-03-04,2026-03-04T13:30:00+08:00,2026-03-05,90.8,2026-03-09,87.2,-0.03964757709251099,-0.045257644420577336,random_forest,test,0,0.33261839951763134,SELL
2881,2026-03-05,2026-03-05T13:30:00+08:00,2026-03-06,89.8,2026-03-10,88.3,-0.016703786191536785,-0.022447883703361926,random_forest,test,0,0.4986326327657178,HOLD
2881,2026-03-06,2026-03-06T13:30:00+08:00,2026-03-09,84.0,2026-03-11,89.2,0.06190476190476191,0.05570145875460808,random_forest,test,1,0.5472130669598019,HOLD
2881,2026-03-09,2026-03-09T13:30:00+08:00,2026-03-10,88.7,2026-03-12,89.4,0.007891770011273946,0.002003993238609114,random_forest,test,0,0.4545124092649591,HOLD
2881,2026-03-10,2026-03-10T13:30:00+08:00,2026-03-11,88.0,2026-03-13,88.1,0.001136363636363491,-0.004711950243630136,random_forest,test,0,0.4647742372264132,HOLD
2881,2026-03-11,2026-03-11T13:30:00+08:00,2026-03-12,88.0,2026-03-16,88.8,0.009090909090909038,0.003196127336726917,random_forest,test,0,0.5984013271230405,HOLD
2881,2026-03-12,2026-03-12T13:30:00+08:00,2026-03-13,88.5,2026-03-17,89.8,0.014689265536723228,0.008761780000222652,random_forest,test,1,0.4381019487359973,SELL
2881,2026-03-13,2026-03-13T13:30:00+08:00,2026-03-16,89.1,2026-03-18,89.5,0.004489337822671136,-0.0013785630448552855,random_forest,test,0,0.30679078457054737,SELL
2881,2026-03-16,2026-03-16T13:30:00+08:00,2026-03-17,89.5,2026-03-19,88.2,-0.014525139664804398,-0.02028196412291261,random_forest,test,0,0.5414454357356255,HOLD
2881,2026-03-17,2026-03-17T13:30:00+08:00,2026-03-18,90.9,2026-03-20,88.6,-0.025302530253025424,-0.030996396691370554,random_forest,test,0,0.5387443826392776,HOLD
2881,2026-03-18,2026-03-18T13:30:00+08:00,2026-03-19,89.0,2026-03-23,86.8,-0.024719101123595544,-0.03041637576565759,random_forest,test,0,0.5332395028651594,HOLD
2881,2026-03-19,2026-03-19T13:30:00+08:00,2026-03-20,87.5,2026-03-24,87.1,-0.004571428571428671,-0.010386399380882372,random_forest,test,0,0.5258859107812417,HOLD
2881,2026-03-20,2026-03-20T13:30:00+08:00,2026-03-23,85.8,2026-03-25,88.8,0.034965034965035,0.02891910496074579,random_forest,test,1,0.4478082968337904,SELL
2881,2026-03-23,2026-03-23T13:30:00+08:00,2026-03-24,87.3,2026-03-26,88.6,0.014891179839633395,0.0089625147852741,random_forest,test,1,0.5246444635566049,HOLD
2881,2026-03-24,2026-03-24T13:30:00+08:00,2026-03-25,89.2,2026-03-27,87.7,-0.01681614349775784,-0.02255958465464747,random_forest,test,0,0.4317681449459457,SELL
2881,2026-03-25,2026-03-25T13:30:00+08:00,2026-03-26,89.2,2026-03-30,86.4,-0.03139013452914796,-0.037048439158056334,random_forest,test,0,0.49989456237259966,HOLD
2881,2026-03-26,2026-03-26T13:30:00+08:00,2026-03-27,87.8,2026-03-31,86.0,-0.02050113895216399,-0.026223053560976206,random_forest,test,0,0.5489146037949884,HOLD
2881,2026-03-27,2026-03-27T13:30:00+08:00,2026-03-30,86.2,2026-04-01,87.8,0.01856148491879339,0.012611379132763778,random_forest,test,1,0.5671829071366941,HOLD
2881,2026-03-30,2026-03-30T13:30:00+08:00,2026-03-31,85.8,2026-04-02,87.8,0.02331002331002341,0.01733217810307952,random_forest,test,1,0.5362587337538812,HOLD
2881,2026-03-31,2026-03-31T13:30:00+08:00,2026-04-01,87.6,2026-04-07,87.7,0.0011415525114155667,-0.00470679168030308,random_forest,test,0,0.552285134943079,HOLD
2881,2026-04-01,2026-04-01T13:30:00+08:00,2026-04-02,88.1,2026-04-08,89.2,0.012485811577752637,0.006571197904507109,random_forest,test,1,0.4712119950896806,HOLD
2881,2026-04-02,2026-04-02T13:30:00+08:00,2026-04-07,87.9,2026-04-09,88.5,0.0068259385665527805,0.000944388035445165,random_forest,test,0,0.4120521095013377,SELL
2881,2026-04-07,2026-04-07T13:30:00+08:00,2026-04-08,89.2,2026-04-10,87.6,-0.017937219730941756,-0.023674111924140484,random_forest,test,0,0.49595519474949873,HOLD
2881,2026-04-08,2026-04-08T13:30:00+08:00,2026-04-09,89.2,2026-04-13,86.7,-0.028026905829596438,-0.03370485734957729,random_forest,test,0,0.5315985141214667,HOLD
2881,2026-04-09,2026-04-09T13:30:00+08:00,2026-04-10,87.5,2026-04-14,87.6,0.0011428571428571122,-0.004705494670095289,random_forest,test,0,0.45441471076298917,HOLD
2881,2026-04-10,2026-04-10T13:30:00+08:00,2026-04-13,87.5,2026-04-15,87.5,0.0,-0.005841675612252573,random_forest,test,0,0.5012619126376346,HOLD
2881,2026-04-13,2026-04-13T13:30:00+08:00,2026-04-14,86.7,2026-04-16,87.9,0.01384083044982698,0.007918301195882327,random_forest,test,1,0.5168181855606636,HOLD
2881,2026-04-14,2026-04-14T13:30:00+08:00,2026-04-15,88.0,2026-04-17,88.0,0.0,-0.005841675612252462,random_forest,test,0,0.5602377498375227,HOLD
2881,2026-04-15,2026-04-15T13:30:00+08:00,2026-04-16,87.3,2026-04-20,87.2,-0.001145475372279381,-0.006980459488985402,random_forest,test,0,0.5619792455610436,HOLD
2881,2026-04-16,2026-04-16T13:30:00+08:00,2026-04-17,88.0,2026-04-21,87.7,-0.003409090909090917,-0.009230851718119881,random_forest,test,0,0.5504415428086189,HOLD
2881,2026-04-17,2026-04-17T13:30:00+08:00,2026-04-20,87.9,2026-04-22,88.3,0.004550625711035261,-0.0013176331804539698,random_forest,test,0,0.6079747003074726,BUY
2881,2026-04-20,2026-04-20T13:30:00+08:00,2026-04-21,88.1,2026-04-23,88.3,0.002270147559591429,-0.0035847895182961054,random_forest,test,0,0.5376517897096099,HOLD
2881,2026-04-21,2026-04-21T13:30:00+08:00,2026-04-22,87.8,2026-04-24,87.8,0.0,-0.005841675612252462,random_forest,test,0,0.5165215966745936,HOLD
2881,2026-04-22,2026-04-22T13:30:00+08:00,2026-04-23,88.2,2026-04-27,87.9,-0.003401360544217691,-0.009223166511530656,random_forest,test,0,0.6293692541306638,BUY
2881,2026-04-23,2026-04-23T13:30:00+08:00,2026-04-24,88.2,2026-04-28,88.6,0.0045351473922901064,-0.0013330210798819797,random_forest,test,0,0.5293683062636254,HOLD
2881,2026-04-24,2026-04-24T13:30:00+08:00,2026-04-27,87.5,2026-04-29,91.3,0.04342857142857137,0.03733320018972952,random_forest,test,1,0.6040932726266841,BUY
2881,2026-04-27,2026-04-27T13:30:00+08:00,2026-04-28,88.5,2026-04-30,90.0,0.016949152542372836,0.0110084654790652,random_forest,test,1,0.465277072396829,HOLD
2881,2026-04-28,2026-04-28T13:30:00+08:00,2026-04-29,89.4,2026-05-04,91.0,0.017897091722594904,0.011950867106096164,random_forest,test,1,0.511208000106591,HOLD
2881,2026-04-29,2026-04-29T13:30:00+08:00,2026-04-30,90.4,2026-05-05,92.2,0.019911504424778625,0.013953512262724788,random_forest,test,1,0.524382120458726,HOLD
2881,2026-04-30,2026-04-30T13:30:00+08:00,2026-05-04,91.8,2026-05-06,92.8,0.01089324618736387,0.00498793576452039,random_forest,test,1,0.5259624593563703,HOLD
2881,2026-05-04,2026-05-04T13:30:00+08:00,2026-05-05,91.5,2026-05-07,94.5,0.032786885245901676,0.026753679285706378,random_forest,test,1,0.5458938676299185,HOLD
2881,2026-05-05,2026-05-05T13:30:00+08:00,2026-05-06,93.0,2026-05-08,96.7,0.03978494623655915,0.033710859874141796,random_forest,test,1,0.34319051254451,SELL
2881,2026-05-06,2026-05-06T13:30:00+08:00,2026-05-07,93.3,2026-05-11,95.5,0.023579849946409492,0.017600428499784382,random_forest,test,1,0.3869597991643724,SELL
2881,2026-05-07,2026-05-07T13:30:00+08:00,2026-05-08,94.5,2026-05-12,93.7,-0.008465608465608399,-0.014257830739344723,random_forest,test,0,0.47388829547260536,HOLD
2881,2026-05-08,2026-05-08T13:30:00+08:00,2026-05-11,96.7,2026-05-13,94.7,-0.020682523267838704,-0.026403378288317736,random_forest,test,0,0.5500320698503539,HOLD
2881,2026-05-11,2026-05-11T13:30:00+08:00,2026-05-12,96.0,2026-05-14,94.6,-0.014583333333333393,-0.02033981784290717,random_forest,test,0,0.5189103182128754,HOLD
2881,2026-05-12,2026-05-12T13:30:00+08:00,2026-05-13,93.5,2026-05-15,96.1,0.027807486631016065,0.02180336870227295,random_forest,test,1,0.5578518346892587,HOLD
2881,2026-05-13,2026-05-13T13:30:00+08:00,2026-05-14,93.9,2026-05-18,95.2,0.013844515441959526,0.007921964661486092,random_forest,test,1,0.5019225605334771,HOLD
2881,2026-05-14,2026-05-14T13:30:00+08:00,2026-05-15,96.5,2026-05-19,97.2,0.007253886010362809,0.0013698355491094105,random_forest,test,0,0.3951402291088939,SELL
2881,2026-05-15,2026-05-15T13:30:00+08:00,2026-05-18,96.3,2026-05-20,95.8,-0.005192107995846351,-0.01100345299744332,random_forest,test,0,0.6271546797189705,BUY
2881,2026-05-18,2026-05-18T13:30:00+08:00,2026-05-19,95.7,2026-05-21,96.1,0.004179728317659226,-0.0016863639115723972,random_forest,test,0,0.42376155120698444,SELL
2881,2026-05-19,2026-05-19T13:30:00+08:00,2026-05-20,97.1,2026-05-22,95.1,-0.02059732234809475,-0.026318675084708754,random_forest,test,0,0.41994459705846077,SELL
2881,2026-05-20,2026-05-20T13:30:00+08:00,2026-05-21,96.5,2026-05-25,97.7,0.012435233160621895,0.006520914950082224,random_forest,test,1,0.46392700447235435,HOLD
2881,2026-05-21,2026-05-21T13:30:00+08:00,2026-05-22,95.4,2026-05-26,103.5,0.08490566037735836,0.07856799343953713,random_forest,test,1,0.46124351372537864,HOLD
2881,2026-05-22,2026-05-22T13:30:00+08:00,2026-05-25,95.4,2026-05-27,110.0,0.1530398322851152,0.14630414761689936,random_forest,test,1,0.3224783600271321,SELL
2881,2026-05-25,2026-05-25T13:30:00+08:00,2026-05-26,97.8,2026-05-28,110.0,0.12474437627811863,0.11817398448519656,random_forest,test,1,0.550851029149623,HOLD
2881,2026-05-26,2026-05-26T13:30:00+08:00,2026-05-27,104.5,2026-05-29,110.0,0.05263157894736836,0.04648244672394464,random_forest,test,1,0.5459426452893299,HOLD
2881,2026-05-27,2026-05-27T13:30:00+08:00,2026-05-28,110.0,2026-06-01,110.5,0.00454545454545463,-0.0013227741377628277,random_forest,test,0,0.48098889104202874,HOLD
2881,2026-05-28,2026-05-28T13:30:00+08:00,2026-05-29,110.5,2026-06-02,113.5,0.02714932126696823,0.02114904812678131,random_forest,test,1,0.5706568647705693,HOLD
2881,2026-05-29,2026-05-29T13:30:00+08:00,2026-06-01,109.5,2026-06-03,113.0,0.03196347031963476,0.02593507448233301,random_forest,test,1,0.40982162438773606,SELL
2881,2026-06-01,2026-06-01T13:30:00+08:00,2026-06-02,110.5,2026-06-04,114.0,0.03167420814479649,0.02564750208328692,random_forest,test,1,0.6139867057367465,BUY
2881,2026-06-02,2026-06-02T13:30:00+08:00,2026-06-03,115.5,2026-06-05,118.0,0.02164502164502169,0.015676902837698847,random_forest,test,1,0.5506334791472802,HOLD
2881,2026-06-03,2026-06-03T13:30:00+08:00,2026-06-04,113.5,2026-06-08,116.0,0.022026431718061623,0.016056084836816753,random_forest,test,1,0.4794481294283148,HOLD
2881,2026-06-04,2026-06-04T13:30:00+08:00,2026-06-05,114.0,2026-06-09,125.0,0.09649122807017552,0.09008588200410883,random_forest,test,1,0.28977484057544417,SELL
2881,2026-06-05,2026-06-05T13:30:00+08:00,2026-06-08,112.0,2026-06-10,122.5,0.09375,0.08736066729909875,random_forest,test,1,0.532995637760485,HOLD
2881,2026-06-08,2026-06-08T13:30:00+08:00,2026-06-09,115.0,2026-06-11,125.5,0.09130434782608687,0.084929301831846,random_forest,test,1,0.4785301522765195,HOLD
2881,2026-06-09,2026-06-09T13:30:00+08:00,2026-06-10,124.0,2026-06-12,122.0,-0.016129032258064502,-0.02187648729592584,random_forest,test,0,0.4912254029694214,HOLD
2881,2026-06-10,2026-06-10T13:30:00+08:00,2026-06-11,125.0,2026-06-15,127.5,0.020000000000000018,0.014041490875502438,random_forest,test,1,0.4441288198985969,SELL
2881,2026-06-11,2026-06-11T13:30:00+08:00,2026-06-12,127.0,2026-06-16,132.0,0.03937007874015741,0.03329841589907612,random_forest,test,1,0.4933468149133222,HOLD
2881,2026-06-12,2026-06-12T13:30:00+08:00,2026-06-15,126.0,2026-06-17,135.5,0.07539682539682535,0.06911470598841074,random_forest,test,1,0.5597046525915846,HOLD
2881,2026-06-15,2026-06-15T13:30:00+08:00,2026-06-16,128.5,2026-06-18,138.0,0.07392996108949412,0.0676564106265305,random_forest,test,1,0.3036531733061111,SELL
2881,2026-06-16,2026-06-16T13:30:00+08:00,2026-06-17,133.0,2026-06-22,138.5,0.041353383458646586,0.03527013479475949,random_forest,test,1,0.5208829649739106,HOLD
2881,2026-06-17,2026-06-17T13:30:00+08:00,2026-06-18,137.0,2026-06-23,137.5,0.0036496350364962904,-0.0022133605597425277,random_forest,test,0,0.4881532271525906,HOLD
2881,2026-06-18,2026-06-18T13:30:00+08:00,2026-06-22,139.5,2026-06-24,134.5,-0.03584229390681004,-0.04147459046486013,random_forest,test,0,0.3902216949865062,SELL
2881,2026-06-22,2026-06-22T13:30:00+08:00,2026-06-23,137.0,2026-06-25,136.0,-0.007299270072992692,-0.013098305717272551,random_forest,test,0,0.4056448470763685,SELL
2881,2026-06-23,2026-06-23T13:30:00+08:00,2026-06-24,135.5,2026-06-26,134.0,-0.011070110701106972,-0.016847118317651955,random_forest,test,0,0.485805415079825,HOLD
2881,2026-06-24,2026-06-24T13:30:00+08:00,2026-06-25,133.5,2026-06-29,128.5,-0.03745318352059923,-0.0430760697840783,random_forest,test,0,0.42123442178980675,SELL
2881,2026-06-25,2026-06-25T13:30:00+08:00,2026-06-26,136.0,2026-06-30,129.5,-0.047794117647058876,-0.05335659552784344,random_forest,test,0,0.4745388721822923,HOLD
2882,2026-01-02,2026-01-02T13:30:00+08:00,2026-01-05,75.0,2026-01-07,75.6,0.008000000000000007,0.0021115909828492985,random_forest,test,0,0.4032043945384489,SELL
2882,2026-01-05,2026-01-05T13:30:00+08:00,2026-01-06,76.1,2026-01-08,76.4,0.003942181340341744,-0.001922523216505656,random_forest,test,0,0.44791187918117864,SELL
2882,2026-01-06,2026-01-06T13:30:00+08:00,2026-01-07,76.5,2026-01-09,75.9,-0.007843137254901933,-0.013638995803529008,random_forest,test,0,0.5194217817171,HOLD
2882,2026-01-07,2026-01-07T13:30:00+08:00,2026-01-08,75.6,2026-01-12,76.1,0.006613756613756516,0.000733445580788139,random_forest,test,0,0.46071339132228945,HOLD
2882,2026-01-08,2026-01-08T13:30:00+08:00,2026-01-09,76.5,2026-01-13,77.4,0.011764705882353121,0.005854304674662192,random_forest,test,1,0.5244418320105969,HOLD
2882,2026-01-09,2026-01-09T13:30:00+08:00,2026-01-12,76.4,2026-01-14,74.7,-0.022251308900523625,-0.027962999584231096,random_forest,test,0,0.4485951885832042,SELL
2882,2026-01-12,2026-01-12T13:30:00+08:00,2026-01-13,76.2,2026-01-15,75.2,-0.013123359580052507,-0.018888372782695617,random_forest,test,0,0.41050262634346735,SELL
2882,2026-01-13,2026-01-13T13:30:00+08:00,2026-01-14,77.5,2026-01-16,76.2,-0.01677419354838705,-0.022517879763272908,random_forest,test,0,0.41838860511610415,SELL
2882,2026-01-14,2026-01-14T13:30:00+08:00,2026-01-15,74.9,2026-01-19,77.4,0.03337783711615483,0.027341179006830973,random_forest,test,1,0.6081189054357572,BUY
2882,2026-01-15,2026-01-15T13:30:00+08:00,2026-01-16,75.6,2026-01-20,76.6,0.013227513227513255,0.007308566773828851,random_forest,test,1,0.3572300745357531,SELL
2882,2026-01-16,2026-01-16T13:30:00+08:00,2026-01-19,76.2,2026-01-21,75.7,-0.006561679790026198,-0.012365024197474095,random_forest,test,0,0.4413490075243835,SELL
2882,2026-01-19,2026-01-19T13:30:00+08:00,2026-01-20,76.9,2026-01-22,75.6,-0.016905071521456594,-0.022647993189678917,random_forest,test,0,0.49275845553379605,HOLD
2882,2026-01-20,2026-01-20T13:30:00+08:00,2026-01-21,76.6,2026-01-23,76.6,0.0,-0.005841675612252573,random_forest,test,0,0.5279060053635162,HOLD
2882,2026-01-21,2026-01-21T13:30:00+08:00,2026-01-22,76.0,2026-01-26,77.1,0.014473684210526194,0.008547458030201627,random_forest,test,1,0.5731670947027423,HOLD
2882,2026-01-22,2026-01-22T13:30:00+08:00,2026-01-23,75.9,2026-01-27,75.9,0.0,-0.005841675612252684,random_forest,test,0,0.4839824548665947,HOLD
2882,2026-01-23,2026-01-23T13:30:00+08:00,2026-01-26,76.6,2026-01-28,75.8,-0.010443864229764954,-0.016224530175048768,random_forest,test,0,0.3569768617559429,SELL
2882,2026-01-26,2026-01-26T13:30:00+08:00,2026-01-27,77.0,2026-01-29,76.4,-0.007792207792207684,-0.013588363854234897,random_forest,test,0,0.4708614549838247,HOLD
2882,2026-01-27,2026-01-27T13:30:00+08:00,2026-01-28,76.1,2026-01-30,75.4,-0.009198423127463662,-0.014986364535661378,random_forest,test,0,0.5061001692475369,HOLD
2882,2026-01-28,2026-01-28T13:30:00+08:00,2026-01-29,75.4,2026-02-02,74.3,-0.01458885941644572,-0.02034531164443465,random_forest,test,0,0.4482925076355276,SELL
2882,2026-01-29,2026-01-29T13:30:00+08:00,2026-01-30,76.1,2026-02-03,74.7,-0.018396846254927657,-0.024131053459070295,random_forest,test,0,0.4142556499172131,SELL
2882,2026-01-30,2026-01-30T13:30:00+08:00,2026-02-02,75.7,2026-02-04,76.2,0.006605019815059343,0.0007247598196347127,random_forest,test,0,0.5644728951562762,HOLD
2882,2026-02-02,2026-02-02T13:30:00+08:00,2026-02-03,74.9,2026-02-05,76.0,0.014686248331108098,0.008758780420144108,random_forest,test,1,0.49163243069451745,HOLD
2882,2026-02-03,2026-02-03T13:30:00+08:00,2026-02-04,75.0,2026-02-06,75.7,0.009333333333333416,0.003437135415366388,random_forest,test,0,0.5063388366998477,HOLD
2882,2026-02-04,2026-02-04T13:30:00+08:00,2026-02-05,75.8,2026-02-09,77.2,0.018469656992084582,0.012520087635014665,random_forest,test,1,0.5325075032670701,HOLD
2882,2026-02-05,2026-02-05T13:30:00+08:00,2026-02-06,75.9,2026-02-10,77.9,0.026350461133069825,0.020354854674644596,random_forest,test,1,0.4754947223711828,HOLD
2882,2026-02-06,2026-02-06T13:30:00+08:00,2026-02-09,76.2,2026-02-11,78.8,0.034120734908136496,0.02807973703089872,random_forest,test,1,0.47388902249390547,HOLD
2882,2026-02-09,2026-02-09T13:30:00+08:00,2026-02-10,77.5,2026-02-23,79.6,0.02709677419354839,0.021096808016318525,random_forest,test,1,0.4388780317523856,SELL
2882,2026-02-10,2026-02-10T13:30:00+08:00,2026-02-11,78.4,2026-02-24,78.2,-0.0025510204081633514,-0.008377793786711218,random_forest,test,0,0.5671109826806623,HOLD
2882,2026-02-11,2026-02-11T13:30:00+08:00,2026-02-23,81.4,2026-02-25,76.9,-0.055282555282555323,-0.060801288139830656,random_forest,test,0,0.5554053878615991,HOLD
2882,2026-02-23,2026-02-23T13:30:00+08:00,2026-02-24,79.2,2026-02-26,79.7,0.0063131313131312705,0.0004345764356499249,random_forest,test,0,0.3843738697197695,SELL
2882,2026-02-24,2026-02-24T13:30:00+08:00,2026-02-25,78.2,2026-03-02,77.9,-0.0038363171355498826,-0.009655582227550696,random_forest,test,0,0.6373736696588455,BUY
2882,2026-02-25,2026-02-25T13:30:00+08:00,2026-02-26,77.0,2026-03-03,77.6,0.007792207792207684,0.001905012629729974,random_forest,test,0,0.3816847687116105,SELL
2882,2026-02-26,2026-02-26T13:30:00+08:00,2026-03-02,79.4,2026-03-04,73.2,-0.07808564231738035,-0.08347116693724044,random_forest,test,0,0.4810490961101477,HOLD
2882,2026-03-02,2026-03-02T13:30:00+08:00,2026-03-03,77.3,2026-03-05,73.6,-0.04786545924967667,-0.0534275203759611,random_forest,test,0,0.47956317593777953,HOLD
2882,2026-03-03,2026-03-03T13:30:00+08:00,2026-03-04,76.5,2026-03-06,73.0,-0.04575163398692805,-0.051326043394698595,random_forest,test,0,0.44936829406819767,SELL
2882,2026-03-04,2026-03-04T13:30:00+08:00,2026-03-05,74.3,2026-03-09,70.0,-0.05787348586810226,-0.0633770833493631,random_forest,test,0,0.4521146596130702,HOLD
2882,2026-03-05,2026-03-05T13:30:00+08:00,2026-03-06,73.0,2026-03-10,71.1,-0.026027397260274032,-0.03171702926070086,random_forest,test,0,0.4880027905515456,HOLD
2882,2026-03-06,2026-03-06T13:30:00+08:00,2026-03-09,68.3,2026-03-11,71.8,0.051244509516837455,0.0451034801030783,random_forest,test,1,0.5235764316997088,HOLD
2882,2026-03-09,2026-03-09T13:30:00+08:00,2026-03-10,71.6,2026-03-12,72.5,0.012569832402234749,0.006654727906587832,random_forest,test,1,0.5045923083845125,HOLD
2882,2026-03-10,2026-03-10T13:30:00+08:00,2026-03-11,71.2,2026-03-13,71.7,0.0070224719101124045,0.00113977329496473,random_forest,test,0,0.5066083309559094,HOLD
2882,2026-03-11,2026-03-11T13:30:00+08:00,2026-03-12,72.6,2026-03-16,72.4,-0.0027548209366389242,-0.008580403778609691,random_forest,test,0,0.4016993426299657,SELL
2882,2026-03-12,2026-03-12T13:30:00+08:00,2026-03-13,71.6,2026-03-17,73.2,0.022346368715083997,0.01637415286568622,random_forest,test,1,0.4046838412201012,SELL
2882,2026-03-13,2026-03-13T13:30:00+08:00,2026-03-16,72.2,2026-03-18,73.4,0.016620498614958512,0.010681731441283482,random_forest,test,1,0.2536234582693625,SELL
2882,2026-03-16,2026-03-16T13:30:00+08:00,2026-03-17,72.5,2026-03-19,71.6,-0.012413793103448367,-0.01818295136327286,random_forest,test,0,0.48919441210948655,HOLD
2882,2026-03-17,2026-03-17T13:30:00+08:00,2026-03-18,74.2,2026-03-20,72.0,-0.02964959568733161,-0.03531806797954429,random_forest,test,0,0.4555414545279301,HOLD
2882,2026-03-18,2026-03-18T13:30:00+08:00,2026-03-19,73.0,2026-03-23,71.7,-0.017808219178082174,-0.023545864950664575,random_forest,test,0,0.5333785553709839,HOLD
2882,2026-03-19,2026-03-19T13:30:00+08:00,2026-03-20,71.3,2026-03-24,70.8,-0.007012622720897643,-0.012813332866023486,random_forest,test,0,0.5032823309451834,HOLD
2882,2026-03-20,2026-03-20T13:30:00+08:00,2026-03-23,70.1,2026-03-25,71.4,0.018544935805991702,0.012594926694510455,random_forest,test,1,0.4944188333413382,HOLD
2882,2026-03-23,2026-03-23T13:30:00+08:00,2026-03-24,71.8,2026-03-26,70.8,-0.013927576601671321,-0.019687891829352044,random_forest,test,0,0.503328855899949,HOLD
2882,2026-03-24,2026-03-24T13:30:00+08:00,2026-03-25,72.4,2026-03-27,70.6,-0.024861878453038777,-0.030558319036257497,random_forest,test,0,0.4688877094697588,HOLD
2882,2026-03-25,2026-03-25T13:30:00+08:00,2026-03-26,71.4,2026-03-30,70.4,-0.014005602240896309,-0.019765461668103335,random_forest,test,0,0.4758170812547512,HOLD
2882,2026-03-26,2026-03-26T13:30:00+08:00,2026-03-27,70.4,2026-03-31,70.3,-0.0014204545454546968,-0.007253832323030562,random_forest,test,0,0.5519202943398865,HOLD
2882,2026-03-27,2026-03-27T13:30:00+08:00,2026-03-30,69.1,2026-04-01,71.9,0.0405209840810421,0.034442598024299054,random_forest,test,1,0.5465187837056151,HOLD
2882,2026-03-30,2026-03-30T13:30:00+08:00,2026-03-31,69.8,2026-04-02,71.8,0.02865329512893977,0.02264423626132195,random_forest,test,1,0.47468937196032457,HOLD
2882,2026-03-31,2026-03-31T13:30:00+08:00,2026-04-01,71.6,2026-04-07,71.9,0.0041899441340784715,-0.0016762077726388824,random_forest,test,0,0.49517096975125346,HOLD
2882,2026-04-01,2026-04-01T13:30:00+08:00,2026-04-02,72.1,2026-04-08,73.8,0.023578363384188616,0.01759895062157768,random_forest,test,1,0.41732844056149154,SELL
2882,2026-04-02,2026-04-02T13:30:00+08:00,2026-04-07,72.2,2026-04-09,73.6,0.01939058171745134,0.013435632616872528,random_forest,test,1,0.4799092318920911,HOLD
2882,2026-04-07,2026-04-07T13:30:00+08:00,2026-04-08,73.6,2026-04-10,72.9,-0.009510869565217184,-0.015296985762679238,random_forest,test,0,0.525332808793832,HOLD
2882,2026-04-08,2026-04-08T13:30:00+08:00,2026-04-09,74.3,2026-04-13,72.0,-0.030955585464333746,-0.03661642858791636,random_forest,test,0,0.4354150162115515,SELL
2882,2026-04-09,2026-04-09T13:30:00+08:00,2026-04-10,73.9,2026-04-14,72.7,-0.016238159675236896,-0.02198497722612658,random_forest,test,0,0.4964202111514681,HOLD
2882,2026-04-10,2026-04-10T13:30:00+08:00,2026-04-13,72.6,2026-04-15,72.9,0.004132231404958775,-0.001733583362716118,random_forest,test,0,0.5216887920907716,HOLD
2882,2026-04-13,2026-04-13T13:30:00+08:00,2026-04-14,71.5,2026-04-16,74.2,0.03776223776223775,0.03169996740658543,random_forest,test,1,0.5274358042966102,HOLD
2882,2026-04-14,2026-04-14T13:30:00+08:00,2026-04-15,72.9,2026-04-17,75.0,0.028806584362139898,0.022796630028546705,random_forest,test,1,0.37868651470197945,SELL
2882,2026-04-15,2026-04-15T13:30:00+08:00,2026-04-16,73.0,2026-04-20,74.6,0.021917808219177992,0.015948095881177293,random_forest,test,1,0.5402124586229218,HOLD
2882,2026-04-16,2026-04-16T13:30:00+08:00,2026-04-17,74.2,2026-04-21,75.5,0.017520215633423097,0.011576192604783486,random_forest,test,1,0.5174779899259397,HOLD
2882,2026-04-17,2026-04-17T13:30:00+08:00,2026-04-20,74.8,2026-04-22,75.9,0.014705882352941346,0.008778299746390994,random_forest,test,1,0.5078252440923627,HOLD
2882,2026-04-20,2026-04-20T13:30:00+08:00,2026-04-21,75.4,2026-04-23,74.8,-0.007957559681697757,-0.013752749811624665,random_forest,test,0,0.5714350668021064,HOLD
2882,2026-04-21,2026-04-21T13:30:00+08:00,2026-04-22,75.5,2026-04-24,74.9,-0.007947019867549643,-0.013742271567651732,random_forest,test,0,0.36108950765323333,SELL
2882,2026-04-22,2026-04-22T13:30:00+08:00,2026-04-23,75.1,2026-04-27,74.5,-0.00798934753661773,-0.013784351972207731,random_forest,test,0,0.5051479647891525,HOLD
2882,2026-04-23,2026-04-23T13:30:00+08:00,2026-04-24,74.5,2026-04-28,74.7,0.0026845637583892135,-0.003172794204500007,random_forest,test,0,0.5760340503887632,HOLD
2882,2026-04-24,2026-04-24T13:30:00+08:00,2026-04-27,74.1,2026-04-29,78.6,0.06072874493927127,0.054532311698744396,random_forest,test,1,0.49885768553494375,HOLD
2882,2026-04-27,2026-04-27T13:30:00+08:00,2026-04-28,74.5,2026-04-30,77.2,0.03624161073825505,0.030188223392404234,random_forest,test,1,0.43162308527093407,SELL
2882,2026-04-28,2026-04-28T13:30:00+08:00,2026-04-29,75.9,2026-05-04,76.2,0.0039525691699604515,-0.0019121960692181084,random_forest,test,0,0.5587154146001909,HOLD
2882,2026-04-29,2026-04-29T13:30:00+08:00,2026-04-30,78.0,2026-05-05,77.2,-0.01025641025641022,-0.016038171246998578,random_forest,test,0,0.46305858317902326,HOLD
2882,2026-04-30,2026-04-30T13:30:00+08:00,2026-05-04,77.8,2026-05-06,78.7,0.011568123393316254,0.0056588705567575115,random_forest,test,1,0.533315500974267,HOLD
2882,2026-05-04,2026-05-04T13:30:00+08:00,2026-05-05,76.2,2026-05-07,79.0,0.03674540682414684,0.03068907646498742,random_forest,test,1,0.4557114502001232,HOLD
2882,2026-05-05,2026-05-05T13:30:00+08:00,2026-05-06,77.7,2026-05-08,80.0,0.029601029601029616,0.02358643437605923,random_forest,test,1,0.4020099439060367,SELL
2882,2026-05-06,2026-05-06T13:30:00+08:00,2026-05-07,78.5,2026-05-11,78.4,-0.00127388535031836,-0.007108119337587149,random_forest,test,0,0.569986435783454,HOLD
2882,2026-05-07,2026-05-07T13:30:00+08:00,2026-05-08,79.5,2026-05-12,76.4,-0.03899371069182378,-0.04460759769529676,random_forest,test,0,0.45620043944171157,HOLD
2882,2026-05-08,2026-05-08T13:30:00+08:00,2026-05-11,79.6,2026-05-13,77.3,-0.028894472361808976,-0.03456735583953652,random_forest,test,0,0.41390436380599804,SELL
2882,2026-05-11,2026-05-11T13:30:00+08:00,2026-05-12,78.7,2026-05-14,76.7,-0.02541296060991105,-0.031106181949933642,random_forest,test,0,0.5214745778027666,HOLD
2882,2026-05-12,2026-05-12T13:30:00+08:00,2026-05-13,76.6,2026-05-15,77.9,0.016971279373368287,0.011030463052291717,random_forest,test,1,0.5828635019161694,HOLD
2882,2026-05-13,2026-05-13T13:30:00+08:00,2026-05-14,76.9,2026-05-18,76.8,-0.0013003901170351995,-0.007134469272054633,random_forest,test,0,0.5185603925749654,HOLD
2882,2026-05-14,2026-05-14T13:30:00+08:00,2026-05-15,77.4,2026-05-19,77.8,0.0051679586563306845,-0.0007039064939698969,random_forest,test,0,0.5054045072393591,HOLD
2882,2026-05-15,2026-05-15T13:30:00+08:00,2026-05-18,78.0,2026-05-20,77.9,-0.0012820512820511665,-0.007116237566595629,random_forest,test,0,0.44726749163039725,SELL
2882,2026-05-18,2026-05-18T13:30:00+08:00,2026-05-19,77.5,2026-05-21,78.7,0.015483870967742064,0.009551743604073959,random_forest,test,1,0.39343762549523187,SELL
2882,2026-05-19,2026-05-19T13:30:00+08:00,2026-05-20,78.0,2026-05-22,79.7,0.02179487179487194,0.01582587761158316,random_forest,test,1,0.3992085421599768,SELL
2882,2026-05-20,2026-05-20T13:30:00+08:00,2026-05-21,77.8,2026-05-25,81.5,0.04755784061696655,0.04143834752701059,random_forest,test,1,0.544251432840888,HOLD
2882,2026-05-21,2026-05-21T13:30:00+08:00,2026-05-22,78.5,2026-05-26,83.1,0.05859872611464967,0.05241473575314415,random_forest,test,1,0.48940013912354535,HOLD
2882,2026-05-22,2026-05-22T13:30:00+08:00,2026-05-25,79.9,2026-05-27,85.4,0.06883604505632035,0.06259225159841852,random_forest,test,1,0.5439509056082958,HOLD
2882,2026-05-25,2026-05-25T13:30:00+08:00,2026-05-26,80.6,2026-05-28,84.8,0.05210918114143914,0.04596310059653819,random_forest,test,1,0.521578654995364,HOLD
2882,2026-05-26,2026-05-26T13:30:00+08:00,2026-05-27,83.1,2026-05-29,85.7,0.03128760529482566,0.02526315764175635,random_forest,test,1,0.46947981297253266,HOLD
2882,2026-05-27,2026-05-27T13:30:00+08:00,2026-05-28,85.4,2026-06-01,88.2,0.032786885245901676,0.026753679285706156,random_forest,test,1,0.42332425246350747,SELL
2882,2026-05-28,2026-05-28T13:30:00+08:00,2026-05-29,85.6,2026-06-02,89.2,0.0420560747663552,0.03596872120779282,random_forest,test,1,0.47445152948512936,HOLD
2882,2026-05-29,2026-05-29T13:30:00+08:00,2026-06-01,86.6,2026-06-03,91.8,0.06004618937644346,0.05385374340410176,random_forest,test,1,0.493433643562578,HOLD
2882,2026-06-01,2026-06-01T13:30:00+08:00,2026-06-02,88.5,2026-06-04,94.4,0.06666666666666665,0.06043554601359724,random_forest,test,1,0.6362944478852479,BUY
2882,2026-06-02,2026-06-02T13:30:00+08:00,2026-06-03,89.9,2026-06-05,100.0,0.11234705228031139,0.1058490816326445,random_forest,test,1,0.3760446263259621,SELL
2882,2026-06-03,2026-06-03T13:30:00+08:00,2026-06-04,96.3,2026-06-08,95.0,-0.01349948078920038,-0.01926229681374858,random_forest,test,0,0.3602634528165715,SELL
2882,2026-06-04,2026-06-04T13:30:00+08:00,2026-06-05,94.4,2026-06-09,104.0,0.10169491525423724,0.09525917093565406,random_forest,test,1,0.4865061314913923,HOLD
2882,2026-06-05,2026-06-05T13:30:00+08:00,2026-06-08,97.8,2026-06-10,99.9,0.021472392638036908,0.01550528227337411,random_forest,test,1,0.5112047856941275,HOLD
2882,2026-06-08,2026-06-08T13:30:00+08:00,2026-06-09,95.3,2026-06-11,100.5,0.05456453305351516,0.04840410913923021,random_forest,test,1,0.4179571126917429,SELL
2882,2026-06-09,2026-06-09T13:30:00+08:00,2026-06-10,102.0,2026-06-12,100.5,-0.014705882352941124,-0.020461650970895917,random_forest,test,0,0.529455793947493,HOLD
2882,2026-06-10,2026-06-10T13:30:00+08:00,2026-06-11,101.0,2026-06-15,104.0,0.02970297029702973,0.023687779567581613,random_forest,test,1,0.6046242321861012,BUY
2882,2026-06-11,2026-06-11T13:30:00+08:00,2026-06-12,102.0,2026-06-16,109.5,0.07352941176470584,0.06725820118096415,random_forest,test,1,0.6565755034071695,BUY
2882,2026-06-12,2026-06-12T13:30:00+08:00,2026-06-15,105.0,2026-06-17,113.5,0.08095238095238089,0.07463780779056495,random_forest,test,1,0.5993382450924647,HOLD
2882,2026-06-15,2026-06-15T13:30:00+08:00,2026-06-16,104.5,2026-06-18,115.5,0.10526315789473695,0.09880656906014207,random_forest,test,1,0.47049025616966156,HOLD
2882,2026-06-16,2026-06-16T13:30:00+08:00,2026-06-17,110.0,2026-06-22,113.0,0.027272727272727337,0.021271733234685897,random_forest,test,1,0.5179389104862566,HOLD
2882,2026-06-17,2026-06-17T13:30:00+08:00,2026-06-18,115.0,2026-06-23,113.5,-0.013043478260869601,-0.01880895810426675,random_forest,test,0,0.44536426044707794,SELL
2882,2026-06-18,2026-06-18T13:30:00+08:00,2026-06-22,117.0,2026-06-24,110.0,-0.05982905982905984,-0.0653212334816049,random_forest,test,0,0.5199208319906156,HOLD
2882,2026-06-22,2026-06-22T13:30:00+08:00,2026-06-23,113.0,2026-06-25,111.5,-0.013274336283185861,-0.019038467528904035,random_forest,test,0,0.35153008558611865,SELL
2882,2026-06-23,2026-06-23T13:30:00+08:00,2026-06-24,110.5,2026-06-26,106.0,-0.040723981900452455,-0.04632776122080329,random_forest,test,0,0.5020189288746301,HOLD
2882,2026-06-24,2026-06-24T13:30:00+08:00,2026-06-25,110.0,2026-06-29,101.5,-0.07727272727272727,-0.08266300067857857,random_forest,test,0,0.4930772979779388,HOLD
2882,2026-06-25,2026-06-25T13:30:00+08:00,2026-06-26,110.5,2026-06-30,98.3,-0.11040723981900458,-0.11560395215099029,random_forest,test,0,0.5490168311970132,HOLD
2002,2025-01-02,2025-01-02T13:30:00+08:00,2025-01-03,19.25,2025-01-07,18.95,-0.01558441558441559,-0.021335052096217444,xgboost,validation,0,0.11521491408348083,SELL
2002,2025-01-03,2025-01-03T13:30:00+08:00,2025-01-06,19.0,2025-01-08,18.9,-0.0052631578947369695,-0.011074087845872382,xgboost,validation,0,0.19073191285133362,SELL
2002,2025-01-06,2025-01-06T13:30:00+08:00,2025-01-07,19.25,2025-01-09,18.6,-0.033766233766233666,-0.03941065799417642,xgboost,validation,0,0.2031632661819458,SELL
2002,2025-01-07,2025-01-07T13:30:00+08:00,2025-01-08,18.95,2025-01-10,18.3,-0.03430079155672816,-0.03994209307146268,xgboost,validation,0,0.14079661667346954,SELL
2002,2025-01-08,2025-01-08T13:30:00+08:00,2025-01-09,18.85,2025-01-13,18.1,-0.039787798408488007,-0.04539704660911248,xgboost,validation,0,0.29739314317703247,SELL
2002,2025-01-09,2025-01-09T13:30:00+08:00,2025-01-10,18.55,2025-01-14,18.35,-0.010781671159029615,-0.016560363745813045,xgboost,validation,0,0.14695577323436737,SELL
2002,2025-01-10,2025-01-10T13:30:00+08:00,2025-01-13,18.25,2025-01-15,18.7,0.024657534246575352,0.018671817317856165,xgboost,validation,1,0.13418444991111755,SELL
2002,2025-01-13,2025-01-13T13:30:00+08:00,2025-01-14,18.1,2025-01-16,18.9,0.044198895027624197,0.03809902380820018,xgboost,validation,1,0.31491556763648987,SELL
2002,2025-01-14,2025-01-14T13:30:00+08:00,2025-01-15,18.35,2025-01-17,19.55,0.06539509536784727,0.05917140282182354,xgboost,validation,1,0.1523657590150833,SELL
2002,2025-01-15,2025-01-15T13:30:00+08:00,2025-01-16,19.0,2025-01-20,19.55,0.02894736842105261,0.022936591672656048,xgboost,validation,1,0.2773134708404541,SELL
2002,2025-01-16,2025-01-16T13:30:00+08:00,2025-01-17,19.1,2025-01-21,20.1,0.05235602094240832,0.046208498439461954,xgboost,validation,1,0.13365179300308228,SELL
2002,2025-01-17,2025-01-17T13:30:00+08:00,2025-01-20,19.6,2025-01-22,20.15,0.028061224489795755,0.02205562430679109,xgboost,validation,1,0.48023849725723267,HOLD
2002,2025-01-20,2025-01-20T13:30:00+08:00,2025-01-21,19.7,2025-02-03,20.0,0.015228426395939021,0.009297791256596355,xgboost,validation,1,0.27059128880500793,SELL
2002,2025-01-21,2025-01-21T13:30:00+08:00,2025-01-22,20.3,2025-02-04,19.6,-0.03448275862068961,-0.04012299714286449,xgboost,validation,0,0.3513652980327606,SELL
2002,2025-01-22,2025-01-22T13:30:00+08:00,2025-02-03,19.95,2025-02-05,19.6,-0.01754385964912275,-0.02328304972431816,xgboost,validation,0,0.13957491517066956,SELL
2002,2025-02-03,2025-02-03T13:30:00+08:00,2025-02-04,20.15,2025-02-06,19.9,-0.012406947890818865,-0.018176146138155214,xgboost,validation,0,0.1933848261833191,SELL
2002,2025-02-04,2025-02-04T13:30:00+08:00,2025-02-05,19.8,2025-02-07,19.65,-0.00757575757575768,-0.01337317806973548,xgboost,validation,0,0.31341949105262756,SELL
2002,2025-02-05,2025-02-05T13:30:00+08:00,2025-02-06,19.9,2025-02-10,20.05,0.007537688442211143,0.0016519800992131906,xgboost,validation,0,0.4174789488315582,SELL
2002,2025-02-06,2025-02-06T13:30:00+08:00,2025-02-07,19.9,2025-02-11,19.9,0.0,-0.005841675612252573,xgboost,validation,0,0.22509661316871643,SELL
2002,2025-02-07,2025-02-07T13:30:00+08:00,2025-02-10,19.65,2025-02-12,20.1,0.022900763358778775,0.016925308915711312,xgboost,validation,1,0.2586727440357208,SELL
2002,2025-02-10,2025-02-10T13:30:00+08:00,2025-02-11,20.15,2025-02-13,21.9,0.08684863523573205,0.08049961806906536,xgboost,validation,1,0.2526024878025055,SELL
2002,2025-02-11,2025-02-11T13:30:00+08:00,2025-02-12,20.0,2025-02-14,23.25,0.1625000000000001,0.15570905210075647,xgboost,validation,1,0.2265375852584839,SELL
2002,2025-02-12,2025-02-12T13:30:00+08:00,2025-02-13,20.2,2025-02-17,22.85,0.1311881188118813,0.12458008476534821,xgboost,validation,1,0.11974519491195679,SELL
2002,2025-02-13,2025-02-13T13:30:00+08:00,2025-02-14,22.0,2025-02-18,22.4,0.018181818181818077,0.012233930285706407,xgboost,validation,1,0.5398034453392029,HOLD
2002,2025-02-14,2025-02-14T13:30:00+08:00,2025-02-17,23.4,2025-02-19,22.35,-0.04487179487179471,-0.050451344014266764,xgboost,validation,0,0.4033428430557251,SELL
2002,2025-02-17,2025-02-17T13:30:00+08:00,2025-02-18,22.65,2025-02-20,22.65,0.0,-0.005841675612252462,xgboost,validation,0,0.24752365052700043,SELL
2002,2025-02-18,2025-02-18T13:30:00+08:00,2025-02-19,22.45,2025-02-21,23.0,0.024498886414253906,0.0185140962547079,xgboost,validation,1,0.18531450629234314,SELL
2002,2025-02-19,2025-02-19T13:30:00+08:00,2025-02-20,22.6,2025-02-24,23.2,0.0265486725663715,0.020551908221050352,xgboost,validation,1,0.15853261947631836,SELL
2002,2025-02-20,2025-02-20T13:30:00+08:00,2025-02-21,22.8,2025-02-25,23.9,0.048245614035087536,0.04212210319592824,xgboost,validation,1,0.16641327738761902,SELL
2002,2025-02-21,2025-02-21T13:30:00+08:00,2025-02-24,22.95,2025-02-26,23.8,0.0370370370370372,0.0309790030687751,xgboost,validation,1,0.15293756127357483,SELL
2002,2025-02-24,2025-02-24T13:30:00+08:00,2025-02-25,23.1,2025-02-27,24.35,0.054112554112554,0.04795477051262553,xgboost,validation,1,0.2844717800617218,SELL
2002,2025-02-25,2025-02-25T13:30:00+08:00,2025-02-26,23.95,2025-03-03,24.0,0.0020876826722338038,-0.003766188504971235,xgboost,validation,0,0.21306565403938293,SELL
2002,2025-02-26,2025-02-26T13:30:00+08:00,2025-02-27,23.9,2025-03-04,23.6,-0.012552301255229992,-0.018320650395362237,xgboost,validation,0,0.17029732465744019,SELL
2002,2025-02-27,2025-02-27T13:30:00+08:00,2025-03-03,23.6,2025-03-05,24.1,0.021186440677966045,0.015221000751894698,xgboost,validation,1,0.2362159937620163,SELL
2002,2025-03-03,2025-03-03T13:30:00+08:00,2025-03-04,23.75,2025-03-06,24.25,0.021052631578947434,0.015087973322226444,xgboost,validation,1,0.17454329133033752,SELL
2002,2025-03-04,2025-03-04T13:30:00+08:00,2025-03-05,23.6,2025-03-07,24.25,0.02754237288135597,0.021539803661138723,xgboost,validation,1,0.29565688967704773,SELL
2002,2025-03-05,2025-03-05T13:30:00+08:00,2025-03-06,24.2,2025-03-10,24.7,0.02066115702479343,0.014698785635428147,xgboost,validation,1,0.1954675018787384,SELL
2002,2025-03-06,2025-03-06T13:30:00+08:00,2025-03-07,24.15,2025-03-11,24.3,0.006211180124223725,0.0003332208125161884,xgboost,validation,0,0.1896398365497589,SELL
2002,2025-03-07,2025-03-07T13:30:00+08:00,2025-03-10,24.35,2025-03-12,24.15,-0.008213552361396426,-0.014007247065129347,xgboost,validation,0,0.4440641403198242,SELL
2002,2025-03-10,2025-03-10T13:30:00+08:00,2025-03-11,24.45,2025-03-13,23.7,-0.030674846625766916,-0.03633732973457604,xgboost,validation,0,0.26672327518463135,SELL
2002,2025-03-11,2025-03-11T13:30:00+08:00,2025-03-12,24.4,2025-03-14,24.3,-0.004098360655737654,-0.009916094974497414,xgboost,validation,0,0.4127744436264038,SELL
2002,2025-03-12,2025-03-12T13:30:00+08:00,2025-03-13,24.15,2025-03-17,24.1,-0.0020703933747411307,-0.007899974420508604,xgboost,validation,0,0.38484272360801697,SELL
2002,2025-03-13,2025-03-13T13:30:00+08:00,2025-03-14,23.8,2025-03-18,24.15,0.014705882352941124,0.008778299746390772,xgboost,validation,1,0.20273548364639282,SELL
2002,2025-03-14,2025-03-14T13:30:00+08:00,2025-03-17,24.2,2025-03-19,24.1,-0.004132231404958553,-0.009949767861788583,xgboost,validation,0,0.36845168471336365,SELL
2002,2025-03-17,2025-03-17T13:30:00+08:00,2025-03-18,24.15,2025-03-20,24.35,0.008281573498964967,0.002391519620772442,xgboost,validation,0,0.31887492537498474,SELL
2002,2025-03-18,2025-03-18T13:30:00+08:00,2025-03-19,24.0,2025-03-21,23.8,-0.008333333333333304,-0.01412632831548366,xgboost,validation,0,0.1063692569732666,SELL
2002,2025-03-19,2025-03-19T13:30:00+08:00,2025-03-20,24.3,2025-03-24,23.7,-0.024691358024691468,-0.030388794732937652,xgboost,validation,0,0.41864585876464844,SELL
2002,2025-03-20,2025-03-20T13:30:00+08:00,2025-03-21,24.35,2025-03-25,23.1,-0.05133470225872694,-0.05687649719273247,xgboost,validation,0,0.16762788593769073,SELL
2002,2025-03-21,2025-03-21T13:30:00+08:00,2025-03-24,23.8,2025-03-26,23.2,-0.025210084033613467,-0.0309044905127841,xgboost,validation,0,0.3817192018032074,SELL
2002,2025-03-24,2025-03-24T13:30:00+08:00,2025-03-25,23.9,2025-03-27,23.45,-0.01882845188284521,-0.024560137786917124,xgboost,validation,0,0.2991580069065094,SELL
2002,2025-03-25,2025-03-25T13:30:00+08:00,2025-03-26,23.1,2025-03-28,23.0,-0.0043290043290044045,-0.01014539130224279,xgboost,validation,0,0.3769218325614929,SELL
2002,2025-03-26,2025-03-26T13:30:00+08:00,2025-03-27,23.1,2025-03-31,22.4,-0.030303030303030387,-0.035967685442184316,xgboost,validation,0,0.2591058909893036,SELL
2002,2025-03-27,2025-03-27T13:30:00+08:00,2025-03-28,23.55,2025-04-01,22.95,-0.025477707006369532,-0.03117055011894687,xgboost,validation,0,0.3331649601459503,SELL
2002,2025-03-28,2025-03-28T13:30:00+08:00,2025-03-31,22.65,2025-04-02,22.85,0.008830022075055233,0.0029367643381914554,xgboost,validation,0,0.22719450294971466,SELL
2002,2025-03-31,2025-03-31T13:30:00+08:00,2025-04-01,22.5,2025-04-07,20.6,-0.08444444444444443,-0.08979282300499558,xgboost,validation,0,0.23146386444568634,SELL
2002,2025-04-01,2025-04-01T13:30:00+08:00,2025-04-02,23.0,2025-04-08,20.45,-0.11086956521739133,-0.1160635767943724,xgboost,validation,0,0.24066253006458282,SELL
2002,2025-04-02,2025-04-02T13:30:00+08:00,2025-04-07,20.6,2025-04-09,19.0,-0.07766990291262144,-0.08305785614722316,xgboost,validation,0,0.1432604342699051,SELL
2002,2025-04-08,2025-04-08T13:30:00+08:00,2025-04-09,19.9,2025-04-11,20.45,0.027638190954773822,0.021635061996454263,xgboost,validation,1,0.21135862171649933,SELL
2002,2025-04-09,2025-04-09T13:30:00+08:00,2025-04-10,20.9,2025-04-14,21.15,0.011961722488038173,0.006050170373246955,xgboost,validation,1,0.544215202331543,HOLD
2002,2025-04-11,2025-04-11T13:30:00+08:00,2025-04-14,20.9,2025-04-16,20.9,0.0,-0.005841675612252462,xgboost,validation,0,0.1540641486644745,SELL
2002,2025-04-14,2025-04-14T13:30:00+08:00,2025-04-15,21.2,2025-04-17,20.5,-0.03301886792452824,-0.0386676580212818,xgboost,validation,0,0.1537647247314453,SELL
2002,2025-04-15,2025-04-15T13:30:00+08:00,2025-04-16,21.05,2025-04-18,20.4,-0.030878859857482288,-0.036540151187171244,xgboost,validation,0,0.18207524716854095,SELL
2002,2025-04-16,2025-04-16T13:30:00+08:00,2025-04-17,20.9,2025-04-21,20.0,-0.04306220095693769,-0.04865232116005014,xgboost,validation,0,0.33929169178009033,SELL
2002,2025-04-17,2025-04-17T13:30:00+08:00,2025-04-18,20.55,2025-04-22,20.2,-0.017031630170316392,-0.022773812523966153,xgboost,validation,0,0.3923383355140686,SELL
2002,2025-04-18,2025-04-18T13:30:00+08:00,2025-04-21,20.4,2025-04-23,20.65,0.01225490196078427,0.006341637186616955,xgboost,validation,1,0.20843295753002167,SELL
2002,2025-04-21,2025-04-21T13:30:00+08:00,2025-04-22,19.95,2025-04-24,20.5,0.027568922305764465,0.02156619799242221,xgboost,validation,1,0.19980601966381073,SELL
2002,2025-04-22,2025-04-22T13:30:00+08:00,2025-04-23,20.4,2025-04-25,20.3,-0.004901960784313597,-0.010715000731800317,xgboost,validation,0,0.1860378086566925,SELL
2002,2025-04-23,2025-04-23T13:30:00+08:00,2025-04-24,20.6,2025-04-28,20.45,-0.00728155339805836,-0.013080692537406069,xgboost,validation,0,0.11638019233942032,SELL
2002,2025-04-24,2025-04-24T13:30:00+08:00,2025-04-25,20.55,2025-04-29,20.65,0.0048661800486617945,-0.001003922208905994,xgboost,validation,0,0.14937028288841248,SELL
2002,2025-04-25,2025-04-25T13:30:00+08:00,2025-04-28,20.4,2025-04-30,20.65,0.01225490196078427,0.006341637186616955,xgboost,validation,1,0.23952698707580566,SELL
2002,2025-04-28,2025-04-28T13:30:00+08:00,2025-04-29,20.5,2025-05-02,20.7,0.009756097560975618,0.003857429991530381,xgboost,validation,0,0.23770546913146973,SELL
2002,2025-04-29,2025-04-29T13:30:00+08:00,2025-04-30,20.45,2025-05-05,21.15,0.03422982885085579,0.02818819368219372,xgboost,validation,1,0.20769663155078888,SELL
2002,2025-04-30,2025-04-30T13:30:00+08:00,2025-05-02,20.65,2025-05-06,21.9,0.060532687651331685,0.054337399713882295,xgboost,validation,1,0.14298224449157715,SELL
2002,2025-05-02,2025-05-02T13:30:00+08:00,2025-05-05,20.9,2025-05-07,21.55,0.031100478468899517,0.02507712395004602,xgboost,validation,1,0.1398806869983673,SELL
2002,2025-05-05,2025-05-05T13:30:00+08:00,2025-05-06,21.5,2025-05-08,21.25,-0.011627906976744207,-0.017401656128389176,xgboost,validation,0,0.28111985325813293,SELL
2002,2025-05-06,2025-05-06T13:30:00+08:00,2025-05-07,21.95,2025-05-09,21.3,-0.029612756264236872,-0.03528144376040887,xgboost,validation,0,0.15911994874477386,SELL
2002,2025-05-07,2025-05-07T13:30:00+08:00,2025-05-08,21.55,2025-05-12,21.35,-0.009280742459396696,-0.015068202984760526,xgboost,validation,0,0.19939246773719788,SELL
2002,2025-05-08,2025-05-08T13:30:00+08:00,2025-05-09,21.2,2025-05-13,21.4,0.00943396226415083,0.0035371765046128267,xgboost,validation,0,0.22611895203590393,SELL
2002,2025-05-09,2025-05-09T13:30:00+08:00,2025-05-12,21.4,2025-05-14,21.5,0.004672897196261738,-0.0011960759655808006,xgboost,validation,0,0.20189690589904785,SELL
2002,2025-05-12,2025-05-12T13:30:00+08:00,2025-05-13,21.45,2025-05-15,21.3,-0.006993006993006978,-0.012793831726852112,xgboost,validation,0,0.16933228075504303,SELL
2002,2025-05-13,2025-05-13T13:30:00+08:00,2025-05-14,21.5,2025-05-16,21.0,-0.023255813953488413,-0.02896163664452578,xgboost,validation,0,0.275967538356781,SELL
2002,2025-05-14,2025-05-14T13:30:00+08:00,2025-05-15,21.4,2025-05-19,21.1,-0.014018691588784882,-0.019778474552267666,xgboost,validation,0,0.07557354867458344,SELL
2002,2025-05-15,2025-05-15T13:30:00+08:00,2025-05-16,21.0,2025-05-20,21.65,0.030952380952380842,0.024929891571177754,xgboost,validation,1,0.23576968908309937,SELL
2002,2025-05-16,2025-05-16T13:30:00+08:00,2025-05-19,21.0,2025-05-21,21.05,0.0023809523809523725,-0.00347463198275777,xgboost,validation,0,0.2949700951576233,SELL
2002,2025-05-19,2025-05-19T13:30:00+08:00,2025-05-20,21.2,2025-05-22,20.45,-0.035377358490566,-0.041012371050498264,xgboost,validation,0,0.10112938284873962,SELL
2002,2025-05-20,2025-05-20T13:30:00+08:00,2025-05-21,21.55,2025-05-23,20.3,-0.058004640371229654,-0.06350747169042814,xgboost,validation,0,0.08734865486621857,SELL
2002,2025-05-21,2025-05-21T13:30:00+08:00,2025-05-22,21.05,2025-05-26,20.2,-0.040380047505938266,-0.045985835979453826,xgboost,validation,0,0.2682611048221588,SELL
2002,2025-05-22,2025-05-22T13:30:00+08:00,2025-05-23,20.5,2025-05-27,20.0,-0.024390243902439046,-0.030089439621709735,xgboost,validation,0,0.308066725730896,SELL
2002,2025-05-23,2025-05-23T13:30:00+08:00,2025-05-26,20.3,2025-05-28,20.05,-0.012315270935960632,-0.018085004730328258,xgboost,validation,0,0.24097084999084473,SELL
2002,2025-05-26,2025-05-26T13:30:00+08:00,2025-05-27,20.1,2025-05-29,19.75,-0.017412935323383172,-0.023152890216019406,xgboost,validation,0,0.15447112917900085,SELL
2002,2025-05-27,2025-05-27T13:30:00+08:00,2025-05-28,20.2,2025-06-02,19.2,-0.04950495049504955,-0.05505743424530929,xgboost,validation,0,0.34141984581947327,SELL
2002,2025-05-28,2025-05-28T13:30:00+08:00,2025-05-29,20.15,2025-06-03,19.25,-0.04466501240694787,-0.05024576950550186,xgboost,validation,0,0.14938873052597046,SELL
2002,2025-05-29,2025-05-29T13:30:00+08:00,2025-06-02,19.7,2025-06-04,19.2,-0.025380710659898442,-0.031074120393667415,xgboost,validation,0,0.3639944791793823,SELL
2002,2025-06-02,2025-06-02T13:30:00+08:00,2025-06-03,19.2,2025-06-05,19.4,0.01041666666666674,0.004514140266786315,xgboost,validation,1,0.21316315233707428,SELL
2002,2025-06-03,2025-06-03T13:30:00+08:00,2025-06-04,19.35,2025-06-06,19.55,0.010335917312661369,0.004433862624313223,xgboost,validation,1,0.2079242616891861,SELL
2002,2025-06-04,2025-06-04T13:30:00+08:00,2025-06-05,19.3,2025-06-09,19.35,0.002590673575129543,-0.003266135911766166,xgboost,validation,0,0.2518591284751892,SELL
2002,2025-06-05,2025-06-05T13:30:00+08:00,2025-06-06,19.45,2025-06-10,19.4,-0.0025706940874036244,-0.008397352538699221,xgboost,validation,0,0.12679100036621094,SELL
2002,2025-06-06,2025-06-06T13:30:00+08:00,2025-06-09,19.75,2025-06-11,19.5,-0.012658227848101222,-0.018425958199439374,xgboost,validation,0,0.13803285360336304,SELL
2002,2025-06-09,2025-06-09T13:30:00+08:00,2025-06-10,19.4,2025-06-12,19.45,0.002577319587628857,-0.0032794118896037894,xgboost,validation,0,0.1306474804878235,SELL
2002,2025-06-10,2025-06-10T13:30:00+08:00,2025-06-11,19.45,2025-06-13,19.2,-0.01285347043701801,-0.018620060244485814,xgboost,validation,0,0.16427965462207794,SELL
2002,2025-06-11,2025-06-11T13:30:00+08:00,2025-06-12,19.5,2025-06-16,19.2,-0.015384615384615441,-0.021136419064371692,xgboost,validation,0,0.21745164692401886,SELL
2002,2025-06-12,2025-06-12T13:30:00+08:00,2025-06-13,19.25,2025-06-17,19.1,-0.007792207792207684,-0.013588363854234897,xgboost,validation,0,0.16791024804115295,SELL
2002,2025-06-13,2025-06-13T13:30:00+08:00,2025-06-16,19.2,2025-06-18,19.1,-0.005208333333333259,-0.011019583551772016,xgboost,validation,0,0.23113834857940674,SELL
2002,2025-06-16,2025-06-16T13:30:00+08:00,2025-06-17,19.2,2025-06-19,18.95,-0.01302083333333337,-0.01878644546105135,xgboost,validation,0,0.19477829337120056,SELL
2002,2025-06-17,2025-06-17T13:30:00+08:00,2025-06-18,19.1,2025-06-20,18.65,-0.023560209424083878,-0.02926425393552423,xgboost,validation,0,0.09730462729930878,SELL
2002,2025-06-18,2025-06-18T13:30:00+08:00,2025-06-19,19.1,2025-06-23,18.45,-0.034031413612565564,-0.03967428874586709,xgboost,validation,0,0.26721832156181335,SELL
2002,2025-06-19,2025-06-19T13:30:00+08:00,2025-06-20,18.95,2025-06-24,18.9,-0.0026385224274406704,-0.008464784647576384,xgboost,validation,0,0.22495056688785553,SELL
2002,2025-06-20,2025-06-20T13:30:00+08:00,2025-06-23,18.5,2025-06-25,18.75,0.013513513513513598,0.0075928963389331194,xgboost,validation,1,0.19953595101833344,SELL
2002,2025-06-23,2025-06-23T13:30:00+08:00,2025-06-24,18.7,2025-06-26,19.0,0.016042780748663166,0.010107388415358631,xgboost,validation,1,0.2474731206893921,SELL
2002,2025-06-24,2025-06-24T13:30:00+08:00,2025-06-25,19.0,2025-06-27,19.1,0.0052631578947368585,-0.0006092633786327628,xgboost,validation,0,0.20405660569667816,SELL
2002,2025-06-25,2025-06-25T13:30:00+08:00,2025-06-26,18.85,2025-06-30,18.8,-0.0026525198938992522,-0.008478700345376677,xgboost,validation,0,0.19374042749404907,SELL
2303,2025-01-02,2025-01-02T13:30:00+08:00,2025-01-03,43.95,2025-01-07,42.35,-0.0364050056882822,-0.04203401506664162,xgboost,validation,0,0.2716372013092041,SELL
2303,2025-01-03,2025-01-03T13:30:00+08:00,2025-01-06,43.6,2025-01-08,42.7,-0.020642201834862317,-0.026363292400072957,xgboost,validation,0,0.4707474708557129,HOLD
2303,2025-01-06,2025-01-06T13:30:00+08:00,2025-01-07,43.65,2025-01-09,41.6,-0.04696449026345928,-0.05253181455829792,xgboost,validation,0,0.21086156368255615,SELL
2303,2025-01-07,2025-01-07T13:30:00+08:00,2025-01-08,42.4,2025-01-10,41.3,-0.025943396226415172,-0.031633518933632865,xgboost,validation,0,0.5764272809028625,HOLD
2303,2025-01-08,2025-01-08T13:30:00+08:00,2025-01-09,42.7,2025-01-13,40.9,-0.042154566744730726,-0.04774998905248551,xgboost,validation,0,0.23935948312282562,SELL
2303,2025-01-09,2025-01-09T13:30:00+08:00,2025-01-10,41.25,2025-01-14,42.25,0.024242424242424176,0.018259132251692733,xgboost,validation,1,0.47385212779045105,HOLD
2303,2025-01-10,2025-01-10T13:30:00+08:00,2025-01-13,41.0,2025-01-15,41.45,0.01097560975609757,0.00506981819200325,xgboost,validation,1,0.2435699701309204,SELL
2303,2025-01-13,2025-01-13T13:30:00+08:00,2025-01-14,41.2,2025-01-16,41.55,0.00849514563106779,0.002603844133759914,xgboost,validation,0,0.36004742980003357,SELL
2303,2025-01-14,2025-01-14T13:30:00+08:00,2025-01-15,42.05,2025-01-17,41.2,-0.02021403091557661,-0.02593762271640432,xgboost,validation,0,0.4587635099887848,HOLD
2303,2025-01-15,2025-01-15T13:30:00+08:00,2025-01-16,41.9,2025-01-20,42.75,0.020286396181384392,0.014326214023298478,xgboost,validation,1,0.5338298678398132,HOLD
2303,2025-01-16,2025-01-16T13:30:00+08:00,2025-01-17,41.4,2025-01-21,42.95,0.037439613526570215,0.031379227837047274,xgboost,validation,1,0.45306456089019775,HOLD
2303,2025-01-17,2025-01-17T13:30:00+08:00,2025-01-20,41.55,2025-01-22,40.2,-0.032490974729241784,-0.038142848606800284,xgboost,validation,0,0.29837560653686523,SELL
2303,2025-01-20,2025-01-20T13:30:00+08:00,2025-01-21,42.75,2025-02-03,40.5,-0.052631578947368474,-0.05816579794844967,xgboost,validation,0,0.4398259222507477,SELL
2303,2025-01-21,2025-01-21T13:30:00+08:00,2025-01-22,39.7,2025-02-04,40.1,0.010075566750629594,0.004175032945810342,xgboost,validation,1,0.37700313329696655,SELL
2303,2025-01-22,2025-01-22T13:30:00+08:00,2025-02-03,40.2,2025-02-05,40.1,-0.0024875621890547706,-0.00831470626993347,xgboost,validation,0,0.3223041296005249,SELL
2303,2025-02-03,2025-02-03T13:30:00+08:00,2025-02-04,40.95,2025-02-06,40.1,-0.020757020757020794,-0.026477440587334033,xgboost,validation,0,0.2942394018173218,SELL
2303,2025-02-04,2025-02-04T13:30:00+08:00,2025-02-05,40.4,2025-02-07,40.15,-0.006188118811881194,-0.011993645441384593,xgboost,validation,0,0.4144213795661926,SELL
2303,2025-02-05,2025-02-05T13:30:00+08:00,2025-02-06,40.3,2025-02-10,40.2,-0.002481389578163684,-0.0083085697174331,xgboost,validation,0,0.3706246018409729,SELL
2303,2025-02-06,2025-02-06T13:30:00+08:00,2025-02-07,40.1,2025-02-11,40.4,0.007481296758104605,0.00159591783703239,xgboost,validation,0,0.3424340486526489,SELL
2303,2025-02-07,2025-02-07T13:30:00+08:00,2025-02-10,40.15,2025-02-12,40.1,-0.001245330012453194,-0.007079730810742868,xgboost,validation,0,0.32722997665405273,SELL
2303,2025-02-10,2025-02-10T13:30:00+08:00,2025-02-11,40.3,2025-02-13,41.4,0.027295285359801635,0.021294159544733127,xgboost,validation,1,0.19744011759757996,SELL
2303,2025-02-11,2025-02-11T13:30:00+08:00,2025-02-12,40.4,2025-02-14,41.4,0.024752475247524774,0.018766203704275952,xgboost,validation,1,0.18458174169063568,SELL
2303,2025-02-12,2025-02-12T13:30:00+08:00,2025-02-13,40.25,2025-02-17,42.0,0.04347826086956519,0.037382599361127866,xgboost,validation,1,0.5120816826820374,HOLD
2303,2025-02-13,2025-02-13T13:30:00+08:00,2025-02-14,41.5,2025-02-18,41.95,0.010843373493975905,0.00493835441122914,xgboost,validation,1,0.30954888463020325,SELL
2303,2025-02-14,2025-02-14T13:30:00+08:00,2025-02-17,41.5,2025-02-19,42.55,0.025301204819277112,0.01931172777587098,xgboost,validation,1,0.20790134370326996,SELL
2303,2025-02-17,2025-02-17T13:30:00+08:00,2025-02-18,42.05,2025-02-20,43.0,0.022592152199762294,0.01661850056297598,xgboost,validation,1,0.3759007155895233,SELL
2303,2025-02-18,2025-02-18T13:30:00+08:00,2025-02-19,42.2,2025-02-21,43.6,0.033175355450236976,0.027139880173122855,xgboost,validation,1,0.31360504031181335,SELL
2303,2025-02-19,2025-02-19T13:30:00+08:00,2025-02-20,43.0,2025-02-24,43.55,0.012790697674418539,0.006874302955497624,xgboost,validation,1,0.2896358072757721,SELL
2303,2025-02-20,2025-02-20T13:30:00+08:00,2025-02-21,43.35,2025-02-25,43.3,-0.0011534025374856371,-0.006988340346263944,xgboost,validation,0,0.29685619473457336,SELL
2303,2025-02-21,2025-02-21T13:30:00+08:00,2025-02-24,43.05,2025-02-26,43.6,0.012775842044134844,0.006859534106987031,xgboost,validation,1,0.30859726667404175,SELL
2303,2025-02-24,2025-02-24T13:30:00+08:00,2025-02-25,43.05,2025-02-27,43.7,0.015098722415795685,0.009168844965030676,xgboost,validation,1,0.4494381248950958,SELL
2303,2025-02-25,2025-02-25T13:30:00+08:00,2025-02-26,43.1,2025-03-03,43.6,0.011600928074245953,0.005691483603382563,xgboost,validation,1,0.4287080764770508,SELL
2303,2025-02-26,2025-02-26T13:30:00+08:00,2025-02-27,44.0,2025-03-04,43.6,-0.009090909090909038,-0.014879478561232062,xgboost,validation,0,0.2651606500148773,SELL
2303,2025-02-27,2025-02-27T13:30:00+08:00,2025-03-03,43.1,2025-03-05,44.0,0.02088167053364276,0.01491801097589085,xgboost,validation,1,0.35457202792167664,SELL
2303,2025-03-03,2025-03-03T13:30:00+08:00,2025-03-04,42.95,2025-03-06,44.0,0.024447031431897415,0.018462544192337393,xgboost,validation,1,0.34577688574790955,SELL
2303,2025-03-04,2025-03-04T13:30:00+08:00,2025-03-05,44.1,2025-03-07,44.15,0.0011337868480725266,-0.004714511979159952,xgboost,validation,0,0.26537108421325684,SELL
2303,2025-03-05,2025-03-05T13:30:00+08:00,2025-03-06,44.3,2025-03-10,45.05,0.016930022573363512,0.01098944726112916,xgboost,validation,1,0.3364739716053009,SELL
2303,2025-03-06,2025-03-06T13:30:00+08:00,2025-03-07,44.0,2025-03-11,44.85,0.01931818181818179,0.013363655654329065,xgboost,validation,1,0.3491452634334564,SELL
2303,2025-03-07,2025-03-07T13:30:00+08:00,2025-03-10,44.55,2025-03-12,44.8,0.0056116722783390305,-0.0002627849030059082,xgboost,validation,0,0.44820910692214966,SELL
2303,2025-03-10,2025-03-10T13:30:00+08:00,2025-03-11,44.3,2025-03-13,43.7,-0.013544018058690654,-0.019306573910957803,xgboost,validation,0,0.3993370831012726,SELL
2303,2025-03-11,2025-03-11T13:30:00+08:00,2025-03-12,44.7,2025-03-14,44.9,0.004474272930648615,-0.001393539932665555,xgboost,validation,0,0.1734256148338318,SELL
2303,2025-03-12,2025-03-12T13:30:00+08:00,2025-03-13,44.7,2025-03-17,44.1,-0.01342281879194629,-0.019186082651014402,xgboost,validation,0,0.3627798557281494,SELL
2303,2025-03-13,2025-03-13T13:30:00+08:00,2025-03-14,43.55,2025-03-18,44.5,0.021814006888633886,0.015844900924334437,xgboost,validation,1,0.4315735995769501,SELL
2303,2025-03-14,2025-03-14T13:30:00+08:00,2025-03-17,45.0,2025-03-19,44.3,-0.015555555555555656,-0.021306360658284174,xgboost,validation,0,0.4041579067707062,SELL
2303,2025-03-17,2025-03-17T13:30:00+08:00,2025-03-18,44.2,2025-03-20,45.15,0.02149321266968318,0.015525980681149187,xgboost,validation,1,0.3850078880786896,SELL
2303,2025-03-18,2025-03-18T13:30:00+08:00,2025-03-19,44.5,2025-03-21,45.0,0.011235955056179803,0.005328642639295111,xgboost,validation,1,0.18084213137626648,SELL
2303,2025-03-19,2025-03-19T13:30:00+08:00,2025-03-20,44.7,2025-03-24,44.85,0.003355704697986628,-0.002505573852562226,xgboost,validation,0,0.2938290238380432,SELL
2303,2025-03-20,2025-03-20T13:30:00+08:00,2025-03-21,45.0,2025-03-25,44.85,-0.0033333333333332993,-0.009155536693544963,xgboost,validation,0,0.22107142210006714,SELL
2303,2025-03-21,2025-03-21T13:30:00+08:00,2025-03-24,45.0,2025-03-26,44.55,-0.010000000000000009,-0.015783258856129967,xgboost,validation,0,0.3832480311393738,SELL
2303,2025-03-24,2025-03-24T13:30:00+08:00,2025-03-25,45.0,2025-03-27,44.8,-0.004444444444444473,-0.010260157053975871,xgboost,validation,0,0.2455998957157135,SELL
2303,2025-03-25,2025-03-25T13:30:00+08:00,2025-03-26,44.75,2025-03-28,44.55,-0.004469273743016866,-0.010284841307840353,xgboost,validation,0,0.34731534123420715,SELL
2303,2025-03-26,2025-03-26T13:30:00+08:00,2025-03-27,44.1,2025-03-31,44.65,0.012471655328798015,0.00655712435176703,xgboost,validation,1,0.2674804627895355,SELL
2303,2025-03-27,2025-03-27T13:30:00+08:00,2025-03-28,44.6,2025-04-01,45.95,0.030269058295964157,0.024250560664058174,xgboost,validation,1,0.3693919777870178,SELL
2303,2025-03-28,2025-03-28T13:30:00+08:00,2025-03-31,43.55,2025-04-02,45.25,0.039035591274397374,0.032965882400587176,xgboost,validation,1,0.22372490167617798,SELL
2303,2025-03-31,2025-03-31T13:30:00+08:00,2025-04-01,47.2,2025-04-07,40.75,-0.13665254237288138,-0.1416959381610019,xgboost,validation,0,0.26006805896759033,SELL
2303,2025-04-01,2025-04-01T13:30:00+08:00,2025-04-02,45.8,2025-04-08,41.7,-0.08951965065502177,-0.09483838150722557,xgboost,validation,0,0.16691628098487854,SELL
2303,2025-04-02,2025-04-02T13:30:00+08:00,2025-04-07,40.75,2025-04-09,39.9,-0.020858895705521463,-0.026578720415432744,xgboost,validation,0,0.16252735257148743,SELL
2303,2025-04-08,2025-04-08T13:30:00+08:00,2025-04-09,40.55,2025-04-11,44.1,0.08754623921085081,0.08119314686805579,xgboost,validation,1,0.31849390268325806,SELL
2303,2025-04-09,2025-04-09T13:30:00+08:00,2025-04-10,43.85,2025-04-14,44.3,0.010262257696693089,0.004360633303927219,xgboost,validation,1,0.700532853603363,BUY
2303,2025-04-10,2025-04-10T13:30:00+08:00,2025-04-11,42.7,2025-04-15,44.7,0.04683840749414525,0.040723117099117356,xgboost,validation,1,0.1450565904378891,SELL
2303,2025-04-11,2025-04-11T13:30:00+08:00,2025-04-14,44.8,2025-04-16,44.95,0.0033482142857144126,-0.0025130205082755097,xgboost,validation,0,0.32618752121925354,SELL
2303,2025-04-14,2025-04-14T13:30:00+08:00,2025-04-15,44.5,2025-04-17,44.1,-0.008988764044943753,-0.01477793021349072,xgboost,validation,0,0.4253299832344055,SELL
2303,2025-04-15,2025-04-15T13:30:00+08:00,2025-04-16,44.2,2025-04-18,44.3,0.002262443438913797,-0.0035924486339997674,xgboost,validation,0,0.18389999866485596,SELL
2303,2025-04-16,2025-04-16T13:30:00+08:00,2025-04-17,44.85,2025-04-21,43.65,-0.026755852842809458,-0.03244122944202521,xgboost,validation,0,0.4382881820201874,SELL
2303,2025-04-17,2025-04-17T13:30:00+08:00,2025-04-18,44.45,2025-04-22,44.3,-0.003374578177727905,-0.00919654059893793,xgboost,validation,0,0.3985363841056824,SELL
2303,2025-04-18,2025-04-18T13:30:00+08:00,2025-04-21,44.35,2025-04-23,45.1,0.016910935738444266,0.01097047192530809,xgboost,validation,1,0.31800878047943115,SELL
2303,2025-04-21,2025-04-21T13:30:00+08:00,2025-04-22,43.6,2025-04-24,43.4,-0.004587155963302836,-0.010402034898435053,xgboost,validation,0,0.5230947732925415,HOLD
2303,2025-04-22,2025-04-22T13:30:00+08:00,2025-04-23,44.95,2025-04-25,44.65,-0.006674082313681939,-0.012476770102048396,xgboost,validation,0,0.21665003895759583,SELL
2303,2025-04-23,2025-04-23T13:30:00+08:00,2025-04-24,44.75,2025-04-28,44.9,0.003351955307262511,-0.0025093013405619313,xgboost,validation,0,0.4748643636703491,HOLD
2303,2025-04-24,2025-04-24T13:30:00+08:00,2025-04-25,44.1,2025-04-29,44.95,0.01927437641723362,0.013320106150322975,xgboost,validation,1,0.23904907703399658,SELL
2303,2025-04-25,2025-04-25T13:30:00+08:00,2025-04-28,44.55,2025-04-30,45.2,0.014590347923681302,0.008663440231788666,xgboost,validation,1,0.38006025552749634,SELL
2303,2025-04-28,2025-04-28T13:30:00+08:00,2025-04-29,44.7,2025-05-02,45.65,0.021252796420581532,0.015286968865786621,xgboost,validation,1,0.26346102356910706,SELL
2303,2025-04-29,2025-04-29T13:30:00+08:00,2025-04-30,44.75,2025-05-05,45.05,0.006703910614525022,0.000823072931128932,xgboost,validation,0,0.3505789339542389,SELL
2303,2025-04-30,2025-04-30T13:30:00+08:00,2025-05-02,45.2,2025-05-06,45.4,0.004424778761061843,-0.0014427449733689368,xgboost,validation,0,0.32039642333984375,SELL
2303,2025-05-02,2025-05-02T13:30:00+08:00,2025-05-05,45.75,2025-05-07,45.75,0.0,-0.005841675612252573,xgboost,validation,0,0.23159146308898926,SELL
2303,2025-05-05,2025-05-05T13:30:00+08:00,2025-05-06,45.0,2025-05-08,45.3,0.006666666666666599,0.000786046550332431,xgboost,validation,0,0.44830140471458435,SELL
2303,2025-05-06,2025-05-06T13:30:00+08:00,2025-05-07,45.6,2025-05-09,45.55,-0.0010964912280703176,-0.006931761494256783,xgboost,validation,0,0.15153580904006958,SELL
2303,2025-05-07,2025-05-07T13:30:00+08:00,2025-05-08,45.4,2025-05-12,46.45,0.023127753303964882,0.017150972859270253,xgboost,validation,1,0.24104183912277222,SELL
2303,2025-05-08,2025-05-08T13:30:00+08:00,2025-05-09,45.2,2025-05-13,46.55,0.02986725663716805,0.023851106200213135,xgboost,validation,1,0.21362611651420593,SELL
2303,2025-05-09,2025-05-09T13:30:00+08:00,2025-05-12,45.75,2025-05-14,47.0,0.02732240437158473,0.02132112013604659,xgboost,validation,1,0.15667137503623962,SELL
2303,2025-05-12,2025-05-12T13:30:00+08:00,2025-05-13,46.65,2025-05-15,47.5,0.018220793140407254,0.012272677565230428,xgboost,validation,1,0.4149865210056305,SELL
2303,2025-05-13,2025-05-13T13:30:00+08:00,2025-05-14,46.9,2025-05-16,47.8,0.019189765458422103,0.013235989461286346,xgboost,validation,1,0.3664263188838959,SELL
2303,2025-05-14,2025-05-14T13:30:00+08:00,2025-05-15,46.95,2025-05-19,47.75,0.017039403620873195,0.011098189340041253,xgboost,validation,1,0.24907124042510986,SELL
2303,2025-05-15,2025-05-15T13:30:00+08:00,2025-05-16,47.6,2025-05-20,47.85,0.005252100840336116,-0.0006202558413085368,xgboost,validation,0,0.2019793838262558,SELL
2303,2025-05-16,2025-05-16T13:30:00+08:00,2025-05-19,47.6,2025-05-21,49.55,0.0409663865546217,0.03488539860111084,xgboost,validation,1,0.4041881561279297,SELL
2303,2025-05-19,2025-05-19T13:30:00+08:00,2025-05-20,47.95,2025-05-22,49.45,0.031282586027111536,0.02525816769497613,xgboost,validation,1,0.29005199670791626,SELL
2303,2025-05-20,2025-05-20T13:30:00+08:00,2025-05-21,48.0,2025-05-23,48.05,0.0010416666666666075,-0.004806094024348617,xgboost,validation,0,0.2492222636938095,SELL
2303,2025-05-21,2025-05-21T13:30:00+08:00,2025-05-22,49.45,2025-05-26,47.1,-0.04752275025278063,-0.05308681337385446,xgboost,validation,0,0.39593976736068726,SELL
2303,2025-05-22,2025-05-22T13:30:00+08:00,2025-05-23,48.1,2025-05-27,46.0,-0.04365904365904372,-0.04924567730069895,xgboost,validation,0,0.4173438549041748,SELL
2303,2025-05-23,2025-05-23T13:30:00+08:00,2025-05-26,47.8,2025-05-28,47.05,-0.01569037656903771,-0.021440394091139736,xgboost,validation,0,0.2931479811668396,SELL
2303,2025-05-26,2025-05-26T13:30:00+08:00,2025-05-27,47.1,2025-05-29,46.75,-0.007430997876857748,-0.013229264010038433,xgboost,validation,0,0.43667149543762207,SELL
2303,2025-05-27,2025-05-27T13:30:00+08:00,2025-05-28,46.4,2025-06-02,46.95,0.0118534482758621,0.005942528663895441,xgboost,validation,1,0.39200839400291443,SELL
2303,2025-05-28,2025-05-28T13:30:00+08:00,2025-05-29,47.4,2025-06-03,47.25,-0.0031645569620253333,-0.0089877462590493,xgboost,validation,0,0.19464276731014252,SELL
2303,2025-05-29,2025-05-29T13:30:00+08:00,2025-06-02,46.8,2025-06-04,45.95,-0.018162393162392987,-0.023897969965448684,xgboost,validation,0,0.1412208378314972,SELL
2303,2025-06-02,2025-06-02T13:30:00+08:00,2025-06-03,46.7,2025-06-05,45.3,-0.029978586723768852,-0.0356451371570673,xgboost,validation,0,0.23148180544376373,SELL
2303,2025-06-03,2025-06-03T13:30:00+08:00,2025-06-04,47.1,2025-06-06,45.0,-0.04458598726114649,-0.05016720599896751,xgboost,validation,0,0.12711556255817413,SELL
2303,2025-06-04,2025-06-04T13:30:00+08:00,2025-06-05,45.65,2025-06-09,45.65,0.0,-0.005841675612252684,xgboost,validation,0,0.4398289620876312,SELL
2303,2025-06-05,2025-06-05T13:30:00+08:00,2025-06-06,45.3,2025-06-10,46.4,0.02428256070640189,0.018299034251467727,xgboost,validation,1,0.22103802859783173,SELL
2303,2025-06-06,2025-06-06T13:30:00+08:00,2025-06-09,45.0,2025-06-11,47.25,0.050000000000000044,0.04386624060713484,xgboost,validation,1,0.6180594563484192,BUY
2303,2025-06-09,2025-06-09T13:30:00+08:00,2025-06-10,45.85,2025-06-12,47.3,0.0316248636859322,0.025598445878744824,xgboost,validation,1,0.3422672748565674,SELL
2303,2025-06-10,2025-06-10T13:30:00+08:00,2025-06-11,46.55,2025-06-13,47.45,0.019334049409237553,0.01337943055206492,xgboost,validation,1,0.26252809166908264,SELL
2303,2025-06-11,2025-06-11T13:30:00+08:00,2025-06-12,47.25,2025-06-16,48.0,0.015873015873015817,0.009938615251045002,xgboost,validation,1,0.332979679107666,SELL
2303,2025-06-12,2025-06-12T13:30:00+08:00,2025-06-13,46.8,2025-06-17,47.5,0.014957264957265126,0.009028213855085454,xgboost,validation,1,0.17820347845554352,SELL
2303,2025-06-13,2025-06-13T13:30:00+08:00,2025-06-16,47.35,2025-06-18,48.3,0.020063357972544882,0.014104478731324255,xgboost,validation,1,0.3395998477935791,SELL
2303,2025-06-16,2025-06-16T13:30:00+08:00,2025-06-17,48.25,2025-06-19,47.75,-0.010362694300518172,-0.0161438344141982,xgboost,validation,0,0.22796255350112915,SELL
2303,2025-06-17,2025-06-17T13:30:00+08:00,2025-06-18,47.7,2025-06-20,47.65,-0.0010482180293501786,-0.006883770291904345,xgboost,validation,0,0.4013933837413788,SELL
2303,2025-06-18,2025-06-18T13:30:00+08:00,2025-06-19,48.4,2025-06-23,47.0,-0.02892561983471076,-0.034598321359005535,xgboost,validation,0,0.41620761156082153,SELL
2303,2025-06-19,2025-06-19T13:30:00+08:00,2025-06-20,47.3,2025-06-24,45.35,-0.04122621564482021,-0.046827061078554943,xgboost,validation,0,0.32888689637184143,SELL
2303,2025-06-20,2025-06-20T13:30:00+08:00,2025-06-23,46.5,2025-06-25,43.8,-0.058064516129032295,-0.06356699767347662,xgboost,validation,0,0.26918864250183105,SELL
2303,2025-06-23,2025-06-23T13:30:00+08:00,2025-06-24,42.5,2025-06-26,43.25,0.01764705882352935,0.011702294818119352,xgboost,validation,1,0.4624979794025421,HOLD
2303,2025-06-24,2025-06-24T13:30:00+08:00,2025-06-25,45.45,2025-06-27,44.3,-0.025302530253025424,-0.030996396691370554,xgboost,validation,0,0.6205129027366638,BUY
2303,2025-06-25,2025-06-25T13:30:00+08:00,2025-06-26,43.8,2025-06-30,44.2,0.009132420091324311,0.0032373958433433714,xgboost,validation,0,0.31907403469085693,SELL
2330,2025-01-02,2025-01-02T13:30:00+08:00,2025-01-03,1080.0,2025-01-07,1130.0,0.04629629629629628,0.040184172739031965,xgboost,validation,1,0.20687519013881683,SELL
2330,2025-01-03,2025-01-03T13:30:00+08:00,2025-01-06,1100.0,2025-01-08,1105.0,0.00454545454545463,-0.0013227741377629387,xgboost,validation,0,0.36023184657096863,SELL
2330,2025-01-06,2025-01-06T13:30:00+08:00,2025-01-07,1150.0,2025-01-09,1100.0,-0.04347826086956519,-0.04906595058563301,xgboost,validation,0,0.10375727713108063,SELL
2330,2025-01-07,2025-01-07T13:30:00+08:00,2025-01-08,1110.0,2025-01-10,1100.0,-0.009009009009009028,-0.014798056913043145,xgboost,validation,0,0.23284147679805756,SELL
2330,2025-01-08,2025-01-08T13:30:00+08:00,2025-01-09,1100.0,2025-01-13,1075.0,-0.022727272727272707,-0.02843618298470152,xgboost,validation,0,0.25411003828048706,SELL
2330,2025-01-09,2025-01-09T13:30:00+08:00,2025-01-10,1100.0,2025-01-14,1090.0,-0.009090909090909038,-0.014879478561232062,xgboost,validation,0,0.12252314388751984,SELL
2330,2025-01-10,2025-01-10T13:30:00+08:00,2025-01-13,1110.0,2025-01-15,1065.0,-0.04054054054054057,-0.04614539146580998,xgboost,validation,0,0.2483903169631958,SELL
2330,2025-01-13,2025-01-13T13:30:00+08:00,2025-01-14,1085.0,2025-01-16,1105.0,0.018433179723502224,0.01248382345480259,xgboost,validation,1,0.40722864866256714,SELL
2330,2025-01-14,2025-01-14T13:30:00+08:00,2025-01-15,1085.0,2025-01-17,1120.0,0.032258064516129004,0.026227947755094183,xgboost,validation,1,0.0910070613026619,SELL
2330,2025-01-15,2025-01-15T13:30:00+08:00,2025-01-16,1095.0,2025-01-20,1120.0,0.022831050228310446,0.016856003026737287,xgboost,validation,1,0.08929354697465897,SELL
2330,2025-01-16,2025-01-16T13:30:00+08:00,2025-01-17,1125.0,2025-01-21,1120.0,-0.004444444444444473,-0.010260157053975871,xgboost,validation,0,0.15235136449337006,SELL
2330,2025-01-17,2025-01-17T13:30:00+08:00,2025-01-20,1125.0,2025-01-22,1135.0,0.008888888888888946,0.002995287271194025,xgboost,validation,0,0.17570683360099792,SELL
2330,2025-01-20,2025-01-20T13:30:00+08:00,2025-01-21,1115.0,2025-02-03,1070.0,-0.04035874439461884,-0.045964657314000235,xgboost,validation,0,0.0775071233510971,SELL
2330,2025-01-21,2025-01-21T13:30:00+08:00,2025-01-22,1140.0,2025-02-04,1095.0,-0.03947368421052633,-0.04508476736440048,xgboost,validation,0,0.08183843642473221,SELL
2330,2025-01-22,2025-01-22T13:30:00+08:00,2025-02-03,1065.0,2025-02-05,1110.0,0.04225352112676051,0.03616501415061002,xgboost,validation,1,0.16064158082008362,SELL
2330,2025-02-03,2025-02-03T13:30:00+08:00,2025-02-04,1085.0,2025-02-06,1115.0,0.02764976958525356,0.021646572988330393,xgboost,validation,1,0.10959925502538681,SELL
2330,2025-02-04,2025-02-04T13:30:00+08:00,2025-02-05,1110.0,2025-02-07,1125.0,0.013513513513513598,0.0075928963389331194,xgboost,validation,1,0.23404917120933533,SELL
2330,2025-02-05,2025-02-05T13:30:00+08:00,2025-02-06,1120.0,2025-02-10,1105.0,-0.013392857142857095,-0.019156296028159936,xgboost,validation,0,0.27949273586273193,SELL
2330,2025-02-06,2025-02-06T13:30:00+08:00,2025-02-07,1110.0,2025-02-11,1110.0,0.0,-0.005841675612252573,xgboost,validation,0,0.20746967196464539,SELL
2330,2025-02-07,2025-02-07T13:30:00+08:00,2025-02-10,1125.0,2025-02-12,1100.0,-0.022222222222222254,-0.027934082820869288,xgboost,validation,0,0.2840438187122345,SELL
2330,2025-02-10,2025-02-10T13:30:00+08:00,2025-02-11,1110.0,2025-02-13,1090.0,-0.018018018018018056,-0.023754438213833495,xgboost,validation,0,0.08312199264764786,SELL
2330,2025-02-11,2025-02-11T13:30:00+08:00,2025-02-12,1110.0,2025-02-14,1060.0,-0.04504504504504503,-0.0506235821162051,xgboost,validation,0,0.11356846243143082,SELL
2330,2025-02-12,2025-02-12T13:30:00+08:00,2025-02-13,1090.0,2025-02-17,1085.0,-0.004587155963302725,-0.01040203489843472,xgboost,validation,0,0.07860024273395538,SELL
2330,2025-02-13,2025-02-13T13:30:00+08:00,2025-02-14,1065.0,2025-02-18,1100.0,0.032863849765258246,0.026830194203307123,xgboost,validation,1,0.2675890624523163,SELL
2330,2025-02-14,2025-02-14T13:30:00+08:00,2025-02-17,1065.0,2025-02-19,1090.0,0.023474178403755763,0.01749537425600467,xgboost,validation,1,0.13913704454898834,SELL
2330,2025-02-17,2025-02-17T13:30:00+08:00,2025-02-18,1085.0,2025-02-20,1080.0,-0.004608294930875556,-0.010423050379016363,xgboost,validation,0,0.16486720740795135,SELL
2330,2025-02-18,2025-02-18T13:30:00+08:00,2025-02-19,1090.0,2025-02-21,1095.0,0.004587155963302836,-0.0012813163260702032,xgboost,validation,0,0.4106713831424713,SELL
2330,2025-02-19,2025-02-19T13:30:00+08:00,2025-02-20,1080.0,2025-02-24,1075.0,-0.00462962962962965,-0.010444260447381004,xgboost,validation,0,0.4205228388309479,SELL
2330,2025-02-20,2025-02-20T13:30:00+08:00,2025-02-21,1085.0,2025-02-25,1055.0,-0.027649769585253448,-0.03332992421283543,xgboost,validation,0,0.282256543636322,SELL
2330,2025-02-21,2025-02-21T13:30:00+08:00,2025-02-24,1080.0,2025-02-26,1060.0,-0.01851851851851849,-0.0242520149527663,xgboost,validation,0,0.18856258690357208,SELL
2330,2025-02-24,2025-02-24T13:30:00+08:00,2025-02-25,1055.0,2025-02-27,1040.0,-0.014218009478673022,-0.01997662809169931,xgboost,validation,0,0.11306221038103104,SELL
2330,2025-02-25,2025-02-25T13:30:00+08:00,2025-02-26,1045.0,2025-03-03,1020.0,-0.02392344497607657,-0.029625367583251405,xgboost,validation,0,0.3010041415691376,SELL
2330,2025-02-26,2025-02-26T13:30:00+08:00,2025-02-27,1065.0,2025-03-04,1000.0,-0.06103286384976525,-0.06651800526972074,xgboost,validation,0,0.21131545305252075,SELL
2330,2025-02-27,2025-02-27T13:30:00+08:00,2025-03-03,1000.0,2025-03-05,1020.0,0.020000000000000018,0.014041490875502438,xgboost,validation,1,0.7620431184768677,BUY
2330,2025-03-03,2025-03-03T13:30:00+08:00,2025-03-04,996.0,2025-03-06,1005.0,0.009036144578313143,0.0031416827406487435,xgboost,validation,0,0.3799175024032593,SELL
2330,2025-03-04,2025-03-04T13:30:00+08:00,2025-03-05,1020.0,2025-03-07,1005.0,-0.014705882352941124,-0.020461650970895917,xgboost,validation,0,0.2153567671775818,SELL
2330,2025-03-05,2025-03-05T13:30:00+08:00,2025-03-06,1020.0,2025-03-10,998.0,-0.021568627450980427,-0.027284306138262715,xgboost,validation,0,0.26707738637924194,SELL
2330,2025-03-06,2025-03-06T13:30:00+08:00,2025-03-07,1005.0,2025-03-11,971.0,-0.03383084577114426,-0.03947489255671377,xgboost,validation,0,0.35372194647789,SELL
2330,2025-03-07,2025-03-07T13:30:00+08:00,2025-03-10,1005.0,2025-03-12,988.0,-0.01691542288557213,-0.022658284084483116,xgboost,validation,0,0.2882843315601349,SELL
2330,2025-03-10,2025-03-10T13:30:00+08:00,2025-03-11,969.0,2025-03-13,965.0,-0.0041279669762641635,-0.00994552834450324,xgboost,validation,0,0.2834148705005646,SELL
2330,2025-03-11,2025-03-11T13:30:00+08:00,2025-03-12,980.0,2025-03-14,959.0,-0.021428571428571463,-0.027145068277704243,xgboost,validation,0,0.37908875942230225,SELL
2330,2025-03-12,2025-03-12T13:30:00+08:00,2025-03-13,1000.0,2025-03-17,970.0,-0.030000000000000027,-0.03566642534388487,xgboost,validation,0,0.31450578570365906,SELL
2330,2025-03-13,2025-03-13T13:30:00+08:00,2025-03-14,965.0,2025-03-18,971.0,0.006217616580310947,0.0003396196689147146,xgboost,validation,0,0.4555582106113434,HOLD
2330,2025-03-14,2025-03-14T13:30:00+08:00,2025-03-17,977.0,2025-03-19,952.0,-0.025588536335721557,-0.03128073201930859,xgboost,validation,0,0.4082237482070923,SELL
2330,2025-03-17,2025-03-17T13:30:00+08:00,2025-03-18,976.0,2025-03-20,985.0,0.009221311475409832,0.0033257679527984862,xgboost,validation,0,0.5442944765090942,HOLD
2330,2025-03-18,2025-03-18T13:30:00+08:00,2025-03-19,965.0,2025-03-21,972.0,0.007253886010362587,0.0013698355491094105,xgboost,validation,0,0.282219797372818,SELL
2330,2025-03-19,2025-03-19T13:30:00+08:00,2025-03-20,978.0,2025-03-24,972.0,-0.006134969325153339,-0.011940806436717244,xgboost,validation,0,0.3507789671421051,SELL
2330,2025-03-20,2025-03-20T13:30:00+08:00,2025-03-21,985.0,2025-03-25,990.0,0.0050761421319796,-0.0007951866559696708,xgboost,validation,0,0.276620090007782,SELL
2330,2025-03-21,2025-03-21T13:30:00+08:00,2025-03-24,986.0,2025-03-26,980.0,-0.006085192697768749,-0.011891320588242826,xgboost,validation,0,0.40322503447532654,SELL
2330,2025-03-24,2025-03-24T13:30:00+08:00,2025-03-25,989.0,2025-03-27,958.0,-0.03134479271991908,-0.03700336222096856,xgboost,validation,0,0.3355882465839386,SELL
2330,2025-03-25,2025-03-25T13:30:00+08:00,2025-03-26,995.0,2025-03-28,952.0,-0.04321608040201008,-0.048805301691321024,xgboost,validation,0,0.4141959547996521,SELL
2330,2025-03-26,2025-03-26T13:30:00+08:00,2025-03-27,961.0,2025-03-31,910.0,-0.05306971904266389,-0.05860137857143577,xgboost,validation,0,0.34905752539634705,SELL
2330,2025-03-27,2025-03-27T13:30:00+08:00,2025-03-28,946.0,2025-04-01,944.0,-0.0021141649048626032,-0.007943490251550167,xgboost,validation,0,0.42660313844680786,SELL
2330,2025-03-28,2025-03-28T13:30:00+08:00,2025-03-31,920.0,2025-04-02,942.0,0.023913043478260843,0.01793167562310649,xgboost,validation,1,0.40783384442329407,SELL
2330,2025-03-31,2025-03-31T13:30:00+08:00,2025-04-01,929.0,2025-04-07,848.0,-0.08719052744886979,-0.0925228642833048,xgboost,validation,0,0.44722598791122437,SELL
2330,2025-04-01,2025-04-01T13:30:00+08:00,2025-04-02,949.0,2025-04-08,816.0,-0.1401475237091675,-0.14517050295005074,xgboost,validation,0,0.30361059308052063,SELL
2330,2025-04-02,2025-04-02T13:30:00+08:00,2025-04-07,848.0,2025-04-09,785.0,-0.0742924528301887,-0.07970013603256865,xgboost,validation,0,0.2747310400009155,SELL
2330,2025-04-08,2025-04-08T13:30:00+08:00,2025-04-09,809.0,2025-04-11,889.0,0.09888751545117436,0.09246817105155447,xgboost,validation,1,0.2420807182788849,SELL
2330,2025-04-09,2025-04-09T13:30:00+08:00,2025-04-10,863.0,2025-04-14,865.0,0.002317497103128563,-0.003537716575432781,xgboost,validation,0,0.3693442940711975,SELL
2330,2025-04-11,2025-04-11T13:30:00+08:00,2025-04-14,895.0,2025-04-16,855.0,-0.04469273743016755,-0.0502733325681296,xgboost,validation,0,0.3796747922897339,SELL
2330,2025-04-14,2025-04-14T13:30:00+08:00,2025-04-15,874.0,2025-04-17,847.0,-0.03089244851258577,-0.03655366046175956,xgboost,validation,0,0.5563763380050659,HOLD
2330,2025-04-15,2025-04-15T13:30:00+08:00,2025-04-16,867.0,2025-04-18,850.0,-0.019607843137254943,-0.025334976090443773,xgboost,validation,0,0.18177373707294464,SELL
2330,2025-04-16,2025-04-16T13:30:00+08:00,2025-04-17,849.0,2025-04-21,835.0,-0.01648998822143699,-0.022235334671650064,xgboost,validation,0,0.3218921422958374,SELL
2330,2025-04-17,2025-04-17T13:30:00+08:00,2025-04-18,853.0,2025-04-22,816.0,-0.04337631887456039,-0.0489646041026941,xgboost,validation,0,0.35619714856147766,SELL
2330,2025-04-18,2025-04-18T13:30:00+08:00,2025-04-21,844.0,2025-04-23,873.0,0.034360189573459765,0.028317792879743564,xgboost,validation,1,0.3737831711769104,SELL
2330,2025-04-21,2025-04-21T13:30:00+08:00,2025-04-22,826.0,2025-04-24,864.0,0.04600484261501214,0.039894421635609856,xgboost,validation,1,0.343982458114624,SELL
2330,2025-04-22,2025-04-22T13:30:00+08:00,2025-04-23,853.0,2025-04-25,888.0,0.041031652989449,0.03495028377059772,xgboost,validation,1,0.47799861431121826,HOLD
2330,2025-04-23,2025-04-23T13:30:00+08:00,2025-04-24,886.0,2025-04-28,897.0,0.01241534988713311,0.006501147828227305,xgboost,validation,1,0.31790611147880554,SELL
2330,2025-04-24,2025-04-24T13:30:00+08:00,2025-04-25,900.0,2025-04-29,902.0,0.0022222222222221255,-0.0036324348913908677,xgboost,validation,0,0.4319595694541931,SELL
2330,2025-04-25,2025-04-25T13:30:00+08:00,2025-04-28,898.0,2025-04-30,908.0,0.011135857461024523,0.00522912978182033,xgboost,validation,1,0.1935867816209793,SELL
2330,2025-04-28,2025-04-28T13:30:00+08:00,2025-04-29,897.0,2025-05-02,950.0,0.059085841694537455,0.05289900576182838,xgboost,validation,1,0.32452666759490967,SELL
2330,2025-04-29,2025-04-29T13:30:00+08:00,2025-04-30,901.0,2025-05-05,938.0,0.04106548279689237,0.03498391595527983,xgboost,validation,1,0.1675230860710144,SELL
2330,2025-04-30,2025-04-30T13:30:00+08:00,2025-05-02,938.0,2025-05-06,920.0,-0.019189765458422214,-0.02491934068579138,xgboost,validation,0,0.2974310517311096,SELL
2330,2025-05-02,2025-05-02T13:30:00+08:00,2025-05-05,956.0,2025-05-07,928.0,-0.029288702928870314,-0.034959283439508715,xgboost,validation,0,0.41670286655426025,SELL
2330,2025-05-05,2025-05-05T13:30:00+08:00,2025-05-06,916.0,2025-05-08,918.0,0.0021834061135370675,-0.003671024248960486,xgboost,validation,0,0.40364980697631836,SELL
2330,2025-05-06,2025-05-06T13:30:00+08:00,2025-05-07,925.0,2025-05-09,949.0,0.025945945945945903,0.019952702534024036,xgboost,validation,1,0.2942095696926117,SELL
2330,2025-05-07,2025-05-07T13:30:00+08:00,2025-05-08,933.0,2025-05-12,957.0,0.025723472668810254,0.019731528873605964,xgboost,validation,1,0.24110881984233856,SELL
2330,2025-05-08,2025-05-08T13:30:00+08:00,2025-05-09,938.0,2025-05-13,969.0,0.03304904051172697,0.027014303125508787,xgboost,validation,1,0.2655099928379059,SELL
2330,2025-05-09,2025-05-09T13:30:00+08:00,2025-05-12,954.0,2025-05-14,999.0,0.04716981132075482,0.04105258497207509,xgboost,validation,1,0.2961312532424927,SELL
2330,2025-05-12,2025-05-12T13:30:00+08:00,2025-05-13,990.0,2025-05-15,993.0,0.003030303030302939,-0.0028290746292594093,xgboost,validation,0,0.2930247187614441,SELL
2330,2025-05-13,2025-05-13T13:30:00+08:00,2025-05-14,990.0,2025-05-16,998.0,0.008080808080808133,0.0021919270090626775,xgboost,validation,0,0.22580379247665405,SELL
2330,2025-05-14,2025-05-14T13:30:00+08:00,2025-05-15,1000.0,2025-05-19,984.0,-0.016000000000000014,-0.021748208802456426,xgboost,validation,0,0.44799569249153137,SELL
2330,2025-05-15,2025-05-15T13:30:00+08:00,2025-05-16,991.0,2025-05-20,978.0,-0.013118062563067578,-0.018883106709165598,xgboost,validation,0,0.32905417680740356,SELL
2330,2025-05-16,2025-05-16T13:30:00+08:00,2025-05-19,993.0,2025-05-21,990.0,-0.0030211480362537513,-0.008845175081702017,xgboost,validation,0,0.32330867648124695,SELL
2330,2025-05-19,2025-05-19T13:30:00+08:00,2025-05-20,991.0,2025-05-22,982.0,-0.00908173562058523,-0.014870358679346163,xgboost,validation,0,0.45210325717926025,HOLD
2330,2025-05-20,2025-05-20T13:30:00+08:00,2025-05-21,986.0,2025-05-23,984.0,-0.0020283975659228792,-0.00785822393758262,xgboost,validation,0,0.38936665654182434,SELL
2330,2025-05-21,2025-05-21T13:30:00+08:00,2025-05-22,988.0,2025-05-26,976.0,-0.012145748987854255,-0.01791647307445199,xgboost,validation,0,0.5130212903022766,HOLD
2330,2025-05-22,2025-05-22T13:30:00+08:00,2025-05-23,993.0,2025-05-27,965.0,-0.028197381671701938,-0.033874337327113535,xgboost,validation,0,0.41846707463264465,SELL
2330,2025-05-23,2025-05-23T13:30:00+08:00,2025-05-26,975.0,2025-05-28,967.0,-0.008205128205128198,-0.013998872120049466,xgboost,validation,0,0.3414973020553589,SELL
2330,2025-05-26,2025-05-26T13:30:00+08:00,2025-05-27,971.0,2025-05-29,967.0,-0.004119464469618972,-0.009937075506743831,xgboost,validation,0,0.3110625147819519,SELL
2330,2025-05-27,2025-05-27T13:30:00+08:00,2025-05-28,984.0,2025-06-02,946.0,-0.03861788617886175,-0.044233968627226505,xgboost,validation,0,0.3348541855812073,SELL
2330,2025-05-28,2025-05-28T13:30:00+08:00,2025-05-29,986.0,2025-06-03,950.0,-0.0365111561866126,-0.04213954546819465,xgboost,validation,0,0.37613800168037415,SELL
2330,2025-05-29,2025-05-29T13:30:00+08:00,2025-06-02,958.0,2025-06-04,990.0,0.03340292275574108,0.027366118104248383,xgboost,validation,1,0.3051143288612366,SELL
2330,2025-06-02,2025-06-02T13:30:00+08:00,2025-06-03,960.0,2025-06-05,998.0,0.039583333333333304,0.033510424728095733,xgboost,validation,1,0.156666100025177,SELL
2330,2025-06-03,2025-06-03T13:30:00+08:00,2025-06-04,974.0,2025-06-06,995.0,0.021560574948665368,0.015592949451548987,xgboost,validation,1,0.41275134682655334,SELL
2330,2025-06-04,2025-06-04T13:30:00+08:00,2025-06-05,1000.0,2025-06-09,1005.0,0.004999999999999893,-0.0008708839903137644,xgboost,validation,0,0.5246940851211548,HOLD
2330,2025-06-05,2025-06-05T13:30:00+08:00,2025-06-06,997.0,2025-06-10,1045.0,0.0481444332998997,0.042021513525773324,xgboost,validation,1,0.3724523186683655,SELL
2330,2025-06-06,2025-06-06T13:30:00+08:00,2025-06-09,1005.0,2025-06-11,1065.0,0.05970149253731338,0.05351106017209051,xgboost,validation,1,0.2815631031990051,SELL
2330,2025-06-09,2025-06-09T13:30:00+08:00,2025-06-10,1025.0,2025-06-12,1045.0,0.019512195121951237,0.013556535595313335,xgboost,validation,1,0.20224100351333618,SELL
2330,2025-06-10,2025-06-10T13:30:00+08:00,2025-06-11,1065.0,2025-06-13,1030.0,-0.032863849765258246,-0.03851354542781227,xgboost,validation,0,0.2073211520910263,SELL
2330,2025-06-11,2025-06-11T13:30:00+08:00,2025-06-12,1055.0,2025-06-16,1025.0,-0.028436018957345932,-0.03411158057114583,xgboost,validation,0,0.10782025009393692,SELL
2330,2025-06-12,2025-06-12T13:30:00+08:00,2025-06-13,1040.0,2025-06-17,1045.0,0.004807692307692291,-0.0010620682834653339,xgboost,validation,0,0.2129279226064682,SELL
2330,2025-06-13,2025-06-13T13:30:00+08:00,2025-06-16,1030.0,2025-06-18,1055.0,0.024271844660194164,0.018288380804925897,xgboost,validation,1,0.3791981637477875,SELL
2330,2025-06-16,2025-06-16T13:30:00+08:00,2025-06-17,1040.0,2025-06-19,1035.0,-0.004807692307692291,-0.0106212829410397,xgboost,validation,0,0.3198600709438324,SELL
2330,2025-06-17,2025-06-17T13:30:00+08:00,2025-06-18,1040.0,2025-06-20,1055.0,0.014423076923076872,0.008497146374109255,xgboost,validation,1,0.4146016240119934,SELL
2330,2025-06-18,2025-06-18T13:30:00+08:00,2025-06-19,1045.0,2025-06-23,1020.0,-0.02392344497607657,-0.029625367583251405,xgboost,validation,0,0.2769879400730133,SELL
2330,2025-06-19,2025-06-19T13:30:00+08:00,2025-06-20,1030.0,2025-06-24,1050.0,0.01941747572815533,0.013462369521490158,xgboost,validation,1,0.1472010761499405,SELL
2330,2025-06-20,2025-06-20T13:30:00+08:00,2025-06-23,1025.0,2025-06-25,1070.0,0.04390243902439028,0.0378042996047705,xgboost,validation,1,0.32826417684555054,SELL
2330,2025-06-23,2025-06-23T13:30:00+08:00,2025-06-24,1045.0,2025-06-26,1075.0,0.028708133971291794,0.022698754752945804,xgboost,validation,1,0.6465331315994263,BUY
2330,2025-06-24,2025-06-24T13:30:00+08:00,2025-06-25,1060.0,2025-06-27,1080.0,0.018867924528301883,0.012916028621478448,xgboost,validation,1,0.19582664966583252,SELL
2330,2025-06-25,2025-06-25T13:30:00+08:00,2025-06-26,1075.0,2025-06-30,1060.0,-0.013953488372092981,-0.019713652231616252,xgboost,validation,0,0.21709102392196655,SELL
2412,2025-01-02,2025-01-02T13:30:00+08:00,2025-01-03,123.0,2025-01-07,123.0,0.0,-0.005841675612252573,xgboost,validation,0,0.12519492208957672,SELL
2412,2025-01-03,2025-01-03T13:30:00+08:00,2025-01-06,123.0,2025-01-08,123.5,0.004065040650406582,-0.0018003816106763049,xgboost,validation,0,0.08652367442846298,SELL
2412,2025-01-06,2025-01-06T13:30:00+08:00,2025-01-07,124.0,2025-01-09,123.0,-0.008064516129032251,-0.013859081454089206,xgboost,validation,0,0.2010972648859024,SELL
2412,2025-01-07,2025-01-07T13:30:00+08:00,2025-01-08,123.5,2025-01-10,123.0,-0.004048582995951455,-0.009866608099652341,xgboost,validation,0,0.10355093330144882,SELL
2412,2025-01-08,2025-01-08T13:30:00+08:00,2025-01-09,123.5,2025-01-13,123.0,-0.004048582995951455,-0.009866608099652341,xgboost,validation,0,0.14496102929115295,SELL
2412,2025-01-09,2025-01-09T13:30:00+08:00,2025-01-10,123.0,2025-01-14,123.5,0.004065040650406582,-0.0018003816106763049,xgboost,validation,0,0.08851020038127899,SELL
2412,2025-01-10,2025-01-10T13:30:00+08:00,2025-01-13,122.5,2025-01-15,123.5,0.008163265306122547,0.0022739025460147833,xgboost,validation,0,0.12954609096050262,SELL
2412,2025-01-13,2025-01-13T13:30:00+08:00,2025-01-14,123.0,2025-01-16,124.0,0.008130081300812941,0.002240912390899963,xgboost,validation,0,0.0904415100812912,SELL
2412,2025-01-14,2025-01-14T13:30:00+08:00,2025-01-15,123.5,2025-01-17,124.0,0.004048582995951344,-0.0018167431248528043,xgboost,validation,0,0.2140052318572998,SELL
2412,2025-01-15,2025-01-15T13:30:00+08:00,2025-01-16,123.5,2025-01-20,123.5,0.0,-0.005841675612252573,xgboost,validation,0,0.08881740272045135,SELL
2412,2025-01-16,2025-01-16T13:30:00+08:00,2025-01-17,123.5,2025-01-21,123.5,0.0,-0.005841675612252573,xgboost,validation,0,0.3166826069355011,SELL
2412,2025-01-17,2025-01-17T13:30:00+08:00,2025-01-20,124.0,2025-01-22,124.5,0.0040322580645162365,-0.0018329726913340894,xgboost,validation,0,0.23563188314437866,SELL
2412,2025-01-20,2025-01-20T13:30:00+08:00,2025-01-21,123.5,2025-02-03,125.5,0.0161943319838056,0.0102580543373465,xgboost,validation,1,0.19806191325187683,SELL
2412,2025-01-21,2025-01-21T13:30:00+08:00,2025-01-22,124.0,2025-02-04,125.0,0.008064516129032251,0.002175730229584172,xgboost,validation,0,0.055509086698293686,SELL
2412,2025-01-22,2025-01-22T13:30:00+08:00,2025-02-03,124.5,2025-02-05,126.0,0.012048192771084265,0.006136135524949182,xgboost,validation,1,0.1048559844493866,SELL
2412,2025-02-03,2025-02-03T13:30:00+08:00,2025-02-04,125.5,2025-02-06,126.0,0.003984063745019917,-0.0018808854752495607,xgboost,validation,0,0.12529370188713074,SELL
2412,2025-02-04,2025-02-04T13:30:00+08:00,2025-02-05,126.0,2025-02-07,126.0,0.0,-0.005841675612252684,xgboost,validation,0,0.2394407093524933,SELL
2412,2025-02-05,2025-02-05T13:30:00+08:00,2025-02-06,126.0,2025-02-10,125.5,-0.003968253968253954,-0.009786748328077022,xgboost,validation,0,0.10940344631671906,SELL
2412,2025-02-06,2025-02-06T13:30:00+08:00,2025-02-07,125.5,2025-02-11,125.5,0.0,-0.005841675612252573,xgboost,validation,0,0.11889199167490005,SELL
2412,2025-02-07,2025-02-07T13:30:00+08:00,2025-02-10,125.5,2025-02-12,126.0,0.003984063745019917,-0.0018808854752495607,xgboost,validation,0,0.09170819818973541,SELL
2412,2025-02-10,2025-02-10T13:30:00+08:00,2025-02-11,125.5,2025-02-13,125.5,0.0,-0.005841675612252573,xgboost,validation,0,0.06727041304111481,SELL
2412,2025-02-11,2025-02-11T13:30:00+08:00,2025-02-12,126.0,2025-02-14,125.5,-0.003968253968253954,-0.009786748328077022,xgboost,validation,0,0.11446170508861542,SELL
2412,2025-02-12,2025-02-12T13:30:00+08:00,2025-02-13,126.0,2025-02-17,126.0,0.0,-0.005841675612252684,xgboost,validation,0,0.07100149989128113,SELL
2412,2025-02-13,2025-02-13T13:30:00+08:00,2025-02-14,126.0,2025-02-18,126.5,0.003968253968253954,-0.0018966028964282344,xgboost,validation,0,0.12579958140850067,SELL
2412,2025-02-14,2025-02-14T13:30:00+08:00,2025-02-17,126.0,2025-02-19,126.5,0.003968253968253954,-0.0018966028964282344,xgboost,validation,0,0.14449183642864227,SELL
2412,2025-02-17,2025-02-17T13:30:00+08:00,2025-02-18,126.0,2025-02-20,126.5,0.003968253968253954,-0.0018966028964282344,xgboost,validation,0,0.09808723628520966,SELL
2412,2025-02-18,2025-02-18T13:30:00+08:00,2025-02-19,126.5,2025-02-21,127.0,0.0039525691699604515,-0.0019121960692179973,xgboost,validation,0,0.08986297994852066,SELL
2412,2025-02-19,2025-02-19T13:30:00+08:00,2025-02-20,126.5,2025-02-24,127.0,0.0039525691699604515,-0.0019121960692179973,xgboost,validation,0,0.09647482633590698,SELL
2412,2025-02-20,2025-02-20T13:30:00+08:00,2025-02-21,126.5,2025-02-25,126.5,0.0,-0.005841675612252573,xgboost,validation,0,0.10420357435941696,SELL
2412,2025-02-21,2025-02-21T13:30:00+08:00,2025-02-24,126.5,2025-02-26,127.5,0.007905138339920903,0.002017283473816578,xgboost,validation,0,0.12838636338710785,SELL
2412,2025-02-24,2025-02-24T13:30:00+08:00,2025-02-25,126.5,2025-02-27,128.0,0.011857707509881354,0.005946763016851264,xgboost,validation,1,0.11258170753717422,SELL
2412,2025-02-25,2025-02-25T13:30:00+08:00,2025-02-26,126.5,2025-03-03,128.5,0.015810276679841806,0.009876242559885728,xgboost,validation,1,0.15555277466773987,SELL
2412,2025-02-26,2025-02-26T13:30:00+08:00,2025-02-27,128.0,2025-03-04,127.0,-0.0078125,-0.013608537521531905,xgboost,validation,0,0.15351207554340363,SELL
2412,2025-02-27,2025-02-27T13:30:00+08:00,2025-03-03,128.0,2025-03-05,127.5,-0.00390625,-0.009725106566892183,xgboost,validation,0,0.22839048504829407,SELL
2412,2025-03-03,2025-03-03T13:30:00+08:00,2025-03-04,128.5,2025-03-06,128.0,-0.0038910505836575737,-0.009709995940609506,xgboost,validation,0,0.16585882008075714,SELL
2412,2025-03-04,2025-03-04T13:30:00+08:00,2025-03-05,127.5,2025-03-07,128.0,0.0039215686274509665,-0.0019430155166142438,xgboost,validation,0,0.10142628103494644,SELL
2412,2025-03-05,2025-03-05T13:30:00+08:00,2025-03-06,128.0,2025-03-10,128.0,0.0,-0.005841675612252573,xgboost,validation,0,0.2998907268047333,SELL
2412,2025-03-06,2025-03-06T13:30:00+08:00,2025-03-07,128.0,2025-03-11,127.5,-0.00390625,-0.009725106566892183,xgboost,validation,0,0.16823409497737885,SELL
2412,2025-03-07,2025-03-07T13:30:00+08:00,2025-03-10,128.0,2025-03-12,128.0,0.0,-0.005841675612252573,xgboost,validation,0,0.06661349534988403,SELL
2412,2025-03-10,2025-03-10T13:30:00+08:00,2025-03-11,127.5,2025-03-13,128.5,0.007843137254901933,0.001955644579023863,xgboost,validation,0,0.15093059837818146,SELL
2412,2025-03-11,2025-03-11T13:30:00+08:00,2025-03-12,127.5,2025-03-14,128.5,0.007843137254901933,0.001955644579023863,xgboost,validation,0,0.15816724300384521,SELL
2412,2025-03-12,2025-03-12T13:30:00+08:00,2025-03-13,128.5,2025-03-17,128.0,-0.0038910505836575737,-0.009709995940609506,xgboost,validation,0,0.06227791681885719,SELL
2412,2025-03-13,2025-03-13T13:30:00+08:00,2025-03-14,128.5,2025-03-18,129.0,0.0038910505836575737,-0.001973355283895639,xgboost,validation,0,0.05631114915013313,SELL
2412,2025-03-14,2025-03-14T13:30:00+08:00,2025-03-17,128.0,2025-03-19,128.5,0.00390625,-0.001958244657612962,xgboost,validation,0,0.22848300635814667,SELL
2412,2025-03-17,2025-03-17T13:30:00+08:00,2025-03-18,128.5,2025-03-20,129.0,0.0038910505836575737,-0.001973355283895639,xgboost,validation,0,0.07610288262367249,SELL
2412,2025-03-18,2025-03-18T13:30:00+08:00,2025-03-19,129.0,2025-03-21,130.0,0.007751937984496138,0.0018649780651716075,xgboost,validation,0,0.038246314972639084,SELL
2412,2025-03-19,2025-03-19T13:30:00+08:00,2025-03-20,129.0,2025-03-24,129.0,0.0,-0.005841675612252795,xgboost,validation,0,0.13894614577293396,SELL
2412,2025-03-20,2025-03-20T13:30:00+08:00,2025-03-21,129.0,2025-03-25,129.0,0.0,-0.005841675612252795,xgboost,validation,0,0.2087545394897461,SELL
2412,2025-03-21,2025-03-21T13:30:00+08:00,2025-03-24,130.0,2025-03-26,129.0,-0.007692307692307665,-0.013489047338312243,xgboost,validation,0,0.17286527156829834,SELL
2412,2025-03-24,2025-03-24T13:30:00+08:00,2025-03-25,129.5,2025-03-27,130.0,0.0038610038610038533,-0.0020032264833423907,xgboost,validation,0,0.2658754885196686,SELL
2412,2025-03-25,2025-03-25T13:30:00+08:00,2025-03-26,129.5,2025-03-28,130.0,0.0038610038610038533,-0.0020032264833423907,xgboost,validation,0,0.07840050011873245,SELL
2412,2025-03-26,2025-03-26T13:30:00+08:00,2025-03-27,129.0,2025-03-31,128.5,-0.003875968992248069,-0.009695002450964885,xgboost,validation,0,0.0924123004078865,SELL
2412,2025-03-27,2025-03-27T13:30:00+08:00,2025-03-28,129.5,2025-04-01,130.0,0.0038610038610038533,-0.0020032264833423907,xgboost,validation,0,0.0964922159910202,SELL
2412,2025-03-28,2025-03-28T13:30:00+08:00,2025-03-31,129.0,2025-04-02,130.0,0.007751937984496138,0.0018649780651716075,xgboost,validation,0,0.12448776513338089,SELL
2412,2025-03-31,2025-03-31T13:30:00+08:00,2025-04-01,129.0,2025-04-07,124.0,-0.03875968992248058,-0.04437494399937458,xgboost,validation,0,0.21117658913135529,SELL
2412,2025-04-01,2025-04-01T13:30:00+08:00,2025-04-02,129.5,2025-04-08,127.0,-0.019305019305019266,-0.025033921256803704,xgboost,validation,0,0.16267624497413635,SELL
2412,2025-04-02,2025-04-02T13:30:00+08:00,2025-04-07,123.0,2025-04-09,126.0,0.024390243902439046,0.01840608839720459,xgboost,validation,1,0.15473034977912903,SELL
2412,2025-04-07,2025-04-07T13:30:00+08:00,2025-04-08,125.5,2025-04-10,127.0,0.01195219123505975,0.006040694798756352,xgboost,validation,1,0.22518625855445862,SELL
2412,2025-04-08,2025-04-08T13:30:00+08:00,2025-04-09,126.0,2025-04-11,128.5,0.01984126984126977,0.01388368796686934,xgboost,validation,1,0.20532236993312836,SELL
2412,2025-04-09,2025-04-09T13:30:00+08:00,2025-04-10,129.0,2025-04-14,127.5,-0.011627906976744207,-0.017401656128389287,xgboost,validation,0,0.2855728566646576,SELL
2412,2025-04-10,2025-04-10T13:30:00+08:00,2025-04-11,127.5,2025-04-15,129.0,0.0117647058823529,0.00585430467466197,xgboost,validation,1,0.10013886541128159,SELL
2412,2025-04-11,2025-04-11T13:30:00+08:00,2025-04-14,128.0,2025-04-16,128.5,0.00390625,-0.001958244657612962,xgboost,validation,0,0.1462225764989853,SELL
2412,2025-04-14,2025-04-14T13:30:00+08:00,2025-04-15,128.0,2025-04-17,128.0,0.0,-0.005841675612252573,xgboost,validation,0,0.10397234559059143,SELL
2412,2025-04-15,2025-04-15T13:30:00+08:00,2025-04-16,128.5,2025-04-18,128.0,-0.0038910505836575737,-0.009709995940609506,xgboost,validation,0,0.11560217291116714,SELL
2412,2025-04-16,2025-04-16T13:30:00+08:00,2025-04-17,129.0,2025-04-21,127.0,-0.015503875968992276,-0.021254982967101488,xgboost,validation,0,0.14360709488391876,SELL
2412,2025-04-17,2025-04-17T13:30:00+08:00,2025-04-18,129.0,2025-04-22,128.0,-0.007751937984496138,-0.013548329289677086,xgboost,validation,0,0.12433099001646042,SELL
2412,2025-04-18,2025-04-18T13:30:00+08:00,2025-04-21,128.0,2025-04-23,127.5,-0.00390625,-0.009725106566892183,xgboost,validation,0,0.1373097002506256,SELL
2412,2025-04-21,2025-04-21T13:30:00+08:00,2025-04-22,128.0,2025-04-24,127.0,-0.0078125,-0.013608537521531905,xgboost,validation,0,0.17891448736190796,SELL
2412,2025-04-22,2025-04-22T13:30:00+08:00,2025-04-23,128.5,2025-04-25,126.5,-0.015564202334630295,-0.021314956925680528,xgboost,validation,0,0.17675088346004486,SELL
2412,2025-04-23,2025-04-23T13:30:00+08:00,2025-04-24,127.5,2025-04-28,128.0,0.0039215686274509665,-0.0019430155166142438,xgboost,validation,0,0.08225549012422562,SELL
2412,2025-04-24,2025-04-24T13:30:00+08:00,2025-04-25,127.0,2025-04-29,129.0,0.015748031496062964,0.009814360992278726,xgboost,validation,1,0.09499583393335342,SELL
2412,2025-04-25,2025-04-25T13:30:00+08:00,2025-04-28,127.0,2025-04-30,129.5,0.019685039370078705,0.013728370143411661,xgboost,validation,1,0.06519515067338943,SELL
2412,2025-04-28,2025-04-28T13:30:00+08:00,2025-04-29,128.0,2025-05-02,128.5,0.00390625,-0.001958244657612962,xgboost,validation,0,0.15597528219223022,SELL
2412,2025-04-29,2025-04-29T13:30:00+08:00,2025-04-30,129.0,2025-05-05,129.5,0.003875968992248069,-0.0019883487735403715,xgboost,validation,0,0.1955976039171219,SELL
2412,2025-04-30,2025-04-30T13:30:00+08:00,2025-05-02,129.5,2025-05-06,130.0,0.0038610038610038533,-0.0020032264833423907,xgboost,validation,0,0.18388991057872772,SELL
2412,2025-05-02,2025-05-02T13:30:00+08:00,2025-05-05,129.0,2025-05-07,131.0,0.015503875968992276,0.00957163174259601,xgboost,validation,1,0.24644188582897186,SELL
2412,2025-05-05,2025-05-05T13:30:00+08:00,2025-05-06,129.5,2025-05-08,129.5,0.0,-0.005841675612252573,xgboost,validation,0,0.07915353775024414,SELL
2412,2025-05-06,2025-05-06T13:30:00+08:00,2025-05-07,130.5,2025-05-09,131.0,0.003831417624521105,-0.0020326398866289397,xgboost,validation,0,0.07258027046918869,SELL
2412,2025-05-07,2025-05-07T13:30:00+08:00,2025-05-08,131.0,2025-05-12,131.0,0.0,-0.005841675612252684,xgboost,validation,0,0.16418775916099548,SELL
2412,2025-05-08,2025-05-08T13:30:00+08:00,2025-05-09,129.5,2025-05-13,130.0,0.0038610038610038533,-0.0020032264833423907,xgboost,validation,0,0.12026167660951614,SELL
2412,2025-05-09,2025-05-09T13:30:00+08:00,2025-05-12,131.0,2025-05-14,129.5,-0.011450381679389277,-0.017225167876234404,xgboost,validation,0,0.24541734158992767,SELL
2412,2025-05-13,2025-05-13T13:30:00+08:00,2025-05-14,130.5,2025-05-16,131.0,0.003831417624521105,-0.0020326398866289397,xgboost,validation,0,0.08906141668558121,SELL
2412,2025-05-14,2025-05-14T13:30:00+08:00,2025-05-15,129.5,2025-05-19,131.0,0.01158301158301156,0.005673671774478084,xgboost,validation,1,0.12896743416786194,SELL
2412,2025-05-15,2025-05-15T13:30:00+08:00,2025-05-16,131.0,2025-05-20,131.5,0.003816793893129722,-0.0020471781909252584,xgboost,validation,0,0.17189687490463257,SELL
2412,2025-05-16,2025-05-16T13:30:00+08:00,2025-05-19,131.0,2025-05-21,132.5,0.011450381679389388,0.00554181665172937,xgboost,validation,1,0.08208584040403366,SELL
2412,2025-05-19,2025-05-19T13:30:00+08:00,2025-05-20,131.5,2025-05-22,133.0,0.011406844106463865,0.005498533411181894,xgboost,validation,1,0.12821707129478455,SELL
2412,2025-05-20,2025-05-20T13:30:00+08:00,2025-05-21,132.0,2025-05-23,133.0,0.007575757575757569,0.0016898268452303356,xgboost,validation,0,0.15842974185943604,SELL
2412,2025-05-21,2025-05-21T13:30:00+08:00,2025-05-22,132.0,2025-05-26,133.0,0.007575757575757569,0.0016898268452303356,xgboost,validation,0,0.14739282429218292,SELL
2412,2025-05-22,2025-05-22T13:30:00+08:00,2025-05-23,133.0,2025-05-27,131.5,-0.011278195488721776,-0.01705398754143761,xgboost,validation,0,0.09411942213773727,SELL
2412,2025-05-23,2025-05-23T13:30:00+08:00,2025-05-26,133.0,2025-05-28,132.0,-0.007518796992481258,-0.013316550231709412,xgboost,validation,0,0.18549156188964844,SELL
2412,2025-05-26,2025-05-26T13:30:00+08:00,2025-05-27,133.0,2025-05-29,129.5,-0.02631578947368418,-0.03200373678035118,xgboost,validation,0,0.14649160206317902,SELL
2412,2025-05-27,2025-05-27T13:30:00+08:00,2025-05-28,131.5,2025-06-02,131.5,0.0,-0.005841675612252462,xgboost,validation,0,0.1218414157629013,SELL
2412,2025-05-28,2025-05-28T13:30:00+08:00,2025-05-29,132.5,2025-06-03,130.0,-0.018867924528301883,-0.024599379845983815,xgboost,validation,0,0.09822211414575577,SELL
2412,2025-05-29,2025-05-29T13:30:00+08:00,2025-06-02,130.0,2025-06-04,129.5,-0.0038461538461538325,-0.009665361475282297,xgboost,validation,0,0.27868157625198364,SELL
2412,2025-06-02,2025-06-02T13:30:00+08:00,2025-06-03,131.5,2025-06-05,130.0,-0.011406844106463865,-0.01718188463568704,xgboost,validation,0,0.1802234947681427,SELL
2412,2025-06-03,2025-06-03T13:30:00+08:00,2025-06-04,130.5,2025-06-06,130.0,-0.003831417624521105,-0.009650711337876094,xgboost,validation,0,0.21292586624622345,SELL
2412,2025-06-04,2025-06-04T13:30:00+08:00,2025-06-05,129.5,2025-06-09,132.5,0.02316602316602312,0.01718901916120874,xgboost,validation,1,0.08184010535478592,SELL
2412,2025-06-05,2025-06-05T13:30:00+08:00,2025-06-06,130.5,2025-06-10,133.0,0.019157088122605304,0.013203503015865259,xgboost,validation,1,0.1328098177909851,SELL
2412,2025-06-06,2025-06-06T13:30:00+08:00,2025-06-09,130.0,2025-06-11,133.0,0.023076923076922995,0.017100439565926218,xgboost,validation,1,0.17947746813297272,SELL
2412,2025-06-09,2025-06-09T13:30:00+08:00,2025-06-10,132.0,2025-06-12,134.0,0.015151515151515138,0.009221329302713466,xgboost,validation,1,0.23281389474868774,SELL
2412,2025-06-10,2025-06-10T13:30:00+08:00,2025-06-11,132.5,2025-06-13,135.0,0.018867924528301883,0.012916028621478448,xgboost,validation,1,0.17812052369117737,SELL
2412,2025-06-11,2025-06-11T13:30:00+08:00,2025-06-12,133.0,2025-06-16,136.0,0.022556390977443552,0.016582948246117724,xgboost,validation,1,0.10882364213466644,SELL
2412,2025-06-12,2025-06-12T13:30:00+08:00,2025-06-13,133.0,2025-06-17,136.5,0.026315789473684292,0.020320385555846032,xgboost,validation,1,0.24059604108333588,SELL
2412,2025-06-13,2025-06-13T13:30:00+08:00,2025-06-16,135.0,2025-06-18,137.0,0.014814814814814836,0.008886595860158497,xgboost,validation,1,0.0984492152929306,SELL
2412,2025-06-16,2025-06-16T13:30:00+08:00,2025-06-17,136.0,2025-06-19,136.5,0.003676470588235281,-0.0021866817725918475,xgboost,validation,0,0.09469565004110336,SELL
2412,2025-06-17,2025-06-17T13:30:00+08:00,2025-06-18,136.0,2025-06-20,136.5,0.003676470588235281,-0.0021866817725918475,xgboost,validation,0,0.21692289412021637,SELL
2412,2025-06-18,2025-06-18T13:30:00+08:00,2025-06-19,136.0,2025-06-23,136.5,0.003676470588235281,-0.0021866817725918475,xgboost,validation,0,0.1109607070684433,SELL
2412,2025-06-19,2025-06-19T13:30:00+08:00,2025-06-20,136.0,2025-06-24,135.5,-0.003676470588235281,-0.00949666945191352,xgboost,validation,0,0.1369090974330902,SELL
2412,2025-06-20,2025-06-20T13:30:00+08:00,2025-06-23,136.0,2025-06-25,137.0,0.007352941176470562,0.0014683120670690997,xgboost,validation,0,0.034938111901283264,SELL
2412,2025-06-23,2025-06-23T13:30:00+08:00,2025-06-24,136.5,2025-06-26,137.0,0.00366300366300365,-0.0022000700284146024,xgboost,validation,0,0.08860088139772415,SELL
2412,2025-06-24,2025-06-24T13:30:00+08:00,2025-06-25,136.5,2025-06-27,136.5,0.0,-0.005841675612252684,xgboost,validation,0,0.0840749591588974,SELL
2412,2025-06-25,2025-06-25T13:30:00+08:00,2025-06-26,136.5,2025-06-30,135.0,-0.01098901098901095,-0.01676649236376626,xgboost,validation,0,0.2179958075284958,SELL
2881,2025-01-02,2025-01-02T13:30:00+08:00,2025-01-03,90.9,2025-01-07,91.9,0.011001100110010986,0.005095159639537883,xgboost,validation,1,0.30125439167022705,SELL
2881,2025-01-03,2025-01-03T13:30:00+08:00,2025-01-06,91.3,2025-01-08,91.1,-0.0021905805038335835,-0.008019459455380296,xgboost,validation,0,0.20400826632976532,SELL
2881,2025-01-06,2025-01-06T13:30:00+08:00,2025-01-07,92.1,2025-01-09,91.1,-0.010857763300760048,-0.016636011381935045,xgboost,validation,0,0.39680325984954834,SELL
2881,2025-01-07,2025-01-07T13:30:00+08:00,2025-01-08,91.8,2025-01-10,89.9,-0.020697167755991175,-0.026417937228120802,xgboost,validation,0,0.2905302047729492,SELL
2881,2025-01-08,2025-01-08T13:30:00+08:00,2025-01-09,91.3,2025-01-13,89.8,-0.01642935377875132,-0.022175054435709662,xgboost,validation,0,0.46710532903671265,HOLD
2881,2025-01-09,2025-01-09T13:30:00+08:00,2025-01-10,91.1,2025-01-14,90.8,-0.003293084522502765,-0.009115523003211168,xgboost,validation,0,0.4189413785934448,SELL
2881,2025-01-10,2025-01-10T13:30:00+08:00,2025-01-13,90.2,2025-01-15,90.4,0.0022172949002217113,-0.0036373334295745074,xgboost,validation,0,0.44025617837905884,SELL
2881,2025-01-13,2025-01-13T13:30:00+08:00,2025-01-14,90.1,2025-01-16,91.6,0.01664816870144281,0.010709239888098354,xgboost,validation,1,0.31251102685928345,SELL
2881,2025-01-14,2025-01-14T13:30:00+08:00,2025-01-15,91.0,2025-01-17,91.0,0.0,-0.005841675612252684,xgboost,validation,0,0.2761996388435364,SELL
2881,2025-01-15,2025-01-15T13:30:00+08:00,2025-01-16,91.5,2025-01-20,90.5,-0.010928961748633892,-0.01670679391157215,xgboost,validation,0,0.43595945835113525,SELL
2881,2025-01-16,2025-01-16T13:30:00+08:00,2025-01-17,91.6,2025-01-21,91.5,-0.0010917030567685337,-0.00692700129389856,xgboost,validation,0,0.17074495553970337,SELL
2881,2025-01-17,2025-01-17T13:30:00+08:00,2025-01-20,91.2,2025-01-22,92.8,0.01754385964912264,0.011599698499813238,xgboost,validation,1,0.28504109382629395,SELL
2881,2025-01-20,2025-01-20T13:30:00+08:00,2025-01-21,90.8,2025-02-03,91.4,0.006607929515418665,0.0007276525224684249,xgboost,validation,0,0.2639884650707245,SELL
2881,2025-01-21,2025-01-21T13:30:00+08:00,2025-01-22,92.2,2025-02-04,90.3,-0.020607375271149753,-0.026328669281848294,xgboost,validation,0,0.5844424366950989,HOLD
2881,2025-01-22,2025-01-22T13:30:00+08:00,2025-02-03,91.5,2025-02-05,91.8,0.003278688524590123,-0.002582140122456722,xgboost,validation,0,0.21287991106510162,SELL
2881,2025-02-03,2025-02-03T13:30:00+08:00,2025-02-04,92.0,2025-02-06,93.0,0.010869565217391353,0.004964393131092537,xgboost,validation,1,0.39535021781921387,SELL
2881,2025-02-04,2025-02-04T13:30:00+08:00,2025-02-05,91.5,2025-02-07,92.3,0.008743169398907069,0.002850419027203177,xgboost,validation,0,0.4117227792739868,SELL
2881,2025-02-05,2025-02-05T13:30:00+08:00,2025-02-06,92.0,2025-02-10,93.4,0.01521739130434785,0.009286820628430448,xgboost,validation,1,0.25015613436698914,SELL
2881,2025-02-06,2025-02-06T13:30:00+08:00,2025-02-07,92.6,2025-02-11,93.8,0.012958963282937441,0.007041585610914725,xgboost,validation,1,0.42075350880622864,SELL
2881,2025-02-07,2025-02-07T13:30:00+08:00,2025-02-10,92.0,2025-02-12,93.4,0.01521739130434785,0.009286820628430448,xgboost,validation,1,0.3409862518310547,SELL
2881,2025-02-10,2025-02-10T13:30:00+08:00,2025-02-11,93.6,2025-02-13,93.4,-0.002136752136752018,-0.007965945536157926,xgboost,validation,0,0.3371215760707855,SELL
2881,2025-02-11,2025-02-11T13:30:00+08:00,2025-02-12,93.3,2025-02-14,93.1,-0.002143622722400873,-0.007972775986074154,xgboost,validation,0,0.28686779737472534,SELL
2881,2025-02-12,2025-02-12T13:30:00+08:00,2025-02-13,93.0,2025-02-17,94.0,0.010752688172043001,0.004848198843529827,xgboost,validation,1,0.30055350065231323,SELL
2881,2025-02-13,2025-02-13T13:30:00+08:00,2025-02-14,93.2,2025-02-18,94.3,0.011802575107296098,0.005891952679877521,xgboost,validation,1,0.47757697105407715,HOLD
2881,2025-02-14,2025-02-14T13:30:00+08:00,2025-02-17,93.5,2025-02-19,92.4,-0.0117647058823529,-0.017537655899167337,xgboost,validation,0,0.31444185972213745,SELL
2881,2025-02-17,2025-02-17T13:30:00+08:00,2025-02-18,93.7,2025-02-20,92.0,-0.018143009605122717,-0.02387869964063216,xgboost,validation,0,0.3121638596057892,SELL
2881,2025-02-18,2025-02-18T13:30:00+08:00,2025-02-19,93.9,2025-02-21,92.6,-0.013844515441959637,-0.01960531588599157,xgboost,validation,0,0.2886843681335449,SELL
2881,2025-02-19,2025-02-19T13:30:00+08:00,2025-02-20,92.3,2025-02-24,91.6,-0.007583965330444253,-0.013381337877381827,xgboost,validation,0,0.4557630121707916,HOLD
2881,2025-02-20,2025-02-20T13:30:00+08:00,2025-02-21,92.0,2025-02-25,91.7,-0.003260869565217317,-0.009083496235256061,xgboost,validation,0,0.359673410654068,SELL
2881,2025-02-21,2025-02-21T13:30:00+08:00,2025-02-24,91.9,2025-02-26,92.8,0.009793253536452662,0.0038943689138515314,xgboost,validation,0,0.24937684834003448,SELL
2881,2025-02-24,2025-02-24T13:30:00+08:00,2025-02-25,91.3,2025-02-27,92.3,0.010952902519167473,0.005047243603385265,xgboost,validation,1,0.5015427470207214,HOLD
2881,2025-02-25,2025-02-25T13:30:00+08:00,2025-02-26,91.3,2025-03-03,92.8,0.016429353778751432,0.010491703211204406,xgboost,validation,1,0.2257043719291687,SELL
2881,2025-02-26,2025-02-26T13:30:00+08:00,2025-02-27,92.6,2025-03-04,91.2,-0.015118790496760126,-0.020872147039281086,xgboost,validation,0,0.3290115296840668,SELL
2881,2025-02-27,2025-02-27T13:30:00+08:00,2025-03-03,92.0,2025-03-05,91.8,-0.0021739130434782483,-0.008002889360921639,xgboost,validation,0,0.4738737642765045,HOLD
2881,2025-03-03,2025-03-03T13:30:00+08:00,2025-03-04,91.5,2025-03-06,92.5,0.010928961748633892,0.0050234426870672255,xgboost,validation,1,0.4069732427597046,SELL
2881,2025-03-04,2025-03-04T13:30:00+08:00,2025-03-05,91.2,2025-03-07,90.9,-0.003289473684210509,-0.00911193325826476,xgboost,validation,0,0.17079870402812958,SELL
2881,2025-03-05,2025-03-05T13:30:00+08:00,2025-03-06,91.5,2025-03-10,90.7,-0.008743169398907069,-0.014533770251708211,xgboost,validation,0,0.45145708322525024,HOLD
2881,2025-03-06,2025-03-06T13:30:00+08:00,2025-03-07,91.8,2025-03-11,89.7,-0.02287581699346397,-0.028583859503475417,xgboost,validation,0,0.2969312369823456,SELL
2881,2025-03-07,2025-03-07T13:30:00+08:00,2025-03-10,91.3,2025-03-12,89.5,-0.019715224534501585,-0.02544173020040097,xgboost,validation,0,0.2713083326816559,SELL
2881,2025-03-10,2025-03-10T13:30:00+08:00,2025-03-11,89.8,2025-03-13,89.0,-0.008908685968819552,-0.014698319927510917,xgboost,validation,0,0.5106878280639648,HOLD
2881,2025-03-11,2025-03-11T13:30:00+08:00,2025-03-12,89.8,2025-03-14,88.2,-0.017817371937639104,-0.02355496424276926,xgboost,validation,0,0.546742856502533,HOLD
2881,2025-03-12,2025-03-12T13:30:00+08:00,2025-03-13,90.1,2025-03-17,90.0,-0.0011098779134294245,-0.00694506997894262,xgboost,validation,0,0.3028426468372345,SELL
2881,2025-03-13,2025-03-13T13:30:00+08:00,2025-03-14,89.0,2025-03-18,90.4,0.01573033707865168,0.009796769939914407,xgboost,validation,1,0.5051522850990295,HOLD
2881,2025-03-14,2025-03-14T13:30:00+08:00,2025-03-17,88.8,2025-03-19,89.0,0.0022522522522523403,-0.0036025802870550683,xgboost,validation,0,0.5890707969665527,HOLD
2881,2025-03-17,2025-03-17T13:30:00+08:00,2025-03-18,90.4,2025-03-20,89.9,-0.00553097345132747,-0.011340338910857395,xgboost,validation,0,0.2301960438489914,SELL
2881,2025-03-18,2025-03-18T13:30:00+08:00,2025-03-19,90.2,2025-03-21,89.0,-0.013303769401330379,-0.019067728708320186,xgboost,validation,0,0.3377092182636261,SELL
2881,2025-03-19,2025-03-19T13:30:00+08:00,2025-03-20,89.7,2025-03-24,89.0,-0.0078037904124861335,-0.01359987881260305,xgboost,validation,0,0.41024813055992126,SELL
2881,2025-03-20,2025-03-20T13:30:00+08:00,2025-03-21,89.9,2025-03-25,89.7,-0.0022246941045606095,-0.008053373775517847,xgboost,validation,0,0.2859265208244324,SELL
2881,2025-03-21,2025-03-21T13:30:00+08:00,2025-03-24,89.2,2025-03-26,89.9,0.007847533632286963,0.0019600152741983123,xgboost,validation,0,0.3920009136199951,SELL
2881,2025-03-24,2025-03-24T13:30:00+08:00,2025-03-25,89.5,2025-03-27,89.9,0.004469273743016755,-0.0013985099166647919,xgboost,validation,0,0.5008454322814941,HOLD
2881,2025-03-25,2025-03-25T13:30:00+08:00,2025-03-26,89.7,2025-03-28,88.2,-0.01672240802675584,-0.022466396755860485,xgboost,validation,0,0.2572227418422699,SELL
2881,2025-03-26,2025-03-26T13:30:00+08:00,2025-03-27,89.5,2025-03-31,85.3,-0.04692737430167604,-0.05249491541592344,xgboost,validation,0,0.2571503221988678,SELL
2881,2025-03-27,2025-03-27T13:30:00+08:00,2025-03-28,89.3,2025-04-01,87.4,-0.02127659574468077,-0.026993980386459837,xgboost,validation,0,0.3132467567920685,SELL
2881,2025-03-28,2025-03-28T13:30:00+08:00,2025-03-31,86.5,2025-04-02,87.6,0.012716763005780285,0.006800800189210143,xgboost,validation,1,0.35278192162513733,SELL
2881,2025-03-31,2025-03-31T13:30:00+08:00,2025-04-01,85.8,2025-04-07,78.9,-0.0804195804195803,-0.08579147093014816,xgboost,validation,0,0.4990788996219635,HOLD
2881,2025-04-01,2025-04-01T13:30:00+08:00,2025-04-02,86.9,2025-04-08,77.9,-0.10356731875719216,-0.1088039876892345,xgboost,validation,0,0.42340099811553955,SELL
2881,2025-04-02,2025-04-02T13:30:00+08:00,2025-04-07,78.9,2025-04-09,72.1,-0.08618504435994945,-0.09152325490042346,xgboost,validation,0,0.24141065776348114,SELL
2881,2025-04-08,2025-04-08T13:30:00+08:00,2025-04-09,79.0,2025-04-11,80.4,0.017721518987341867,0.01177632000980866,xgboost,validation,1,0.42932039499282837,SELL
2881,2025-04-09,2025-04-09T13:30:00+08:00,2025-04-10,79.3,2025-04-14,80.9,0.020176544766708826,0.014217004324952986,xgboost,validation,1,0.6088484525680542,BUY
2881,2025-04-11,2025-04-11T13:30:00+08:00,2025-04-14,80.8,2025-04-16,80.1,-0.008663366336633671,-0.014454433373037534,xgboost,validation,0,0.27944105863571167,SELL
2881,2025-04-14,2025-04-14T13:30:00+08:00,2025-04-15,81.3,2025-04-17,79.6,-0.02091020910209107,-0.026629734055784948,xgboost,validation,0,0.333429753780365,SELL
2881,2025-04-15,2025-04-15T13:30:00+08:00,2025-04-16,81.5,2025-04-18,79.5,-0.024539877300613466,-0.03023819891011148,xgboost,validation,0,0.29639551043510437,SELL
2881,2025-04-16,2025-04-16T13:30:00+08:00,2025-04-17,80.1,2025-04-21,79.0,-0.013732833957552981,-0.019494286808588557,xgboost,validation,0,0.2987229526042938,SELL
2881,2025-04-17,2025-04-17T13:30:00+08:00,2025-04-18,80.0,2025-04-22,77.3,-0.03375000000000006,-0.039394519060339084,xgboost,validation,0,0.39240631461143494,SELL
2881,2025-04-18,2025-04-18T13:30:00+08:00,2025-04-21,79.5,2025-04-23,79.3,-0.002515723270440251,-0.00834270284341676,xgboost,validation,0,0.40528690814971924,SELL
2881,2025-04-21,2025-04-21T13:30:00+08:00,2025-04-22,77.6,2025-04-24,78.3,0.009020618556700999,0.0031262474170183907,xgboost,validation,0,0.43562638759613037,SELL
2881,2025-04-22,2025-04-22T13:30:00+08:00,2025-04-23,78.3,2025-04-25,79.4,0.014048531289910793,0.00812478871503397,xgboost,validation,1,0.34716707468032837,SELL
2881,2025-04-23,2025-04-23T13:30:00+08:00,2025-04-24,79.2,2025-04-28,79.2,0.0,-0.005841675612252462,xgboost,validation,0,0.4945882260799408,HOLD
2881,2025-04-24,2025-04-24T13:30:00+08:00,2025-04-25,79.3,2025-04-29,81.4,0.02648171500630525,0.020485341805329682,xgboost,validation,1,0.37512150406837463,SELL
2881,2025-04-25,2025-04-25T13:30:00+08:00,2025-04-28,79.9,2025-04-30,84.3,0.05506883604505619,0.048905466156284216,xgboost,validation,1,0.22601811587810516,SELL
2881,2025-04-28,2025-04-28T13:30:00+08:00,2025-04-29,79.5,2025-05-02,85.0,0.0691823899371069,0.06293657324476154,xgboost,validation,1,0.220216765999794,SELL
2881,2025-04-29,2025-04-29T13:30:00+08:00,2025-04-30,82.5,2025-05-05,80.0,-0.030303030303030276,-0.035967685442184316,xgboost,validation,0,0.16347530484199524,SELL
2881,2025-04-30,2025-04-30T13:30:00+08:00,2025-05-02,84.7,2025-05-06,79.0,-0.06729634002361273,-0.07274489224755565,xgboost,validation,0,0.39438751339912415,SELL
2881,2025-05-02,2025-05-02T13:30:00+08:00,2025-05-05,80.0,2025-05-07,78.0,-0.025000000000000022,-0.03069563372194628,xgboost,validation,0,0.2663623094558716,SELL
2881,2025-05-05,2025-05-05T13:30:00+08:00,2025-05-06,78.3,2025-05-08,78.1,-0.0025542784163473664,-0.008381032762668217,xgboost,validation,0,0.3492918312549591,SELL
2881,2025-05-06,2025-05-06T13:30:00+08:00,2025-05-07,79.2,2025-05-09,77.4,-0.022727272727272707,-0.028436182984701297,xgboost,validation,0,0.40213412046432495,SELL
2881,2025-05-07,2025-05-07T13:30:00+08:00,2025-05-08,78.0,2025-05-12,78.1,0.0012820512820512775,-0.004567113657909183,xgboost,validation,0,0.30761024355888367,SELL
2881,2025-05-08,2025-05-08T13:30:00+08:00,2025-05-09,77.2,2025-05-13,79.0,0.023316062176165664,0.017338181692124977,xgboost,validation,1,0.38154539465904236,SELL
2881,2025-05-09,2025-05-09T13:30:00+08:00,2025-05-12,77.6,2025-05-14,80.0,0.030927835051546504,0.024905489059533492,xgboost,validation,1,0.3192425072193146,SELL
2881,2025-05-12,2025-05-12T13:30:00+08:00,2025-05-13,78.8,2025-05-15,80.5,0.021573604060913798,0.015605902451950149,xgboost,validation,1,0.4542286694049835,HOLD
2881,2025-05-13,2025-05-13T13:30:00+08:00,2025-05-14,79.6,2025-05-16,81.9,0.028894472361809198,0.022884004615031817,xgboost,validation,1,0.3932279348373413,SELL
2881,2025-05-14,2025-05-14T13:30:00+08:00,2025-05-15,80.4,2025-05-19,79.8,-0.007462686567164312,-0.013260767585295596,xgboost,validation,0,0.3516698181629181,SELL
2881,2025-05-15,2025-05-15T13:30:00+08:00,2025-05-16,80.2,2025-05-20,80.7,0.006234413965087171,0.00035631892881826666,xgboost,validation,0,0.3850840926170349,SELL
2881,2025-05-16,2025-05-16T13:30:00+08:00,2025-05-19,81.1,2025-05-21,81.5,0.004932182490752224,-0.0009383053316716072,xgboost,validation,0,0.3870353102684021,SELL
2881,2025-05-19,2025-05-19T13:30:00+08:00,2025-05-20,80.7,2025-05-22,81.9,0.014869888475836479,0.008941347798717691,xgboost,validation,1,0.5471473336219788,HOLD
2881,2025-05-20,2025-05-20T13:30:00+08:00,2025-05-21,80.5,2025-05-23,81.5,0.012422360248447228,0.006508117237284727,xgboost,validation,1,0.2260257601737976,SELL
2881,2025-05-21,2025-05-21T13:30:00+08:00,2025-05-22,80.5,2025-05-26,80.9,0.00496894409937898,-0.0009017584724375638,xgboost,validation,0,0.360322505235672,SELL
2881,2025-05-22,2025-05-22T13:30:00+08:00,2025-05-23,81.7,2025-05-27,80.3,-0.017135862913096767,-0.022877436372874982,xgboost,validation,0,0.37752124667167664,SELL
2881,2025-05-23,2025-05-23T13:30:00+08:00,2025-05-26,81.3,2025-05-28,79.5,-0.022140221402213944,-0.027852561023051337,xgboost,validation,0,0.429973840713501,SELL
2881,2025-05-26,2025-05-26T13:30:00+08:00,2025-05-27,80.7,2025-05-29,79.6,-0.01363073110285018,-0.019392780405642074,xgboost,validation,0,0.3911246359348297,SELL
2881,2025-05-27,2025-05-27T13:30:00+08:00,2025-05-28,80.7,2025-06-02,81.8,0.013630731102850069,0.007709429181136818,xgboost,validation,1,0.3454403281211853,SELL
2881,2025-05-28,2025-05-28T13:30:00+08:00,2025-05-29,80.0,2025-06-03,83.6,0.04499999999999993,0.038895448985196035,xgboost,validation,1,0.2809043228626251,SELL
2881,2025-05-29,2025-05-29T13:30:00+08:00,2025-06-02,79.6,2025-06-04,87.1,0.0942211055276383,0.08782902078106547,xgboost,validation,1,0.4354060888290405,SELL
2881,2025-06-02,2025-06-02T13:30:00+08:00,2025-06-03,81.8,2025-06-05,87.1,0.06479217603911969,0.05857200555223474,xgboost,validation,1,0.2506210505962372,SELL
2881,2025-06-03,2025-06-03T13:30:00+08:00,2025-06-04,83.9,2025-06-06,87.8,0.04648390941597125,0.04037068988372128,xgboost,validation,1,0.3095950186252594,SELL
2881,2025-06-04,2025-06-04T13:30:00+08:00,2025-06-05,86.4,2025-06-09,88.5,0.02430555555555558,0.01832189477217172,xgboost,validation,1,0.31809741258621216,SELL
2881,2025-06-05,2025-06-05T13:30:00+08:00,2025-06-06,87.0,2025-06-10,87.7,0.008045977011494232,0.0021572994115568456,xgboost,validation,0,0.2899579405784607,SELL
2881,2025-06-06,2025-06-06T13:30:00+08:00,2025-06-09,87.8,2025-06-11,90.1,0.026195899772209597,0.020201196211116823,xgboost,validation,1,0.23934173583984375,SELL
2881,2025-06-09,2025-06-09T13:30:00+08:00,2025-06-10,88.2,2025-06-12,87.5,-0.00793650793650802,-0.01373182104390136,xgboost,validation,0,0.19033558666706085,SELL
2881,2025-06-10,2025-06-10T13:30:00+08:00,2025-06-11,87.1,2025-06-13,86.5,-0.006888633754305373,-0.012690068202753535,xgboost,validation,0,0.2683417797088623,SELL
2881,2025-06-11,2025-06-11T13:30:00+08:00,2025-06-12,87.8,2025-06-16,86.0,-0.02050113895216399,-0.026223053560976206,xgboost,validation,0,0.470518559217453,HOLD
2881,2025-06-12,2025-06-12T13:30:00+08:00,2025-06-13,86.5,2025-06-17,85.8,-0.008092485549133,-0.013886887485910604,xgboost,validation,0,0.34998250007629395,SELL
2881,2025-06-13,2025-06-13T13:30:00+08:00,2025-06-16,86.5,2025-06-18,87.4,0.010404624277456698,0.004502168225307912,xgboost,validation,1,0.2391388714313507,SELL
2881,2025-06-16,2025-06-16T13:30:00+08:00,2025-06-17,86.3,2025-06-19,86.7,0.004634994206257348,-0.0012337575386128785,xgboost,validation,0,0.36966991424560547,SELL
2881,2025-06-17,2025-06-17T13:30:00+08:00,2025-06-18,86.2,2025-06-20,84.9,-0.015081206496519672,-0.020834782592578094,xgboost,validation,0,0.511791467666626,HOLD
2881,2025-06-18,2025-06-18T13:30:00+08:00,2025-06-19,86.6,2025-06-23,84.7,-0.021939953810623414,-0.027653463329766592,xgboost,validation,0,0.20407404005527496,SELL
2881,2025-06-19,2025-06-19T13:30:00+08:00,2025-06-20,86.1,2025-06-24,86.1,0.0,-0.005841675612252573,xgboost,validation,0,0.3029935956001282,SELL
2881,2025-06-20,2025-06-20T13:30:00+08:00,2025-06-23,84.2,2025-06-25,85.7,0.017814726840855055,0.011868983373277464,xgboost,validation,1,0.3938383162021637,SELL
2881,2025-06-23,2025-06-23T13:30:00+08:00,2025-06-24,85.2,2025-06-26,86.1,0.010563380281690016,0.0046599968284630755,xgboost,validation,1,0.27317845821380615,SELL
2881,2025-06-24,2025-06-24T13:30:00+08:00,2025-06-25,86.5,2025-06-27,86.1,-0.0046242774566475076,-0.010438939540057257,xgboost,validation,0,0.3437407612800598,SELL
2881,2025-06-25,2025-06-25T13:30:00+08:00,2025-06-26,86.0,2025-06-30,87.3,0.015116279069767424,0.009186299058725034,xgboost,validation,1,0.4094705879688263,SELL
2882,2025-01-02,2025-01-02T13:30:00+08:00,2025-01-03,68.1,2025-01-07,69.1,0.014684287812041008,0.00875683135379357,xgboost,validation,1,0.1586471050977707,SELL
2882,2025-01-03,2025-01-03T13:30:00+08:00,2025-01-06,68.3,2025-01-08,68.8,0.007320644216691097,0.0014362037756519008,xgboost,validation,0,0.2506667971611023,SELL
2882,2025-01-06,2025-01-06T13:30:00+08:00,2025-01-07,69.1,2025-01-09,68.3,-0.011577424023154759,-0.01735146807983856,xgboost,validation,0,0.4941498637199402,HOLD
2882,2025-01-07,2025-01-07T13:30:00+08:00,2025-01-08,68.8,2025-01-10,65.1,-0.053779069767441956,-0.05930658549938428,xgboost,validation,0,0.23025824129581451,SELL
2882,2025-01-08,2025-01-08T13:30:00+08:00,2025-01-09,68.6,2025-01-13,64.2,-0.06413994169096193,-0.06960693257006723,xgboost,validation,0,0.3235304057598114,SELL
2882,2025-01-09,2025-01-09T13:30:00+08:00,2025-01-10,67.5,2025-01-14,65.5,-0.029629629629629672,-0.03529821855707471,xgboost,validation,0,0.38974449038505554,SELL
2882,2025-01-10,2025-01-10T13:30:00+08:00,2025-01-13,65.0,2025-01-15,64.7,-0.004615384615384577,-0.010430098647888242,xgboost,validation,0,0.20719049870967865,SELL
2882,2025-01-13,2025-01-13T13:30:00+08:00,2025-01-14,64.5,2025-01-16,65.5,0.015503875968992276,0.00957163174259601,xgboost,validation,1,0.3780837059020996,SELL
2882,2025-01-14,2025-01-14T13:30:00+08:00,2025-01-15,65.5,2025-01-17,65.5,0.0,-0.005841675612252684,xgboost,validation,0,0.20013047754764557,SELL
2882,2025-01-15,2025-01-15T13:30:00+08:00,2025-01-16,65.6,2025-01-20,65.1,-0.007621951219512146,-0.013419101865207894,xgboost,validation,0,0.2179691642522812,SELL
2882,2025-01-16,2025-01-16T13:30:00+08:00,2025-01-17,65.8,2025-01-21,65.9,0.001519756838905817,-0.00433079669980907,xgboost,validation,0,0.18726804852485657,SELL
2882,2025-01-17,2025-01-17T13:30:00+08:00,2025-01-20,65.7,2025-01-22,66.8,0.016742770167427645,0.01080328872300651,xgboost,validation,1,0.17572179436683655,SELL
2882,2025-01-20,2025-01-20T13:30:00+08:00,2025-01-21,65.3,2025-02-03,66.0,0.010719754977029039,0.004815458033557984,xgboost,validation,1,0.3456834852695465,SELL
2882,2025-01-21,2025-01-21T13:30:00+08:00,2025-01-22,66.5,2025-02-04,65.2,-0.019548872180451093,-0.02527634962284009,xgboost,validation,0,0.3958660066127777,SELL
2882,2025-01-22,2025-01-22T13:30:00+08:00,2025-02-03,65.1,2025-02-05,66.5,0.021505376344086002,0.015538073299312005,xgboost,validation,1,0.20587441325187683,SELL
2882,2025-02-03,2025-02-03T13:30:00+08:00,2025-02-04,66.5,2025-02-06,66.9,0.00601503759398514,0.00013822408331298774,xgboost,validation,0,0.3766719698905945,SELL
2882,2025-02-04,2025-02-04T13:30:00+08:00,2025-02-05,65.9,2025-02-07,66.9,0.015174506828528056,0.00924418666980742,xgboost,validation,1,0.24489735066890717,SELL
2882,2025-02-05,2025-02-05T13:30:00+08:00,2025-02-06,66.8,2025-02-10,67.4,0.008982035928143839,0.0030878901756614674,xgboost,validation,0,0.23228135704994202,SELL
2882,2025-02-06,2025-02-06T13:30:00+08:00,2025-02-07,66.6,2025-02-11,68.5,0.028528528528528607,0.022520198506917666,xgboost,validation,1,0.3442617952823639,SELL
2882,2025-02-07,2025-02-07T13:30:00+08:00,2025-02-10,66.7,2025-02-12,68.7,0.02998500749625177,0.02396816919697531,xgboost,validation,1,0.18314418196678162,SELL
2882,2025-02-10,2025-02-10T13:30:00+08:00,2025-02-11,68.1,2025-02-13,68.7,0.008810572687224738,0.002917428567375424,xgboost,validation,0,0.17331452667713165,SELL
2882,2025-02-11,2025-02-11T13:30:00+08:00,2025-02-12,68.6,2025-02-14,68.7,0.001457725947521915,-0.004392465226847553,xgboost,validation,0,0.36447224020957947,SELL
2882,2025-02-12,2025-02-12T13:30:00+08:00,2025-02-13,68.6,2025-02-17,69.0,0.005830903790087438,-4.483407063293754e-05,xgboost,validation,0,0.27495014667510986,SELL
2882,2025-02-13,2025-02-13T13:30:00+08:00,2025-02-14,68.7,2025-02-18,69.2,0.00727802037845704,0.0013938289320540864,xgboost,validation,0,0.1294153928756714,SELL
2882,2025-02-14,2025-02-14T13:30:00+08:00,2025-02-17,68.9,2025-02-19,68.7,-0.002902757619738794,-0.008727476263595824,xgboost,validation,0,0.21906495094299316,SELL
2882,2025-02-17,2025-02-17T13:30:00+08:00,2025-02-18,68.7,2025-02-20,68.8,0.0014556040756912303,-0.00439457470339133,xgboost,validation,0,0.4125857651233673,SELL
2882,2025-02-18,2025-02-18T13:30:00+08:00,2025-02-19,69.0,2025-02-21,68.9,-0.0014492753623187582,-0.00728248477803195,xgboost,validation,0,0.270169198513031,SELL
2882,2025-02-19,2025-02-19T13:30:00+08:00,2025-02-20,68.7,2025-02-24,68.7,0.0,-0.005841675612252462,xgboost,validation,0,0.4201918840408325,SELL
2882,2025-02-20,2025-02-20T13:30:00+08:00,2025-02-21,68.6,2025-02-25,68.7,0.001457725947521915,-0.004392465226847553,xgboost,validation,0,0.4129314720630646,SELL
2882,2025-02-21,2025-02-21T13:30:00+08:00,2025-02-24,68.4,2025-02-26,69.2,0.011695906432748426,0.005785907129124412,xgboost,validation,1,0.3742784857749939,SELL
2882,2025-02-24,2025-02-24T13:30:00+08:00,2025-02-25,68.2,2025-02-27,68.4,0.0029325513196480912,-0.00292625530613011,xgboost,validation,0,0.34345507621765137,SELL
2882,2025-02-25,2025-02-25T13:30:00+08:00,2025-02-26,68.5,2025-03-03,68.8,0.004379562043795637,-0.0014876975492404965,xgboost,validation,0,0.23569537699222565,SELL
2882,2025-02-26,2025-02-26T13:30:00+08:00,2025-02-27,69.0,2025-03-04,67.7,-0.018840579710144856,-0.024572194767383926,xgboost,validation,0,0.2167435586452484,SELL
2882,2025-02-27,2025-02-27T13:30:00+08:00,2025-03-03,68.7,2025-03-05,68.2,-0.00727802037845704,-0.013077180156559232,xgboost,validation,0,0.2836352586746216,SELL
2882,2025-03-03,2025-03-03T13:30:00+08:00,2025-03-04,67.8,2025-03-06,68.7,0.013274336283185972,0.007355116304399223,xgboost,validation,1,0.31274551153182983,SELL
2882,2025-03-04,2025-03-04T13:30:00+08:00,2025-03-05,67.9,2025-03-07,67.3,-0.008836524300441906,-0.014626579804191464,xgboost,validation,0,0.263028621673584,SELL
2882,2025-03-05,2025-03-05T13:30:00+08:00,2025-03-06,68.0,2025-03-10,67.3,-0.010294117647058898,-0.016075658363303047,xgboost,validation,0,0.3478684425354004,SELL
2882,2025-03-06,2025-03-06T13:30:00+08:00,2025-03-07,68.3,2025-03-11,65.9,-0.03513909224011702,-0.04077549667419378,xgboost,validation,0,0.26205524802207947,SELL
2882,2025-03-07,2025-03-07T13:30:00+08:00,2025-03-10,67.2,2025-03-12,66.5,-0.01041666666666674,-0.016197491491291682,xgboost,validation,0,0.3893282413482666,SELL
2882,2025-03-10,2025-03-10T13:30:00+08:00,2025-03-11,66.0,2025-03-13,65.9,-0.0015151515151514694,-0.007347976103748932,xgboost,validation,0,0.5223014950752258,HOLD
2882,2025-03-11,2025-03-11T13:30:00+08:00,2025-03-12,66.0,2025-03-14,66.0,0.0,-0.005841675612252573,xgboost,validation,0,0.31880345940589905,SELL
2882,2025-03-12,2025-03-12T13:30:00+08:00,2025-03-13,66.8,2025-03-17,66.0,-0.0119760479041916,-0.017747763329471145,xgboost,validation,0,0.30211740732192993,SELL
2882,2025-03-13,2025-03-13T13:30:00+08:00,2025-03-14,66.6,2025-03-18,66.5,-0.0015015015015014122,-0.007334405829050872,xgboost,validation,0,0.3756740093231201,SELL
2882,2025-03-14,2025-03-14T13:30:00+08:00,2025-03-17,65.8,2025-03-19,65.3,-0.0075987841945288626,-0.013396070174469643,xgboost,validation,0,0.12701775133609772,SELL
2882,2025-03-17,2025-03-17T13:30:00+08:00,2025-03-18,66.3,2025-03-20,65.9,-0.006033182503770607,-0.011839614220926498,xgboost,validation,0,0.2887655198574066,SELL
2882,2025-03-18,2025-03-18T13:30:00+08:00,2025-03-19,66.3,2025-03-21,65.1,-0.018099547511312264,-0.023835491438275014,xgboost,validation,0,0.2422851026058197,SELL
2882,2025-03-19,2025-03-19T13:30:00+08:00,2025-03-20,65.8,2025-03-24,65.0,-0.012158054711246202,-0.017928706911799708,xgboost,validation,0,0.37173810601234436,SELL
2882,2025-03-20,2025-03-20T13:30:00+08:00,2025-03-21,65.6,2025-03-25,65.0,-0.009146341463414531,-0.01493458711579898,xgboost,validation,0,0.3044823706150055,SELL
2882,2025-03-21,2025-03-21T13:30:00+08:00,2025-03-24,65.3,2025-03-26,65.4,0.0015313935681471325,-0.004319227948565207,xgboost,validation,0,0.5079572796821594,HOLD
2882,2025-03-24,2025-03-24T13:30:00+08:00,2025-03-25,65.4,2025-03-27,65.3,-0.00152905198776776,-0.007361795374313473,xgboost,validation,0,0.44198787212371826,SELL
2882,2025-03-25,2025-03-25T13:30:00+08:00,2025-03-26,65.5,2025-03-28,64.0,-0.022900763358778664,-0.028608660140216347,xgboost,validation,0,0.24619100987911224,SELL
2882,2025-03-26,2025-03-26T13:30:00+08:00,2025-03-27,65.1,2025-03-31,61.2,-0.05990783410138234,-0.06539954758018185,xgboost,validation,0,0.5254186391830444,HOLD
2882,2025-03-27,2025-03-27T13:30:00+08:00,2025-03-28,65.0,2025-04-01,61.6,-0.05230769230769228,-0.05784380334945771,xgboost,validation,0,0.48126110434532166,HOLD
2882,2025-03-28,2025-03-28T13:30:00+08:00,2025-03-31,62.8,2025-04-02,61.6,-0.019108280254776955,-0.024838331492273102,xgboost,validation,0,0.5038120746612549,HOLD
2882,2025-03-31,2025-03-31T13:30:00+08:00,2025-04-01,61.5,2025-04-07,55.5,-0.09756097560975607,-0.10283273165008155,xgboost,validation,0,0.3404395282268524,SELL
2882,2025-04-01,2025-04-01T13:30:00+08:00,2025-04-02,61.6,2025-04-08,54.1,-0.12175324675324672,-0.1268836793932283,xgboost,validation,0,0.22418418526649475,SELL
2882,2025-04-02,2025-04-02T13:30:00+08:00,2025-04-07,55.5,2025-04-09,49.5,-0.10810810810810811,-0.11331825122173877,xgboost,validation,0,0.34615951776504517,SELL
2882,2025-04-08,2025-04-08T13:30:00+08:00,2025-04-09,53.5,2025-04-11,54.2,0.013084112149532867,0.007166003398428433,xgboost,validation,1,0.42081528902053833,SELL
2882,2025-04-09,2025-04-09T13:30:00+08:00,2025-04-10,54.4,2025-04-14,54.5,0.0018382352941177516,-0.0040141786924221545,xgboost,validation,0,0.6518833041191101,BUY
2882,2025-04-11,2025-04-11T13:30:00+08:00,2025-04-14,54.4,2025-04-16,54.8,0.007352941176470562,0.0014683120670690997,xgboost,validation,0,0.2633650302886963,SELL
2882,2025-04-14,2025-04-14T13:30:00+08:00,2025-04-15,54.8,2025-04-17,53.9,-0.01642335766423353,-0.022169093348547664,xgboost,validation,0,0.3790503442287445,SELL
2882,2025-04-15,2025-04-15T13:30:00+08:00,2025-04-16,55.1,2025-04-18,53.6,-0.02722323049001818,-0.03290587682063051,xgboost,validation,0,0.298213928937912,SELL
2882,2025-04-16,2025-04-16T13:30:00+08:00,2025-04-17,54.5,2025-04-21,54.1,-0.007339449541284404,-0.013138250470144275,xgboost,validation,0,0.2385413497686386,SELL
2882,2025-04-17,2025-04-17T13:30:00+08:00,2025-04-18,53.6,2025-04-22,52.5,-0.020522388059701524,-0.026244178538120555,xgboost,validation,0,0.3559766113758087,SELL
2882,2025-04-18,2025-04-18T13:30:00+08:00,2025-04-21,53.8,2025-04-23,53.6,-0.0037174721189590088,-0.009537431464995083,xgboost,validation,0,0.15916430950164795,SELL
2882,2025-04-21,2025-04-21T13:30:00+08:00,2025-04-22,53.1,2025-04-24,53.5,0.007532956685499137,0.0016472759838885853,xgboost,validation,0,0.2311287522315979,SELL
2882,2025-04-22,2025-04-22T13:30:00+08:00,2025-04-23,53.6,2025-04-25,54.1,0.009328358208955168,0.003432189354050985,xgboost,validation,0,0.2442101240158081,SELL
2882,2025-04-23,2025-04-23T13:30:00+08:00,2025-04-24,53.7,2025-04-28,54.6,0.016759776536312776,0.0108201957462013,xgboost,validation,1,0.2732168734073639,SELL
2882,2025-04-24,2025-04-24T13:30:00+08:00,2025-04-25,54.0,2025-04-29,55.7,0.031481481481481444,0.025455901266620895,xgboost,validation,1,0.3036253750324249,SELL
2882,2025-04-25,2025-04-25T13:30:00+08:00,2025-04-28,54.8,2025-04-30,58.5,0.0675182481751826,0.061282152859182926,xgboost,validation,1,0.20260252058506012,SELL
2882,2025-04-28,2025-04-28T13:30:00+08:00,2025-04-29,54.6,2025-05-02,58.7,0.07509157509157505,0.06881123885642437,xgboost,validation,1,0.2175900638103485,SELL
2882,2025-04-29,2025-04-29T13:30:00+08:00,2025-04-30,58.4,2025-05-05,54.7,-0.06335616438356162,-0.06882773383544871,xgboost,validation,0,0.21351204812526703,SELL
2882,2025-04-30,2025-04-30T13:30:00+08:00,2025-05-02,58.5,2025-05-06,55.9,-0.04444444444444451,-0.05002649002948578,xgboost,validation,0,0.2093466818332672,SELL
2882,2025-05-02,2025-05-02T13:30:00+08:00,2025-05-05,55.1,2025-05-07,56.2,0.019963702359346636,0.014005405273891158,xgboost,validation,1,0.24407677352428436,SELL
2882,2025-05-05,2025-05-05T13:30:00+08:00,2025-05-06,53.9,2025-05-08,55.2,0.024118738404452778,0.018136168946264464,xgboost,validation,1,0.3721889853477478,SELL
2882,2025-05-06,2025-05-06T13:30:00+08:00,2025-05-07,55.7,2025-05-09,55.2,-0.008976660682226245,-0.014765897554691931,xgboost,validation,0,0.3307068347930908,SELL
2882,2025-05-07,2025-05-07T13:30:00+08:00,2025-05-08,55.1,2025-05-12,56.1,0.01814882032667886,0.012201125193332496,xgboost,validation,1,0.43606334924697876,SELL
2882,2025-05-08,2025-05-08T13:30:00+08:00,2025-05-09,54.6,2025-05-13,57.9,0.06043956043956045,0.054244816521072714,xgboost,validation,1,0.2924883961677551,SELL
2882,2025-05-09,2025-05-09T13:30:00+08:00,2025-05-12,55.0,2025-05-14,58.8,0.06909090909090909,0.06284562679999173,xgboost,validation,1,0.3602677583694458,SELL
2882,2025-05-12,2025-05-12T13:30:00+08:00,2025-05-13,57.3,2025-05-15,59.6,0.04013961605584648,0.03406345782739528,xgboost,validation,1,0.4075131416320801,SELL
2882,2025-05-13,2025-05-13T13:30:00+08:00,2025-05-14,58.6,2025-05-16,63.0,0.07508532423208192,0.06880502451242454,xgboost,validation,1,0.25151440501213074,SELL
2882,2025-05-14,2025-05-14T13:30:00+08:00,2025-05-15,59.3,2025-05-19,60.5,0.02023608768971341,0.014276199417516455,xgboost,validation,1,0.2660369277000427,SELL
2882,2025-05-15,2025-05-15T13:30:00+08:00,2025-05-16,59.9,2025-05-20,61.5,0.026711185308848195,0.02071347161680248,xgboost,validation,1,0.16565081477165222,SELL
2882,2025-05-16,2025-05-16T13:30:00+08:00,2025-05-19,61.5,2025-05-21,63.5,0.03252032520325199,0.026488676400357125,xgboost,validation,1,0.4082866907119751,SELL
2882,2025-05-19,2025-05-19T13:30:00+08:00,2025-05-20,60.8,2025-05-22,65.6,0.07894736842105265,0.07264450789204324,xgboost,validation,1,0.5357249975204468,HOLD
2882,2025-05-20,2025-05-20T13:30:00+08:00,2025-05-21,61.7,2025-05-23,65.7,0.06482982171799034,0.05860943131726115,xgboost,validation,1,0.3175080716609955,SELL
2882,2025-05-21,2025-05-21T13:30:00+08:00,2025-05-22,62.2,2025-05-26,63.0,0.012861736334405016,0.006944926630676473,xgboost,validation,1,0.224067822098732,SELL
2882,2025-05-22,2025-05-22T13:30:00+08:00,2025-05-23,65.0,2025-05-27,62.2,-0.04307692307692301,-0.04866695727818626,xgboost,validation,0,0.20063640177249908,SELL
2882,2025-05-23,2025-05-23T13:30:00+08:00,2025-05-26,65.4,2025-05-28,61.2,-0.06422018348623859,-0.06968670561880508,xgboost,validation,0,0.35076719522476196,SELL
2882,2025-05-26,2025-05-26T13:30:00+08:00,2025-05-27,62.6,2025-05-29,59.8,-0.04472843450479236,-0.05030882111202406,xgboost,validation,0,0.34609243273735046,SELL
2882,2025-05-27,2025-05-27T13:30:00+08:00,2025-05-28,62.6,2025-06-02,60.4,-0.03514376996805113,-0.0407801470763588,xgboost,validation,0,0.47139713168144226,HOLD
2882,2025-05-28,2025-05-28T13:30:00+08:00,2025-05-29,61.6,2025-06-03,63.9,0.037337662337662225,0.031277872213913316,xgboost,validation,1,0.383565217256546,SELL
2882,2025-05-29,2025-05-29T13:30:00+08:00,2025-06-02,59.7,2025-06-04,64.7,0.08375209380234505,0.07742116562625223,xgboost,validation,1,0.39841461181640625,SELL
2882,2025-06-02,2025-06-02T13:30:00+08:00,2025-06-03,60.1,2025-06-05,66.1,0.09983361064891838,0.09340873946805495,xgboost,validation,1,0.27127185463905334,SELL
2882,2025-06-03,2025-06-03T13:30:00+08:00,2025-06-04,63.0,2025-06-06,66.3,0.05238095238095242,0.04623328423662931,xgboost,validation,1,0.42675143480300903,SELL
2882,2025-06-04,2025-06-04T13:30:00+08:00,2025-06-05,64.3,2025-06-09,67.7,0.05287713841368591,0.046726571711516396,xgboost,validation,1,0.35917234420776367,SELL
2882,2025-06-05,2025-06-05T13:30:00+08:00,2025-06-06,64.9,2025-06-10,66.0,0.016949152542372836,0.011008465479064977,xgboost,validation,1,0.23376907408237457,SELL
2882,2025-06-06,2025-06-06T13:30:00+08:00,2025-06-09,66.5,2025-06-11,68.4,0.028571428571428692,0.022562847941683062,xgboost,validation,1,0.21391503512859344,SELL
2882,2025-06-09,2025-06-09T13:30:00+08:00,2025-06-10,67.7,2025-06-12,68.5,0.011816838995568624,0.00590613324314182,xgboost,validation,1,0.11607395112514496,SELL
2882,2025-06-10,2025-06-10T13:30:00+08:00,2025-06-11,66.4,2025-06-13,69.0,0.03915662650602392,0.03308621058365313,xgboost,validation,1,0.20366385579109192,SELL
2882,2025-06-11,2025-06-11T13:30:00+08:00,2025-06-12,67.1,2025-06-16,67.3,0.0029806259314455463,-0.002878461530619991,xgboost,validation,0,0.3943476676940918,SELL
2882,2025-06-12,2025-06-12T13:30:00+08:00,2025-06-13,67.5,2025-06-17,65.7,-0.026666666666666616,-0.032352564262592476,xgboost,validation,0,0.22922734916210175,SELL
2882,2025-06-13,2025-06-13T13:30:00+08:00,2025-06-16,68.7,2025-06-18,67.3,-0.02037845705967989,-0.02610108833631164,xgboost,validation,0,0.5870187878608704,HOLD
2882,2025-06-16,2025-06-16T13:30:00+08:00,2025-06-17,67.3,2025-06-19,66.2,-0.01634472511144125,-0.022090920141621173,xgboost,validation,0,0.3279096484184265,SELL
2882,2025-06-17,2025-06-17T13:30:00+08:00,2025-06-18,66.3,2025-06-20,65.6,-0.010558069381598867,-0.01633806817743233,xgboost,validation,0,0.37633413076400757,SELL
2882,2025-06-18,2025-06-18T13:30:00+08:00,2025-06-19,66.5,2025-06-23,65.9,-0.009022556390977376,-0.01481152515560058,xgboost,validation,0,0.2766876220703125,SELL
2882,2025-06-19,2025-06-19T13:30:00+08:00,2025-06-20,66.2,2025-06-24,66.5,0.004531722054380571,-0.001336426408078517,xgboost,validation,0,0.3118892312049866,SELL
2882,2025-06-20,2025-06-20T13:30:00+08:00,2025-06-23,65.0,2025-06-25,66.5,0.023076923076922995,0.017100439565926218,xgboost,validation,1,0.2960555851459503,SELL
2882,2025-06-23,2025-06-23T13:30:00+08:00,2025-06-24,66.2,2025-06-26,66.7,0.007552870090634434,0.0016670730613710383,xgboost,validation,0,0.17731234431266785,SELL
2882,2025-06-24,2025-06-24T13:30:00+08:00,2025-06-25,66.9,2025-06-27,67.9,0.014947683109117982,0.009018687980987261,xgboost,validation,1,0.32488423585891724,SELL
2882,2025-06-25,2025-06-25T13:30:00+08:00,2025-06-26,66.4,2025-06-30,62.8,-0.05421686746987964,-0.05974182572966069,xgboost,validation,0,0.24055486917495728,SELL
2002,2026-01-02,2026-01-02T13:30:00+08:00,2026-01-05,18.8,2026-01-07,19.45,0.034574468085106336,0.02853081964583426,xgboost,test,1,0.13227126002311707,SELL
2002,2026-01-05,2026-01-05T13:30:00+08:00,2026-01-06,18.7,2026-01-08,19.15,0.024064171122994527,0.01808192042916379,xgboost,test,1,0.3545856475830078,SELL
2002,2026-01-06,2026-01-06T13:30:00+08:00,2026-01-07,18.65,2026-01-09,19.0,0.018766756032171594,0.012815451118884935,xgboost,test,1,0.3309260606765747,SELL
2002,2026-01-07,2026-01-07T13:30:00+08:00,2026-01-08,19.7,2026-01-12,19.55,-0.0076142131979695105,-0.013411409046676925,xgboost,test,0,0.19287976622581482,SELL
2002,2026-01-08,2026-01-08T13:30:00+08:00,2026-01-09,19.15,2026-01-13,19.45,0.015665796344647598,0.009732606231941832,xgboost,test,1,0.323000967502594,SELL
2002,2026-01-09,2026-01-09T13:30:00+08:00,2026-01-12,19.0,2026-01-14,19.4,0.021052631578947212,0.015087973322226222,xgboost,test,1,0.2764339745044708,SELL
2002,2026-01-12,2026-01-12T13:30:00+08:00,2026-01-13,19.75,2026-01-15,19.45,-0.0151898734177216,-0.020942814716876756,xgboost,test,0,0.3387678861618042,SELL
2002,2026-01-13,2026-01-13T13:30:00+08:00,2026-01-14,19.5,2026-01-16,19.25,-0.012820512820512775,-0.018587295155685246,xgboost,test,0,0.32814621925354004,SELL
2002,2026-01-14,2026-01-14T13:30:00+08:00,2026-01-15,19.5,2026-01-19,19.65,0.007692307692307665,0.0018056961138070982,xgboost,test,0,0.1140645444393158,SELL
2002,2026-01-15,2026-01-15T13:30:00+08:00,2026-01-16,19.55,2026-01-20,19.15,-0.020460358056266115,-0.02618251089384338,xgboost,test,0,0.11805662512779236,SELL
2002,2026-01-16,2026-01-16T13:30:00+08:00,2026-01-19,19.25,2026-01-21,18.95,-0.01558441558441559,-0.021335052096217444,xgboost,test,0,0.17214272916316986,SELL
2002,2026-01-19,2026-01-19T13:30:00+08:00,2026-01-20,19.65,2026-01-22,19.0,-0.03307888040712459,-0.03872731993042211,xgboost,test,0,0.23263134062290192,SELL
2002,2026-01-20,2026-01-20T13:30:00+08:00,2026-01-21,19.1,2026-01-23,19.15,0.002617801047120283,-0.0032391669096668574,xgboost,test,0,0.29877597093582153,SELL
2002,2026-01-21,2026-01-21T13:30:00+08:00,2026-01-22,19.15,2026-01-26,19.65,0.02610966057441244,0.02011546079473825,xgboost,test,1,0.1639571189880371,SELL
2002,2026-01-22,2026-01-22T13:30:00+08:00,2026-01-23,19.1,2026-01-27,19.35,0.01308900523560208,0.0071708679006761145,xgboost,test,1,0.10874837636947632,SELL
2002,2026-01-23,2026-01-23T13:30:00+08:00,2026-01-26,19.2,2026-01-28,19.6,0.02083333333333348,0.014869956145825647,xgboost,test,1,0.1953708380460739,SELL
2002,2026-01-26,2026-01-26T13:30:00+08:00,2026-01-27,19.75,2026-01-29,20.7,0.048101265822784844,0.041978598219056806,xgboost,test,1,0.1849709153175354,SELL
2002,2026-01-27,2026-01-27T13:30:00+08:00,2026-01-28,19.35,2026-01-30,20.75,0.07235142118863047,0.06608709204370822,xgboost,test,1,0.32447701692581177,SELL
2002,2026-01-28,2026-01-28T13:30:00+08:00,2026-01-29,19.85,2026-02-02,21.1,0.06297229219143574,0.05676275287564092,xgboost,test,1,0.25166523456573486,SELL
2002,2026-01-29,2026-01-29T13:30:00+08:00,2026-01-30,20.8,2026-02-03,20.65,-0.007211538461538547,-0.013011086605433486,xgboost,test,0,0.11503277719020844,SELL
2002,2026-01-30,2026-01-30T13:30:00+08:00,2026-02-02,21.05,2026-02-04,20.95,-0.004750593824228044,-0.010564518008393975,xgboost,test,0,0.24734538793563843,SELL
2002,2026-02-02,2026-02-02T13:30:00+08:00,2026-02-03,21.4,2026-02-05,20.95,-0.02102803738317749,-0.02674687402227538,xgboost,test,0,0.18764309585094452,SELL
2002,2026-02-03,2026-02-03T13:30:00+08:00,2026-02-04,20.65,2026-02-06,20.4,-0.01210653753026636,-0.01787749067747957,xgboost,test,0,0.46177589893341064,HOLD
2002,2026-02-04,2026-02-04T13:30:00+08:00,2026-02-05,21.15,2026-02-09,20.35,-0.03782505910165468,-0.04344577298862107,xgboost,test,0,0.18550072610378265,SELL
2002,2026-02-05,2026-02-05T13:30:00+08:00,2026-02-06,20.8,2026-02-10,20.5,-0.014423076923076983,-0.02018049759861429,xgboost,test,0,0.11492175608873367,SELL
2002,2026-02-06,2026-02-06T13:30:00+08:00,2026-02-09,20.6,2026-02-11,20.9,0.014563106796116276,0.00863635823805442,xgboost,test,1,0.19626125693321228,SELL
2002,2026-02-09,2026-02-09T13:30:00+08:00,2026-02-10,20.45,2026-02-23,20.45,0.0,-0.005841675612252462,xgboost,test,0,0.08885402977466583,SELL
2002,2026-02-10,2026-02-10T13:30:00+08:00,2026-02-11,20.6,2026-02-24,20.7,0.004854368932038833,-0.0010156643288168343,xgboost,test,0,0.20155388116836548,SELL
2002,2026-02-11,2026-02-11T13:30:00+08:00,2026-02-23,20.75,2026-02-25,21.25,0.024096385542168752,0.018113946662150937,xgboost,test,1,0.17359183728694916,SELL
2002,2026-02-23,2026-02-23T13:30:00+08:00,2026-02-24,20.6,2026-02-26,20.75,0.007281553398058138,0.0013973413129009238,xgboost,test,0,0.18190552294254303,SELL
2002,2026-02-24,2026-02-24T13:30:00+08:00,2026-02-25,20.7,2026-03-02,20.25,-0.021739130434782594,-0.02745381309894268,xgboost,test,0,0.15353551506996155,SELL
2002,2026-02-25,2026-02-25T13:30:00+08:00,2026-02-26,21.25,2026-03-03,20.05,-0.05647058823529405,-0.061982380989442976,xgboost,test,0,0.2641192674636841,SELL
2002,2026-02-26,2026-02-26T13:30:00+08:00,2026-03-02,20.4,2026-03-04,19.2,-0.05882352941176472,-0.06432157704682584,xgboost,test,0,0.13825729489326477,SELL
2002,2026-03-02,2026-03-02T13:30:00+08:00,2026-03-03,20.1,2026-03-05,19.3,-0.03980099502487566,-0.04541016613514803,xgboost,test,0,0.18515685200691223,SELL
2002,2026-03-03,2026-03-03T13:30:00+08:00,2026-03-04,19.8,2026-03-06,19.9,0.005050505050504972,-0.0008206739739307078,xgboost,test,0,0.3102664649486542,SELL
2002,2026-03-04,2026-03-04T13:30:00+08:00,2026-03-05,19.6,2026-03-09,19.15,-0.022959183673469497,-0.028666739182379608,xgboost,test,0,0.16236519813537598,SELL
2002,2026-03-05,2026-03-05T13:30:00+08:00,2026-03-06,19.1,2026-03-10,19.2,0.005235602094240788,-0.0006366582070810312,xgboost,test,0,0.1603272259235382,SELL
2002,2026-03-06,2026-03-06T13:30:00+08:00,2026-03-09,19.15,2026-03-11,19.5,0.018276762402088753,0.012328319872640936,xgboost,test,1,0.1934680938720703,SELL
2002,2026-03-09,2026-03-09T13:30:00+08:00,2026-03-10,19.4,2026-03-12,19.35,-0.002577319587628746,-0.008403939334901245,xgboost,test,0,0.2254917323589325,SELL
2002,2026-03-10,2026-03-10T13:30:00+08:00,2026-03-11,19.25,2026-03-13,19.1,-0.007792207792207684,-0.013588363854234897,xgboost,test,0,0.20855586230754852,SELL
2002,2026-03-11,2026-03-11T13:30:00+08:00,2026-03-12,19.3,2026-03-16,19.15,-0.00777202072538874,-0.013568294713711793,xgboost,test,0,0.2716536521911621,SELL
2002,2026-03-12,2026-03-12T13:30:00+08:00,2026-03-13,19.3,2026-03-17,19.25,-0.002590673575129543,-0.00841721531273909,xgboost,test,0,0.14164654910564423,SELL
2002,2026-03-13,2026-03-13T13:30:00+08:00,2026-03-16,19.2,2026-03-18,19.3,0.005208333333333481,-0.0006637676727330177,xgboost,test,0,0.2070406824350357,SELL
2002,2026-03-16,2026-03-16T13:30:00+08:00,2026-03-17,19.25,2026-03-19,18.8,-0.023376623376623384,-0.02908174033819988,xgboost,test,0,0.23192811012268066,SELL
2002,2026-03-17,2026-03-17T13:30:00+08:00,2026-03-18,19.4,2026-03-20,19.45,0.002577319587628857,-0.0032794118896037894,xgboost,test,0,0.12469753623008728,SELL
2002,2026-03-18,2026-03-18T13:30:00+08:00,2026-03-19,19.0,2026-03-23,19.05,0.0026315789473685403,-0.0032254694954426677,xgboost,test,0,0.1563691347837448,SELL
2002,2026-03-19,2026-03-19T13:30:00+08:00,2026-03-20,19.1,2026-03-24,19.2,0.005235602094240788,-0.0006366582070810312,xgboost,test,0,0.147439107298851,SELL
2002,2026-03-20,2026-03-20T13:30:00+08:00,2026-03-23,19.8,2026-03-25,19.3,-0.025252525252525304,-0.03094668380386234,xgboost,test,0,0.20575709640979767,SELL
2002,2026-03-23,2026-03-23T13:30:00+08:00,2026-03-24,19.35,2026-03-26,19.75,0.02067183462532296,0.014709400860879018,xgboost,test,1,0.15882204473018646,SELL
2002,2026-03-24,2026-03-24T13:30:00+08:00,2026-03-25,19.5,2026-03-27,19.6,0.00512820512820511,-0.0007434277948793477,xgboost,test,0,0.30779340863227844,SELL
2002,2026-03-25,2026-03-25T13:30:00+08:00,2026-03-26,19.45,2026-03-30,19.15,-0.015424164524421635,-0.021175737170932574,xgboost,test,0,0.1732461005449295,SELL
2002,2026-03-26,2026-03-26T13:30:00+08:00,2026-03-27,19.75,2026-03-31,18.9,-0.04303797468354442,-0.04862823640868741,xgboost,test,0,0.2040596455335617,SELL
2002,2026-03-27,2026-03-27T13:30:00+08:00,2026-03-30,19.25,2026-04-01,19.5,0.01298701298701288,0.0070694714577181905,xgboost,test,1,0.1284206360578537,SELL
2002,2026-03-30,2026-03-30T13:30:00+08:00,2026-03-31,19.0,2026-04-02,19.5,0.026315789473684292,0.020320385555846032,xgboost,test,1,0.16212384402751923,SELL
2002,2026-03-31,2026-03-31T13:30:00+08:00,2026-04-01,19.25,2026-04-07,19.5,0.01298701298701288,0.0070694714577181905,xgboost,test,1,0.2802888751029968,SELL
2002,2026-04-01,2026-04-01T13:30:00+08:00,2026-04-02,19.6,2026-04-08,19.95,0.017857142857142794,0.01191115160895695,xgboost,test,1,0.4186186194419861,SELL
2002,2026-04-02,2026-04-02T13:30:00+08:00,2026-04-07,19.5,2026-04-09,20.2,0.03589743589743577,0.029846059109359002,xgboost,test,1,0.15904206037521362,SELL
2002,2026-04-07,2026-04-07T13:30:00+08:00,2026-04-08,19.8,2026-04-10,20.05,0.012626262626262541,0.006710828483552422,xgboost,test,1,0.19288183748722076,SELL
2002,2026-04-08,2026-04-08T13:30:00+08:00,2026-04-09,20.0,2026-04-13,20.2,0.010000000000000009,0.004099907631624822,xgboost,test,1,0.24143747985363007,SELL
2002,2026-04-09,2026-04-09T13:30:00+08:00,2026-04-10,20.3,2026-04-14,20.5,0.009852216748768461,0.003952987682207976,xgboost,test,0,0.33754655718803406,SELL
2002,2026-04-10,2026-04-10T13:30:00+08:00,2026-04-13,20.05,2026-04-15,20.1,0.0024937655860348684,-0.0033624777958242147,xgboost,test,0,0.22448332607746124,SELL
2002,2026-04-13,2026-04-13T13:30:00+08:00,2026-04-14,20.2,2026-04-16,19.95,-0.012376237623762387,-0.018145615270516724,xgboost,test,0,0.10583366453647614,SELL
2002,2026-04-14,2026-04-14T13:30:00+08:00,2026-04-15,20.5,2026-04-17,20.1,-0.019512195121951126,-0.02523988681981837,xgboost,test,0,0.2652002274990082,SELL
2002,2026-04-15,2026-04-15T13:30:00+08:00,2026-04-16,20.25,2026-04-20,19.85,-0.01975308641975304,-0.02547937090880048,xgboost,test,0,0.5008804202079773,HOLD
2002,2026-04-16,2026-04-16T13:30:00+08:00,2026-04-17,20.05,2026-04-21,19.75,-0.014962593516209544,-0.020716862510822276,xgboost,test,0,0.27528929710388184,SELL
2002,2026-04-17,2026-04-17T13:30:00+08:00,2026-04-20,20.15,2026-04-22,19.55,-0.02977667493796521,-0.03544440487441869,xgboost,test,0,0.28537192940711975,SELL
2002,2026-04-20,2026-04-20T13:30:00+08:00,2026-04-21,19.9,2026-04-23,19.15,-0.03768844221105527,-0.04330995416957961,xgboost,test,0,0.17331495881080627,SELL
2002,2026-04-21,2026-04-21T13:30:00+08:00,2026-04-22,19.75,2026-04-24,19.0,-0.03797468354430378,-0.04359452337381253,xgboost,test,0,0.18651537597179413,SELL
2002,2026-04-22,2026-04-22T13:30:00+08:00,2026-04-23,19.4,2026-04-27,18.75,-0.03350515463917514,-0.0391511040066872,xgboost,test,0,0.1650661677122116,SELL
2002,2026-04-23,2026-04-23T13:30:00+08:00,2026-04-24,19.15,2026-04-28,18.75,-0.02088772845952991,-0.026607384737845075,xgboost,test,0,0.12463802844285965,SELL
2002,2026-04-24,2026-04-24T13:30:00+08:00,2026-04-27,18.8,2026-04-29,19.0,0.010638297872340496,0.004734476774851171,xgboost,test,1,0.16930121183395386,SELL
2002,2026-04-27,2026-04-27T13:30:00+08:00,2026-04-28,18.75,2026-04-30,18.75,0.0,-0.005841675612252573,xgboost,test,0,0.2264641672372818,SELL
2002,2026-04-28,2026-04-28T13:30:00+08:00,2026-04-29,18.75,2026-05-04,18.6,-0.007999999999999896,-0.013794942207354555,xgboost,test,0,0.10852167010307312,SELL
2002,2026-04-29,2026-04-29T13:30:00+08:00,2026-04-30,18.9,2026-05-05,18.6,-0.015873015873015706,-0.021621966475550147,xgboost,test,0,0.17263218760490417,SELL
2002,2026-04-30,2026-04-30T13:30:00+08:00,2026-05-04,18.8,2026-05-06,18.8,0.0,-0.005841675612252684,xgboost,test,0,0.15704114735126495,SELL
2002,2026-05-04,2026-05-04T13:30:00+08:00,2026-05-05,18.6,2026-05-07,18.85,0.013440860215053752,0.007520667457475261,xgboost,test,1,0.2188495248556137,SELL
2002,2026-05-05,2026-05-05T13:30:00+08:00,2026-05-06,18.6,2026-05-08,18.75,0.008064516129032251,0.002175730229584172,xgboost,test,0,0.3099644184112549,SELL
2002,2026-05-06,2026-05-06T13:30:00+08:00,2026-05-07,18.8,2026-05-11,18.6,-0.010638297872340385,-0.016417827999356427,xgboost,test,0,0.3556998074054718,SELL
2002,2026-05-07,2026-05-07T13:30:00+08:00,2026-05-08,18.85,2026-05-12,18.5,-0.018567639257294544,-0.02430084874412053,xgboost,test,0,0.20858359336853027,SELL
2002,2026-05-08,2026-05-08T13:30:00+08:00,2026-05-11,18.85,2026-05-13,18.4,-0.023872679045092937,-0.02957489821036874,xgboost,test,0,0.1675645262002945,SELL
2002,2026-05-11,2026-05-11T13:30:00+08:00,2026-05-12,18.8,2026-05-14,18.3,-0.02659574468085102,-0.03228205658001182,xgboost,test,0,0.1718812733888626,SELL
2002,2026-05-12,2026-05-12T13:30:00+08:00,2026-05-13,18.5,2026-05-15,18.15,-0.018918918918918948,-0.02465007634391292,xgboost,test,0,0.09942182898521423,SELL
2002,2026-05-13,2026-05-13T13:30:00+08:00,2026-05-14,18.5,2026-05-18,18.2,-0.016216216216216273,-0.021963161953675647,xgboost,test,0,0.17213021218776703,SELL
2002,2026-05-14,2026-05-14T13:30:00+08:00,2026-05-15,18.3,2026-05-19,18.2,-0.005464480874317057,-0.011274234761912472,xgboost,test,0,0.19105635583400726,SELL
2002,2026-05-15,2026-05-15T13:30:00+08:00,2026-05-18,18.15,2026-05-20,18.1,-0.0027548209366389242,-0.008580403778609691,xgboost,test,0,0.15233752131462097,SELL
2002,2026-05-18,2026-05-18T13:30:00+08:00,2026-05-19,18.35,2026-05-21,18.2,-0.008174386920981047,-0.013968310416512253,xgboost,test,0,0.19586895406246185,SELL
2002,2026-05-19,2026-05-19T13:30:00+08:00,2026-05-20,18.25,2026-05-22,18.15,-0.005479452054794609,-0.011289118485610317,xgboost,test,0,0.21399925649166107,SELL
2002,2026-05-20,2026-05-20T13:30:00+08:00,2026-05-21,18.3,2026-05-25,19.95,0.0901639344262295,0.08379555035713437,xgboost,test,1,0.16654042899608612,SELL
2002,2026-05-21,2026-05-21T13:30:00+08:00,2026-05-22,18.25,2026-05-26,19.5,0.06849315068493156,0.06225136030471634,xgboost,test,1,0.1332249790430069,SELL
2002,2026-05-22,2026-05-22T13:30:00+08:00,2026-05-25,18.5,2026-05-27,19.1,0.032432432432432545,0.026401297070593355,xgboost,test,1,0.22355762124061584,SELL
2002,2026-05-25,2026-05-25T13:30:00+08:00,2026-05-26,21.0,2026-05-28,18.85,-0.10238095238095235,-0.10762455168052187,xgboost,test,0,0.24262769520282745,SELL
2002,2026-05-26,2026-05-26T13:30:00+08:00,2026-05-27,19.65,2026-05-29,19.1,-0.027989821882951516,-0.03366799003531906,xgboost,test,0,0.44965821504592896,SELL
2002,2026-05-27,2026-05-27T13:30:00+08:00,2026-05-28,19.1,2026-06-01,19.1,0.0,-0.005841675612252462,xgboost,test,0,0.21397238969802856,SELL
2002,2026-05-28,2026-05-28T13:30:00+08:00,2026-05-29,19.05,2026-06-02,18.95,-0.005249343832021025,-0.011060354480429746,xgboost,test,0,0.17335031926631927,SELL
2002,2026-05-29,2026-05-29T13:30:00+08:00,2026-06-01,19.2,2026-06-03,19.4,0.01041666666666674,0.004514140266786315,xgboost,test,1,0.1899041384458542,SELL
2002,2026-06-01,2026-06-01T13:30:00+08:00,2026-06-02,19.1,2026-06-04,19.25,0.00785340314136107,0.001965850495504462,xgboost,test,0,0.2537911832332611,SELL
2002,2026-06-02,2026-06-02T13:30:00+08:00,2026-06-03,19.1,2026-06-05,19.3,0.010471204188481575,0.004568359198090288,xgboost,test,1,0.18458342552185059,SELL
2002,2026-06-03,2026-06-03T13:30:00+08:00,2026-06-04,19.45,2026-06-08,18.65,-0.04113110539845766,-0.04673250643539906,xgboost,test,0,0.16966015100479126,SELL
2002,2026-06-04,2026-06-04T13:30:00+08:00,2026-06-05,19.35,2026-06-09,18.75,-0.03100775193798455,-0.03666829032195029,xgboost,test,0,0.14608027040958405,SELL
2002,2026-06-05,2026-06-05T13:30:00+08:00,2026-06-08,18.6,2026-06-10,18.7,0.005376344086021501,-0.0004967383843615947,xgboost,test,0,0.08677110821008682,SELL
2002,2026-06-08,2026-06-08T13:30:00+08:00,2026-06-09,18.75,2026-06-11,18.55,-0.010666666666666602,-0.0164460310723884,xgboost,test,0,0.16803881525993347,SELL
2002,2026-06-09,2026-06-09T13:30:00+08:00,2026-06-10,18.75,2026-06-12,18.9,0.008000000000000007,0.0021115909828492985,xgboost,test,0,0.16461901366710663,SELL
2002,2026-06-10,2026-06-10T13:30:00+08:00,2026-06-11,18.7,2026-06-15,19.0,0.016042780748663166,0.010107388415358631,xgboost,test,1,0.12801122665405273,SELL
2002,2026-06-11,2026-06-11T13:30:00+08:00,2026-06-12,18.75,2026-06-16,18.65,-0.005333333333333412,-0.011143853342320709,xgboost,test,0,0.12234406918287277,SELL
2002,2026-06-12,2026-06-12T13:30:00+08:00,2026-06-15,19.2,2026-06-17,18.75,-0.0234375,-0.029142261340090347,xgboost,test,0,0.07489932328462601,SELL
2002,2026-06-15,2026-06-15T13:30:00+08:00,2026-06-16,19.05,2026-06-18,19.1,0.002624671916010568,-0.003232336178163986,xgboost,test,0,0.28440457582473755,SELL
2002,2026-06-16,2026-06-16T13:30:00+08:00,2026-06-17,18.65,2026-06-22,19.5,0.04557640750670244,0.03946848930622382,xgboost,test,1,0.2057630717754364,SELL
2002,2026-06-17,2026-06-17T13:30:00+08:00,2026-06-18,18.8,2026-06-23,19.2,0.02127659574468077,0.015310629161954692,xgboost,test,1,0.2315809279680252,SELL
2002,2026-06-18,2026-06-18T13:30:00+08:00,2026-06-22,19.25,2026-06-24,19.35,0.0051948051948051965,-0.0006772167842641341,xgboost,test,0,0.1725817620754242,SELL
2002,2026-06-22,2026-06-22T13:30:00+08:00,2026-06-23,19.75,2026-06-25,19.05,-0.03544303797468351,-0.04107766685637537,xgboost,test,0,0.23139789700508118,SELL
2002,2026-06-23,2026-06-23T13:30:00+08:00,2026-06-24,19.15,2026-06-26,19.0,-0.007832898172323688,-0.013628816534349664,xgboost,test,0,0.35382896661758423,SELL
2002,2026-06-24,2026-06-24T13:30:00+08:00,2026-06-25,19.4,2026-06-29,19.05,-0.018041237113401998,-0.023777521670794277,xgboost,test,0,0.18395143747329712,SELL
2002,2026-06-25,2026-06-25T13:30:00+08:00,2026-06-26,19.0,2026-06-30,18.8,-0.010526315789473606,-0.01630650007949208,xgboost,test,0,0.18871769309043884,SELL
2303,2026-01-02,2026-01-02T14:30:00+08:00,2026-01-05,48.5,2026-01-07,54.1,0.11546391752577323,0.10894773916241518,xgboost,test,1,0.307182252407074,SELL
2303,2026-01-05,2026-01-05T14:30:00+08:00,2026-01-06,48.85,2026-01-08,52.8,0.08085977482088014,0.07454574263404412,xgboost,test,1,0.34494444727897644,SELL
2303,2026-01-06,2026-01-06T14:30:00+08:00,2026-01-07,50.8,2026-01-09,55.1,0.08464566929133865,0.0783095211371041,xgboost,test,1,0.27670273184776306,SELL
2303,2026-01-07,2026-01-07T14:30:00+08:00,2026-01-08,57.0,2026-01-12,55.3,-0.029824561403508865,-0.035492011602764495,xgboost,test,0,0.45345979928970337,HOLD
2303,2026-01-08,2026-01-08T14:30:00+08:00,2026-01-09,54.4,2026-01-13,54.9,0.009191176470588314,0.0032958089868995177,xgboost,test,0,0.37851792573928833,SELL
2303,2026-01-09,2026-01-09T13:30:00+08:00,2026-01-12,57.0,2026-01-14,54.0,-0.052631578947368474,-0.05816579794844989,xgboost,test,0,0.7974569201469421,BUY
2303,2026-01-12,2026-01-12T14:30:00+08:00,2026-01-13,55.5,2026-01-15,54.7,-0.014414414414414378,-0.020171885693517244,xgboost,test,0,0.3380063474178314,SELL
2303,2026-01-13,2026-01-13T14:30:00+08:00,2026-01-14,55.1,2026-01-16,58.5,0.06170598911070768,0.05550384712673728,xgboost,test,1,0.21074536442756653,SELL
2303,2026-01-14,2026-01-14T14:30:00+08:00,2026-01-15,54.7,2026-01-19,62.5,0.14259597806215707,0.13592130300245353,xgboost,test,1,0.1650238335132599,SELL
2303,2026-01-15,2026-01-15T14:30:00+08:00,2026-01-16,54.8,2026-01-20,67.8,0.23722627737226287,0.22999880280089924,xgboost,test,1,0.2805984616279602,SELL
2303,2026-01-16,2026-01-16T14:30:00+08:00,2026-01-19,60.3,2026-01-21,68.4,0.1343283582089554,0.1277019799025194,xgboost,test,1,0.5147236585617065,HOLD
2303,2026-01-19,2026-01-19T14:30:00+08:00,2026-01-20,62.4,2026-01-22,67.6,0.08333333333333326,0.07700485142005964,xgboost,test,1,0.37084826827049255,SELL
2303,2026-01-20,2026-01-20T14:30:00+08:00,2026-01-21,70.9,2026-01-23,64.8,-0.0860366713681242,-0.09137574865548614,xgboost,test,0,0.4209524691104889,SELL
2303,2026-01-21,2026-01-21T14:30:00+08:00,2026-01-22,71.5,2026-01-26,69.3,-0.03076923076923077,-0.036431162516491034,xgboost,test,0,0.24571368098258972,SELL
2303,2026-01-22,2026-01-22T14:30:00+08:00,2026-01-23,68.0,2026-01-27,76.2,0.12058823529411766,0.11404212232862276,xgboost,test,1,0.6205521821975708,BUY
2303,2026-01-23,2026-01-23T14:30:00+08:00,2026-01-26,66.0,2026-01-28,75.9,0.15000000000000013,0.14328207304590967,xgboost,test,1,0.2644992768764496,SELL
2303,2026-01-26,2026-01-26T14:30:00+08:00,2026-01-27,71.1,2026-01-29,68.4,-0.03797468354430367,-0.043594523373812644,xgboost,test,0,0.46763521432876587,HOLD
2303,2026-01-27,2026-01-27T14:30:00+08:00,2026-01-28,79.6,2026-01-30,62.4,-0.2160804020100502,-0.22065980600759483,xgboost,test,0,0.5320684909820557,HOLD
2303,2026-01-28,2026-01-28T14:30:00+08:00,2026-01-29,70.3,2026-02-02,60.7,-0.13655761024182067,-0.14160156059265605,xgboost,test,0,0.6446396708488464,BUY
2303,2026-01-29,2026-01-29T14:30:00+08:00,2026-01-30,65.0,2026-02-03,60.8,-0.06461538461538463,-0.07007959811115327,xgboost,test,0,0.20911814272403717,SELL
2303,2026-01-30,2026-01-30T14:30:00+08:00,2026-02-02,62.3,2026-02-04,61.8,-0.008025682182985605,-0.013820474363358093,xgboost,test,0,0.18123812973499298,SELL
2303,2026-02-02,2026-02-02T14:30:00+08:00,2026-02-03,62.5,2026-02-05,61.5,-0.016000000000000014,-0.021748208802456426,xgboost,test,0,0.30212077498435974,SELL
2303,2026-02-03,2026-02-03T14:30:00+08:00,2026-02-04,60.6,2026-02-06,61.9,0.021452145214521323,0.015485153128738771,xgboost,test,1,0.33117398619651794,SELL
2303,2026-02-04,2026-02-04T14:30:00+08:00,2026-02-05,61.8,2026-02-09,62.4,0.009708737864077666,0.003810346954618904,xgboost,test,0,0.12177403271198273,SELL
2303,2026-02-05,2026-02-05T14:30:00+08:00,2026-02-06,61.1,2026-02-10,62.4,0.02127659574468077,0.015310629161954692,xgboost,test,1,0.3156892955303192,SELL
2303,2026-02-06,2026-02-06T14:30:00+08:00,2026-02-09,63.6,2026-02-11,62.8,-0.012578616352201366,-0.01834681176807329,xgboost,test,0,0.34224554896354675,SELL
2303,2026-02-09,2026-02-09T14:30:00+08:00,2026-02-10,62.8,2026-02-23,63.9,0.01751592356687892,0.011571925611099765,xgboost,test,1,0.19511966407299042,SELL
2303,2026-02-10,2026-02-10T14:30:00+08:00,2026-02-11,62.9,2026-02-24,67.5,0.0731319554848966,0.06686306671181175,xgboost,test,1,0.2058429718017578,SELL
2303,2026-02-11,2026-02-11T14:30:00+08:00,2026-02-23,65.2,2026-02-25,65.5,0.004601226993864893,-0.0012673274939041246,xgboost,test,0,0.1378234624862671,SELL
2303,2026-02-23,2026-02-23T14:30:00+08:00,2026-02-24,64.3,2026-02-26,65.4,0.017107309486780853,0.011165698521908185,xgboost,test,1,0.25375795364379883,SELL
2303,2026-02-24,2026-02-24T14:30:00+08:00,2026-02-25,69.3,2026-03-02,64.5,-0.06926406926406925,-0.0747011266520966,xgboost,test,0,0.3152949810028076,SELL
2303,2026-02-25,2026-02-25T14:30:00+08:00,2026-02-26,66.0,2026-03-03,62.6,-0.051515151515151514,-0.05705589232313646,xgboost,test,0,0.36190265417099,SELL
2303,2026-02-26,2026-02-26T14:30:00+08:00,2026-03-02,64.1,2026-03-04,60.0,-0.06396255850234,-0.06943058559649218,xgboost,test,0,0.45156094431877136,HOLD
2303,2026-03-02,2026-03-02T14:30:00+08:00,2026-03-03,64.5,2026-03-05,62.1,-0.037209302325581395,-0.04283361326388979,xgboost,test,0,0.3044511079788208,SELL
2303,2026-03-03,2026-03-03T14:30:00+08:00,2026-03-04,61.0,2026-03-06,62.0,0.016393442622950838,0.010456001836727014,xgboost,test,1,0.19181574881076813,SELL
2303,2026-03-04,2026-03-04T14:30:00+08:00,2026-03-05,62.5,2026-03-09,59.7,-0.04479999999999995,-0.05037996854482352,xgboost,test,0,0.22940538823604584,SELL
2303,2026-03-05,2026-03-05T14:30:00+08:00,2026-03-06,62.1,2026-03-10,60.4,-0.027375201288244777,-0.03305695985475143,xgboost,test,0,0.26290419697761536,SELL
2303,2026-03-06,2026-03-06T14:30:00+08:00,2026-03-09,58.3,2026-03-11,62.2,0.0668953687821614,0.06066291212552133,xgboost,test,1,0.197981595993042,SELL
2303,2026-03-09,2026-03-09T14:30:00+08:00,2026-03-10,60.8,2026-03-12,60.6,-0.003289473684210509,-0.00911193325826487,xgboost,test,0,0.2822168171405792,SELL
2303,2026-03-10,2026-03-10T14:30:00+08:00,2026-03-11,62.2,2026-03-13,59.5,-0.043408360128617374,-0.048996458182138825,xgboost,test,0,0.4155668616294861,SELL
2303,2026-03-11,2026-03-11T14:30:00+08:00,2026-03-12,62.2,2026-03-16,60.5,-0.027331189710610992,-0.033013205378477295,xgboost,test,0,0.3104766011238098,SELL
2303,2026-03-12,2026-03-12T14:30:00+08:00,2026-03-13,59.8,2026-03-17,60.7,0.015050167224080369,0.00912057341699457,xgboost,test,1,0.34193509817123413,SELL
2303,2026-03-13,2026-03-13T14:30:00+08:00,2026-03-16,60.5,2026-03-18,61.1,0.009917355371900749,0.004017745786634164,xgboost,test,0,0.13876326382160187,SELL
2303,2026-03-16,2026-03-16T14:30:00+08:00,2026-03-17,60.9,2026-03-19,58.7,-0.03612479474548436,-0.04175544102527462,xgboost,test,0,0.2389613687992096,SELL
2303,2026-03-17,2026-03-17T14:30:00+08:00,2026-03-18,61.3,2026-03-20,57.8,-0.057096247960848334,-0.06260438581383687,xgboost,test,0,0.267753541469574,SELL
2303,2026-03-18,2026-03-18T14:30:00+08:00,2026-03-19,60.4,2026-03-23,56.7,-0.06125827814569529,-0.06674210276845549,xgboost,test,0,0.15897317230701447,SELL
2303,2026-03-19,2026-03-19T14:30:00+08:00,2026-03-20,58.5,2026-03-24,56.5,-0.03418803418803418,-0.039829994394739665,xgboost,test,0,0.5087639689445496,HOLD
2303,2026-03-20,2026-03-20T14:30:00+08:00,2026-03-23,56.0,2026-03-25,59.1,0.05535714285714288,0.04919208877349779,xgboost,test,1,0.06734614819288254,SELL
2303,2026-03-23,2026-03-23T14:30:00+08:00,2026-03-24,57.5,2026-03-26,58.2,0.012173913043478368,0.00626112138029411,xgboost,test,1,0.2563207745552063,SELL
2303,2026-03-24,2026-03-24T14:30:00+08:00,2026-03-25,58.0,2026-03-27,57.8,-0.0034482758620689724,-0.009269807765313831,xgboost,test,0,0.3164934813976288,SELL
2303,2026-03-25,2026-03-25T14:30:00+08:00,2026-03-26,59.4,2026-03-30,57.0,-0.04040404040404033,-0.04600968871882827,xgboost,test,0,0.23035374283790588,SELL
2303,2026-03-26,2026-03-26T14:30:00+08:00,2026-03-27,57.1,2026-03-31,56.5,-0.010507880910682998,-0.01628817289128326,xgboost,test,0,0.2848844826221466,SELL
2303,2026-03-27,2026-03-27T14:30:00+08:00,2026-03-30,56.3,2026-04-01,57.4,0.019538188277087087,0.013582376906868587,xgboost,test,1,0.11609961837530136,SELL
2303,2026-03-30,2026-03-30T14:30:00+08:00,2026-03-31,55.9,2026-04-02,53.6,-0.041144901610017826,-0.046746222053966724,xgboost,test,0,0.2719501554965973,SELL
2303,2026-03-31,2026-03-31T14:30:00+08:00,2026-04-01,57.5,2026-04-07,58.3,0.013913043478260834,0.007990092379229097,xgboost,test,1,0.25966036319732666,SELL
2303,2026-04-01,2026-04-01T14:30:00+08:00,2026-04-02,57.5,2026-04-08,60.3,0.04869565217391303,0.04256951235793327,xgboost,test,1,0.1015477105975151,SELL
2303,2026-04-02,2026-04-02T14:30:00+08:00,2026-04-07,54.7,2026-04-09,60.0,0.09689213893967086,0.09048445088235546,xgboost,test,1,0.23992985486984253,SELL
2303,2026-04-07,2026-04-07T14:30:00+08:00,2026-04-08,59.8,2026-04-10,62.0,0.03678929765886285,0.03073271090368479,xgboost,test,1,0.4409264922142029,SELL
2303,2026-04-08,2026-04-08T14:30:00+08:00,2026-04-09,60.6,2026-04-13,60.1,-0.008250825082508295,-0.014044302051095303,xgboost,test,0,0.4026528298854828,SELL
2303,2026-04-09,2026-04-09T14:30:00+08:00,2026-04-10,59.7,2026-04-14,59.7,0.0,-0.005841675612252573,xgboost,test,0,0.4808301031589508,HOLD
2303,2026-04-10,2026-04-10T14:30:00+08:00,2026-04-13,61.5,2026-04-15,62.1,0.009756097560975618,0.003857429991530381,xgboost,test,0,0.24576988816261292,SELL
2303,2026-04-13,2026-04-13T14:30:00+08:00,2026-04-14,60.1,2026-04-16,68.3,0.13643926788685512,0.12980055833083437,xgboost,test,1,0.35529622435569763,SELL
2303,2026-04-14,2026-04-14T14:30:00+08:00,2026-04-15,60.1,2026-04-17,73.0,0.21464226289517474,0.20754671681040882,xgboost,test,1,0.1714613139629364,SELL
2303,2026-04-15,2026-04-15T14:30:00+08:00,2026-04-16,66.5,2026-04-20,76.9,0.1563909774436092,0.14963571647244778,xgboost,test,1,0.3957161605358124,SELL
2303,2026-04-16,2026-04-16T14:30:00+08:00,2026-04-17,68.3,2026-04-21,76.2,0.11566617862371897,0.10914881871663762,xgboost,test,1,0.19667674601078033,SELL
2303,2026-04-17,2026-04-17T14:30:00+08:00,2026-04-20,78.0,2026-04-22,78.6,0.007692307692307665,0.0018056961138070982,xgboost,test,0,0.5589914917945862,HOLD
2303,2026-04-20,2026-04-20T14:30:00+08:00,2026-04-21,78.0,2026-04-23,73.6,-0.05641025641025643,-0.06192240160335638,xgboost,test,0,0.6078397631645203,BUY
2303,2026-04-21,2026-04-21T14:30:00+08:00,2026-04-22,76.5,2026-04-24,74.5,-0.02614379084967322,-0.031832742916507395,xgboost,test,0,0.39987531304359436,SELL
2303,2026-04-22,2026-04-22T14:30:00+08:00,2026-04-23,79.5,2026-04-27,72.7,-0.08553459119496853,-0.09087660147183341,xgboost,test,0,0.602742612361908,BUY
2303,2026-04-23,2026-04-23T14:30:00+08:00,2026-04-24,77.0,2026-04-28,75.1,-0.02467532467532474,-0.030372855045197045,xgboost,test,0,0.287136435508728,SELL
2303,2026-04-24,2026-04-24T14:30:00+08:00,2026-04-27,76.0,2026-04-29,74.5,-0.019736842105263164,-0.02546322148832647,xgboost,test,0,0.26067110896110535,SELL
2303,2026-04-27,2026-04-27T14:30:00+08:00,2026-04-28,72.3,2026-04-30,77.3,0.06915629322268324,0.06291062897887811,xgboost,test,1,0.35348114371299744,SELL
2303,2026-04-28,2026-04-28T14:30:00+08:00,2026-04-29,75.3,2026-05-04,81.2,0.07835325365205859,0.07205386374880596,xgboost,test,1,0.3006097972393036,SELL
2303,2026-04-29,2026-04-29T14:30:00+08:00,2026-04-30,80.5,2026-05-05,83.1,0.032298136645962705,0.02626778579654432,xgboost,test,1,0.5938270688056946,HOLD
2303,2026-04-30,2026-04-30T14:30:00+08:00,2026-05-04,80.0,2026-05-06,91.4,0.14250000000000007,0.13582588561300146,xgboost,test,1,0.4432922601699829,SELL
2303,2026-05-04,2026-05-04T14:30:00+08:00,2026-05-05,80.8,2026-05-07,96.5,0.19430693069306937,0.18733017702249555,xgboost,test,1,0.1630209982395172,SELL
2303,2026-05-05,2026-05-05T14:30:00+08:00,2026-05-06,88.5,2026-05-08,91.3,0.031638418079096065,0.025611921091540424,xgboost,test,1,0.4226943552494049,SELL
2303,2026-05-06,2026-05-06T14:30:00+08:00,2026-05-07,97.4,2026-05-11,95.0,-0.024640657084188944,-0.030338389970883006,xgboost,test,0,0.46376025676727295,HOLD
2303,2026-05-07,2026-05-07T14:30:00+08:00,2026-05-08,96.5,2026-05-12,104.5,0.08290155440414515,0.076575594803312,xgboost,test,1,0.497396856546402,HOLD
2303,2026-05-08,2026-05-08T14:30:00+08:00,2026-05-11,94.7,2026-05-13,98.4,0.03907074973600855,0.03300083547787058,xgboost,test,1,0.2396717518568039,SELL
2303,2026-05-11,2026-05-11T14:30:00+08:00,2026-05-12,96.7,2026-05-14,108.0,0.11685625646328845,0.11033194450751505,xgboost,test,1,0.1708906590938568,SELL
2303,2026-05-12,2026-05-12T14:30:00+08:00,2026-05-13,102.0,2026-05-15,110.0,0.07843137254901955,0.07213152630051178,xgboost,test,1,0.3168019652366638,SELL
2303,2026-05-13,2026-05-13T14:30:00+08:00,2026-05-14,102.0,2026-05-18,111.0,0.08823529411764697,0.0818781765396075,xgboost,test,1,0.5071383118629456,HOLD
2303,2026-05-14,2026-05-14T14:30:00+08:00,2026-05-15,112.0,2026-05-19,113.0,0.008928571428571397,0.0030347379983524103,xgboost,test,0,0.21192719042301178,SELL
2303,2026-05-15,2026-05-15T14:30:00+08:00,2026-05-18,108.5,2026-05-20,108.0,-0.004608294930875556,-0.010423050379016363,xgboost,test,0,0.3918549120426178,SELL
2303,2026-05-18,2026-05-18T14:30:00+08:00,2026-05-19,112.5,2026-05-21,116.0,0.03111111111111109,0.02508769447981063,xgboost,test,1,0.2588030695915222,SELL
2303,2026-05-19,2026-05-19T14:30:00+08:00,2026-05-20,114.0,2026-05-22,114.0,0.0,-0.005841675612252684,xgboost,test,0,0.11956293135881424,SELL
2303,2026-05-20,2026-05-20T14:30:00+08:00,2026-05-21,112.5,2026-05-25,125.0,0.11111111111111116,0.10462036043083045,xgboost,test,1,0.2569281756877899,SELL
2303,2026-05-21,2026-05-21T14:30:00+08:00,2026-05-22,119.5,2026-05-26,130.5,0.09205020920502083,0.08567080613055267,xgboost,test,1,0.21220669150352478,SELL
2303,2026-05-22,2026-05-22T14:30:00+08:00,2026-05-25,115.0,2026-05-27,143.5,0.24782608695652164,0.24053669173601522,xgboost,test,1,0.24435734748840332,SELL
2303,2026-05-25,2026-05-25T14:30:00+08:00,2026-05-26,129.0,2026-05-28,142.0,0.10077519379844957,0.09434482219426443,xgboost,test,1,0.28516000509262085,SELL
2303,2026-05-26,2026-05-26T14:30:00+08:00,2026-05-27,139.5,2026-05-29,144.5,0.03584229390680993,0.029791239240354983,xgboost,test,1,0.22873419523239136,SELL
2303,2026-05-27,2026-05-27T14:30:00+08:00,2026-05-28,145.0,2026-06-01,146.0,0.006896551724137945,0.0010145886938697224,xgboost,test,0,0.26491448283195496,SELL
2303,2026-05-28,2026-05-28T14:30:00+08:00,2026-05-29,149.0,2026-06-02,141.5,-0.05033557046979864,-0.05588320200760888,xgboost,test,0,0.36467769742012024,SELL
2303,2026-05-29,2026-05-29T14:30:00+08:00,2026-06-01,143.0,2026-06-03,130.5,-0.0874125874125874,-0.09274362704474792,xgboost,test,0,0.2600608170032501,SELL
2303,2026-06-01,2026-06-01T14:30:00+08:00,2026-06-02,147.0,2026-06-04,125.0,-0.1496598639455783,-0.1546272751804869,xgboost,test,0,0.15603762865066528,SELL
2303,2026-06-02,2026-06-02T14:30:00+08:00,2026-06-03,141.5,2026-06-05,131.5,-0.07067137809187274,-0.07610021443824178,xgboost,test,0,0.6235934495925903,BUY
2303,2026-06-03,2026-06-03T14:30:00+08:00,2026-06-04,126.5,2026-06-08,121.0,-0.04347826086956519,-0.0490659505856329,xgboost,test,0,0.6168209314346313,BUY
2303,2026-06-04,2026-06-04T14:30:00+08:00,2026-06-05,127.0,2026-06-09,127.5,0.003937007874015741,-0.001927666461119748,xgboost,test,0,0.33438318967819214,SELL
2303,2026-06-05,2026-06-05T14:30:00+08:00,2026-06-08,121.0,2026-06-10,118.5,-0.02066115702479343,-0.02638213685993329,xgboost,test,0,0.4747888743877411,HOLD
2303,2026-06-08,2026-06-08T14:30:00+08:00,2026-06-09,124.5,2026-06-11,125.0,0.004016064257028162,-0.0018490718998520617,xgboost,test,0,0.10882287472486496,SELL
2303,2026-06-09,2026-06-09T14:30:00+08:00,2026-06-10,126.5,2026-06-12,133.5,0.05533596837944654,0.0491710379902317,xgboost,test,1,0.4391995668411255,SELL
2303,2026-06-10,2026-06-10T14:30:00+08:00,2026-06-11,119.0,2026-06-15,141.5,0.18907563025210083,0.18212943614173338,xgboost,test,1,0.4968317151069641,HOLD
2303,2026-06-11,2026-06-11T14:30:00+08:00,2026-06-12,134.0,2026-06-16,141.0,0.052238805970149294,0.046091968199047484,xgboost,test,1,0.21415375173091888,SELL
2303,2026-06-12,2026-06-12T14:30:00+08:00,2026-06-15,139.5,2026-06-17,140.0,0.0035842293906809264,-0.0022783841269917726,xgboost,test,0,0.450978547334671,HOLD
2303,2026-06-15,2026-06-15T14:30:00+08:00,2026-06-16,144.0,2026-06-18,145.5,0.01041666666666674,0.004514140266786537,xgboost,test,1,0.1830979883670807,SELL
2303,2026-06-16,2026-06-16T14:30:00+08:00,2026-06-17,138.5,2026-06-22,160.0,0.15523465703971118,0.14848615091725348,xgboost,test,1,0.23139981925487518,SELL
2303,2026-06-17,2026-06-17T14:30:00+08:00,2026-06-18,141.0,2026-06-23,170.0,0.2056737588652482,0.19863060387175202,xgboost,test,1,0.2597767412662506,SELL
2303,2026-06-18,2026-06-18T14:30:00+08:00,2026-06-22,160.0,2026-06-24,178.0,0.11250000000000004,0.10600113588136884,xgboost,test,1,0.1352013200521469,SELL
2303,2026-06-23,2026-06-23T14:30:00+08:00,2026-06-24,172.0,2026-06-26,164.0,-0.046511627906976716,-0.052081597676798874,xgboost,test,0,0.46444183588027954,HOLD
2303,2026-06-24,2026-06-24T14:30:00+08:00,2026-06-25,183.5,2026-06-29,164.0,-0.10626702997275206,-0.11148792806762631,xgboost,test,0,0.45948538184165955,HOLD
2303,2026-06-25,2026-06-25T14:30:00+08:00,2026-06-26,175.0,2026-06-30,164.5,-0.06000000000000005,-0.0654911750755175,xgboost,test,0,0.17323780059814453,SELL
2330,2026-01-02,2026-01-02T14:30:00+08:00,2026-01-05,1630.0,2026-01-07,1675.0,0.027607361963190247,0.02160441309783856,xgboost,test,1,0.22761759161949158,SELL
2330,2026-01-05,2026-01-05T14:30:00+08:00,2026-01-06,1645.0,2026-01-08,1685.0,0.024316109422492405,0.018332386986841698,xgboost,test,1,0.2393053025007248,SELL
2330,2026-01-06,2026-01-06T14:30:00+08:00,2026-01-07,1665.0,2026-01-09,1680.0,0.009009009009008917,0.003114705688538111,xgboost,test,0,0.07700297236442566,SELL
2330,2026-01-07,2026-01-07T14:30:00+08:00,2026-01-08,1660.0,2026-01-12,1690.0,0.01807228915662651,0.01212504109355006,xgboost,test,1,0.05688990280032158,SELL
2330,2026-01-08,2026-01-08T14:30:00+08:00,2026-01-09,1665.0,2026-01-13,1710.0,0.027027027027026973,0.021027468290119034,xgboost,test,1,0.28471314907073975,SELL
2330,2026-01-09,2026-01-09T13:30:00+08:00,2026-01-12,1700.0,2026-01-14,1710.0,0.00588235294117645,6.314531204809626e-06,xgboost,test,0,0.127487450838089,SELL
2330,2026-01-12,2026-01-12T14:30:00+08:00,2026-01-13,1720.0,2026-01-15,1690.0,-0.01744186046511631,-0.023181646386457477,xgboost,test,0,0.10062894970178604,SELL
2330,2026-01-13,2026-01-13T14:30:00+08:00,2026-01-14,1705.0,2026-01-16,1740.0,0.02052785923753664,0.014566266530604555,xgboost,test,1,0.1260489970445633,SELL
2330,2026-01-14,2026-01-14T14:30:00+08:00,2026-01-15,1685.0,2026-01-19,1760.0,0.04451038575667665,0.03840869490945731,xgboost,test,1,0.04135344177484512,SELL
2330,2026-01-15,2026-01-15T14:30:00+08:00,2026-01-16,1735.0,2026-01-20,1775.0,0.023054755043227626,0.01707840103069258,xgboost,test,1,0.2176860123872757,SELL
2330,2026-01-16,2026-01-16T14:30:00+08:00,2026-01-19,1725.0,2026-01-21,1740.0,0.008695652173912993,0.0028031793824234708,xgboost,test,0,0.11328544467687607,SELL
2330,2026-01-19,2026-01-19T14:30:00+08:00,2026-01-20,1740.0,2026-01-22,1760.0,0.011494252873563315,0.005585431564618215,xgboost,test,1,0.3181893229484558,SELL
2330,2026-01-20,2026-01-20T14:30:00+08:00,2026-01-21,1745.0,2026-01-23,1770.0,0.014326647564469885,0.008401280324534799,xgboost,test,1,0.1888536959886551,SELL
2330,2026-01-21,2026-01-21T14:30:00+08:00,2026-01-22,1765.0,2026-01-26,1755.0,-0.005665722379603388,-0.01147430067960531,xgboost,test,0,0.22717298567295074,SELL
2330,2026-01-22,2026-01-22T14:30:00+08:00,2026-01-23,1770.0,2026-01-27,1780.0,0.005649717514124353,-0.00022496191514664865,xgboost,test,0,0.10138116776943207,SELL
2330,2026-01-23,2026-01-23T14:30:00+08:00,2026-01-26,1765.0,2026-01-28,1820.0,0.031161473087818692,0.025137762258187202,xgboost,test,1,0.22711925208568573,SELL
2330,2026-01-26,2026-01-26T14:30:00+08:00,2026-01-27,1760.0,2026-01-29,1805.0,0.02556818181818188,0.019577145181752353,xgboost,test,1,0.08768224716186523,SELL
2330,2026-01-27,2026-01-27T14:30:00+08:00,2026-01-28,1790.0,2026-01-30,1775.0,-0.008379888268156388,-0.01417261129147962,xgboost,test,0,0.1638907939195633,SELL
2330,2026-01-28,2026-01-28T14:30:00+08:00,2026-01-29,1830.0,2026-02-02,1765.0,-0.03551912568306015,-0.04115331008504142,xgboost,test,0,0.19066227972507477,SELL
2330,2026-01-29,2026-01-29T14:30:00+08:00,2026-01-30,1790.0,2026-02-03,1800.0,0.005586592178770999,-0.00028771849276798545,xgboost,test,0,0.10354017466306686,SELL
2330,2026-01-30,2026-01-30T14:30:00+08:00,2026-02-02,1750.0,2026-02-04,1785.0,0.020000000000000018,0.014041490875502438,xgboost,test,1,0.21212026476860046,SELL
2330,2026-02-02,2026-02-02T14:30:00+08:00,2026-02-03,1810.0,2026-02-05,1765.0,-0.024861878453038666,-0.030558319036257275,xgboost,test,0,0.1683424562215805,SELL
2330,2026-02-03,2026-02-03T14:30:00+08:00,2026-02-04,1785.0,2026-02-06,1780.0,-0.0028011204481792618,-0.008626432823422792,xgboost,test,0,0.23365028202533722,SELL
2330,2026-02-04,2026-02-04T14:30:00+08:00,2026-02-05,1765.0,2026-02-09,1815.0,0.028328611898017053,0.022321449724510778,xgboost,test,1,0.17632469534873962,SELL
2330,2026-02-05,2026-02-05T14:30:00+08:00,2026-02-06,1745.0,2026-02-10,1880.0,0.0773638968481376,0.07107028644639835,xgboost,test,1,0.23302409052848816,SELL
2330,2026-02-06,2026-02-06T14:30:00+08:00,2026-02-09,1830.0,2026-02-11,1915.0,0.04644808743169393,0.04033507715985585,xgboost,test,1,0.1600809097290039,SELL
2330,2026-02-09,2026-02-09T14:30:00+08:00,2026-02-10,1845.0,2026-02-23,1900.0,0.02981029810298108,0.023794480399306428,xgboost,test,1,0.14748907089233398,SELL
2330,2026-02-10,2026-02-10T14:30:00+08:00,2026-02-11,1880.0,2026-02-24,1965.0,0.04521276595744683,0.039106972032938225,xgboost,test,1,0.31465834379196167,SELL
2330,2026-02-11,2026-02-11T14:30:00+08:00,2026-02-23,1900.0,2026-02-25,2015.0,0.06052631578947376,0.05433106507437424,xgboost,test,1,0.29842332005500793,SELL
2330,2026-02-23,2026-02-23T14:30:00+08:00,2026-02-24,1915.0,2026-02-26,1995.0,0.04177545691906004,0.03568974263893265,xgboost,test,1,0.28180164098739624,SELL
2330,2026-02-24,2026-02-24T14:30:00+08:00,2026-02-25,1995.0,2026-03-02,1975.0,-0.010025062656641603,-0.015808175104861655,xgboost,test,0,0.27451983094215393,SELL
2330,2026-02-25,2026-02-25T14:30:00+08:00,2026-02-26,2000.0,2026-03-03,1935.0,-0.03249999999999997,-0.03815182115485427,xgboost,test,0,0.20381031930446625,SELL
2330,2026-02-26,2026-02-26T14:30:00+08:00,2026-03-02,1940.0,2026-03-04,1865.0,-0.03865979381443296,-0.0442756314519851,xgboost,test,0,0.14977183938026428,SELL
2330,2026-03-02,2026-03-02T14:30:00+08:00,2026-03-03,1970.0,2026-03-05,1900.0,-0.035532994923857864,-0.04116709830623344,xgboost,test,0,0.17039451003074646,SELL
2330,2026-03-03,2026-03-03T14:30:00+08:00,2026-03-04,1895.0,2026-03-06,1890.0,-0.0026385224274406704,-0.008464784647576495,xgboost,test,0,0.19048650562763214,SELL
2330,2026-03-04,2026-03-04T14:30:00+08:00,2026-03-05,1940.0,2026-03-09,1810.0,-0.0670103092783505,-0.07246053240112227,xgboost,test,0,0.12231273949146271,SELL
2330,2026-03-05,2026-03-05T14:30:00+08:00,2026-03-06,1880.0,2026-03-10,1850.0,-0.015957446808510634,-0.021705904192908076,xgboost,test,0,0.2225446105003357,SELL
2330,2026-03-06,2026-03-06T14:30:00+08:00,2026-03-09,1775.0,2026-03-11,1940.0,0.09295774647887334,0.08657304186604509,xgboost,test,1,0.17975609004497528,SELL
2330,2026-03-09,2026-03-09T14:30:00+08:00,2026-03-10,1870.0,2026-03-12,1885.0,0.008021390374331583,0.0021328564015530294,xgboost,test,0,0.19136565923690796,SELL
2330,2026-03-10,2026-03-10T14:30:00+08:00,2026-03-11,1885.0,2026-03-13,1865.0,-0.010610079575596787,-0.016389774544748548,xgboost,test,0,0.10949697345495224,SELL
2330,2026-03-11,2026-03-11T14:30:00+08:00,2026-03-12,1900.0,2026-03-16,1845.0,-0.02894736842105261,-0.03461994289716097,xgboost,test,0,0.2874135971069336,SELL
2330,2026-03-12,2026-03-12T14:30:00+08:00,2026-03-13,1840.0,2026-03-17,1870.0,0.016304347826086918,0.010367427502764981,xgboost,test,1,0.11525062471628189,SELL
2330,2026-03-13,2026-03-13T14:30:00+08:00,2026-03-16,1875.0,2026-03-18,1905.0,0.016000000000000014,0.010064857577951392,xgboost,test,1,0.17932118475437164,SELL
2330,2026-03-16,2026-03-16T14:30:00+08:00,2026-03-17,1875.0,2026-03-19,1850.0,-0.013333333333333308,-0.01909711993742247,xgboost,test,0,0.2387574166059494,SELL
2330,2026-03-17,2026-03-17T14:30:00+08:00,2026-03-18,1900.0,2026-03-20,1840.0,-0.03157894736842104,-0.037236149013970876,xgboost,test,0,0.15050064027309418,SELL
2330,2026-03-18,2026-03-18T14:30:00+08:00,2026-03-19,1875.0,2026-03-23,1810.0,-0.03466666666666662,-0.04030583085769446,xgboost,test,0,0.20648013055324554,SELL
2330,2026-03-19,2026-03-19T14:30:00+08:00,2026-03-20,1860.0,2026-03-24,1810.0,-0.026881720430107503,-0.03256636175170813,xgboost,test,0,0.12092898786067963,SELL
2330,2026-03-20,2026-03-20T14:30:00+08:00,2026-03-23,1790.0,2026-03-25,1845.0,0.030726256983240274,0.024705088544912712,xgboost,test,1,0.18123994767665863,SELL
2330,2026-03-23,2026-03-23T14:30:00+08:00,2026-03-24,1850.0,2026-03-26,1840.0,-0.00540540540540535,-0.011215504392726894,xgboost,test,0,0.17547431588172913,SELL
2330,2026-03-24,2026-03-24T14:30:00+08:00,2026-03-25,1865.0,2026-03-27,1820.0,-0.024128686327077764,-0.029829409980857702,xgboost,test,0,0.48919591307640076,HOLD
2330,2026-03-25,2026-03-25T14:30:00+08:00,2026-03-26,1850.0,2026-03-30,1780.0,-0.037837837837837784,-0.04345847707557282,xgboost,test,0,0.28632697463035583,SELL
2330,2026-03-26,2026-03-26T14:30:00+08:00,2026-03-27,1805.0,2026-03-31,1760.0,-0.024930747922437657,-0.030626786192556432,xgboost,test,0,0.18700756132602692,SELL
2330,2026-03-27,2026-03-27T14:30:00+08:00,2026-03-30,1780.0,2026-04-01,1855.0,0.042134831460674205,0.036047017831051464,xgboost,test,1,0.14934185147285461,SELL
2330,2026-03-30,2026-03-30T14:30:00+08:00,2026-03-31,1775.0,2026-04-02,1810.0,0.019718309859154903,0.0137614462770832,xgboost,test,1,0.3218311071395874,SELL
2330,2026-03-31,2026-03-31T14:30:00+08:00,2026-04-01,1840.0,2026-04-07,1860.0,0.010869565217391353,0.004964393131092537,xgboost,test,1,0.2738713324069977,SELL
2330,2026-04-01,2026-04-01T14:30:00+08:00,2026-04-02,1865.0,2026-04-08,1950.0,0.04557640750670244,0.03946848930622382,xgboost,test,1,0.1345774531364441,SELL
2330,2026-04-02,2026-04-02T14:30:00+08:00,2026-04-07,1850.0,2026-04-09,1955.0,0.05675675675675684,0.05058352658272769,xgboost,test,1,0.254271000623703,SELL
2330,2026-04-07,2026-04-07T14:30:00+08:00,2026-04-08,1935.0,2026-04-10,2000.0,0.03359173126614978,0.02755382365658643,xgboost,test,1,0.17262668907642365,SELL
2330,2026-04-08,2026-04-08T14:30:00+08:00,2026-04-09,1945.0,2026-04-13,1990.0,0.023136246786632286,0.017159416725767374,xgboost,test,1,0.14470085501670837,SELL
2330,2026-04-09,2026-04-09T14:30:00+08:00,2026-04-10,1975.0,2026-04-14,2055.0,0.040506329113924044,0.03442802866674488,xgboost,test,1,0.2821090817451477,SELL
2330,2026-04-10,2026-04-10T14:30:00+08:00,2026-04-13,1985.0,2026-04-15,2080.0,0.04785894206549113,0.041737690038546216,xgboost,test,1,0.19042973220348358,SELL
2330,2026-04-13,2026-04-13T14:30:00+08:00,2026-04-14,2015.0,2026-04-16,2085.0,0.03473945409429291,0.0286948418602746,xgboost,test,1,0.17703866958618164,SELL
2330,2026-04-14,2026-04-14T14:30:00+08:00,2026-04-15,2065.0,2026-04-17,2030.0,-0.016949152542372836,-0.022691816703570455,xgboost,test,0,0.20059466361999512,SELL
2330,2026-04-15,2026-04-15T14:30:00+08:00,2026-04-16,2080.0,2026-04-20,2025.0,-0.02644230769230771,-0.03212951592058233,xgboost,test,0,0.2716553807258606,SELL
2330,2026-04-16,2026-04-16T14:30:00+08:00,2026-04-17,2055.0,2026-04-21,2050.0,-0.0024330900243308973,-0.008260552313925862,xgboost,test,0,0.26048389077186584,SELL
2330,2026-04-17,2026-04-17T14:30:00+08:00,2026-04-20,2030.0,2026-04-22,2050.0,0.009852216748768461,0.003952987682207976,xgboost,test,0,0.1442815065383911,SELL
2330,2026-04-20,2026-04-20T14:30:00+08:00,2026-04-21,2050.0,2026-04-23,2080.0,0.014634146341463428,0.008706982793421858,xgboost,test,1,0.1988734006881714,SELL
2330,2026-04-21,2026-04-21T14:30:00+08:00,2026-04-22,2045.0,2026-04-24,2185.0,0.06845965770171158,0.062218062976639565,xgboost,test,1,0.039958592504262924,SELL
2330,2026-04-22,2026-04-22T14:30:00+08:00,2026-04-23,2090.0,2026-04-27,2265.0,0.08373205741626788,0.07740124628624301,xgboost,test,1,0.27905935049057007,SELL
2330,2026-04-23,2026-04-23T14:30:00+08:00,2026-04-24,2110.0,2026-04-28,2215.0,0.04976303317535535,0.04363065806581079,xgboost,test,1,0.17157846689224243,SELL
2330,2026-04-24,2026-04-24T14:30:00+08:00,2026-04-27,2280.0,2026-04-29,2180.0,-0.04385964912280704,-0.049445110892416766,xgboost,test,0,0.27465927600860596,SELL
2330,2026-04-27,2026-04-27T14:30:00+08:00,2026-04-28,2245.0,2026-04-30,2135.0,-0.04899777282850781,-0.05455321934617352,xgboost,test,0,0.3580266833305359,SELL
2330,2026-04-28,2026-04-28T14:30:00+08:00,2026-04-29,2175.0,2026-05-04,2275.0,0.04597701149425282,0.03986675309522991,xgboost,test,1,0.2790614068508148,SELL
2330,2026-04-29,2026-04-29T14:30:00+08:00,2026-04-30,2205.0,2026-05-05,2250.0,0.020408163265306145,0.014447269783415706,xgboost,test,1,0.33796077966690063,SELL
2330,2026-04-30,2026-04-30T14:30:00+08:00,2026-05-04,2200.0,2026-05-06,2250.0,0.022727272727272707,0.016752831760196152,xgboost,test,1,0.363870769739151,SELL
2330,2026-05-04,2026-05-04T14:30:00+08:00,2026-05-05,2250.0,2026-05-07,2310.0,0.026666666666666616,0.02066921303808722,xgboost,test,1,0.23255817592144012,SELL
2330,2026-05-05,2026-05-05T14:30:00+08:00,2026-05-06,2250.0,2026-05-08,2290.0,0.01777777777777767,0.011832250154640622,xgboost,test,1,0.24846571683883667,SELL
2330,2026-05-06,2026-05-06T14:30:00+08:00,2026-05-07,2335.0,2026-05-11,2235.0,-0.04282655246252676,-0.04841804924770199,xgboost,test,0,0.1783551573753357,SELL
2330,2026-05-07,2026-05-07T14:30:00+08:00,2026-05-08,2300.0,2026-05-12,2255.0,-0.019565217391304346,-0.025292599350273837,xgboost,test,0,0.1534470170736313,SELL
2330,2026-05-08,2026-05-08T14:30:00+08:00,2026-05-11,2265.0,2026-05-13,2220.0,-0.019867549668874163,-0.02559316550075086,xgboost,test,0,0.16531191766262054,SELL
2330,2026-05-11,2026-05-11T14:30:00+08:00,2026-05-12,2235.0,2026-05-14,2270.0,0.015659955257270708,0.009726799266302821,xgboost,test,1,0.25850266218185425,SELL
2330,2026-05-12,2026-05-12T14:30:00+08:00,2026-05-13,2205.0,2026-05-15,2265.0,0.027210884353741527,0.021210251581971873,xgboost,test,1,0.3624044954776764,SELL
2330,2026-05-13,2026-05-13T14:30:00+08:00,2026-05-14,2250.0,2026-05-18,2240.0,-0.004444444444444473,-0.010260157053975871,xgboost,test,0,0.1324729323387146,SELL
2330,2026-05-14,2026-05-14T14:30:00+08:00,2026-05-15,2310.0,2026-05-19,2205.0,-0.045454545454545414,-0.05103069035715013,xgboost,test,0,0.20369918644428253,SELL
2330,2026-05-15,2026-05-15T14:30:00+08:00,2026-05-18,2225.0,2026-05-20,2185.0,-0.017977528089887618,-0.02371418481472909,xgboost,test,0,0.1722777634859085,SELL
2330,2026-05-18,2026-05-18T14:30:00+08:00,2026-05-19,2220.0,2026-05-21,2230.0,0.0045045045045044585,-0.001363484961857231,xgboost,test,0,0.18259304761886597,SELL
2330,2026-05-19,2026-05-19T14:30:00+08:00,2026-05-20,2205.0,2026-05-22,2255.0,0.0226757369614512,0.01670159704960117,xgboost,test,1,0.10001061856746674,SELL
2330,2026-05-20,2026-05-20T14:30:00+08:00,2026-05-21,2240.0,2026-05-25,2310.0,0.03125,0.025225772024864535,xgboost,test,1,0.16476966440677643,SELL
2330,2026-05-21,2026-05-21T14:30:00+08:00,2026-05-22,2245.0,2026-05-26,2270.0,0.011135857461024523,0.00522912978182033,xgboost,test,1,0.2896435260772705,SELL
2330,2026-05-22,2026-05-22T14:30:00+08:00,2026-05-25,2275.0,2026-05-27,2300.0,0.01098901098901095,0.005083141139260894,xgboost,test,1,0.311342716217041,SELL
2330,2026-05-25,2026-05-25T14:30:00+08:00,2026-05-26,2320.0,2026-05-28,2295.0,-0.010775862068965525,-0.016554588590568686,xgboost,test,0,0.11327120661735535,SELL
2330,2026-05-26,2026-05-26T14:30:00+08:00,2026-05-27,2310.0,2026-05-29,2355.0,0.01948051948051943,0.013525044992703572,xgboost,test,1,0.1644143909215927,SELL
2330,2026-05-27,2026-05-27T14:30:00+08:00,2026-05-28,2350.0,2026-06-01,2355.0,0.0021276595744681437,-0.0037264451348320016,xgboost,test,0,0.28405314683914185,SELL
2330,2026-05-28,2026-05-28T14:30:00+08:00,2026-05-29,2340.0,2026-06-02,2380.0,0.017094017094017033,0.011152483778990918,xgboost,test,1,0.2521209120750427,SELL
2330,2026-05-29,2026-05-29T14:30:00+08:00,2026-06-01,2355.0,2026-06-03,2425.0,0.02972399150743099,0.023708677978890647,xgboost,test,1,0.2699742615222931,SELL
2330,2026-06-01,2026-06-01T14:30:00+08:00,2026-06-02,2390.0,2026-06-04,2385.0,-0.0020920502092049986,-0.007921504742770757,xgboost,test,0,0.24358868598937988,SELL
2330,2026-06-02,2026-06-02T14:30:00+08:00,2026-06-03,2425.0,2026-06-05,2365.0,-0.024742268041237137,-0.030439407349681424,xgboost,test,0,0.28600266575813293,SELL
2330,2026-06-03,2026-06-03T14:30:00+08:00,2026-06-04,2385.0,2026-06-08,2295.0,-0.037735849056603765,-0.0433570840797145,xgboost,test,0,0.17319560050964355,SELL
2330,2026-06-04,2026-06-04T14:30:00+08:00,2026-06-05,2395.0,2026-06-09,2305.0,-0.0375782881002088,-0.0432004435433162,xgboost,test,0,0.3408982753753662,SELL
2330,2026-06-05,2026-06-05T14:30:00+08:00,2026-06-08,2230.0,2026-06-10,2255.0,0.011210762331838486,0.005303597082677358,xgboost,test,1,0.423811137676239,SELL
2330,2026-06-08,2026-06-08T14:30:00+08:00,2026-06-09,2305.0,2026-06-11,2250.0,-0.02386117136659438,-0.029563457755995115,xgboost,test,0,0.14794331789016724,SELL
2330,2026-06-09,2026-06-09T14:30:00+08:00,2026-06-10,2285.0,2026-06-12,2310.0,0.010940919037199182,0.005035330125031434,xgboost,test,1,0.2055858075618744,SELL
2330,2026-06-10,2026-06-10T14:30:00+08:00,2026-06-11,2240.0,2026-06-15,2375.0,0.060267857142857206,0.05407411625933034,xgboost,test,1,0.22283844649791718,SELL
2330,2026-06-11,2026-06-11T14:30:00+08:00,2026-06-12,2325.0,2026-06-16,2400.0,0.032258064516129004,0.026227947755094183,xgboost,test,1,0.22243085503578186,SELL
2330,2026-06-12,2026-06-12T14:30:00+08:00,2026-06-15,2360.0,2026-06-17,2385.0,0.010593220338983134,0.004689662569821174,xgboost,test,1,0.11861633509397507,SELL
2330,2026-06-15,2026-06-15T14:30:00+08:00,2026-06-16,2375.0,2026-06-18,2410.0,0.01473684210526316,0.008809078641882628,xgboost,test,1,0.11284749954938889,SELL
2330,2026-06-16,2026-06-16T14:30:00+08:00,2026-06-17,2355.0,2026-06-22,2510.0,0.06581740976645434,0.059591250196707524,xgboost,test,1,0.30821600556373596,SELL
2330,2026-06-17,2026-06-17T14:30:00+08:00,2026-06-18,2395.0,2026-06-23,2490.0,0.039665970772442494,0.033592579426092284,xgboost,test,1,0.18142083287239075,SELL
2330,2026-06-18,2026-06-18T14:30:00+08:00,2026-06-22,2455.0,2026-06-24,2390.0,-0.02647657841140527,-0.032163586441256053,xgboost,test,0,0.15430210530757904,SELL
2330,2026-06-22,2026-06-22T14:30:00+08:00,2026-06-23,2510.0,2026-06-25,2390.0,-0.047808764940239,-0.05337115725628838,xgboost,test,0,0.31833338737487793,SELL
2330,2026-06-23,2026-06-23T14:30:00+08:00,2026-06-24,2435.0,2026-06-26,2340.0,-0.03901437371663241,-0.044628140013417306,xgboost,test,0,0.3093656599521637,SELL
2330,2026-06-24,2026-06-24T14:30:00+08:00,2026-06-25,2410.0,2026-06-29,2370.0,-0.016597510373444035,-0.022342228714124057,xgboost,test,0,0.20826706290245056,SELL
2330,2026-06-25,2026-06-25T14:30:00+08:00,2026-06-26,2360.0,2026-06-30,2410.0,0.021186440677966045,0.015221000751894698,xgboost,test,1,0.1673240065574646,SELL
2412,2026-01-02,2026-01-02T13:30:00+08:00,2026-01-05,131.5,2026-01-07,133.0,0.011406844106463865,0.005498533411181894,xgboost,test,1,0.06639376282691956,SELL
2412,2026-01-05,2026-01-05T13:30:00+08:00,2026-01-06,133.0,2026-01-08,133.5,0.003759398496240518,-0.002104238302524153,xgboost,test,0,0.09500469267368317,SELL
2412,2026-01-06,2026-01-06T13:30:00+08:00,2026-01-07,132.0,2026-01-09,133.5,0.011363636363636465,0.005455578073972012,xgboost,test,1,0.07022564858198166,SELL
2412,2026-01-07,2026-01-07T13:30:00+08:00,2026-01-08,133.0,2026-01-12,133.5,0.003759398496240518,-0.002104238302524153,xgboost,test,0,0.19306454062461853,SELL
2412,2026-01-08,2026-01-08T13:30:00+08:00,2026-01-09,133.0,2026-01-13,133.5,0.003759398496240518,-0.002104238302524153,xgboost,test,0,0.05834048241376877,SELL
2412,2026-01-09,2026-01-09T13:30:00+08:00,2026-01-12,133.0,2026-01-14,133.0,0.0,-0.005841675612252573,xgboost,test,0,0.15761853754520416,SELL
2412,2026-01-12,2026-01-12T13:30:00+08:00,2026-01-13,133.5,2026-01-15,133.5,0.0,-0.005841675612252462,xgboost,test,0,0.2989412844181061,SELL
2412,2026-01-13,2026-01-13T13:30:00+08:00,2026-01-14,133.5,2026-01-16,133.0,-0.0037453183520599342,-0.009565115029435134,xgboost,test,0,0.09042729437351227,SELL
2412,2026-01-14,2026-01-14T13:30:00+08:00,2026-01-15,133.5,2026-01-19,134.0,0.0037453183520599342,-0.0021182361950699002,xgboost,test,0,0.1243538185954094,SELL
2412,2026-01-15,2026-01-15T13:30:00+08:00,2026-01-16,133.5,2026-01-20,133.0,-0.0037453183520599342,-0.009565115029435134,xgboost,test,0,0.09715047478675842,SELL
2412,2026-01-16,2026-01-16T13:30:00+08:00,2026-01-19,133.5,2026-01-21,133.0,-0.0037453183520599342,-0.009565115029435134,xgboost,test,0,0.14842601120471954,SELL
2412,2026-01-19,2026-01-19T13:30:00+08:00,2026-01-20,133.5,2026-01-22,133.0,-0.0037453183520599342,-0.009565115029435134,xgboost,test,0,0.14550930261611938,SELL
2412,2026-01-20,2026-01-20T13:30:00+08:00,2026-01-21,133.5,2026-01-23,134.0,0.0037453183520599342,-0.0021182361950699002,xgboost,test,0,0.11037716269493103,SELL
2412,2026-01-21,2026-01-21T13:30:00+08:00,2026-01-22,133.0,2026-01-26,134.0,0.007518796992481258,0.0016331990072042668,xgboost,test,0,0.07875915616750717,SELL
2412,2026-01-22,2026-01-22T13:30:00+08:00,2026-01-23,133.5,2026-01-27,133.0,-0.0037453183520599342,-0.009565115029435134,xgboost,test,0,0.12932875752449036,SELL
2412,2026-01-23,2026-01-23T13:30:00+08:00,2026-01-26,134.0,2026-01-28,133.5,-0.003731343283582045,-0.009551221598773973,xgboost,test,0,0.14139874279499054,SELL
2412,2026-01-26,2026-01-26T13:30:00+08:00,2026-01-27,134.0,2026-01-29,133.5,-0.003731343283582045,-0.009551221598773973,xgboost,test,0,0.08111546188592911,SELL
2412,2026-01-27,2026-01-27T13:30:00+08:00,2026-01-28,133.5,2026-01-30,133.5,0.0,-0.005841675612252462,xgboost,test,0,0.06139831244945526,SELL
2412,2026-01-28,2026-01-28T13:30:00+08:00,2026-01-29,133.5,2026-02-02,133.0,-0.0037453183520599342,-0.009565115029435134,xgboost,test,0,0.06081143766641617,SELL
2412,2026-01-29,2026-01-29T13:30:00+08:00,2026-01-30,133.5,2026-02-03,133.5,0.0,-0.005841675612252462,xgboost,test,0,0.08813804388046265,SELL
2412,2026-01-30,2026-01-30T13:30:00+08:00,2026-02-02,134.0,2026-02-04,133.0,-0.007462686567164201,-0.013260767585295596,xgboost,test,0,0.24896441400051117,SELL
2412,2026-02-02,2026-02-02T13:30:00+08:00,2026-02-03,133.5,2026-02-05,132.5,-0.0074906367041198685,-0.013288554446617584,xgboost,test,0,0.23378266394138336,SELL
2412,2026-02-03,2026-02-03T13:30:00+08:00,2026-02-04,133.5,2026-02-06,133.0,-0.0037453183520599342,-0.009565115029435134,xgboost,test,0,0.0725482776761055,SELL
2412,2026-02-04,2026-02-04T13:30:00+08:00,2026-02-05,133.0,2026-02-09,132.0,-0.007518796992481258,-0.013316550231709412,xgboost,test,0,0.08392839133739471,SELL
2412,2026-02-05,2026-02-05T13:30:00+08:00,2026-02-06,132.5,2026-02-10,132.5,0.0,-0.005841675612252573,xgboost,test,0,0.1262529194355011,SELL
2412,2026-02-06,2026-02-06T13:30:00+08:00,2026-02-09,133.0,2026-02-11,133.0,0.0,-0.005841675612252573,xgboost,test,0,0.1369926929473877,SELL
2412,2026-02-09,2026-02-09T13:30:00+08:00,2026-02-10,132.0,2026-02-23,135.0,0.022727272727272707,0.016752831760196374,xgboost,test,1,0.2587803900241852,SELL
2412,2026-02-10,2026-02-10T13:30:00+08:00,2026-02-11,133.5,2026-02-24,135.5,0.014981273408239737,0.009052082056477673,xgboost,test,1,0.13313592970371246,SELL
2412,2026-02-11,2026-02-11T13:30:00+08:00,2026-02-23,134.0,2026-02-25,136.0,0.014925373134328401,0.008996508333833253,xgboost,test,1,0.2787114679813385,SELL
2412,2026-02-23,2026-02-23T13:30:00+08:00,2026-02-24,134.5,2026-02-26,134.0,-0.0037174721189591198,-0.009537431464995194,xgboost,test,0,0.07858789712190628,SELL
2412,2026-02-24,2026-02-24T13:30:00+08:00,2026-02-25,135.0,2026-03-02,138.0,0.022222222222222143,0.016250731596364032,xgboost,test,1,0.13150006532669067,SELL
2412,2026-02-25,2026-02-25T13:30:00+08:00,2026-02-26,136.0,2026-03-03,138.0,0.014705882352941124,0.008778299746390772,xgboost,test,1,0.17821234464645386,SELL
2412,2026-02-26,2026-02-26T13:30:00+08:00,2026-03-02,135.0,2026-03-04,135.5,0.0037037037037037646,-0.002159607744149805,xgboost,test,0,0.18298286199569702,SELL
2412,2026-03-02,2026-03-02T13:30:00+08:00,2026-03-03,137.5,2026-03-05,137.0,-0.0036363636363636598,-0.009456796791844413,xgboost,test,0,0.13818256556987762,SELL
2412,2026-03-03,2026-03-03T13:30:00+08:00,2026-03-04,137.0,2026-03-06,136.5,-0.0036496350364964014,-0.009469990664762618,xgboost,test,0,0.1653072088956833,SELL
2412,2026-03-04,2026-03-04T13:30:00+08:00,2026-03-05,136.5,2026-03-09,136.0,-0.00366300366300365,-0.009483281196090432,xgboost,test,0,0.0901186391711235,SELL
2412,2026-03-05,2026-03-05T13:30:00+08:00,2026-03-06,136.5,2026-03-10,135.0,-0.01098901098901095,-0.01676649236376626,xgboost,test,0,0.38971415162086487,SELL
2412,2026-03-06,2026-03-06T13:30:00+08:00,2026-03-09,134.5,2026-03-11,135.5,0.0074349442379182396,0.0015498360932324484,xgboost,test,0,0.1482323557138443,SELL
2412,2026-03-09,2026-03-09T13:30:00+08:00,2026-03-10,137.0,2026-03-12,136.0,-0.007299270072992692,-0.013098305717272551,xgboost,test,0,0.08360651880502701,SELL
2412,2026-03-10,2026-03-10T13:30:00+08:00,2026-03-11,136.0,2026-03-13,136.0,0.0,-0.005841675612252573,xgboost,test,0,0.12731988728046417,SELL
2412,2026-03-11,2026-03-11T13:30:00+08:00,2026-03-12,135.0,2026-03-16,136.5,0.011111111111111072,0.005204527992055619,xgboost,test,1,0.12043120712041855,SELL
2412,2026-03-12,2026-03-12T13:30:00+08:00,2026-03-13,136.0,2026-03-17,137.0,0.007352941176470562,0.0014683120670690997,xgboost,test,0,0.20278535783290863,SELL
2412,2026-03-13,2026-03-13T13:30:00+08:00,2026-03-16,136.5,2026-03-18,137.5,0.0073260073260073,0.0014415355554231457,xgboost,test,0,0.13732098042964935,SELL
2412,2026-03-16,2026-03-16T13:30:00+08:00,2026-03-17,137.0,2026-03-19,135.5,-0.010948905109489093,-0.016726620769782707,xgboost,test,0,0.1025153174996376,SELL
2412,2026-03-17,2026-03-17T13:30:00+08:00,2026-03-18,137.5,2026-03-20,134.0,-0.025454545454545507,-0.031147523869395344,xgboost,test,0,0.1567092090845108,SELL
2412,2026-03-18,2026-03-18T13:30:00+08:00,2026-03-19,137.0,2026-03-23,134.0,-0.021897810218978075,-0.02761156592731262,xgboost,test,0,0.06230488419532776,SELL
2412,2026-03-19,2026-03-19T13:30:00+08:00,2026-03-20,136.0,2026-03-24,134.0,-0.014705882352941124,-0.020461650970895917,xgboost,test,0,0.3267572522163391,SELL
2412,2026-03-20,2026-03-20T13:30:00+08:00,2026-03-23,133.0,2026-03-25,135.0,0.015037593984962516,0.009108073626660884,xgboost,test,1,0.18116503953933716,SELL
2412,2026-03-23,2026-03-23T13:30:00+08:00,2026-03-24,134.0,2026-03-26,134.5,0.003731343283582156,-0.0021321296257312827,xgboost,test,0,0.4007928967475891,SELL
2412,2026-03-24,2026-03-24T13:30:00+08:00,2026-03-25,135.5,2026-03-27,134.0,-0.011070110701106972,-0.016847118317651955,xgboost,test,0,0.14263100922107697,SELL
2412,2026-03-25,2026-03-25T13:30:00+08:00,2026-03-26,135.5,2026-03-30,134.0,-0.011070110701106972,-0.016847118317651955,xgboost,test,0,0.07709480822086334,SELL
2412,2026-03-26,2026-03-26T13:30:00+08:00,2026-03-27,134.5,2026-03-31,133.0,-0.01115241635687736,-0.016928943170480326,xgboost,test,0,0.0997760072350502,SELL
2412,2026-03-27,2026-03-27T13:30:00+08:00,2026-03-30,133.5,2026-04-01,134.0,0.0037453183520599342,-0.0021182361950699002,xgboost,test,0,0.16222836077213287,SELL
2412,2026-03-30,2026-03-30T13:30:00+08:00,2026-03-31,133.5,2026-04-02,134.0,0.0037453183520599342,-0.0021182361950699002,xgboost,test,0,0.17601685225963593,SELL
2412,2026-03-31,2026-03-31T13:30:00+08:00,2026-04-01,134.0,2026-04-07,134.0,0.0,-0.005841675612252684,xgboost,test,0,0.10161717236042023,SELL
2412,2026-04-01,2026-04-01T13:30:00+08:00,2026-04-02,134.5,2026-04-08,134.0,-0.0037174721189591198,-0.009537431464995194,xgboost,test,0,0.13776731491088867,SELL
2412,2026-04-02,2026-04-02T13:30:00+08:00,2026-04-07,134.0,2026-04-09,135.0,0.00746268656716409,0.0015774163607902292,xgboost,test,0,0.1416698396205902,SELL
2412,2026-04-07,2026-04-07T13:30:00+08:00,2026-04-08,134.5,2026-04-10,135.5,0.0074349442379182396,0.0015498360932324484,xgboost,test,0,0.16189654171466827,SELL
2412,2026-04-08,2026-04-08T13:30:00+08:00,2026-04-09,134.0,2026-04-13,134.5,0.003731343283582156,-0.0021321296257312827,xgboost,test,0,0.17735722661018372,SELL
2412,2026-04-09,2026-04-09T13:30:00+08:00,2026-04-10,135.0,2026-04-14,135.0,0.0,-0.005841675612252573,xgboost,test,0,0.1913588047027588,SELL
2412,2026-04-10,2026-04-10T13:30:00+08:00,2026-04-13,135.0,2026-04-15,135.5,0.0037037037037037646,-0.002159607744149805,xgboost,test,0,0.10428283363580704,SELL
2412,2026-04-13,2026-04-13T13:30:00+08:00,2026-04-14,135.0,2026-04-16,136.5,0.011111111111111072,0.005204527992055619,xgboost,test,1,0.116002157330513,SELL
2412,2026-04-14,2026-04-14T13:30:00+08:00,2026-04-15,135.0,2026-04-17,137.5,0.0185185185185186,0.012568663728261154,xgboost,test,1,0.12566286325454712,SELL
2412,2026-04-15,2026-04-15T13:30:00+08:00,2026-04-16,136.0,2026-04-20,137.0,0.007352941176470562,0.0014683120670690997,xgboost,test,0,0.06253824383020401,SELL
2412,2026-04-16,2026-04-16T13:30:00+08:00,2026-04-17,137.0,2026-04-21,137.0,0.0,-0.005841675612252462,xgboost,test,0,0.34791621565818787,SELL
2412,2026-04-17,2026-04-17T13:30:00+08:00,2026-04-20,137.5,2026-04-22,136.5,-0.0072727272727273196,-0.013071917971436364,xgboost,test,0,0.19535885751247406,SELL
2412,2026-04-20,2026-04-20T13:30:00+08:00,2026-04-21,137.5,2026-04-23,136.0,-0.010909090909090868,-0.016687039151028094,xgboost,test,0,0.19066578149795532,SELL
2412,2026-04-21,2026-04-21T13:30:00+08:00,2026-04-22,137.5,2026-04-24,135.5,-0.014545454545454528,-0.020302160330619934,xgboost,test,0,0.1494806855916977,SELL
2412,2026-04-22,2026-04-22T13:30:00+08:00,2026-04-23,136.0,2026-04-27,137.0,0.007352941176470562,0.0014683120670690997,xgboost,test,0,0.3125148415565491,SELL
2412,2026-04-23,2026-04-23T13:30:00+08:00,2026-04-24,136.0,2026-04-28,137.0,0.007352941176470562,0.0014683120670690997,xgboost,test,0,0.06159951537847519,SELL
2412,2026-04-24,2026-04-24T13:30:00+08:00,2026-04-27,135.0,2026-04-29,136.5,0.011111111111111072,0.005204527992055619,xgboost,test,1,0.1274624764919281,SELL
2412,2026-04-27,2026-04-27T13:30:00+08:00,2026-04-28,137.5,2026-04-30,136.0,-0.010909090909090868,-0.016687039151028094,xgboost,test,0,0.28369608521461487,SELL
2412,2026-04-28,2026-04-28T13:30:00+08:00,2026-04-29,137.5,2026-05-04,135.5,-0.014545454545454528,-0.020302160330619934,xgboost,test,0,0.09677204489707947,SELL
2412,2026-04-29,2026-04-29T13:30:00+08:00,2026-04-30,136.0,2026-05-05,136.0,0.0,-0.005841675612252573,xgboost,test,0,0.11804980784654617,SELL
2412,2026-04-30,2026-04-30T13:30:00+08:00,2026-05-04,137.0,2026-05-06,136.0,-0.007299270072992692,-0.013098305717272551,xgboost,test,0,0.12393322587013245,SELL
2412,2026-05-04,2026-05-04T13:30:00+08:00,2026-05-05,135.5,2026-05-07,135.5,0.0,-0.005841675612252573,xgboost,test,0,0.11376496404409409,SELL
2412,2026-05-05,2026-05-05T13:30:00+08:00,2026-05-06,137.0,2026-05-08,136.5,-0.0036496350364964014,-0.009469990664762618,xgboost,test,0,0.0854513943195343,SELL
2412,2026-05-06,2026-05-06T13:30:00+08:00,2026-05-07,135.5,2026-05-11,135.5,0.0,-0.005841675612252573,xgboost,test,0,0.17054949700832367,SELL
2412,2026-05-07,2026-05-07T13:30:00+08:00,2026-05-08,136.0,2026-05-12,135.5,-0.003676470588235281,-0.00949666945191352,xgboost,test,0,0.07429155707359314,SELL
2412,2026-05-08,2026-05-08T13:30:00+08:00,2026-05-11,136.5,2026-05-13,137.5,0.0073260073260073,0.0014415355554231457,xgboost,test,0,0.12294384092092514,SELL
2412,2026-05-11,2026-05-11T13:30:00+08:00,2026-05-12,135.5,2026-05-14,137.5,0.014760147601476037,0.008832247994946751,xgboost,test,1,0.05137363076210022,SELL
2412,2026-05-12,2026-05-12T13:30:00+08:00,2026-05-13,136.5,2026-05-15,138.0,0.01098901098901095,0.005083141139261116,xgboost,test,1,0.15156638622283936,SELL
2412,2026-05-13,2026-05-13T13:30:00+08:00,2026-05-14,136.5,2026-05-18,137.0,0.00366300366300365,-0.0022000700284146024,xgboost,test,0,0.1040145605802536,SELL
2412,2026-05-14,2026-05-14T13:30:00+08:00,2026-05-15,137.5,2026-05-19,142.5,0.036363636363636376,0.030309536183665386,xgboost,test,1,0.21625207364559174,SELL
2412,2026-05-15,2026-05-15T13:30:00+08:00,2026-05-18,138.0,2026-05-20,139.0,0.007246376811594235,0.0013623702166443152,xgboost,test,0,0.1485055536031723,SELL
2412,2026-05-18,2026-05-18T13:30:00+08:00,2026-05-19,137.0,2026-05-21,137.5,0.0036496350364962904,-0.0022133605597425277,xgboost,test,0,0.12520401179790497,SELL
2412,2026-05-19,2026-05-19T13:30:00+08:00,2026-05-20,142.5,2026-05-22,137.0,-0.038596491228070184,-0.04421269865879707,xgboost,test,0,0.28512388467788696,SELL
2412,2026-05-20,2026-05-20T13:30:00+08:00,2026-05-21,139.0,2026-05-25,136.5,-0.017985611510791366,-0.02372222101490984,xgboost,test,0,0.18965280055999756,SELL
2412,2026-05-21,2026-05-21T13:30:00+08:00,2026-05-22,137.5,2026-05-26,136.0,-0.010909090909090868,-0.016687039151028094,xgboost,test,0,0.23182572424411774,SELL
2412,2026-05-22,2026-05-22T13:30:00+08:00,2026-05-25,137.5,2026-05-27,137.0,-0.0036363636363636598,-0.009456796791844413,xgboost,test,0,0.06795020401477814,SELL
2412,2026-05-25,2026-05-25T13:30:00+08:00,2026-05-26,136.5,2026-05-28,136.5,0.0,-0.005841675612252684,xgboost,test,0,0.13380871713161469,SELL
2412,2026-05-26,2026-05-26T13:30:00+08:00,2026-05-27,137.0,2026-05-29,137.0,0.0,-0.005841675612252462,xgboost,test,0,0.18654611706733704,SELL
2412,2026-05-27,2026-05-27T13:30:00+08:00,2026-05-28,137.0,2026-06-01,140.5,0.025547445255474477,0.019556529755317742,xgboost,test,1,0.25516870617866516,SELL
2412,2026-05-28,2026-05-28T13:30:00+08:00,2026-05-29,137.5,2026-06-02,142.0,0.032727272727272716,0.026694415004073546,xgboost,test,1,0.33251288533210754,SELL
2412,2026-05-29,2026-05-29T13:30:00+08:00,2026-06-01,137.0,2026-06-03,141.0,0.029197080291970767,0.023184844807827565,xgboost,test,1,0.1645125150680542,SELL
2412,2026-06-01,2026-06-01T13:30:00+08:00,2026-06-02,140.0,2026-06-04,141.5,0.010714285714285676,0.004810020720473318,xgboost,test,1,0.18761160969734192,SELL
2412,2026-06-02,2026-06-02T13:30:00+08:00,2026-06-03,142.0,2026-06-05,141.0,-0.007042253521126751,-0.012842790572729745,xgboost,test,0,0.281840443611145,SELL
2412,2026-06-03,2026-06-03T13:30:00+08:00,2026-06-04,141.0,2026-06-08,138.5,-0.01773049645390068,-0.023468596257425478,xgboost,test,0,0.44934597611427307,SELL
2412,2026-06-04,2026-06-04T13:30:00+08:00,2026-06-05,141.0,2026-06-09,142.0,0.007092198581560183,0.0012090926458163676,xgboost,test,0,0.17848916351795197,SELL
2412,2026-06-05,2026-06-05T13:30:00+08:00,2026-06-08,139.5,2026-06-10,144.0,0.032258064516129004,0.02622794775509396,xgboost,test,1,0.1868288516998291,SELL
2412,2026-06-08,2026-06-08T13:30:00+08:00,2026-06-09,138.0,2026-06-11,145.0,0.050724637681159424,0.04458664519002453,xgboost,test,1,0.19738921523094177,SELL
2412,2026-06-09,2026-06-09T13:30:00+08:00,2026-06-10,141.5,2026-06-12,145.0,0.02473498233215543,0.01874881297684361,xgboost,test,1,0.29961830377578735,SELL
2412,2026-06-10,2026-06-10T13:30:00+08:00,2026-06-11,144.0,2026-06-15,145.5,0.01041666666666674,0.004514140266786537,xgboost,test,1,0.10516998916864395,SELL
2412,2026-06-11,2026-06-11T13:30:00+08:00,2026-06-12,145.0,2026-06-16,146.5,0.010344827586206806,0.00444272084693087,xgboost,test,1,0.13677458465099335,SELL
2412,2026-06-12,2026-06-12T13:30:00+08:00,2026-06-15,146.0,2026-06-17,145.5,-0.003424657534246589,-0.009246327408101052,xgboost,test,0,0.16738024353981018,SELL
2412,2026-06-15,2026-06-15T13:30:00+08:00,2026-06-16,146.0,2026-06-18,144.0,-0.013698630136986356,-0.01946028279564649,xgboost,test,0,0.049984727054834366,SELL
2412,2026-06-16,2026-06-16T13:30:00+08:00,2026-06-17,145.5,2026-06-22,144.5,-0.0068728522336769515,-0.012674378872649328,xgboost,test,0,0.2895280420780182,SELL
2412,2026-06-17,2026-06-17T13:30:00+08:00,2026-06-18,145.0,2026-06-23,144.0,-0.006896551724137945,-0.012697939918374979,xgboost,test,0,0.15249940752983093,SELL
2412,2026-06-18,2026-06-18T13:30:00+08:00,2026-06-22,144.0,2026-06-24,143.5,-0.00347222222222221,-0.009293614238598757,xgboost,test,0,0.23574216663837433,SELL
2412,2026-06-22,2026-06-22T13:30:00+08:00,2026-06-23,145.0,2026-06-25,144.0,-0.006896551724137945,-0.012697939918374979,xgboost,test,0,0.24379265308380127,SELL
2412,2026-06-23,2026-06-23T13:30:00+08:00,2026-06-24,143.5,2026-06-26,143.0,-0.0034843205574912606,-0.009305641899317929,xgboost,test,0,0.27439144253730774,SELL
2412,2026-06-24,2026-06-24T13:30:00+08:00,2026-06-25,144.0,2026-06-29,142.0,-0.01388888888888884,-0.019649430117637978,xgboost,test,0,0.10383656620979309,SELL
2412,2026-06-25,2026-06-25T13:30:00+08:00,2026-06-26,144.0,2026-06-30,141.5,-0.01736111111111116,-0.023101368743984163,xgboost,test,0,0.10711251944303513,SELL
2881,2026-01-02,2026-01-02T13:30:00+08:00,2026-01-05,95.6,2026-01-07,96.1,0.0052301255230124966,-0.0006421027859567774,xgboost,test,0,0.34255436062812805,SELL
2881,2026-01-05,2026-01-05T13:30:00+08:00,2026-01-06,97.3,2026-01-08,97.0,-0.0030832476875641834,-0.008906911966993891,xgboost,test,0,0.2160988301038742,SELL
2881,2026-01-06,2026-01-06T13:30:00+08:00,2026-01-07,96.5,2026-01-09,95.5,-0.010362694300518172,-0.0161438344141982,xgboost,test,0,0.28947266936302185,SELL
2881,2026-01-07,2026-01-07T13:30:00+08:00,2026-01-08,96.3,2026-01-12,95.0,-0.01349948078920038,-0.01926229681374858,xgboost,test,0,0.2635595500469208,SELL
2881,2026-01-08,2026-01-08T13:30:00+08:00,2026-01-09,97.0,2026-01-13,94.2,-0.028865979381443307,-0.034539029305919566,xgboost,test,0,0.4248231053352356,SELL
2881,2026-01-09,2026-01-09T13:30:00+08:00,2026-01-12,95.6,2026-01-14,93.8,-0.01882845188284521,-0.024560137786917124,xgboost,test,0,0.43132051825523376,SELL
2881,2026-01-12,2026-01-12T13:30:00+08:00,2026-01-13,95.2,2026-01-15,94.1,-0.011554621848739566,-0.017328799108329518,xgboost,test,0,0.36063915491104126,SELL
2881,2026-01-13,2026-01-13T13:30:00+08:00,2026-01-14,94.5,2026-01-16,95.0,0.005291005291005346,-0.0005815786578201587,xgboost,test,0,0.3139849901199341,SELL
2881,2026-01-14,2026-01-14T13:30:00+08:00,2026-01-15,94.6,2026-01-19,95.0,0.0042283298097252064,-0.0016380463336573836,xgboost,test,0,0.26485416293144226,SELL
2881,2026-01-15,2026-01-15T13:30:00+08:00,2026-01-16,94.6,2026-01-20,94.0,-0.006342494714587699,-0.012147119530145134,xgboost,test,0,0.32302114367485046,SELL
2881,2026-01-16,2026-01-16T13:30:00+08:00,2026-01-19,94.4,2026-01-21,93.0,-0.014830508474576343,-0.020585549067155595,xgboost,test,0,0.37265855073928833,SELL
2881,2026-01-19,2026-01-19T13:30:00+08:00,2026-01-20,94.9,2026-01-22,93.0,-0.020021074815595452,-0.025745793803366612,xgboost,test,0,0.6794164776802063,BUY
2881,2026-01-20,2026-01-20T13:30:00+08:00,2026-01-21,93.7,2026-01-23,93.5,-0.002134471718249764,-0.007963678439120714,xgboost,test,0,0.5024896860122681,HOLD
2881,2026-01-21,2026-01-21T13:30:00+08:00,2026-01-22,93.7,2026-01-26,93.2,-0.005336179295624355,-0.011146682679422981,xgboost,test,0,0.46576592326164246,HOLD
2881,2026-01-22,2026-01-22T13:30:00+08:00,2026-01-23,93.7,2026-01-27,92.4,-0.01387406616862319,-0.019634693986895768,xgboost,test,0,0.20797905325889587,SELL
2881,2026-01-23,2026-01-23T13:30:00+08:00,2026-01-26,93.5,2026-01-28,92.5,-0.010695187165775444,-0.016474384963993227,xgboost,test,0,0.36826837062835693,SELL
2881,2026-01-26,2026-01-26T13:30:00+08:00,2026-01-27,93.5,2026-01-29,92.3,-0.012834224598930466,-0.018600926834341447,xgboost,test,0,0.18719084560871124,SELL
2881,2026-01-27,2026-01-27T13:30:00+08:00,2026-01-28,92.9,2026-01-30,90.9,-0.02152852529601723,-0.027244438247080227,xgboost,test,0,0.4043668210506439,SELL
2881,2026-01-28,2026-01-28T13:30:00+08:00,2026-01-29,92.1,2026-02-02,90.5,-0.017372421281215966,-0.02311261284374433,xgboost,test,0,0.29329198598861694,SELL
2881,2026-01-29,2026-01-29T13:30:00+08:00,2026-01-30,92.2,2026-02-03,91.8,-0.004338394793926281,-0.010154726911114853,xgboost,test,0,0.5423868894577026,HOLD
2881,2026-01-30,2026-01-30T13:30:00+08:00,2026-02-02,91.5,2026-02-04,92.7,0.013114754098360715,0.007196466346931052,xgboost,test,1,0.30773448944091797,SELL
2881,2026-02-02,2026-02-02T13:30:00+08:00,2026-02-03,91.6,2026-02-05,93.5,0.020742358078602585,0.01477951233902175,xgboost,test,1,0.1277146190404892,SELL
2881,2026-02-03,2026-02-03T13:30:00+08:00,2026-02-04,91.7,2026-02-06,92.4,0.007633587786259666,0.0017473192304018337,xgboost,test,0,0.23863402009010315,SELL
2881,2026-02-04,2026-02-04T13:30:00+08:00,2026-02-05,92.8,2026-02-09,93.8,0.010775862068965525,0.004871237366063763,xgboost,test,1,0.316170871257782,SELL
2881,2026-02-05,2026-02-05T13:30:00+08:00,2026-02-06,92.7,2026-02-10,94.5,0.01941747572815533,0.013462369521489936,xgboost,test,1,0.3838273286819458,SELL
2881,2026-02-06,2026-02-06T13:30:00+08:00,2026-02-09,93.0,2026-02-11,95.2,0.023655913978494647,0.017676048190468308,xgboost,test,1,0.25288501381874084,SELL
2881,2026-02-09,2026-02-09T13:30:00+08:00,2026-02-10,94.2,2026-02-23,95.7,0.015923566878981,0.00998887095443135,xgboost,test,1,0.20416489243507385,SELL
2881,2026-02-10,2026-02-10T13:30:00+08:00,2026-02-11,95.0,2026-02-24,94.1,-0.009473684210526412,-0.015260017632768075,xgboost,test,0,0.32642480731010437,SELL
2881,2026-02-11,2026-02-11T13:30:00+08:00,2026-02-23,96.5,2026-02-25,92.9,-0.03730569948186524,-0.04292944729925663,xgboost,test,0,0.3544589877128601,SELL
2881,2026-02-23,2026-02-23T13:30:00+08:00,2026-02-24,95.8,2026-02-26,94.2,-0.01670146137787054,-0.02244557247050305,xgboost,test,0,0.2988220751285553,SELL
2881,2026-02-24,2026-02-24T13:30:00+08:00,2026-02-25,94.0,2026-03-02,93.0,-0.010638297872340385,-0.016417827999356205,xgboost,test,0,0.3565119802951813,SELL
2881,2026-02-25,2026-02-25T13:30:00+08:00,2026-02-26,92.9,2026-03-03,93.1,0.002152852529601512,-0.003701399348770007,xgboost,test,0,0.2956492006778717,SELL
2881,2026-02-26,2026-02-26T13:30:00+08:00,2026-03-02,94.2,2026-03-04,89.8,-0.04670912951167738,-0.05227794554119214,xgboost,test,0,0.20272335410118103,SELL
2881,2026-03-02,2026-03-02T13:30:00+08:00,2026-03-03,92.7,2026-03-05,90.5,-0.02373247033441206,-0.02943550855349364,xgboost,test,0,0.2982674241065979,SELL
2881,2026-03-03,2026-03-03T13:30:00+08:00,2026-03-04,92.2,2026-03-06,88.8,-0.03687635574837311,-0.04250261165258162,xgboost,test,0,0.382005512714386,SELL
2881,2026-03-04,2026-03-04T13:30:00+08:00,2026-03-05,90.8,2026-03-09,87.2,-0.03964757709251099,-0.045257644420577336,xgboost,test,0,0.12615454196929932,SELL
2881,2026-03-05,2026-03-05T13:30:00+08:00,2026-03-06,89.8,2026-03-10,88.3,-0.016703786191536785,-0.022447883703361926,xgboost,test,0,0.4360305070877075,SELL
2881,2026-03-06,2026-03-06T13:30:00+08:00,2026-03-09,84.0,2026-03-11,89.2,0.06190476190476191,0.05570145875460808,xgboost,test,1,0.3561525046825409,SELL
2881,2026-03-09,2026-03-09T13:30:00+08:00,2026-03-10,88.7,2026-03-12,89.4,0.007891770011273946,0.002003993238609114,xgboost,test,0,0.3147538900375366,SELL
2881,2026-03-10,2026-03-10T13:30:00+08:00,2026-03-11,88.0,2026-03-13,88.1,0.001136363636363491,-0.004711950243630136,xgboost,test,0,0.2102578729391098,SELL
2881,2026-03-11,2026-03-11T13:30:00+08:00,2026-03-12,88.0,2026-03-16,88.8,0.009090909090909038,0.003196127336726917,xgboost,test,0,0.5060796737670898,HOLD
2881,2026-03-12,2026-03-12T13:30:00+08:00,2026-03-13,88.5,2026-03-17,89.8,0.014689265536723228,0.008761780000222652,xgboost,test,1,0.2747665345668793,SELL
2881,2026-03-13,2026-03-13T13:30:00+08:00,2026-03-16,89.1,2026-03-18,89.5,0.004489337822671136,-0.0013785630448552855,xgboost,test,0,0.133722722530365,SELL
2881,2026-03-16,2026-03-16T13:30:00+08:00,2026-03-17,89.5,2026-03-19,88.2,-0.014525139664804398,-0.02028196412291261,xgboost,test,0,0.34222114086151123,SELL
2881,2026-03-17,2026-03-17T13:30:00+08:00,2026-03-18,90.9,2026-03-20,88.6,-0.025302530253025424,-0.030996396691370554,xgboost,test,0,0.15080338716506958,SELL
2881,2026-03-18,2026-03-18T13:30:00+08:00,2026-03-19,89.0,2026-03-23,86.8,-0.024719101123595544,-0.03041637576565759,xgboost,test,0,0.2908250093460083,SELL
2881,2026-03-19,2026-03-19T13:30:00+08:00,2026-03-20,87.5,2026-03-24,87.1,-0.004571428571428671,-0.010386399380882372,xgboost,test,0,0.20280590653419495,SELL
2881,2026-03-20,2026-03-20T13:30:00+08:00,2026-03-23,85.8,2026-03-25,88.8,0.034965034965035,0.02891910496074579,xgboost,test,1,0.36503610014915466,SELL
2881,2026-03-23,2026-03-23T13:30:00+08:00,2026-03-24,87.3,2026-03-26,88.6,0.014891179839633395,0.0089625147852741,xgboost,test,1,0.3773515522480011,SELL
2881,2026-03-24,2026-03-24T13:30:00+08:00,2026-03-25,89.2,2026-03-27,87.7,-0.01681614349775784,-0.02255958465464747,xgboost,test,0,0.46837231516838074,HOLD
2881,2026-03-25,2026-03-25T13:30:00+08:00,2026-03-26,89.2,2026-03-30,86.4,-0.03139013452914796,-0.037048439158056334,xgboost,test,0,0.4212886095046997,SELL
2881,2026-03-26,2026-03-26T13:30:00+08:00,2026-03-27,87.8,2026-03-31,86.0,-0.02050113895216399,-0.026223053560976206,xgboost,test,0,0.24876385927200317,SELL
2881,2026-03-27,2026-03-27T13:30:00+08:00,2026-03-30,86.2,2026-04-01,87.8,0.01856148491879339,0.012611379132763778,xgboost,test,1,0.34434622526168823,SELL
2881,2026-03-30,2026-03-30T13:30:00+08:00,2026-03-31,85.8,2026-04-02,87.8,0.02331002331002341,0.01733217810307952,xgboost,test,1,0.3819359838962555,SELL
2881,2026-03-31,2026-03-31T13:30:00+08:00,2026-04-01,87.6,2026-04-07,87.7,0.0011415525114155667,-0.00470679168030308,xgboost,test,0,0.4967726469039917,HOLD
2881,2026-04-01,2026-04-01T13:30:00+08:00,2026-04-02,88.1,2026-04-08,89.2,0.012485811577752637,0.006571197904507109,xgboost,test,1,0.22004489600658417,SELL
2881,2026-04-02,2026-04-02T13:30:00+08:00,2026-04-07,87.9,2026-04-09,88.5,0.0068259385665527805,0.000944388035445165,xgboost,test,0,0.27013909816741943,SELL
2881,2026-04-07,2026-04-07T13:30:00+08:00,2026-04-08,89.2,2026-04-10,87.6,-0.017937219730941756,-0.023674111924140484,xgboost,test,0,0.22665506601333618,SELL
2881,2026-04-08,2026-04-08T13:30:00+08:00,2026-04-09,89.2,2026-04-13,86.7,-0.028026905829596438,-0.03370485734957729,xgboost,test,0,0.4576484262943268,HOLD
2881,2026-04-09,2026-04-09T13:30:00+08:00,2026-04-10,87.5,2026-04-14,87.6,0.0011428571428571122,-0.004705494670095289,xgboost,test,0,0.16059033572673798,SELL
2881,2026-04-10,2026-04-10T13:30:00+08:00,2026-04-13,87.5,2026-04-15,87.5,0.0,-0.005841675612252573,xgboost,test,0,0.3419269621372223,SELL
2881,2026-04-13,2026-04-13T13:30:00+08:00,2026-04-14,86.7,2026-04-16,87.9,0.01384083044982698,0.007918301195882327,xgboost,test,1,0.35487276315689087,SELL
2881,2026-04-14,2026-04-14T13:30:00+08:00,2026-04-15,88.0,2026-04-17,88.0,0.0,-0.005841675612252462,xgboost,test,0,0.40070220828056335,SELL
2881,2026-04-15,2026-04-15T13:30:00+08:00,2026-04-16,87.3,2026-04-20,87.2,-0.001145475372279381,-0.006980459488985402,xgboost,test,0,0.3666008710861206,SELL
2881,2026-04-16,2026-04-16T13:30:00+08:00,2026-04-17,88.0,2026-04-21,87.7,-0.003409090909090917,-0.009230851718119881,xgboost,test,0,0.2623324990272522,SELL
2881,2026-04-17,2026-04-17T13:30:00+08:00,2026-04-20,87.9,2026-04-22,88.3,0.004550625711035261,-0.0013176331804539698,xgboost,test,0,0.42600762844085693,SELL
2881,2026-04-20,2026-04-20T13:30:00+08:00,2026-04-21,88.1,2026-04-23,88.3,0.002270147559591429,-0.0035847895182961054,xgboost,test,0,0.3806602954864502,SELL
2881,2026-04-21,2026-04-21T13:30:00+08:00,2026-04-22,87.8,2026-04-24,87.8,0.0,-0.005841675612252462,xgboost,test,0,0.264824777841568,SELL
2881,2026-04-22,2026-04-22T13:30:00+08:00,2026-04-23,88.2,2026-04-27,87.9,-0.003401360544217691,-0.009223166511530656,xgboost,test,0,0.48327019810676575,HOLD
2881,2026-04-23,2026-04-23T13:30:00+08:00,2026-04-24,88.2,2026-04-28,88.6,0.0045351473922901064,-0.0013330210798819797,xgboost,test,0,0.5187819004058838,HOLD
2881,2026-04-24,2026-04-24T13:30:00+08:00,2026-04-27,87.5,2026-04-29,91.3,0.04342857142857137,0.03733320018972952,xgboost,test,1,0.304444283246994,SELL
2881,2026-04-27,2026-04-27T13:30:00+08:00,2026-04-28,88.5,2026-04-30,90.0,0.016949152542372836,0.0110084654790652,xgboost,test,1,0.40078863501548767,SELL
2881,2026-04-28,2026-04-28T13:30:00+08:00,2026-04-29,89.4,2026-05-04,91.0,0.017897091722594904,0.011950867106096164,xgboost,test,1,0.26522690057754517,SELL
2881,2026-04-29,2026-04-29T13:30:00+08:00,2026-04-30,90.4,2026-05-05,92.2,0.019911504424778625,0.013953512262724788,xgboost,test,1,0.4480668008327484,SELL
2881,2026-04-30,2026-04-30T13:30:00+08:00,2026-05-04,91.8,2026-05-06,92.8,0.01089324618736387,0.00498793576452039,xgboost,test,1,0.30805838108062744,SELL
2881,2026-05-04,2026-05-04T13:30:00+08:00,2026-05-05,91.5,2026-05-07,94.5,0.032786885245901676,0.026753679285706378,xgboost,test,1,0.28080692887306213,SELL
2881,2026-05-05,2026-05-05T13:30:00+08:00,2026-05-06,93.0,2026-05-08,96.7,0.03978494623655915,0.033710859874141796,xgboost,test,1,0.2382367104291916,SELL
2881,2026-05-06,2026-05-06T13:30:00+08:00,2026-05-07,93.3,2026-05-11,95.5,0.023579849946409492,0.017600428499784382,xgboost,test,1,0.21699631214141846,SELL
2881,2026-05-07,2026-05-07T13:30:00+08:00,2026-05-08,94.5,2026-05-12,93.7,-0.008465608465608399,-0.014257830739344723,xgboost,test,0,0.23195907473564148,SELL
2881,2026-05-08,2026-05-08T13:30:00+08:00,2026-05-11,96.7,2026-05-13,94.7,-0.020682523267838704,-0.026403378288317736,xgboost,test,0,0.2863280475139618,SELL
2881,2026-05-11,2026-05-11T13:30:00+08:00,2026-05-12,96.0,2026-05-14,94.6,-0.014583333333333393,-0.02033981784290717,xgboost,test,0,0.3118821084499359,SELL
2881,2026-05-12,2026-05-12T13:30:00+08:00,2026-05-13,93.5,2026-05-15,96.1,0.027807486631016065,0.02180336870227295,xgboost,test,1,0.4147438704967499,SELL
2881,2026-05-13,2026-05-13T13:30:00+08:00,2026-05-14,93.9,2026-05-18,95.2,0.013844515441959526,0.007921964661486092,xgboost,test,1,0.36042121052742004,SELL
2881,2026-05-14,2026-05-14T13:30:00+08:00,2026-05-15,96.5,2026-05-19,97.2,0.007253886010362809,0.0013698355491094105,xgboost,test,0,0.11262516677379608,SELL
2881,2026-05-15,2026-05-15T13:30:00+08:00,2026-05-18,96.3,2026-05-20,95.8,-0.005192107995846351,-0.01100345299744332,xgboost,test,0,0.5082049369812012,HOLD
2881,2026-05-18,2026-05-18T13:30:00+08:00,2026-05-19,95.7,2026-05-21,96.1,0.004179728317659226,-0.0016863639115723972,xgboost,test,0,0.2393389493227005,SELL
2881,2026-05-19,2026-05-19T13:30:00+08:00,2026-05-20,97.1,2026-05-22,95.1,-0.02059732234809475,-0.026318675084708754,xgboost,test,0,0.40345197916030884,SELL
2881,2026-05-20,2026-05-20T13:30:00+08:00,2026-05-21,96.5,2026-05-25,97.7,0.012435233160621895,0.006520914950082224,xgboost,test,1,0.2195701152086258,SELL
2881,2026-05-21,2026-05-21T13:30:00+08:00,2026-05-22,95.4,2026-05-26,103.5,0.08490566037735836,0.07856799343953713,xgboost,test,1,0.24073949456214905,SELL
2881,2026-05-22,2026-05-22T13:30:00+08:00,2026-05-25,95.4,2026-05-27,110.0,0.1530398322851152,0.14630414761689936,xgboost,test,1,0.12486758083105087,SELL
2881,2026-05-25,2026-05-25T13:30:00+08:00,2026-05-26,97.8,2026-05-28,110.0,0.12474437627811863,0.11817398448519656,xgboost,test,1,0.6020016670227051,BUY
2881,2026-05-26,2026-05-26T13:30:00+08:00,2026-05-27,104.5,2026-05-29,110.0,0.05263157894736836,0.04648244672394464,xgboost,test,1,0.4368829131126404,SELL
2881,2026-05-27,2026-05-27T13:30:00+08:00,2026-05-28,110.0,2026-06-01,110.5,0.00454545454545463,-0.0013227741377628277,xgboost,test,0,0.38875168561935425,SELL
2881,2026-05-28,2026-05-28T13:30:00+08:00,2026-05-29,110.5,2026-06-02,113.5,0.02714932126696823,0.02114904812678131,xgboost,test,1,0.29063281416893005,SELL
2881,2026-05-29,2026-05-29T13:30:00+08:00,2026-06-01,109.5,2026-06-03,113.0,0.03196347031963476,0.02593507448233301,xgboost,test,1,0.0702696368098259,SELL
2881,2026-06-01,2026-06-01T13:30:00+08:00,2026-06-02,110.5,2026-06-04,114.0,0.03167420814479649,0.02564750208328692,xgboost,test,1,0.3461584448814392,SELL
2881,2026-06-02,2026-06-02T13:30:00+08:00,2026-06-03,115.5,2026-06-05,118.0,0.02164502164502169,0.015676902837698847,xgboost,test,1,0.2078476846218109,SELL
2881,2026-06-03,2026-06-03T13:30:00+08:00,2026-06-04,113.5,2026-06-08,116.0,0.022026431718061623,0.016056084836816753,xgboost,test,1,0.3682357668876648,SELL
2881,2026-06-04,2026-06-04T13:30:00+08:00,2026-06-05,114.0,2026-06-09,125.0,0.09649122807017552,0.09008588200410883,xgboost,test,1,0.1623741239309311,SELL
2881,2026-06-05,2026-06-05T13:30:00+08:00,2026-06-08,112.0,2026-06-10,122.5,0.09375,0.08736066729909875,xgboost,test,1,0.1683581918478012,SELL
2881,2026-06-08,2026-06-08T13:30:00+08:00,2026-06-09,115.0,2026-06-11,125.5,0.09130434782608687,0.084929301831846,xgboost,test,1,0.4077277183532715,SELL
2881,2026-06-09,2026-06-09T13:30:00+08:00,2026-06-10,124.0,2026-06-12,122.0,-0.016129032258064502,-0.02187648729592584,xgboost,test,0,0.273286372423172,SELL
2881,2026-06-10,2026-06-10T13:30:00+08:00,2026-06-11,125.0,2026-06-15,127.5,0.020000000000000018,0.014041490875502438,xgboost,test,1,0.3582691252231598,SELL
2881,2026-06-11,2026-06-11T13:30:00+08:00,2026-06-12,127.0,2026-06-16,132.0,0.03937007874015741,0.03329841589907612,xgboost,test,1,0.45786821842193604,HOLD
2881,2026-06-12,2026-06-12T13:30:00+08:00,2026-06-15,126.0,2026-06-17,135.5,0.07539682539682535,0.06911470598841074,xgboost,test,1,0.4519898593425751,HOLD
2881,2026-06-15,2026-06-15T13:30:00+08:00,2026-06-16,128.5,2026-06-18,138.0,0.07392996108949412,0.0676564106265305,xgboost,test,1,0.15822458267211914,SELL
2881,2026-06-16,2026-06-16T13:30:00+08:00,2026-06-17,133.0,2026-06-22,138.5,0.041353383458646586,0.03527013479475949,xgboost,test,1,0.2081204205751419,SELL
2881,2026-06-17,2026-06-17T13:30:00+08:00,2026-06-18,137.0,2026-06-23,137.5,0.0036496350364962904,-0.0022133605597425277,xgboost,test,0,0.31027454137802124,SELL
2881,2026-06-18,2026-06-18T13:30:00+08:00,2026-06-22,139.5,2026-06-24,134.5,-0.03584229390681004,-0.04147459046486013,xgboost,test,0,0.23566323518753052,SELL
2881,2026-06-22,2026-06-22T13:30:00+08:00,2026-06-23,137.0,2026-06-25,136.0,-0.007299270072992692,-0.013098305717272551,xgboost,test,0,0.10360140353441238,SELL
2881,2026-06-23,2026-06-23T13:30:00+08:00,2026-06-24,135.5,2026-06-26,134.0,-0.011070110701106972,-0.016847118317651955,xgboost,test,0,0.17385774850845337,SELL
2881,2026-06-24,2026-06-24T13:30:00+08:00,2026-06-25,133.5,2026-06-29,128.5,-0.03745318352059923,-0.0430760697840783,xgboost,test,0,0.19283755123615265,SELL
2881,2026-06-25,2026-06-25T13:30:00+08:00,2026-06-26,136.0,2026-06-30,129.5,-0.047794117647058876,-0.05335659552784344,xgboost,test,0,0.5390377044677734,HOLD
2882,2026-01-02,2026-01-02T13:30:00+08:00,2026-01-05,75.0,2026-01-07,75.6,0.008000000000000007,0.0021115909828492985,xgboost,test,0,0.23140563070774078,SELL
2882,2026-01-05,2026-01-05T13:30:00+08:00,2026-01-06,76.1,2026-01-08,76.4,0.003942181340341744,-0.001922523216505656,xgboost,test,0,0.3180612325668335,SELL
2882,2026-01-06,2026-01-06T13:30:00+08:00,2026-01-07,76.5,2026-01-09,75.9,-0.007843137254901933,-0.013638995803529008,xgboost,test,0,0.279836505651474,SELL
2882,2026-01-07,2026-01-07T13:30:00+08:00,2026-01-08,75.6,2026-01-12,76.1,0.006613756613756516,0.000733445580788139,xgboost,test,0,0.2946346402168274,SELL
2882,2026-01-08,2026-01-08T13:30:00+08:00,2026-01-09,76.5,2026-01-13,77.4,0.011764705882353121,0.005854304674662192,xgboost,test,1,0.38039538264274597,SELL
2882,2026-01-09,2026-01-09T13:30:00+08:00,2026-01-12,76.4,2026-01-14,74.7,-0.022251308900523625,-0.027962999584231096,xgboost,test,0,0.2434455007314682,SELL
2882,2026-01-12,2026-01-12T13:30:00+08:00,2026-01-13,76.2,2026-01-15,75.2,-0.013123359580052507,-0.018888372782695617,xgboost,test,0,0.21628440916538239,SELL
2882,2026-01-13,2026-01-13T13:30:00+08:00,2026-01-14,77.5,2026-01-16,76.2,-0.01677419354838705,-0.022517879763272908,xgboost,test,0,0.3180294632911682,SELL
2882,2026-01-14,2026-01-14T13:30:00+08:00,2026-01-15,74.9,2026-01-19,77.4,0.03337783711615483,0.027341179006830973,xgboost,test,1,0.5610418915748596,HOLD
2882,2026-01-15,2026-01-15T13:30:00+08:00,2026-01-16,75.6,2026-01-20,76.6,0.013227513227513255,0.007308566773828851,xgboost,test,1,0.16232457756996155,SELL
2882,2026-01-16,2026-01-16T13:30:00+08:00,2026-01-19,76.2,2026-01-21,75.7,-0.006561679790026198,-0.012365024197474095,xgboost,test,0,0.17855948209762573,SELL
2882,2026-01-19,2026-01-19T13:30:00+08:00,2026-01-20,76.9,2026-01-22,75.6,-0.016905071521456594,-0.022647993189678917,xgboost,test,0,0.2456929236650467,SELL
2882,2026-01-20,2026-01-20T13:30:00+08:00,2026-01-21,76.6,2026-01-23,76.6,0.0,-0.005841675612252573,xgboost,test,0,0.375874787569046,SELL
2882,2026-01-21,2026-01-21T13:30:00+08:00,2026-01-22,76.0,2026-01-26,77.1,0.014473684210526194,0.008547458030201627,xgboost,test,1,0.42203646898269653,SELL
2882,2026-01-22,2026-01-22T13:30:00+08:00,2026-01-23,75.9,2026-01-27,75.9,0.0,-0.005841675612252684,xgboost,test,0,0.27916914224624634,SELL
2882,2026-01-23,2026-01-23T13:30:00+08:00,2026-01-26,76.6,2026-01-28,75.8,-0.010443864229764954,-0.016224530175048768,xgboost,test,0,0.1542060226202011,SELL
2882,2026-01-26,2026-01-26T13:30:00+08:00,2026-01-27,77.0,2026-01-29,76.4,-0.007792207792207684,-0.013588363854234897,xgboost,test,0,0.2974359095096588,SELL
2882,2026-01-27,2026-01-27T13:30:00+08:00,2026-01-28,76.1,2026-01-30,75.4,-0.009198423127463662,-0.014986364535661378,xgboost,test,0,0.3461058735847473,SELL
2882,2026-01-28,2026-01-28T13:30:00+08:00,2026-01-29,75.4,2026-02-02,74.3,-0.01458885941644572,-0.02034531164443465,xgboost,test,0,0.19014139473438263,SELL
2882,2026-01-29,2026-01-29T13:30:00+08:00,2026-01-30,76.1,2026-02-03,74.7,-0.018396846254927657,-0.024131053459070295,xgboost,test,0,0.1688339114189148,SELL
2882,2026-01-30,2026-01-30T13:30:00+08:00,2026-02-02,75.7,2026-02-04,76.2,0.006605019815059343,0.0007247598196347127,xgboost,test,0,0.3314535319805145,SELL
2882,2026-02-02,2026-02-02T13:30:00+08:00,2026-02-03,74.9,2026-02-05,76.0,0.014686248331108098,0.008758780420144108,xgboost,test,1,0.21321387588977814,SELL
2882,2026-02-03,2026-02-03T13:30:00+08:00,2026-02-04,75.0,2026-02-06,75.7,0.009333333333333416,0.003437135415366388,xgboost,test,0,0.4125438332557678,SELL
2882,2026-02-04,2026-02-04T13:30:00+08:00,2026-02-05,75.8,2026-02-09,77.2,0.018469656992084582,0.012520087635014665,xgboost,test,1,0.2663683593273163,SELL
2882,2026-02-05,2026-02-05T13:30:00+08:00,2026-02-06,75.9,2026-02-10,77.9,0.026350461133069825,0.020354854674644596,xgboost,test,1,0.2547725737094879,SELL
2882,2026-02-06,2026-02-06T13:30:00+08:00,2026-02-09,76.2,2026-02-11,78.8,0.034120734908136496,0.02807973703089872,xgboost,test,1,0.2536742687225342,SELL
2882,2026-02-09,2026-02-09T13:30:00+08:00,2026-02-10,77.5,2026-02-23,79.6,0.02709677419354839,0.021096808016318525,xgboost,test,1,0.31594714522361755,SELL
2882,2026-02-10,2026-02-10T13:30:00+08:00,2026-02-11,78.4,2026-02-24,78.2,-0.0025510204081633514,-0.008377793786711218,xgboost,test,0,0.32260140776634216,SELL
2882,2026-02-11,2026-02-11T13:30:00+08:00,2026-02-23,81.4,2026-02-25,76.9,-0.055282555282555323,-0.060801288139830656,xgboost,test,0,0.4868963658809662,HOLD
2882,2026-02-23,2026-02-23T13:30:00+08:00,2026-02-24,79.2,2026-02-26,79.7,0.0063131313131312705,0.0004345764356499249,xgboost,test,0,0.2004435509443283,SELL
2882,2026-02-24,2026-02-24T13:30:00+08:00,2026-02-25,78.2,2026-03-02,77.9,-0.0038363171355498826,-0.009655582227550696,xgboost,test,0,0.5028852820396423,HOLD
2882,2026-02-25,2026-02-25T13:30:00+08:00,2026-02-26,77.0,2026-03-03,77.6,0.007792207792207684,0.001905012629729974,xgboost,test,0,0.173134446144104,SELL
2882,2026-02-26,2026-02-26T13:30:00+08:00,2026-03-02,79.4,2026-03-04,73.2,-0.07808564231738035,-0.08347116693724044,xgboost,test,0,0.34654080867767334,SELL
2882,2026-03-02,2026-03-02T13:30:00+08:00,2026-03-03,77.3,2026-03-05,73.6,-0.04786545924967667,-0.0534275203759611,xgboost,test,0,0.3093740940093994,SELL
2882,2026-03-03,2026-03-03T13:30:00+08:00,2026-03-04,76.5,2026-03-06,73.0,-0.04575163398692805,-0.051326043394698595,xgboost,test,0,0.2166377753019333,SELL
2882,2026-03-04,2026-03-04T13:30:00+08:00,2026-03-05,74.3,2026-03-09,70.0,-0.05787348586810226,-0.0633770833493631,xgboost,test,0,0.327007532119751,SELL
2882,2026-03-05,2026-03-05T13:30:00+08:00,2026-03-06,73.0,2026-03-10,71.1,-0.026027397260274032,-0.03171702926070086,xgboost,test,0,0.3087610900402069,SELL
2882,2026-03-06,2026-03-06T13:30:00+08:00,2026-03-09,68.3,2026-03-11,71.8,0.051244509516837455,0.0451034801030783,xgboost,test,1,0.3513237237930298,SELL
2882,2026-03-09,2026-03-09T13:30:00+08:00,2026-03-10,71.6,2026-03-12,72.5,0.012569832402234749,0.006654727906587832,xgboost,test,1,0.2925011217594147,SELL
2882,2026-03-10,2026-03-10T13:30:00+08:00,2026-03-11,71.2,2026-03-13,71.7,0.0070224719101124045,0.00113977329496473,xgboost,test,0,0.369057834148407,SELL
2882,2026-03-11,2026-03-11T13:30:00+08:00,2026-03-12,72.6,2026-03-16,72.4,-0.0027548209366389242,-0.008580403778609691,xgboost,test,0,0.25713613629341125,SELL
2882,2026-03-12,2026-03-12T13:30:00+08:00,2026-03-13,71.6,2026-03-17,73.2,0.022346368715083997,0.01637415286568622,xgboost,test,1,0.2919301986694336,SELL
2882,2026-03-13,2026-03-13T13:30:00+08:00,2026-03-16,72.2,2026-03-18,73.4,0.016620498614958512,0.010681731441283482,xgboost,test,1,0.14878225326538086,SELL
2882,2026-03-16,2026-03-16T13:30:00+08:00,2026-03-17,72.5,2026-03-19,71.6,-0.012413793103448367,-0.01818295136327286,xgboost,test,0,0.3981116712093353,SELL
2882,2026-03-17,2026-03-17T13:30:00+08:00,2026-03-18,74.2,2026-03-20,72.0,-0.02964959568733161,-0.03531806797954429,xgboost,test,0,0.19469794631004333,SELL
2882,2026-03-18,2026-03-18T13:30:00+08:00,2026-03-19,73.0,2026-03-23,71.7,-0.017808219178082174,-0.023545864950664575,xgboost,test,0,0.2843741178512573,SELL
2882,2026-03-19,2026-03-19T13:30:00+08:00,2026-03-20,71.3,2026-03-24,70.8,-0.007012622720897643,-0.012813332866023486,xgboost,test,0,0.4263743460178375,SELL
2882,2026-03-20,2026-03-20T13:30:00+08:00,2026-03-23,70.1,2026-03-25,71.4,0.018544935805991702,0.012594926694510455,xgboost,test,1,0.43692925572395325,SELL
2882,2026-03-23,2026-03-23T13:30:00+08:00,2026-03-24,71.8,2026-03-26,70.8,-0.013927576601671321,-0.019687891829352044,xgboost,test,0,0.3767925500869751,SELL
2882,2026-03-24,2026-03-24T13:30:00+08:00,2026-03-25,72.4,2026-03-27,70.6,-0.024861878453038777,-0.030558319036257497,xgboost,test,0,0.3486468493938446,SELL
2882,2026-03-25,2026-03-25T13:30:00+08:00,2026-03-26,71.4,2026-03-30,70.4,-0.014005602240896309,-0.019765461668103335,xgboost,test,0,0.22567211091518402,SELL
2882,2026-03-26,2026-03-26T13:30:00+08:00,2026-03-27,70.4,2026-03-31,70.3,-0.0014204545454546968,-0.007253832323030562,xgboost,test,0,0.5300808548927307,HOLD
2882,2026-03-27,2026-03-27T13:30:00+08:00,2026-03-30,69.1,2026-04-01,71.9,0.0405209840810421,0.034442598024299054,xgboost,test,1,0.21648311614990234,SELL
2882,2026-03-30,2026-03-30T13:30:00+08:00,2026-03-31,69.8,2026-04-02,71.8,0.02865329512893977,0.02264423626132195,xgboost,test,1,0.3819314241409302,SELL
2882,2026-03-31,2026-03-31T13:30:00+08:00,2026-04-01,71.6,2026-04-07,71.9,0.0041899441340784715,-0.0016762077726388824,xgboost,test,0,0.47009024024009705,HOLD
2882,2026-04-01,2026-04-01T13:30:00+08:00,2026-04-02,72.1,2026-04-08,73.8,0.023578363384188616,0.01759895062157768,xgboost,test,1,0.23182591795921326,SELL
2882,2026-04-02,2026-04-02T13:30:00+08:00,2026-04-07,72.2,2026-04-09,73.6,0.01939058171745134,0.013435632616872528,xgboost,test,1,0.2705940902233124,SELL
2882,2026-04-07,2026-04-07T13:30:00+08:00,2026-04-08,73.6,2026-04-10,72.9,-0.009510869565217184,-0.015296985762679238,xgboost,test,0,0.18187548220157623,SELL
2882,2026-04-08,2026-04-08T13:30:00+08:00,2026-04-09,74.3,2026-04-13,72.0,-0.030955585464333746,-0.03661642858791636,xgboost,test,0,0.3366297781467438,SELL
2882,2026-04-09,2026-04-09T13:30:00+08:00,2026-04-10,73.9,2026-04-14,72.7,-0.016238159675236896,-0.02198497722612658,xgboost,test,0,0.4071562588214874,SELL
2882,2026-04-10,2026-04-10T13:30:00+08:00,2026-04-13,72.6,2026-04-15,72.9,0.004132231404958775,-0.001733583362716118,xgboost,test,0,0.3925894796848297,SELL
2882,2026-04-13,2026-04-13T13:30:00+08:00,2026-04-14,71.5,2026-04-16,74.2,0.03776223776223775,0.03169996740658543,xgboost,test,1,0.2894132733345032,SELL
2882,2026-04-14,2026-04-14T13:30:00+08:00,2026-04-15,72.9,2026-04-17,75.0,0.028806584362139898,0.022796630028546705,xgboost,test,1,0.2092774361371994,SELL
2882,2026-04-15,2026-04-15T13:30:00+08:00,2026-04-16,73.0,2026-04-20,74.6,0.021917808219177992,0.015948095881177293,xgboost,test,1,0.23732051253318787,SELL
2882,2026-04-16,2026-04-16T13:30:00+08:00,2026-04-17,74.2,2026-04-21,75.5,0.017520215633423097,0.011576192604783486,xgboost,test,1,0.2066752165555954,SELL
2882,2026-04-17,2026-04-17T13:30:00+08:00,2026-04-20,74.8,2026-04-22,75.9,0.014705882352941346,0.008778299746390994,xgboost,test,1,0.23975972831249237,SELL
2882,2026-04-20,2026-04-20T13:30:00+08:00,2026-04-21,75.4,2026-04-23,74.8,-0.007957559681697757,-0.013752749811624665,xgboost,test,0,0.5383124351501465,HOLD
2882,2026-04-21,2026-04-21T13:30:00+08:00,2026-04-22,75.5,2026-04-24,74.9,-0.007947019867549643,-0.013742271567651732,xgboost,test,0,0.12858286499977112,SELL
2882,2026-04-22,2026-04-22T13:30:00+08:00,2026-04-23,75.1,2026-04-27,74.5,-0.00798934753661773,-0.013784351972207731,xgboost,test,0,0.21297438442707062,SELL
2882,2026-04-23,2026-04-23T13:30:00+08:00,2026-04-24,74.5,2026-04-28,74.7,0.0026845637583892135,-0.003172794204500007,xgboost,test,0,0.5685216188430786,HOLD
2882,2026-04-24,2026-04-24T13:30:00+08:00,2026-04-27,74.1,2026-04-29,78.6,0.06072874493927127,0.054532311698744396,xgboost,test,1,0.2217361181974411,SELL
2882,2026-04-27,2026-04-27T13:30:00+08:00,2026-04-28,74.5,2026-04-30,77.2,0.03624161073825505,0.030188223392404234,xgboost,test,1,0.2554437518119812,SELL
2882,2026-04-28,2026-04-28T13:30:00+08:00,2026-04-29,75.9,2026-05-04,76.2,0.0039525691699604515,-0.0019121960692181084,xgboost,test,0,0.2768009305000305,SELL
2882,2026-04-29,2026-04-29T13:30:00+08:00,2026-04-30,78.0,2026-05-05,77.2,-0.01025641025641022,-0.016038171246998578,xgboost,test,0,0.3324193060398102,SELL
2882,2026-04-30,2026-04-30T13:30:00+08:00,2026-05-04,77.8,2026-05-06,78.7,0.011568123393316254,0.0056588705567575115,xgboost,test,1,0.5143107771873474,HOLD
2882,2026-05-04,2026-05-04T13:30:00+08:00,2026-05-05,76.2,2026-05-07,79.0,0.03674540682414684,0.03068907646498742,xgboost,test,1,0.25240835547447205,SELL
2882,2026-05-05,2026-05-05T13:30:00+08:00,2026-05-06,77.7,2026-05-08,80.0,0.029601029601029616,0.02358643437605923,xgboost,test,1,0.26149430871009827,SELL
2882,2026-05-06,2026-05-06T13:30:00+08:00,2026-05-07,78.5,2026-05-11,78.4,-0.00127388535031836,-0.007108119337587149,xgboost,test,0,0.39663252234458923,SELL
2882,2026-05-07,2026-05-07T13:30:00+08:00,2026-05-08,79.5,2026-05-12,76.4,-0.03899371069182378,-0.04460759769529676,xgboost,test,0,0.37458688020706177,SELL
2882,2026-05-08,2026-05-08T13:30:00+08:00,2026-05-11,79.6,2026-05-13,77.3,-0.028894472361808976,-0.03456735583953652,xgboost,test,0,0.19290752708911896,SELL
2882,2026-05-11,2026-05-11T13:30:00+08:00,2026-05-12,78.7,2026-05-14,76.7,-0.02541296060991105,-0.031106181949933642,xgboost,test,0,0.5531138181686401,HOLD
2882,2026-05-12,2026-05-12T13:30:00+08:00,2026-05-13,76.6,2026-05-15,77.9,0.016971279373368287,0.011030463052291717,xgboost,test,1,0.5178590416908264,HOLD
2882,2026-05-13,2026-05-13T13:30:00+08:00,2026-05-14,76.9,2026-05-18,76.8,-0.0013003901170351995,-0.007134469272054633,xgboost,test,0,0.3035370111465454,SELL
2882,2026-05-14,2026-05-14T13:30:00+08:00,2026-05-15,77.4,2026-05-19,77.8,0.0051679586563306845,-0.0007039064939698969,xgboost,test,0,0.2949939966201782,SELL
2882,2026-05-15,2026-05-15T13:30:00+08:00,2026-05-18,78.0,2026-05-20,77.9,-0.0012820512820511665,-0.007116237566595629,xgboost,test,0,0.3176029920578003,SELL
2882,2026-05-18,2026-05-18T13:30:00+08:00,2026-05-19,77.5,2026-05-21,78.7,0.015483870967742064,0.009551743604073959,xgboost,test,1,0.21447785198688507,SELL
2882,2026-05-19,2026-05-19T13:30:00+08:00,2026-05-20,78.0,2026-05-22,79.7,0.02179487179487194,0.01582587761158316,xgboost,test,1,0.31939420104026794,SELL
2882,2026-05-20,2026-05-20T13:30:00+08:00,2026-05-21,77.8,2026-05-25,81.5,0.04755784061696655,0.04143834752701059,xgboost,test,1,0.3063586354255676,SELL
2882,2026-05-21,2026-05-21T13:30:00+08:00,2026-05-22,78.5,2026-05-26,83.1,0.05859872611464967,0.05241473575314415,xgboost,test,1,0.40327024459838867,SELL
2882,2026-05-22,2026-05-22T13:30:00+08:00,2026-05-25,79.9,2026-05-27,85.4,0.06883604505632035,0.06259225159841852,xgboost,test,1,0.34357917308807373,SELL
2882,2026-05-25,2026-05-25T13:30:00+08:00,2026-05-26,80.6,2026-05-28,84.8,0.05210918114143914,0.04596310059653819,xgboost,test,1,0.4268477261066437,SELL
2882,2026-05-26,2026-05-26T13:30:00+08:00,2026-05-27,83.1,2026-05-29,85.7,0.03128760529482566,0.02526315764175635,xgboost,test,1,0.267404705286026,SELL
2882,2026-05-27,2026-05-27T13:30:00+08:00,2026-05-28,85.4,2026-06-01,88.2,0.032786885245901676,0.026753679285706156,xgboost,test,1,0.3734404742717743,SELL
2882,2026-05-28,2026-05-28T13:30:00+08:00,2026-05-29,85.6,2026-06-02,89.2,0.0420560747663552,0.03596872120779282,xgboost,test,1,0.2426372617483139,SELL
2882,2026-05-29,2026-05-29T13:30:00+08:00,2026-06-01,86.6,2026-06-03,91.8,0.06004618937644346,0.05385374340410176,xgboost,test,1,0.25615212321281433,SELL
2882,2026-06-01,2026-06-01T13:30:00+08:00,2026-06-02,88.5,2026-06-04,94.4,0.06666666666666665,0.06043554601359724,xgboost,test,1,0.45171818137168884,HOLD
2882,2026-06-02,2026-06-02T13:30:00+08:00,2026-06-03,89.9,2026-06-05,100.0,0.11234705228031139,0.1058490816326445,xgboost,test,1,0.1149379312992096,SELL
2882,2026-06-03,2026-06-03T13:30:00+08:00,2026-06-04,96.3,2026-06-08,95.0,-0.01349948078920038,-0.01926229681374858,xgboost,test,0,0.13610760867595673,SELL
2882,2026-06-04,2026-06-04T13:30:00+08:00,2026-06-05,94.4,2026-06-09,104.0,0.10169491525423724,0.09525917093565406,xgboost,test,1,0.3496905565261841,SELL
2882,2026-06-05,2026-06-05T13:30:00+08:00,2026-06-08,97.8,2026-06-10,99.9,0.021472392638036908,0.01550528227337411,xgboost,test,1,0.3255903422832489,SELL
2882,2026-06-08,2026-06-08T13:30:00+08:00,2026-06-09,95.3,2026-06-11,100.5,0.05456453305351516,0.04840410913923021,xgboost,test,1,0.09667886793613434,SELL
2882,2026-06-09,2026-06-09T13:30:00+08:00,2026-06-10,102.0,2026-06-12,100.5,-0.014705882352941124,-0.020461650970895917,xgboost,test,0,0.3377104699611664,SELL
2882,2026-06-10,2026-06-10T13:30:00+08:00,2026-06-11,101.0,2026-06-15,104.0,0.02970297029702973,0.023687779567581613,xgboost,test,1,0.44446808099746704,SELL
2882,2026-06-11,2026-06-11T13:30:00+08:00,2026-06-12,102.0,2026-06-16,109.5,0.07352941176470584,0.06725820118096415,xgboost,test,1,0.4940023124217987,HOLD
2882,2026-06-12,2026-06-12T13:30:00+08:00,2026-06-15,105.0,2026-06-17,113.5,0.08095238095238089,0.07463780779056495,xgboost,test,1,0.6385214328765869,BUY
2882,2026-06-15,2026-06-15T13:30:00+08:00,2026-06-16,104.5,2026-06-18,115.5,0.10526315789473695,0.09880656906014207,xgboost,test,1,0.3529554009437561,SELL
2882,2026-06-16,2026-06-16T13:30:00+08:00,2026-06-17,110.0,2026-06-22,113.0,0.027272727272727337,0.021271733234685897,xgboost,test,1,0.18987181782722473,SELL
2882,2026-06-17,2026-06-17T13:30:00+08:00,2026-06-18,115.0,2026-06-23,113.5,-0.013043478260869601,-0.01880895810426675,xgboost,test,0,0.2326006442308426,SELL
2882,2026-06-18,2026-06-18T13:30:00+08:00,2026-06-22,117.0,2026-06-24,110.0,-0.05982905982905984,-0.0653212334816049,xgboost,test,0,0.5078702569007874,HOLD
2882,2026-06-22,2026-06-22T13:30:00+08:00,2026-06-23,113.0,2026-06-25,111.5,-0.013274336283185861,-0.019038467528904035,xgboost,test,0,0.13942910730838776,SELL
2882,2026-06-23,2026-06-23T13:30:00+08:00,2026-06-24,110.5,2026-06-26,106.0,-0.040723981900452455,-0.04632776122080329,xgboost,test,0,0.30461540818214417,SELL
2882,2026-06-24,2026-06-24T13:30:00+08:00,2026-06-25,110.0,2026-06-29,101.5,-0.07727272727272727,-0.08266300067857857,xgboost,test,0,0.1443931609392166,SELL
2882,2026-06-25,2026-06-25T13:30:00+08:00,2026-06-26,110.5,2026-06-30,98.3,-0.11040723981900458,-0.11560395215099029,xgboost,test,0,0.5543435215950012,HOLD
2002,2025-01-02,2025-01-02T13:30:00+08:00,2025-01-03,19.25,2025-01-07,18.95,-0.01558441558441559,-0.021335052096217444,gru,validation,0,0.507326602935791,HOLD
2002,2025-01-03,2025-01-03T13:30:00+08:00,2025-01-06,19.0,2025-01-08,18.9,-0.0052631578947369695,-0.011074087845872382,gru,validation,0,0.4809774160385132,HOLD
2002,2025-01-06,2025-01-06T13:30:00+08:00,2025-01-07,19.25,2025-01-09,18.6,-0.033766233766233666,-0.03941065799417642,gru,validation,0,0.49148494005203247,HOLD
2002,2025-01-07,2025-01-07T13:30:00+08:00,2025-01-08,18.95,2025-01-10,18.3,-0.03430079155672816,-0.03994209307146268,gru,validation,0,0.49891898036003113,HOLD
2002,2025-01-08,2025-01-08T13:30:00+08:00,2025-01-09,18.85,2025-01-13,18.1,-0.039787798408488007,-0.04539704660911248,gru,validation,0,0.5121451020240784,HOLD
2002,2025-01-09,2025-01-09T13:30:00+08:00,2025-01-10,18.55,2025-01-14,18.35,-0.010781671159029615,-0.016560363745813045,gru,validation,0,0.48211145401000977,HOLD
2002,2025-01-10,2025-01-10T13:30:00+08:00,2025-01-13,18.25,2025-01-15,18.7,0.024657534246575352,0.018671817317856165,gru,validation,1,0.5097448229789734,HOLD
2002,2025-01-13,2025-01-13T13:30:00+08:00,2025-01-14,18.1,2025-01-16,18.9,0.044198895027624197,0.03809902380820018,gru,validation,1,0.5029496550559998,HOLD
2002,2025-01-14,2025-01-14T13:30:00+08:00,2025-01-15,18.35,2025-01-17,19.55,0.06539509536784727,0.05917140282182354,gru,validation,1,0.5041321516036987,HOLD
2002,2025-01-15,2025-01-15T13:30:00+08:00,2025-01-16,19.0,2025-01-20,19.55,0.02894736842105261,0.022936591672656048,gru,validation,1,0.5133054256439209,HOLD
2002,2025-01-16,2025-01-16T13:30:00+08:00,2025-01-17,19.1,2025-01-21,20.1,0.05235602094240832,0.046208498439461954,gru,validation,1,0.49536892771720886,HOLD
2002,2025-01-17,2025-01-17T13:30:00+08:00,2025-01-20,19.6,2025-01-22,20.15,0.028061224489795755,0.02205562430679109,gru,validation,1,0.5147048234939575,HOLD
2002,2025-01-20,2025-01-20T13:30:00+08:00,2025-01-21,19.7,2025-02-03,20.0,0.015228426395939021,0.009297791256596355,gru,validation,1,0.5278404355049133,HOLD
2002,2025-01-21,2025-01-21T13:30:00+08:00,2025-01-22,20.3,2025-02-04,19.6,-0.03448275862068961,-0.04012299714286449,gru,validation,0,0.5258342027664185,HOLD
2002,2025-01-22,2025-01-22T13:30:00+08:00,2025-02-03,19.95,2025-02-05,19.6,-0.01754385964912275,-0.02328304972431816,gru,validation,0,0.4861545264720917,HOLD
2002,2025-02-03,2025-02-03T13:30:00+08:00,2025-02-04,20.15,2025-02-06,19.9,-0.012406947890818865,-0.018176146138155214,gru,validation,0,0.5428796410560608,HOLD
2002,2025-02-04,2025-02-04T13:30:00+08:00,2025-02-05,19.8,2025-02-07,19.65,-0.00757575757575768,-0.01337317806973548,gru,validation,0,0.5026087164878845,HOLD
2002,2025-02-05,2025-02-05T13:30:00+08:00,2025-02-06,19.9,2025-02-10,20.05,0.007537688442211143,0.0016519800992131906,gru,validation,0,0.5124614238739014,HOLD
2002,2025-02-06,2025-02-06T13:30:00+08:00,2025-02-07,19.9,2025-02-11,19.9,0.0,-0.005841675612252573,gru,validation,0,0.5080937147140503,HOLD
2002,2025-02-07,2025-02-07T13:30:00+08:00,2025-02-10,19.65,2025-02-12,20.1,0.022900763358778775,0.016925308915711312,gru,validation,1,0.511381983757019,HOLD
2002,2025-02-10,2025-02-10T13:30:00+08:00,2025-02-11,20.15,2025-02-13,21.9,0.08684863523573205,0.08049961806906536,gru,validation,1,0.5208430886268616,HOLD
2002,2025-02-11,2025-02-11T13:30:00+08:00,2025-02-12,20.0,2025-02-14,23.25,0.1625000000000001,0.15570905210075647,gru,validation,1,0.4626563787460327,HOLD
2002,2025-02-12,2025-02-12T13:30:00+08:00,2025-02-13,20.2,2025-02-17,22.85,0.1311881188118813,0.12458008476534821,gru,validation,1,0.5234522223472595,HOLD
2002,2025-02-13,2025-02-13T13:30:00+08:00,2025-02-14,22.0,2025-02-18,22.4,0.018181818181818077,0.012233930285706407,gru,validation,1,0.5507153272628784,HOLD
2002,2025-02-14,2025-02-14T13:30:00+08:00,2025-02-17,23.4,2025-02-19,22.35,-0.04487179487179471,-0.050451344014266764,gru,validation,0,0.5021358132362366,HOLD
2002,2025-02-17,2025-02-17T13:30:00+08:00,2025-02-18,22.65,2025-02-20,22.65,0.0,-0.005841675612252462,gru,validation,0,0.47954609990119934,HOLD
2002,2025-02-18,2025-02-18T13:30:00+08:00,2025-02-19,22.45,2025-02-21,23.0,0.024498886414253906,0.0185140962547079,gru,validation,1,0.464305579662323,HOLD
2002,2025-02-19,2025-02-19T13:30:00+08:00,2025-02-20,22.6,2025-02-24,23.2,0.0265486725663715,0.020551908221050352,gru,validation,1,0.5022038221359253,HOLD
2002,2025-02-20,2025-02-20T13:30:00+08:00,2025-02-21,22.8,2025-02-25,23.9,0.048245614035087536,0.04212210319592824,gru,validation,1,0.5153471827507019,HOLD
2002,2025-02-21,2025-02-21T13:30:00+08:00,2025-02-24,22.95,2025-02-26,23.8,0.0370370370370372,0.0309790030687751,gru,validation,1,0.47256535291671753,HOLD
2002,2025-02-24,2025-02-24T13:30:00+08:00,2025-02-25,23.1,2025-02-27,24.35,0.054112554112554,0.04795477051262553,gru,validation,1,0.5814817547798157,HOLD
2002,2025-02-25,2025-02-25T13:30:00+08:00,2025-02-26,23.95,2025-03-03,24.0,0.0020876826722338038,-0.003766188504971235,gru,validation,0,0.5026000738143921,HOLD
2002,2025-02-26,2025-02-26T13:30:00+08:00,2025-02-27,23.9,2025-03-04,23.6,-0.012552301255229992,-0.018320650395362237,gru,validation,0,0.479253351688385,HOLD
2002,2025-02-27,2025-02-27T13:30:00+08:00,2025-03-03,23.6,2025-03-05,24.1,0.021186440677966045,0.015221000751894698,gru,validation,1,0.49046435952186584,HOLD
2002,2025-03-03,2025-03-03T13:30:00+08:00,2025-03-04,23.75,2025-03-06,24.25,0.021052631578947434,0.015087973322226444,gru,validation,1,0.5179237723350525,HOLD
2002,2025-03-04,2025-03-04T13:30:00+08:00,2025-03-05,23.6,2025-03-07,24.25,0.02754237288135597,0.021539803661138723,gru,validation,1,0.5322651863098145,HOLD
2002,2025-03-05,2025-03-05T13:30:00+08:00,2025-03-06,24.2,2025-03-10,24.7,0.02066115702479343,0.014698785635428147,gru,validation,1,0.5011913180351257,HOLD
2002,2025-03-06,2025-03-06T13:30:00+08:00,2025-03-07,24.15,2025-03-11,24.3,0.006211180124223725,0.0003332208125161884,gru,validation,0,0.5479378700256348,HOLD
2002,2025-03-07,2025-03-07T13:30:00+08:00,2025-03-10,24.35,2025-03-12,24.15,-0.008213552361396426,-0.014007247065129347,gru,validation,0,0.509314775466919,HOLD
2002,2025-03-10,2025-03-10T13:30:00+08:00,2025-03-11,24.45,2025-03-13,23.7,-0.030674846625766916,-0.03633732973457604,gru,validation,0,0.5391917824745178,HOLD
2002,2025-03-11,2025-03-11T13:30:00+08:00,2025-03-12,24.4,2025-03-14,24.3,-0.004098360655737654,-0.009916094974497414,gru,validation,0,0.482329785823822,HOLD
2002,2025-03-12,2025-03-12T13:30:00+08:00,2025-03-13,24.15,2025-03-17,24.1,-0.0020703933747411307,-0.007899974420508604,gru,validation,0,0.4773932993412018,HOLD
2002,2025-03-13,2025-03-13T13:30:00+08:00,2025-03-14,23.8,2025-03-18,24.15,0.014705882352941124,0.008778299746390772,gru,validation,1,0.5144582390785217,HOLD
2002,2025-03-14,2025-03-14T13:30:00+08:00,2025-03-17,24.2,2025-03-19,24.1,-0.004132231404958553,-0.009949767861788583,gru,validation,0,0.5145912766456604,HOLD
2002,2025-03-17,2025-03-17T13:30:00+08:00,2025-03-18,24.15,2025-03-20,24.35,0.008281573498964967,0.002391519620772442,gru,validation,0,0.5364094376564026,HOLD
2002,2025-03-18,2025-03-18T13:30:00+08:00,2025-03-19,24.0,2025-03-21,23.8,-0.008333333333333304,-0.01412632831548366,gru,validation,0,0.5268577337265015,HOLD
2002,2025-03-19,2025-03-19T13:30:00+08:00,2025-03-20,24.3,2025-03-24,23.7,-0.024691358024691468,-0.030388794732937652,gru,validation,0,0.5072492361068726,HOLD
2002,2025-03-20,2025-03-20T13:30:00+08:00,2025-03-21,24.35,2025-03-25,23.1,-0.05133470225872694,-0.05687649719273247,gru,validation,0,0.48913270235061646,HOLD
2002,2025-03-21,2025-03-21T13:30:00+08:00,2025-03-24,23.8,2025-03-26,23.2,-0.025210084033613467,-0.0309044905127841,gru,validation,0,0.5293097496032715,HOLD
2002,2025-03-24,2025-03-24T13:30:00+08:00,2025-03-25,23.9,2025-03-27,23.45,-0.01882845188284521,-0.024560137786917124,gru,validation,0,0.511722981929779,HOLD
2002,2025-03-25,2025-03-25T13:30:00+08:00,2025-03-26,23.1,2025-03-28,23.0,-0.0043290043290044045,-0.01014539130224279,gru,validation,0,0.5099853873252869,HOLD
2002,2025-03-26,2025-03-26T13:30:00+08:00,2025-03-27,23.1,2025-03-31,22.4,-0.030303030303030387,-0.035967685442184316,gru,validation,0,0.47894763946533203,HOLD
2002,2025-03-27,2025-03-27T13:30:00+08:00,2025-03-28,23.55,2025-04-01,22.95,-0.025477707006369532,-0.03117055011894687,gru,validation,0,0.49328985810279846,HOLD
2002,2025-03-28,2025-03-28T13:30:00+08:00,2025-03-31,22.65,2025-04-02,22.85,0.008830022075055233,0.0029367643381914554,gru,validation,0,0.4723648428916931,HOLD
2002,2025-03-31,2025-03-31T13:30:00+08:00,2025-04-01,22.5,2025-04-07,20.6,-0.08444444444444443,-0.08979282300499558,gru,validation,0,0.5341344475746155,HOLD
2002,2025-04-01,2025-04-01T13:30:00+08:00,2025-04-02,23.0,2025-04-08,20.45,-0.11086956521739133,-0.1160635767943724,gru,validation,0,0.5223811864852905,HOLD
2002,2025-04-02,2025-04-02T13:30:00+08:00,2025-04-07,20.6,2025-04-09,19.0,-0.07766990291262144,-0.08305785614722316,gru,validation,0,0.44345542788505554,SELL
2002,2025-04-08,2025-04-08T13:30:00+08:00,2025-04-09,19.9,2025-04-11,20.45,0.027638190954773822,0.021635061996454263,gru,validation,1,0.4111126959323883,SELL
2002,2025-04-09,2025-04-09T13:30:00+08:00,2025-04-10,20.9,2025-04-14,21.15,0.011961722488038173,0.006050170373246955,gru,validation,1,0.4206395745277405,SELL
2002,2025-04-11,2025-04-11T13:30:00+08:00,2025-04-14,20.9,2025-04-16,20.9,0.0,-0.005841675612252462,gru,validation,0,0.535772979259491,HOLD
2002,2025-04-14,2025-04-14T13:30:00+08:00,2025-04-15,21.2,2025-04-17,20.5,-0.03301886792452824,-0.0386676580212818,gru,validation,0,0.5086842775344849,HOLD
2002,2025-04-15,2025-04-15T13:30:00+08:00,2025-04-16,21.05,2025-04-18,20.4,-0.030878859857482288,-0.036540151187171244,gru,validation,0,0.488329142332077,HOLD
2002,2025-04-16,2025-04-16T13:30:00+08:00,2025-04-17,20.9,2025-04-21,20.0,-0.04306220095693769,-0.04865232116005014,gru,validation,0,0.46600425243377686,HOLD
2002,2025-04-17,2025-04-17T13:30:00+08:00,2025-04-18,20.55,2025-04-22,20.2,-0.017031630170316392,-0.022773812523966153,gru,validation,0,0.49199390411376953,HOLD
2002,2025-04-18,2025-04-18T13:30:00+08:00,2025-04-21,20.4,2025-04-23,20.65,0.01225490196078427,0.006341637186616955,gru,validation,1,0.5129616260528564,HOLD
2002,2025-04-21,2025-04-21T13:30:00+08:00,2025-04-22,19.95,2025-04-24,20.5,0.027568922305764465,0.02156619799242221,gru,validation,1,0.48228272795677185,HOLD
2002,2025-04-22,2025-04-22T13:30:00+08:00,2025-04-23,20.4,2025-04-25,20.3,-0.004901960784313597,-0.010715000731800317,gru,validation,0,0.5354253649711609,HOLD
2002,2025-04-23,2025-04-23T13:30:00+08:00,2025-04-24,20.6,2025-04-28,20.45,-0.00728155339805836,-0.013080692537406069,gru,validation,0,0.5080416202545166,HOLD
2002,2025-04-24,2025-04-24T13:30:00+08:00,2025-04-25,20.55,2025-04-29,20.65,0.0048661800486617945,-0.001003922208905994,gru,validation,0,0.5265101790428162,HOLD
2002,2025-04-25,2025-04-25T13:30:00+08:00,2025-04-28,20.4,2025-04-30,20.65,0.01225490196078427,0.006341637186616955,gru,validation,1,0.5002391338348389,HOLD
2002,2025-04-28,2025-04-28T13:30:00+08:00,2025-04-29,20.5,2025-05-02,20.7,0.009756097560975618,0.003857429991530381,gru,validation,0,0.5338606238365173,HOLD
2002,2025-04-29,2025-04-29T13:30:00+08:00,2025-04-30,20.45,2025-05-05,21.15,0.03422982885085579,0.02818819368219372,gru,validation,1,0.5138081312179565,HOLD
2002,2025-04-30,2025-04-30T13:30:00+08:00,2025-05-02,20.65,2025-05-06,21.9,0.060532687651331685,0.054337399713882295,gru,validation,1,0.49001991748809814,HOLD
2002,2025-05-02,2025-05-02T13:30:00+08:00,2025-05-05,20.9,2025-05-07,21.55,0.031100478468899517,0.02507712395004602,gru,validation,1,0.5037018060684204,HOLD
2002,2025-05-05,2025-05-05T13:30:00+08:00,2025-05-06,21.5,2025-05-08,21.25,-0.011627906976744207,-0.017401656128389176,gru,validation,0,0.5113782286643982,HOLD
2002,2025-05-06,2025-05-06T13:30:00+08:00,2025-05-07,21.95,2025-05-09,21.3,-0.029612756264236872,-0.03528144376040887,gru,validation,0,0.49154242873191833,HOLD
2002,2025-05-07,2025-05-07T13:30:00+08:00,2025-05-08,21.55,2025-05-12,21.35,-0.009280742459396696,-0.015068202984760526,gru,validation,0,0.4998459219932556,HOLD
2002,2025-05-08,2025-05-08T13:30:00+08:00,2025-05-09,21.2,2025-05-13,21.4,0.00943396226415083,0.0035371765046128267,gru,validation,0,0.5040816068649292,HOLD
2002,2025-05-09,2025-05-09T13:30:00+08:00,2025-05-12,21.4,2025-05-14,21.5,0.004672897196261738,-0.0011960759655808006,gru,validation,0,0.4934515953063965,HOLD
2002,2025-05-12,2025-05-12T13:30:00+08:00,2025-05-13,21.45,2025-05-15,21.3,-0.006993006993006978,-0.012793831726852112,gru,validation,0,0.49659964442253113,HOLD
2002,2025-05-13,2025-05-13T13:30:00+08:00,2025-05-14,21.5,2025-05-16,21.0,-0.023255813953488413,-0.02896163664452578,gru,validation,0,0.4876514673233032,HOLD
2002,2025-05-14,2025-05-14T13:30:00+08:00,2025-05-15,21.4,2025-05-19,21.1,-0.014018691588784882,-0.019778474552267666,gru,validation,0,0.4962988495826721,HOLD
2002,2025-05-15,2025-05-15T13:30:00+08:00,2025-05-16,21.0,2025-05-20,21.65,0.030952380952380842,0.024929891571177754,gru,validation,1,0.4942069947719574,HOLD
2002,2025-05-16,2025-05-16T13:30:00+08:00,2025-05-19,21.0,2025-05-21,21.05,0.0023809523809523725,-0.00347463198275777,gru,validation,0,0.5234686136245728,HOLD
2002,2025-05-19,2025-05-19T13:30:00+08:00,2025-05-20,21.2,2025-05-22,20.45,-0.035377358490566,-0.041012371050498264,gru,validation,0,0.4646981358528137,HOLD
2002,2025-05-20,2025-05-20T13:30:00+08:00,2025-05-21,21.55,2025-05-23,20.3,-0.058004640371229654,-0.06350747169042814,gru,validation,0,0.5114583373069763,HOLD
2002,2025-05-21,2025-05-21T13:30:00+08:00,2025-05-22,21.05,2025-05-26,20.2,-0.040380047505938266,-0.045985835979453826,gru,validation,0,0.4886179268360138,HOLD
2002,2025-05-22,2025-05-22T13:30:00+08:00,2025-05-23,20.5,2025-05-27,20.0,-0.024390243902439046,-0.030089439621709735,gru,validation,0,0.47625744342803955,HOLD
2002,2025-05-23,2025-05-23T13:30:00+08:00,2025-05-26,20.3,2025-05-28,20.05,-0.012315270935960632,-0.018085004730328258,gru,validation,0,0.48624637722969055,HOLD
2002,2025-05-26,2025-05-26T13:30:00+08:00,2025-05-27,20.1,2025-05-29,19.75,-0.017412935323383172,-0.023152890216019406,gru,validation,0,0.4867513179779053,HOLD
2002,2025-05-27,2025-05-27T13:30:00+08:00,2025-05-28,20.2,2025-06-02,19.2,-0.04950495049504955,-0.05505743424530929,gru,validation,0,0.46553441882133484,HOLD
2002,2025-05-28,2025-05-28T13:30:00+08:00,2025-05-29,20.15,2025-06-03,19.25,-0.04466501240694787,-0.05024576950550186,gru,validation,0,0.44080156087875366,SELL
2002,2025-05-29,2025-05-29T13:30:00+08:00,2025-06-02,19.7,2025-06-04,19.2,-0.025380710659898442,-0.031074120393667415,gru,validation,0,0.5488640666007996,HOLD
2002,2025-06-02,2025-06-02T13:30:00+08:00,2025-06-03,19.2,2025-06-05,19.4,0.01041666666666674,0.004514140266786315,gru,validation,1,0.5224261283874512,HOLD
2002,2025-06-03,2025-06-03T13:30:00+08:00,2025-06-04,19.35,2025-06-06,19.55,0.010335917312661369,0.004433862624313223,gru,validation,1,0.507729709148407,HOLD
2002,2025-06-04,2025-06-04T13:30:00+08:00,2025-06-05,19.3,2025-06-09,19.35,0.002590673575129543,-0.003266135911766166,gru,validation,0,0.5231391191482544,HOLD
2002,2025-06-05,2025-06-05T13:30:00+08:00,2025-06-06,19.45,2025-06-10,19.4,-0.0025706940874036244,-0.008397352538699221,gru,validation,0,0.4829559624195099,HOLD
2002,2025-06-06,2025-06-06T13:30:00+08:00,2025-06-09,19.75,2025-06-11,19.5,-0.012658227848101222,-0.018425958199439374,gru,validation,0,0.47147831320762634,HOLD
2002,2025-06-09,2025-06-09T13:30:00+08:00,2025-06-10,19.4,2025-06-12,19.45,0.002577319587628857,-0.0032794118896037894,gru,validation,0,0.4427448511123657,SELL
2002,2025-06-10,2025-06-10T13:30:00+08:00,2025-06-11,19.45,2025-06-13,19.2,-0.01285347043701801,-0.018620060244485814,gru,validation,0,0.4998459219932556,HOLD
2002,2025-06-11,2025-06-11T13:30:00+08:00,2025-06-12,19.5,2025-06-16,19.2,-0.015384615384615441,-0.021136419064371692,gru,validation,0,0.4974476993083954,HOLD
2002,2025-06-12,2025-06-12T13:30:00+08:00,2025-06-13,19.25,2025-06-17,19.1,-0.007792207792207684,-0.013588363854234897,gru,validation,0,0.49618253111839294,HOLD
2002,2025-06-13,2025-06-13T13:30:00+08:00,2025-06-16,19.2,2025-06-18,19.1,-0.005208333333333259,-0.011019583551772016,gru,validation,0,0.5154914855957031,HOLD
2002,2025-06-16,2025-06-16T13:30:00+08:00,2025-06-17,19.2,2025-06-19,18.95,-0.01302083333333337,-0.01878644546105135,gru,validation,0,0.4888552129268646,HOLD
2002,2025-06-17,2025-06-17T13:30:00+08:00,2025-06-18,19.1,2025-06-20,18.65,-0.023560209424083878,-0.02926425393552423,gru,validation,0,0.48728883266448975,HOLD
2002,2025-06-18,2025-06-18T13:30:00+08:00,2025-06-19,19.1,2025-06-23,18.45,-0.034031413612565564,-0.03967428874586709,gru,validation,0,0.48219579458236694,HOLD
2002,2025-06-19,2025-06-19T13:30:00+08:00,2025-06-20,18.95,2025-06-24,18.9,-0.0026385224274406704,-0.008464784647576384,gru,validation,0,0.4616753160953522,HOLD
2002,2025-06-20,2025-06-20T13:30:00+08:00,2025-06-23,18.5,2025-06-25,18.75,0.013513513513513598,0.0075928963389331194,gru,validation,1,0.5462619066238403,HOLD
2002,2025-06-23,2025-06-23T13:30:00+08:00,2025-06-24,18.7,2025-06-26,19.0,0.016042780748663166,0.010107388415358631,gru,validation,1,0.48661091923713684,HOLD
2002,2025-06-24,2025-06-24T13:30:00+08:00,2025-06-25,19.0,2025-06-27,19.1,0.0052631578947368585,-0.0006092633786327628,gru,validation,0,0.5109150409698486,HOLD
2002,2025-06-25,2025-06-25T13:30:00+08:00,2025-06-26,18.85,2025-06-30,18.8,-0.0026525198938992522,-0.008478700345376677,gru,validation,0,0.5131471753120422,HOLD
2303,2025-01-02,2025-01-02T13:30:00+08:00,2025-01-03,43.95,2025-01-07,42.35,-0.0364050056882822,-0.04203401506664162,gru,validation,0,0.5383278727531433,HOLD
2303,2025-01-03,2025-01-03T13:30:00+08:00,2025-01-06,43.6,2025-01-08,42.7,-0.020642201834862317,-0.026363292400072957,gru,validation,0,0.5122808218002319,HOLD
2303,2025-01-06,2025-01-06T13:30:00+08:00,2025-01-07,43.65,2025-01-09,41.6,-0.04696449026345928,-0.05253181455829792,gru,validation,0,0.4954356849193573,HOLD
2303,2025-01-07,2025-01-07T13:30:00+08:00,2025-01-08,42.4,2025-01-10,41.3,-0.025943396226415172,-0.031633518933632865,gru,validation,0,0.5133585929870605,HOLD
2303,2025-01-08,2025-01-08T13:30:00+08:00,2025-01-09,42.7,2025-01-13,40.9,-0.042154566744730726,-0.04774998905248551,gru,validation,0,0.4966953992843628,HOLD
2303,2025-01-09,2025-01-09T13:30:00+08:00,2025-01-10,41.25,2025-01-14,42.25,0.024242424242424176,0.018259132251692733,gru,validation,1,0.498331755399704,HOLD
2303,2025-01-10,2025-01-10T13:30:00+08:00,2025-01-13,41.0,2025-01-15,41.45,0.01097560975609757,0.00506981819200325,gru,validation,1,0.49580758810043335,HOLD
2303,2025-01-13,2025-01-13T13:30:00+08:00,2025-01-14,41.2,2025-01-16,41.55,0.00849514563106779,0.002603844133759914,gru,validation,0,0.510651171207428,HOLD
2303,2025-01-14,2025-01-14T13:30:00+08:00,2025-01-15,42.05,2025-01-17,41.2,-0.02021403091557661,-0.02593762271640432,gru,validation,0,0.5189300179481506,HOLD
2303,2025-01-15,2025-01-15T13:30:00+08:00,2025-01-16,41.9,2025-01-20,42.75,0.020286396181384392,0.014326214023298478,gru,validation,1,0.4960639476776123,HOLD
2303,2025-01-16,2025-01-16T13:30:00+08:00,2025-01-17,41.4,2025-01-21,42.95,0.037439613526570215,0.031379227837047274,gru,validation,1,0.49514487385749817,HOLD
2303,2025-01-17,2025-01-17T13:30:00+08:00,2025-01-20,41.55,2025-01-22,40.2,-0.032490974729241784,-0.038142848606800284,gru,validation,0,0.5177561044692993,HOLD
2303,2025-01-20,2025-01-20T13:30:00+08:00,2025-01-21,42.75,2025-02-03,40.5,-0.052631578947368474,-0.05816579794844967,gru,validation,0,0.5176905989646912,HOLD
2303,2025-01-21,2025-01-21T13:30:00+08:00,2025-01-22,39.7,2025-02-04,40.1,0.010075566750629594,0.004175032945810342,gru,validation,1,0.5386947393417358,HOLD
2303,2025-01-22,2025-01-22T13:30:00+08:00,2025-02-03,40.2,2025-02-05,40.1,-0.0024875621890547706,-0.00831470626993347,gru,validation,0,0.49309319257736206,HOLD
2303,2025-02-03,2025-02-03T13:30:00+08:00,2025-02-04,40.95,2025-02-06,40.1,-0.020757020757020794,-0.026477440587334033,gru,validation,0,0.5448800921440125,HOLD
2303,2025-02-04,2025-02-04T13:30:00+08:00,2025-02-05,40.4,2025-02-07,40.15,-0.006188118811881194,-0.011993645441384593,gru,validation,0,0.4967232048511505,HOLD
2303,2025-02-05,2025-02-05T13:30:00+08:00,2025-02-06,40.3,2025-02-10,40.2,-0.002481389578163684,-0.0083085697174331,gru,validation,0,0.499132364988327,HOLD
2303,2025-02-06,2025-02-06T13:30:00+08:00,2025-02-07,40.1,2025-02-11,40.4,0.007481296758104605,0.00159591783703239,gru,validation,0,0.5288945436477661,HOLD
2303,2025-02-07,2025-02-07T13:30:00+08:00,2025-02-10,40.15,2025-02-12,40.1,-0.001245330012453194,-0.007079730810742868,gru,validation,0,0.509670615196228,HOLD
2303,2025-02-10,2025-02-10T13:30:00+08:00,2025-02-11,40.3,2025-02-13,41.4,0.027295285359801635,0.021294159544733127,gru,validation,1,0.48758503794670105,HOLD
2303,2025-02-11,2025-02-11T13:30:00+08:00,2025-02-12,40.4,2025-02-14,41.4,0.024752475247524774,0.018766203704275952,gru,validation,1,0.4974762797355652,HOLD
2303,2025-02-12,2025-02-12T13:30:00+08:00,2025-02-13,40.25,2025-02-17,42.0,0.04347826086956519,0.037382599361127866,gru,validation,1,0.49044713377952576,HOLD
2303,2025-02-13,2025-02-13T13:30:00+08:00,2025-02-14,41.5,2025-02-18,41.95,0.010843373493975905,0.00493835441122914,gru,validation,1,0.5178594589233398,HOLD
2303,2025-02-14,2025-02-14T13:30:00+08:00,2025-02-17,41.5,2025-02-19,42.55,0.025301204819277112,0.01931172777587098,gru,validation,1,0.49877089262008667,HOLD
2303,2025-02-17,2025-02-17T13:30:00+08:00,2025-02-18,42.05,2025-02-20,43.0,0.022592152199762294,0.01661850056297598,gru,validation,1,0.49844086170196533,HOLD
2303,2025-02-18,2025-02-18T13:30:00+08:00,2025-02-19,42.2,2025-02-21,43.6,0.033175355450236976,0.027139880173122855,gru,validation,1,0.5127659440040588,HOLD
2303,2025-02-19,2025-02-19T13:30:00+08:00,2025-02-20,43.0,2025-02-24,43.55,0.012790697674418539,0.006874302955497624,gru,validation,1,0.4988628327846527,HOLD
2303,2025-02-20,2025-02-20T13:30:00+08:00,2025-02-21,43.35,2025-02-25,43.3,-0.0011534025374856371,-0.006988340346263944,gru,validation,0,0.5006315112113953,HOLD
2303,2025-02-21,2025-02-21T13:30:00+08:00,2025-02-24,43.05,2025-02-26,43.6,0.012775842044134844,0.006859534106987031,gru,validation,1,0.5087421536445618,HOLD
2303,2025-02-24,2025-02-24T13:30:00+08:00,2025-02-25,43.05,2025-02-27,43.7,0.015098722415795685,0.009168844965030676,gru,validation,1,0.4957002103328705,HOLD
2303,2025-02-25,2025-02-25T13:30:00+08:00,2025-02-26,43.1,2025-03-03,43.6,0.011600928074245953,0.005691483603382563,gru,validation,1,0.5212735533714294,HOLD
2303,2025-02-26,2025-02-26T13:30:00+08:00,2025-02-27,44.0,2025-03-04,43.6,-0.009090909090909038,-0.014879478561232062,gru,validation,0,0.4845034182071686,HOLD
2303,2025-02-27,2025-02-27T13:30:00+08:00,2025-03-03,43.1,2025-03-05,44.0,0.02088167053364276,0.01491801097589085,gru,validation,1,0.5068749785423279,HOLD
2303,2025-03-03,2025-03-03T13:30:00+08:00,2025-03-04,42.95,2025-03-06,44.0,0.024447031431897415,0.018462544192337393,gru,validation,1,0.5151188373565674,HOLD
2303,2025-03-04,2025-03-04T13:30:00+08:00,2025-03-05,44.1,2025-03-07,44.15,0.0011337868480725266,-0.004714511979159952,gru,validation,0,0.5140905976295471,HOLD
2303,2025-03-05,2025-03-05T13:30:00+08:00,2025-03-06,44.3,2025-03-10,45.05,0.016930022573363512,0.01098944726112916,gru,validation,1,0.532662034034729,HOLD
2303,2025-03-06,2025-03-06T13:30:00+08:00,2025-03-07,44.0,2025-03-11,44.85,0.01931818181818179,0.013363655654329065,gru,validation,1,0.4603426158428192,HOLD
2303,2025-03-07,2025-03-07T13:30:00+08:00,2025-03-10,44.55,2025-03-12,44.8,0.0056116722783390305,-0.0002627849030059082,gru,validation,0,0.51942378282547,HOLD
2303,2025-03-10,2025-03-10T13:30:00+08:00,2025-03-11,44.3,2025-03-13,43.7,-0.013544018058690654,-0.019306573910957803,gru,validation,0,0.48632872104644775,HOLD
2303,2025-03-11,2025-03-11T13:30:00+08:00,2025-03-12,44.7,2025-03-14,44.9,0.004474272930648615,-0.001393539932665555,gru,validation,0,0.5420116782188416,HOLD
2303,2025-03-12,2025-03-12T13:30:00+08:00,2025-03-13,44.7,2025-03-17,44.1,-0.01342281879194629,-0.019186082651014402,gru,validation,0,0.5139009952545166,HOLD
2303,2025-03-13,2025-03-13T13:30:00+08:00,2025-03-14,43.55,2025-03-18,44.5,0.021814006888633886,0.015844900924334437,gru,validation,1,0.537134051322937,HOLD
2303,2025-03-14,2025-03-14T13:30:00+08:00,2025-03-17,45.0,2025-03-19,44.3,-0.015555555555555656,-0.021306360658284174,gru,validation,0,0.5209161639213562,HOLD
2303,2025-03-17,2025-03-17T13:30:00+08:00,2025-03-18,44.2,2025-03-20,45.15,0.02149321266968318,0.015525980681149187,gru,validation,1,0.48951995372772217,HOLD
2303,2025-03-18,2025-03-18T13:30:00+08:00,2025-03-19,44.5,2025-03-21,45.0,0.011235955056179803,0.005328642639295111,gru,validation,1,0.5180058479309082,HOLD
2303,2025-03-19,2025-03-19T13:30:00+08:00,2025-03-20,44.7,2025-03-24,44.85,0.003355704697986628,-0.002505573852562226,gru,validation,0,0.5136657357215881,HOLD
2303,2025-03-20,2025-03-20T13:30:00+08:00,2025-03-21,45.0,2025-03-25,44.85,-0.0033333333333332993,-0.009155536693544963,gru,validation,0,0.5294600129127502,HOLD
2303,2025-03-21,2025-03-21T13:30:00+08:00,2025-03-24,45.0,2025-03-26,44.55,-0.010000000000000009,-0.015783258856129967,gru,validation,0,0.5114005208015442,HOLD
2303,2025-03-24,2025-03-24T13:30:00+08:00,2025-03-25,45.0,2025-03-27,44.8,-0.004444444444444473,-0.010260157053975871,gru,validation,0,0.5242283940315247,HOLD
2303,2025-03-25,2025-03-25T13:30:00+08:00,2025-03-26,44.75,2025-03-28,44.55,-0.004469273743016866,-0.010284841307840353,gru,validation,0,0.5114675164222717,HOLD
2303,2025-03-26,2025-03-26T13:30:00+08:00,2025-03-27,44.1,2025-03-31,44.65,0.012471655328798015,0.00655712435176703,gru,validation,1,0.5048843026161194,HOLD
2303,2025-03-27,2025-03-27T13:30:00+08:00,2025-03-28,44.6,2025-04-01,45.95,0.030269058295964157,0.024250560664058174,gru,validation,1,0.48772677779197693,HOLD
2303,2025-03-28,2025-03-28T13:30:00+08:00,2025-03-31,43.55,2025-04-02,45.25,0.039035591274397374,0.032965882400587176,gru,validation,1,0.5110228061676025,HOLD
2303,2025-03-31,2025-03-31T13:30:00+08:00,2025-04-01,47.2,2025-04-07,40.75,-0.13665254237288138,-0.1416959381610019,gru,validation,0,0.5243000984191895,HOLD
2303,2025-04-01,2025-04-01T13:30:00+08:00,2025-04-02,45.8,2025-04-08,41.7,-0.08951965065502177,-0.09483838150722557,gru,validation,0,0.4391607940196991,SELL
2303,2025-04-02,2025-04-02T13:30:00+08:00,2025-04-07,40.75,2025-04-09,39.9,-0.020858895705521463,-0.026578720415432744,gru,validation,0,0.4798118472099304,HOLD
2303,2025-04-08,2025-04-08T13:30:00+08:00,2025-04-09,40.55,2025-04-11,44.1,0.08754623921085081,0.08119314686805579,gru,validation,1,0.40756455063819885,SELL
2303,2025-04-09,2025-04-09T13:30:00+08:00,2025-04-10,43.85,2025-04-14,44.3,0.010262257696693089,0.004360633303927219,gru,validation,1,0.43900245428085327,SELL
2303,2025-04-10,2025-04-10T13:30:00+08:00,2025-04-11,42.7,2025-04-15,44.7,0.04683840749414525,0.040723117099117356,gru,validation,1,0.445515900850296,SELL
2303,2025-04-11,2025-04-11T13:30:00+08:00,2025-04-14,44.8,2025-04-16,44.95,0.0033482142857144126,-0.0025130205082755097,gru,validation,0,0.49041882157325745,HOLD
2303,2025-04-14,2025-04-14T13:30:00+08:00,2025-04-15,44.5,2025-04-17,44.1,-0.008988764044943753,-0.01477793021349072,gru,validation,0,0.5372403860092163,HOLD
2303,2025-04-15,2025-04-15T13:30:00+08:00,2025-04-16,44.2,2025-04-18,44.3,0.002262443438913797,-0.0035924486339997674,gru,validation,0,0.5249775648117065,HOLD
2303,2025-04-16,2025-04-16T13:30:00+08:00,2025-04-17,44.85,2025-04-21,43.65,-0.026755852842809458,-0.03244122944202521,gru,validation,0,0.5019091963768005,HOLD
2303,2025-04-17,2025-04-17T13:30:00+08:00,2025-04-18,44.45,2025-04-22,44.3,-0.003374578177727905,-0.00919654059893793,gru,validation,0,0.5117393732070923,HOLD
2303,2025-04-18,2025-04-18T13:30:00+08:00,2025-04-21,44.35,2025-04-23,45.1,0.016910935738444266,0.01097047192530809,gru,validation,1,0.5099558234214783,HOLD
2303,2025-04-21,2025-04-21T13:30:00+08:00,2025-04-22,43.6,2025-04-24,43.4,-0.004587155963302836,-0.010402034898435053,gru,validation,0,0.4945056438446045,HOLD
2303,2025-04-22,2025-04-22T13:30:00+08:00,2025-04-23,44.95,2025-04-25,44.65,-0.006674082313681939,-0.012476770102048396,gru,validation,0,0.5141453146934509,HOLD
2303,2025-04-23,2025-04-23T13:30:00+08:00,2025-04-24,44.75,2025-04-28,44.9,0.003351955307262511,-0.0025093013405619313,gru,validation,0,0.4929583966732025,HOLD
2303,2025-04-24,2025-04-24T13:30:00+08:00,2025-04-25,44.1,2025-04-29,44.95,0.01927437641723362,0.013320106150322975,gru,validation,1,0.4831133484840393,HOLD
2303,2025-04-25,2025-04-25T13:30:00+08:00,2025-04-28,44.55,2025-04-30,45.2,0.014590347923681302,0.008663440231788666,gru,validation,1,0.5406886339187622,HOLD
2303,2025-04-28,2025-04-28T13:30:00+08:00,2025-04-29,44.7,2025-05-02,45.65,0.021252796420581532,0.015286968865786621,gru,validation,1,0.5182390213012695,HOLD
2303,2025-04-29,2025-04-29T13:30:00+08:00,2025-04-30,44.75,2025-05-05,45.05,0.006703910614525022,0.000823072931128932,gru,validation,0,0.5271619558334351,HOLD
2303,2025-04-30,2025-04-30T13:30:00+08:00,2025-05-02,45.2,2025-05-06,45.4,0.004424778761061843,-0.0014427449733689368,gru,validation,0,0.5501019358634949,HOLD
2303,2025-05-02,2025-05-02T13:30:00+08:00,2025-05-05,45.75,2025-05-07,45.75,0.0,-0.005841675612252573,gru,validation,0,0.5002985596656799,HOLD
2303,2025-05-05,2025-05-05T13:30:00+08:00,2025-05-06,45.0,2025-05-08,45.3,0.006666666666666599,0.000786046550332431,gru,validation,0,0.5366761684417725,HOLD
2303,2025-05-06,2025-05-06T13:30:00+08:00,2025-05-07,45.6,2025-05-09,45.55,-0.0010964912280703176,-0.006931761494256783,gru,validation,0,0.5252742171287537,HOLD
2303,2025-05-07,2025-05-07T13:30:00+08:00,2025-05-08,45.4,2025-05-12,46.45,0.023127753303964882,0.017150972859270253,gru,validation,1,0.5307164788246155,HOLD
2303,2025-05-08,2025-05-08T13:30:00+08:00,2025-05-09,45.2,2025-05-13,46.55,0.02986725663716805,0.023851106200213135,gru,validation,1,0.507394552230835,HOLD
2303,2025-05-09,2025-05-09T13:30:00+08:00,2025-05-12,45.75,2025-05-14,47.0,0.02732240437158473,0.02132112013604659,gru,validation,1,0.5070585608482361,HOLD
2303,2025-05-12,2025-05-12T13:30:00+08:00,2025-05-13,46.65,2025-05-15,47.5,0.018220793140407254,0.012272677565230428,gru,validation,1,0.524155855178833,HOLD
2303,2025-05-13,2025-05-13T13:30:00+08:00,2025-05-14,46.9,2025-05-16,47.8,0.019189765458422103,0.013235989461286346,gru,validation,1,0.5140549540519714,HOLD
2303,2025-05-14,2025-05-14T13:30:00+08:00,2025-05-15,46.95,2025-05-19,47.75,0.017039403620873195,0.011098189340041253,gru,validation,1,0.5071284770965576,HOLD
2303,2025-05-15,2025-05-15T13:30:00+08:00,2025-05-16,47.6,2025-05-20,47.85,0.005252100840336116,-0.0006202558413085368,gru,validation,0,0.5137149095535278,HOLD
2303,2025-05-16,2025-05-16T13:30:00+08:00,2025-05-19,47.6,2025-05-21,49.55,0.0409663865546217,0.03488539860111084,gru,validation,1,0.5236184000968933,HOLD
2303,2025-05-19,2025-05-19T13:30:00+08:00,2025-05-20,47.95,2025-05-22,49.45,0.031282586027111536,0.02525816769497613,gru,validation,1,0.5112272500991821,HOLD
2303,2025-05-20,2025-05-20T13:30:00+08:00,2025-05-21,48.0,2025-05-23,48.05,0.0010416666666666075,-0.004806094024348617,gru,validation,0,0.5097655057907104,HOLD
2303,2025-05-21,2025-05-21T13:30:00+08:00,2025-05-22,49.45,2025-05-26,47.1,-0.04752275025278063,-0.05308681337385446,gru,validation,0,0.49149900674819946,HOLD
2303,2025-05-22,2025-05-22T13:30:00+08:00,2025-05-23,48.1,2025-05-27,46.0,-0.04365904365904372,-0.04924567730069895,gru,validation,0,0.49635839462280273,HOLD
2303,2025-05-23,2025-05-23T13:30:00+08:00,2025-05-26,47.8,2025-05-28,47.05,-0.01569037656903771,-0.021440394091139736,gru,validation,0,0.4909784197807312,HOLD
2303,2025-05-26,2025-05-26T13:30:00+08:00,2025-05-27,47.1,2025-05-29,46.75,-0.007430997876857748,-0.013229264010038433,gru,validation,0,0.5301511883735657,HOLD
2303,2025-05-27,2025-05-27T13:30:00+08:00,2025-05-28,46.4,2025-06-02,46.95,0.0118534482758621,0.005942528663895441,gru,validation,1,0.47503817081451416,HOLD
2303,2025-05-28,2025-05-28T13:30:00+08:00,2025-05-29,47.4,2025-06-03,47.25,-0.0031645569620253333,-0.0089877462590493,gru,validation,0,0.46624577045440674,HOLD
2303,2025-05-29,2025-05-29T13:30:00+08:00,2025-06-02,46.8,2025-06-04,45.95,-0.018162393162392987,-0.023897969965448684,gru,validation,0,0.5725523233413696,HOLD
2303,2025-06-02,2025-06-02T13:30:00+08:00,2025-06-03,46.7,2025-06-05,45.3,-0.029978586723768852,-0.0356451371570673,gru,validation,0,0.5459867119789124,HOLD
2303,2025-06-03,2025-06-03T13:30:00+08:00,2025-06-04,47.1,2025-06-06,45.0,-0.04458598726114649,-0.05016720599896751,gru,validation,0,0.5073674917221069,HOLD
2303,2025-06-04,2025-06-04T13:30:00+08:00,2025-06-05,45.65,2025-06-09,45.65,0.0,-0.005841675612252684,gru,validation,0,0.4906531274318695,HOLD
2303,2025-06-05,2025-06-05T13:30:00+08:00,2025-06-06,45.3,2025-06-10,46.4,0.02428256070640189,0.018299034251467727,gru,validation,1,0.5140638947486877,HOLD
2303,2025-06-06,2025-06-06T13:30:00+08:00,2025-06-09,45.0,2025-06-11,47.25,0.050000000000000044,0.04386624060713484,gru,validation,1,0.5325846076011658,HOLD
2303,2025-06-09,2025-06-09T13:30:00+08:00,2025-06-10,45.85,2025-06-12,47.3,0.0316248636859322,0.025598445878744824,gru,validation,1,0.527157187461853,HOLD
2303,2025-06-10,2025-06-10T13:30:00+08:00,2025-06-11,46.55,2025-06-13,47.45,0.019334049409237553,0.01337943055206492,gru,validation,1,0.5203227996826172,HOLD
2303,2025-06-11,2025-06-11T13:30:00+08:00,2025-06-12,47.25,2025-06-16,48.0,0.015873015873015817,0.009938615251045002,gru,validation,1,0.536639928817749,HOLD
2303,2025-06-12,2025-06-12T13:30:00+08:00,2025-06-13,46.8,2025-06-17,47.5,0.014957264957265126,0.009028213855085454,gru,validation,1,0.5200514197349548,HOLD
2303,2025-06-13,2025-06-13T13:30:00+08:00,2025-06-16,47.35,2025-06-18,48.3,0.020063357972544882,0.014104478731324255,gru,validation,1,0.5173384547233582,HOLD
2303,2025-06-16,2025-06-16T13:30:00+08:00,2025-06-17,48.25,2025-06-19,47.75,-0.010362694300518172,-0.0161438344141982,gru,validation,0,0.5038995742797852,HOLD
2303,2025-06-17,2025-06-17T13:30:00+08:00,2025-06-18,47.7,2025-06-20,47.65,-0.0010482180293501786,-0.006883770291904345,gru,validation,0,0.481749564409256,HOLD
2303,2025-06-18,2025-06-18T13:30:00+08:00,2025-06-19,48.4,2025-06-23,47.0,-0.02892561983471076,-0.034598321359005535,gru,validation,0,0.49569740891456604,HOLD
2303,2025-06-19,2025-06-19T13:30:00+08:00,2025-06-20,47.3,2025-06-24,45.35,-0.04122621564482021,-0.046827061078554943,gru,validation,0,0.5150435566902161,HOLD
2303,2025-06-20,2025-06-20T13:30:00+08:00,2025-06-23,46.5,2025-06-25,43.8,-0.058064516129032295,-0.06356699767347662,gru,validation,0,0.5622131824493408,HOLD
2303,2025-06-23,2025-06-23T13:30:00+08:00,2025-06-24,42.5,2025-06-26,43.25,0.01764705882352935,0.011702294818119352,gru,validation,1,0.5393674373626709,HOLD
2303,2025-06-24,2025-06-24T13:30:00+08:00,2025-06-25,45.45,2025-06-27,44.3,-0.025302530253025424,-0.030996396691370554,gru,validation,0,0.5457114577293396,HOLD
2303,2025-06-25,2025-06-25T13:30:00+08:00,2025-06-26,43.8,2025-06-30,44.2,0.009132420091324311,0.0032373958433433714,gru,validation,0,0.46807801723480225,HOLD
2330,2025-01-02,2025-01-02T13:30:00+08:00,2025-01-03,1080.0,2025-01-07,1130.0,0.04629629629629628,0.040184172739031965,gru,validation,1,0.4595679044723511,HOLD
2330,2025-01-03,2025-01-03T13:30:00+08:00,2025-01-06,1100.0,2025-01-08,1105.0,0.00454545454545463,-0.0013227741377629387,gru,validation,0,0.5320836901664734,HOLD
2330,2025-01-06,2025-01-06T13:30:00+08:00,2025-01-07,1150.0,2025-01-09,1100.0,-0.04347826086956519,-0.04906595058563301,gru,validation,0,0.513633668422699,HOLD
2330,2025-01-07,2025-01-07T13:30:00+08:00,2025-01-08,1110.0,2025-01-10,1100.0,-0.009009009009009028,-0.014798056913043145,gru,validation,0,0.516907811164856,HOLD
2330,2025-01-08,2025-01-08T13:30:00+08:00,2025-01-09,1100.0,2025-01-13,1075.0,-0.022727272727272707,-0.02843618298470152,gru,validation,0,0.4968225359916687,HOLD
2330,2025-01-09,2025-01-09T13:30:00+08:00,2025-01-10,1100.0,2025-01-14,1090.0,-0.009090909090909038,-0.014879478561232062,gru,validation,0,0.5007110238075256,HOLD
2330,2025-01-10,2025-01-10T13:30:00+08:00,2025-01-13,1110.0,2025-01-15,1065.0,-0.04054054054054057,-0.04614539146580998,gru,validation,0,0.49641451239585876,HOLD
2330,2025-01-13,2025-01-13T13:30:00+08:00,2025-01-14,1085.0,2025-01-16,1105.0,0.018433179723502224,0.01248382345480259,gru,validation,1,0.47196856141090393,HOLD
2330,2025-01-14,2025-01-14T13:30:00+08:00,2025-01-15,1085.0,2025-01-17,1120.0,0.032258064516129004,0.026227947755094183,gru,validation,1,0.49944713711738586,HOLD
2330,2025-01-15,2025-01-15T13:30:00+08:00,2025-01-16,1095.0,2025-01-20,1120.0,0.022831050228310446,0.016856003026737287,gru,validation,1,0.48377788066864014,HOLD
2330,2025-01-16,2025-01-16T13:30:00+08:00,2025-01-17,1125.0,2025-01-21,1120.0,-0.004444444444444473,-0.010260157053975871,gru,validation,0,0.5236283540725708,HOLD
2330,2025-01-17,2025-01-17T13:30:00+08:00,2025-01-20,1125.0,2025-01-22,1135.0,0.008888888888888946,0.002995287271194025,gru,validation,0,0.5017649531364441,HOLD
2330,2025-01-20,2025-01-20T13:30:00+08:00,2025-01-21,1115.0,2025-02-03,1070.0,-0.04035874439461884,-0.045964657314000235,gru,validation,0,0.4850171208381653,HOLD
2330,2025-01-21,2025-01-21T13:30:00+08:00,2025-01-22,1140.0,2025-02-04,1095.0,-0.03947368421052633,-0.04508476736440048,gru,validation,0,0.5110719203948975,HOLD
2330,2025-01-22,2025-01-22T13:30:00+08:00,2025-02-03,1065.0,2025-02-05,1110.0,0.04225352112676051,0.03616501415061002,gru,validation,1,0.49947792291641235,HOLD
2330,2025-02-03,2025-02-03T13:30:00+08:00,2025-02-04,1085.0,2025-02-06,1115.0,0.02764976958525356,0.021646572988330393,gru,validation,1,0.4748295843601227,HOLD
2330,2025-02-04,2025-02-04T13:30:00+08:00,2025-02-05,1110.0,2025-02-07,1125.0,0.013513513513513598,0.0075928963389331194,gru,validation,1,0.5794165134429932,HOLD
2330,2025-02-05,2025-02-05T13:30:00+08:00,2025-02-06,1120.0,2025-02-10,1105.0,-0.013392857142857095,-0.019156296028159936,gru,validation,0,0.566087007522583,HOLD
2330,2025-02-06,2025-02-06T13:30:00+08:00,2025-02-07,1110.0,2025-02-11,1110.0,0.0,-0.005841675612252573,gru,validation,0,0.500192403793335,HOLD
2330,2025-02-07,2025-02-07T13:30:00+08:00,2025-02-10,1125.0,2025-02-12,1100.0,-0.022222222222222254,-0.027934082820869288,gru,validation,0,0.49894803762435913,HOLD
2330,2025-02-10,2025-02-10T13:30:00+08:00,2025-02-11,1110.0,2025-02-13,1090.0,-0.018018018018018056,-0.023754438213833495,gru,validation,0,0.4773804247379303,HOLD
2330,2025-02-11,2025-02-11T13:30:00+08:00,2025-02-12,1110.0,2025-02-14,1060.0,-0.04504504504504503,-0.0506235821162051,gru,validation,0,0.4862000644207001,HOLD
2330,2025-02-12,2025-02-12T13:30:00+08:00,2025-02-13,1090.0,2025-02-17,1085.0,-0.004587155963302725,-0.01040203489843472,gru,validation,0,0.5047405362129211,HOLD
2330,2025-02-13,2025-02-13T13:30:00+08:00,2025-02-14,1065.0,2025-02-18,1100.0,0.032863849765258246,0.026830194203307123,gru,validation,1,0.5278317928314209,HOLD
2330,2025-02-14,2025-02-14T13:30:00+08:00,2025-02-17,1065.0,2025-02-19,1090.0,0.023474178403755763,0.01749537425600467,gru,validation,1,0.47603872418403625,HOLD
2330,2025-02-17,2025-02-17T13:30:00+08:00,2025-02-18,1085.0,2025-02-20,1080.0,-0.004608294930875556,-0.010423050379016363,gru,validation,0,0.5177525281906128,HOLD
2330,2025-02-18,2025-02-18T13:30:00+08:00,2025-02-19,1090.0,2025-02-21,1095.0,0.004587155963302836,-0.0012813163260702032,gru,validation,0,0.4932730793952942,HOLD
2330,2025-02-19,2025-02-19T13:30:00+08:00,2025-02-20,1080.0,2025-02-24,1075.0,-0.00462962962962965,-0.010444260447381004,gru,validation,0,0.5428206920623779,HOLD
2330,2025-02-20,2025-02-20T13:30:00+08:00,2025-02-21,1085.0,2025-02-25,1055.0,-0.027649769585253448,-0.03332992421283543,gru,validation,0,0.5130209922790527,HOLD
2330,2025-02-21,2025-02-21T13:30:00+08:00,2025-02-24,1080.0,2025-02-26,1060.0,-0.01851851851851849,-0.0242520149527663,gru,validation,0,0.5208072066307068,HOLD
2330,2025-02-24,2025-02-24T13:30:00+08:00,2025-02-25,1055.0,2025-02-27,1040.0,-0.014218009478673022,-0.01997662809169931,gru,validation,0,0.5398375391960144,HOLD
2330,2025-02-25,2025-02-25T13:30:00+08:00,2025-02-26,1045.0,2025-03-03,1020.0,-0.02392344497607657,-0.029625367583251405,gru,validation,0,0.4861375093460083,HOLD
2330,2025-02-26,2025-02-26T13:30:00+08:00,2025-02-27,1065.0,2025-03-04,1000.0,-0.06103286384976525,-0.06651800526972074,gru,validation,0,0.48583558201789856,HOLD
2330,2025-02-27,2025-02-27T13:30:00+08:00,2025-03-03,1000.0,2025-03-05,1020.0,0.020000000000000018,0.014041490875502438,gru,validation,1,0.5795142650604248,HOLD
2330,2025-03-03,2025-03-03T13:30:00+08:00,2025-03-04,996.0,2025-03-06,1005.0,0.009036144578313143,0.0031416827406487435,gru,validation,0,0.48132890462875366,HOLD
2330,2025-03-04,2025-03-04T13:30:00+08:00,2025-03-05,1020.0,2025-03-07,1005.0,-0.014705882352941124,-0.020461650970895917,gru,validation,0,0.5390528440475464,HOLD
2330,2025-03-05,2025-03-05T13:30:00+08:00,2025-03-06,1020.0,2025-03-10,998.0,-0.021568627450980427,-0.027284306138262715,gru,validation,0,0.5160781145095825,HOLD
2330,2025-03-06,2025-03-06T13:30:00+08:00,2025-03-07,1005.0,2025-03-11,971.0,-0.03383084577114426,-0.03947489255671377,gru,validation,0,0.4811566472053528,HOLD
2330,2025-03-07,2025-03-07T13:30:00+08:00,2025-03-10,1005.0,2025-03-12,988.0,-0.01691542288557213,-0.022658284084483116,gru,validation,0,0.5251433253288269,HOLD
2330,2025-03-10,2025-03-10T13:30:00+08:00,2025-03-11,969.0,2025-03-13,965.0,-0.0041279669762641635,-0.00994552834450324,gru,validation,0,0.5182427763938904,HOLD
2330,2025-03-11,2025-03-11T13:30:00+08:00,2025-03-12,980.0,2025-03-14,959.0,-0.021428571428571463,-0.027145068277704243,gru,validation,0,0.5060440301895142,HOLD
2330,2025-03-12,2025-03-12T13:30:00+08:00,2025-03-13,1000.0,2025-03-17,970.0,-0.030000000000000027,-0.03566642534388487,gru,validation,0,0.536223828792572,HOLD
2330,2025-03-13,2025-03-13T13:30:00+08:00,2025-03-14,965.0,2025-03-18,971.0,0.006217616580310947,0.0003396196689147146,gru,validation,0,0.5200012922286987,HOLD
2330,2025-03-14,2025-03-14T13:30:00+08:00,2025-03-17,977.0,2025-03-19,952.0,-0.025588536335721557,-0.03128073201930859,gru,validation,0,0.5202317237854004,HOLD
2330,2025-03-17,2025-03-17T13:30:00+08:00,2025-03-18,976.0,2025-03-20,985.0,0.009221311475409832,0.0033257679527984862,gru,validation,0,0.5262675285339355,HOLD
2330,2025-03-18,2025-03-18T13:30:00+08:00,2025-03-19,965.0,2025-03-21,972.0,0.007253886010362587,0.0013698355491094105,gru,validation,0,0.5221740007400513,HOLD
2330,2025-03-19,2025-03-19T13:30:00+08:00,2025-03-20,978.0,2025-03-24,972.0,-0.006134969325153339,-0.011940806436717244,gru,validation,0,0.5083897709846497,HOLD
2330,2025-03-20,2025-03-20T13:30:00+08:00,2025-03-21,985.0,2025-03-25,990.0,0.0050761421319796,-0.0007951866559696708,gru,validation,0,0.5256300568580627,HOLD
2330,2025-03-21,2025-03-21T13:30:00+08:00,2025-03-24,986.0,2025-03-26,980.0,-0.006085192697768749,-0.011891320588242826,gru,validation,0,0.5538679957389832,HOLD
2330,2025-03-24,2025-03-24T13:30:00+08:00,2025-03-25,989.0,2025-03-27,958.0,-0.03134479271991908,-0.03700336222096856,gru,validation,0,0.5199262499809265,HOLD
2330,2025-03-25,2025-03-25T13:30:00+08:00,2025-03-26,995.0,2025-03-28,952.0,-0.04321608040201008,-0.048805301691321024,gru,validation,0,0.48588797450065613,HOLD
2330,2025-03-26,2025-03-26T13:30:00+08:00,2025-03-27,961.0,2025-03-31,910.0,-0.05306971904266389,-0.05860137857143577,gru,validation,0,0.5325790643692017,HOLD
2330,2025-03-27,2025-03-27T13:30:00+08:00,2025-03-28,946.0,2025-04-01,944.0,-0.0021141649048626032,-0.007943490251550167,gru,validation,0,0.5078892111778259,HOLD
2330,2025-03-28,2025-03-28T13:30:00+08:00,2025-03-31,920.0,2025-04-02,942.0,0.023913043478260843,0.01793167562310649,gru,validation,1,0.4953935444355011,HOLD
2330,2025-03-31,2025-03-31T13:30:00+08:00,2025-04-01,929.0,2025-04-07,848.0,-0.08719052744886979,-0.0925228642833048,gru,validation,0,0.5178011059761047,HOLD
2330,2025-04-01,2025-04-01T13:30:00+08:00,2025-04-02,949.0,2025-04-08,816.0,-0.1401475237091675,-0.14517050295005074,gru,validation,0,0.490627646446228,HOLD
2330,2025-04-02,2025-04-02T13:30:00+08:00,2025-04-07,848.0,2025-04-09,785.0,-0.0742924528301887,-0.07970013603256865,gru,validation,0,0.4993549585342407,HOLD
2330,2025-04-08,2025-04-08T13:30:00+08:00,2025-04-09,809.0,2025-04-11,889.0,0.09888751545117436,0.09246817105155447,gru,validation,1,0.4851914048194885,HOLD
2330,2025-04-09,2025-04-09T13:30:00+08:00,2025-04-10,863.0,2025-04-14,865.0,0.002317497103128563,-0.003537716575432781,gru,validation,0,0.43989503383636475,SELL
2330,2025-04-11,2025-04-11T13:30:00+08:00,2025-04-14,895.0,2025-04-16,855.0,-0.04469273743016755,-0.0502733325681296,gru,validation,0,0.47490736842155457,HOLD
2330,2025-04-14,2025-04-14T13:30:00+08:00,2025-04-15,874.0,2025-04-17,847.0,-0.03089244851258577,-0.03655366046175956,gru,validation,0,0.5142704844474792,HOLD
2330,2025-04-15,2025-04-15T13:30:00+08:00,2025-04-16,867.0,2025-04-18,850.0,-0.019607843137254943,-0.025334976090443773,gru,validation,0,0.48726606369018555,HOLD
2330,2025-04-16,2025-04-16T13:30:00+08:00,2025-04-17,849.0,2025-04-21,835.0,-0.01648998822143699,-0.022235334671650064,gru,validation,0,0.45717763900756836,HOLD
2330,2025-04-17,2025-04-17T13:30:00+08:00,2025-04-18,853.0,2025-04-22,816.0,-0.04337631887456039,-0.0489646041026941,gru,validation,0,0.5095109939575195,HOLD
2330,2025-04-18,2025-04-18T13:30:00+08:00,2025-04-21,844.0,2025-04-23,873.0,0.034360189573459765,0.028317792879743564,gru,validation,1,0.48863908648490906,HOLD
2330,2025-04-21,2025-04-21T13:30:00+08:00,2025-04-22,826.0,2025-04-24,864.0,0.04600484261501214,0.039894421635609856,gru,validation,1,0.48965951800346375,HOLD
2330,2025-04-22,2025-04-22T13:30:00+08:00,2025-04-23,853.0,2025-04-25,888.0,0.041031652989449,0.03495028377059772,gru,validation,1,0.5133786797523499,HOLD
2330,2025-04-23,2025-04-23T13:30:00+08:00,2025-04-24,886.0,2025-04-28,897.0,0.01241534988713311,0.006501147828227305,gru,validation,1,0.5420730113983154,HOLD
2330,2025-04-24,2025-04-24T13:30:00+08:00,2025-04-25,900.0,2025-04-29,902.0,0.0022222222222221255,-0.0036324348913908677,gru,validation,0,0.5049517154693604,HOLD
2330,2025-04-25,2025-04-25T13:30:00+08:00,2025-04-28,898.0,2025-04-30,908.0,0.011135857461024523,0.00522912978182033,gru,validation,1,0.5421338677406311,HOLD
2330,2025-04-28,2025-04-28T13:30:00+08:00,2025-04-29,897.0,2025-05-02,950.0,0.059085841694537455,0.05289900576182838,gru,validation,1,0.5036748647689819,HOLD
2330,2025-04-29,2025-04-29T13:30:00+08:00,2025-04-30,901.0,2025-05-05,938.0,0.04106548279689237,0.03498391595527983,gru,validation,1,0.49650564789772034,HOLD
2330,2025-04-30,2025-04-30T13:30:00+08:00,2025-05-02,938.0,2025-05-06,920.0,-0.019189765458422214,-0.02491934068579138,gru,validation,0,0.5329868793487549,HOLD
2330,2025-05-02,2025-05-02T13:30:00+08:00,2025-05-05,956.0,2025-05-07,928.0,-0.029288702928870314,-0.034959283439508715,gru,validation,0,0.49677181243896484,HOLD
2330,2025-05-05,2025-05-05T13:30:00+08:00,2025-05-06,916.0,2025-05-08,918.0,0.0021834061135370675,-0.003671024248960486,gru,validation,0,0.5689499974250793,HOLD
2330,2025-05-06,2025-05-06T13:30:00+08:00,2025-05-07,925.0,2025-05-09,949.0,0.025945945945945903,0.019952702534024036,gru,validation,1,0.5177685022354126,HOLD
2330,2025-05-07,2025-05-07T13:30:00+08:00,2025-05-08,933.0,2025-05-12,957.0,0.025723472668810254,0.019731528873605964,gru,validation,1,0.5179057121276855,HOLD
2330,2025-05-08,2025-05-08T13:30:00+08:00,2025-05-09,938.0,2025-05-13,969.0,0.03304904051172697,0.027014303125508787,gru,validation,1,0.5216089487075806,HOLD
2330,2025-05-09,2025-05-09T13:30:00+08:00,2025-05-12,954.0,2025-05-14,999.0,0.04716981132075482,0.04105258497207509,gru,validation,1,0.5109928846359253,HOLD
2330,2025-05-12,2025-05-12T13:30:00+08:00,2025-05-13,990.0,2025-05-15,993.0,0.003030303030302939,-0.0028290746292594093,gru,validation,0,0.5227936506271362,HOLD
2330,2025-05-13,2025-05-13T13:30:00+08:00,2025-05-14,990.0,2025-05-16,998.0,0.008080808080808133,0.0021919270090626775,gru,validation,0,0.4991189241409302,HOLD
2330,2025-05-14,2025-05-14T13:30:00+08:00,2025-05-15,1000.0,2025-05-19,984.0,-0.016000000000000014,-0.021748208802456426,gru,validation,0,0.5142911672592163,HOLD
2330,2025-05-15,2025-05-15T13:30:00+08:00,2025-05-16,991.0,2025-05-20,978.0,-0.013118062563067578,-0.018883106709165598,gru,validation,0,0.505927562713623,HOLD
2330,2025-05-16,2025-05-16T13:30:00+08:00,2025-05-19,993.0,2025-05-21,990.0,-0.0030211480362537513,-0.008845175081702017,gru,validation,0,0.5121917128562927,HOLD
2330,2025-05-19,2025-05-19T13:30:00+08:00,2025-05-20,991.0,2025-05-22,982.0,-0.00908173562058523,-0.014870358679346163,gru,validation,0,0.5213840007781982,HOLD
2330,2025-05-20,2025-05-20T13:30:00+08:00,2025-05-21,986.0,2025-05-23,984.0,-0.0020283975659228792,-0.00785822393758262,gru,validation,0,0.514644205570221,HOLD
2330,2025-05-21,2025-05-21T13:30:00+08:00,2025-05-22,988.0,2025-05-26,976.0,-0.012145748987854255,-0.01791647307445199,gru,validation,0,0.48222729563713074,HOLD
2330,2025-05-22,2025-05-22T13:30:00+08:00,2025-05-23,993.0,2025-05-27,965.0,-0.028197381671701938,-0.033874337327113535,gru,validation,0,0.5442163944244385,HOLD
2330,2025-05-23,2025-05-23T13:30:00+08:00,2025-05-26,975.0,2025-05-28,967.0,-0.008205128205128198,-0.013998872120049466,gru,validation,0,0.49045780301094055,HOLD
2330,2025-05-26,2025-05-26T13:30:00+08:00,2025-05-27,971.0,2025-05-29,967.0,-0.004119464469618972,-0.009937075506743831,gru,validation,0,0.48345547914505005,HOLD
2330,2025-05-27,2025-05-27T13:30:00+08:00,2025-05-28,984.0,2025-06-02,946.0,-0.03861788617886175,-0.044233968627226505,gru,validation,0,0.4918605089187622,HOLD
2330,2025-05-28,2025-05-28T13:30:00+08:00,2025-05-29,986.0,2025-06-03,950.0,-0.0365111561866126,-0.04213954546819465,gru,validation,0,0.4885108172893524,HOLD
2330,2025-05-29,2025-05-29T13:30:00+08:00,2025-06-02,958.0,2025-06-04,990.0,0.03340292275574108,0.027366118104248383,gru,validation,1,0.49889618158340454,HOLD
2330,2025-06-02,2025-06-02T13:30:00+08:00,2025-06-03,960.0,2025-06-05,998.0,0.039583333333333304,0.033510424728095733,gru,validation,1,0.5008001923561096,HOLD
2330,2025-06-03,2025-06-03T13:30:00+08:00,2025-06-04,974.0,2025-06-06,995.0,0.021560574948665368,0.015592949451548987,gru,validation,1,0.532804012298584,HOLD
2330,2025-06-04,2025-06-04T13:30:00+08:00,2025-06-05,1000.0,2025-06-09,1005.0,0.004999999999999893,-0.0008708839903137644,gru,validation,0,0.5298646092414856,HOLD
2330,2025-06-05,2025-06-05T13:30:00+08:00,2025-06-06,997.0,2025-06-10,1045.0,0.0481444332998997,0.042021513525773324,gru,validation,1,0.5354260206222534,HOLD
2330,2025-06-06,2025-06-06T13:30:00+08:00,2025-06-09,1005.0,2025-06-11,1065.0,0.05970149253731338,0.05351106017209051,gru,validation,1,0.5183395743370056,HOLD
2330,2025-06-09,2025-06-09T13:30:00+08:00,2025-06-10,1025.0,2025-06-12,1045.0,0.019512195121951237,0.013556535595313335,gru,validation,1,0.4951443076133728,HOLD
2330,2025-06-10,2025-06-10T13:30:00+08:00,2025-06-11,1065.0,2025-06-13,1030.0,-0.032863849765258246,-0.03851354542781227,gru,validation,0,0.4873077869415283,HOLD
2330,2025-06-11,2025-06-11T13:30:00+08:00,2025-06-12,1055.0,2025-06-16,1025.0,-0.028436018957345932,-0.03411158057114583,gru,validation,0,0.4700918197631836,HOLD
2330,2025-06-12,2025-06-12T13:30:00+08:00,2025-06-13,1040.0,2025-06-17,1045.0,0.004807692307692291,-0.0010620682834653339,gru,validation,0,0.49798303842544556,HOLD
2330,2025-06-13,2025-06-13T13:30:00+08:00,2025-06-16,1030.0,2025-06-18,1055.0,0.024271844660194164,0.018288380804925897,gru,validation,1,0.519977331161499,HOLD
2330,2025-06-16,2025-06-16T13:30:00+08:00,2025-06-17,1040.0,2025-06-19,1035.0,-0.004807692307692291,-0.0106212829410397,gru,validation,0,0.49037569761276245,HOLD
2330,2025-06-17,2025-06-17T13:30:00+08:00,2025-06-18,1040.0,2025-06-20,1055.0,0.014423076923076872,0.008497146374109255,gru,validation,1,0.515957772731781,HOLD
2330,2025-06-18,2025-06-18T13:30:00+08:00,2025-06-19,1045.0,2025-06-23,1020.0,-0.02392344497607657,-0.029625367583251405,gru,validation,0,0.4858321249485016,HOLD
2330,2025-06-19,2025-06-19T13:30:00+08:00,2025-06-20,1030.0,2025-06-24,1050.0,0.01941747572815533,0.013462369521490158,gru,validation,1,0.49546295404434204,HOLD
2330,2025-06-20,2025-06-20T13:30:00+08:00,2025-06-23,1025.0,2025-06-25,1070.0,0.04390243902439028,0.0378042996047705,gru,validation,1,0.5170201659202576,HOLD
2330,2025-06-23,2025-06-23T13:30:00+08:00,2025-06-24,1045.0,2025-06-26,1075.0,0.028708133971291794,0.022698754752945804,gru,validation,1,0.49857571721076965,HOLD
2330,2025-06-24,2025-06-24T13:30:00+08:00,2025-06-25,1060.0,2025-06-27,1080.0,0.018867924528301883,0.012916028621478448,gru,validation,1,0.5384894013404846,HOLD
2330,2025-06-25,2025-06-25T13:30:00+08:00,2025-06-26,1075.0,2025-06-30,1060.0,-0.013953488372092981,-0.019713652231616252,gru,validation,0,0.49596482515335083,HOLD
2412,2025-01-02,2025-01-02T13:30:00+08:00,2025-01-03,123.0,2025-01-07,123.0,0.0,-0.005841675612252573,gru,validation,0,0.46170300245285034,HOLD
2412,2025-01-03,2025-01-03T13:30:00+08:00,2025-01-06,123.0,2025-01-08,123.5,0.004065040650406582,-0.0018003816106763049,gru,validation,0,0.5172380805015564,HOLD
2412,2025-01-06,2025-01-06T13:30:00+08:00,2025-01-07,124.0,2025-01-09,123.0,-0.008064516129032251,-0.013859081454089206,gru,validation,0,0.4952608346939087,HOLD
2412,2025-01-07,2025-01-07T13:30:00+08:00,2025-01-08,123.5,2025-01-10,123.0,-0.004048582995951455,-0.009866608099652341,gru,validation,0,0.5332251787185669,HOLD
2412,2025-01-08,2025-01-08T13:30:00+08:00,2025-01-09,123.5,2025-01-13,123.0,-0.004048582995951455,-0.009866608099652341,gru,validation,0,0.5223192572593689,HOLD
2412,2025-01-09,2025-01-09T13:30:00+08:00,2025-01-10,123.0,2025-01-14,123.5,0.004065040650406582,-0.0018003816106763049,gru,validation,0,0.4989417493343353,HOLD
2412,2025-01-10,2025-01-10T13:30:00+08:00,2025-01-13,122.5,2025-01-15,123.5,0.008163265306122547,0.0022739025460147833,gru,validation,0,0.5016488432884216,HOLD
2412,2025-01-13,2025-01-13T13:30:00+08:00,2025-01-14,123.0,2025-01-16,124.0,0.008130081300812941,0.002240912390899963,gru,validation,0,0.506229817867279,HOLD
2412,2025-01-14,2025-01-14T13:30:00+08:00,2025-01-15,123.5,2025-01-17,124.0,0.004048582995951344,-0.0018167431248528043,gru,validation,0,0.5189455151557922,HOLD
2412,2025-01-15,2025-01-15T13:30:00+08:00,2025-01-16,123.5,2025-01-20,123.5,0.0,-0.005841675612252573,gru,validation,0,0.5224123001098633,HOLD
2412,2025-01-16,2025-01-16T13:30:00+08:00,2025-01-17,123.5,2025-01-21,123.5,0.0,-0.005841675612252573,gru,validation,0,0.49209004640579224,HOLD
2412,2025-01-17,2025-01-17T13:30:00+08:00,2025-01-20,124.0,2025-01-22,124.5,0.0040322580645162365,-0.0018329726913340894,gru,validation,0,0.545285165309906,HOLD
2412,2025-01-20,2025-01-20T13:30:00+08:00,2025-01-21,123.5,2025-02-03,125.5,0.0161943319838056,0.0102580543373465,gru,validation,1,0.5251926183700562,HOLD
2412,2025-01-21,2025-01-21T13:30:00+08:00,2025-01-22,124.0,2025-02-04,125.0,0.008064516129032251,0.002175730229584172,gru,validation,0,0.5184231996536255,HOLD
2412,2025-01-22,2025-01-22T13:30:00+08:00,2025-02-03,124.5,2025-02-05,126.0,0.012048192771084265,0.006136135524949182,gru,validation,1,0.5265495181083679,HOLD
2412,2025-02-03,2025-02-03T13:30:00+08:00,2025-02-04,125.5,2025-02-06,126.0,0.003984063745019917,-0.0018808854752495607,gru,validation,0,0.4698370695114136,HOLD
2412,2025-02-04,2025-02-04T13:30:00+08:00,2025-02-05,126.0,2025-02-07,126.0,0.0,-0.005841675612252684,gru,validation,0,0.5132384300231934,HOLD
2412,2025-02-05,2025-02-05T13:30:00+08:00,2025-02-06,126.0,2025-02-10,125.5,-0.003968253968253954,-0.009786748328077022,gru,validation,0,0.49486714601516724,HOLD
2412,2025-02-06,2025-02-06T13:30:00+08:00,2025-02-07,125.5,2025-02-11,125.5,0.0,-0.005841675612252573,gru,validation,0,0.5268586277961731,HOLD
2412,2025-02-07,2025-02-07T13:30:00+08:00,2025-02-10,125.5,2025-02-12,126.0,0.003984063745019917,-0.0018808854752495607,gru,validation,0,0.49147284030914307,HOLD
2412,2025-02-10,2025-02-10T13:30:00+08:00,2025-02-11,125.5,2025-02-13,125.5,0.0,-0.005841675612252573,gru,validation,0,0.45219334959983826,HOLD
2412,2025-02-11,2025-02-11T13:30:00+08:00,2025-02-12,126.0,2025-02-14,125.5,-0.003968253968253954,-0.009786748328077022,gru,validation,0,0.4998125433921814,HOLD
2412,2025-02-12,2025-02-12T13:30:00+08:00,2025-02-13,126.0,2025-02-17,126.0,0.0,-0.005841675612252684,gru,validation,0,0.50813889503479,HOLD
2412,2025-02-13,2025-02-13T13:30:00+08:00,2025-02-14,126.0,2025-02-18,126.5,0.003968253968253954,-0.0018966028964282344,gru,validation,0,0.5220982432365417,HOLD
2412,2025-02-14,2025-02-14T13:30:00+08:00,2025-02-17,126.0,2025-02-19,126.5,0.003968253968253954,-0.0018966028964282344,gru,validation,0,0.5045809745788574,HOLD
2412,2025-02-17,2025-02-17T13:30:00+08:00,2025-02-18,126.0,2025-02-20,126.5,0.003968253968253954,-0.0018966028964282344,gru,validation,0,0.4917711019515991,HOLD
2412,2025-02-18,2025-02-18T13:30:00+08:00,2025-02-19,126.5,2025-02-21,127.0,0.0039525691699604515,-0.0019121960692179973,gru,validation,0,0.5061740279197693,HOLD
2412,2025-02-19,2025-02-19T13:30:00+08:00,2025-02-20,126.5,2025-02-24,127.0,0.0039525691699604515,-0.0019121960692179973,gru,validation,0,0.47476696968078613,HOLD
2412,2025-02-20,2025-02-20T13:30:00+08:00,2025-02-21,126.5,2025-02-25,126.5,0.0,-0.005841675612252573,gru,validation,0,0.5373174548149109,HOLD
2412,2025-02-21,2025-02-21T13:30:00+08:00,2025-02-24,126.5,2025-02-26,127.5,0.007905138339920903,0.002017283473816578,gru,validation,0,0.5198614001274109,HOLD
2412,2025-02-24,2025-02-24T13:30:00+08:00,2025-02-25,126.5,2025-02-27,128.0,0.011857707509881354,0.005946763016851264,gru,validation,1,0.4668468236923218,HOLD
2412,2025-02-25,2025-02-25T13:30:00+08:00,2025-02-26,126.5,2025-03-03,128.5,0.015810276679841806,0.009876242559885728,gru,validation,1,0.5140356421470642,HOLD
2412,2025-02-26,2025-02-26T13:30:00+08:00,2025-02-27,128.0,2025-03-04,127.0,-0.0078125,-0.013608537521531905,gru,validation,0,0.49713805317878723,HOLD
2412,2025-02-27,2025-02-27T13:30:00+08:00,2025-03-03,128.0,2025-03-05,127.5,-0.00390625,-0.009725106566892183,gru,validation,0,0.5253103971481323,HOLD
2412,2025-03-03,2025-03-03T13:30:00+08:00,2025-03-04,128.5,2025-03-06,128.0,-0.0038910505836575737,-0.009709995940609506,gru,validation,0,0.5067360401153564,HOLD
2412,2025-03-04,2025-03-04T13:30:00+08:00,2025-03-05,127.5,2025-03-07,128.0,0.0039215686274509665,-0.0019430155166142438,gru,validation,0,0.46393322944641113,HOLD
2412,2025-03-05,2025-03-05T13:30:00+08:00,2025-03-06,128.0,2025-03-10,128.0,0.0,-0.005841675612252573,gru,validation,0,0.5154775381088257,HOLD
2412,2025-03-06,2025-03-06T13:30:00+08:00,2025-03-07,128.0,2025-03-11,127.5,-0.00390625,-0.009725106566892183,gru,validation,0,0.4912241995334625,HOLD
2412,2025-03-07,2025-03-07T13:30:00+08:00,2025-03-10,128.0,2025-03-12,128.0,0.0,-0.005841675612252573,gru,validation,0,0.47715461254119873,HOLD
2412,2025-03-10,2025-03-10T13:30:00+08:00,2025-03-11,127.5,2025-03-13,128.5,0.007843137254901933,0.001955644579023863,gru,validation,0,0.49864718317985535,HOLD
2412,2025-03-11,2025-03-11T13:30:00+08:00,2025-03-12,127.5,2025-03-14,128.5,0.007843137254901933,0.001955644579023863,gru,validation,0,0.4871043860912323,HOLD
2412,2025-03-12,2025-03-12T13:30:00+08:00,2025-03-13,128.5,2025-03-17,128.0,-0.0038910505836575737,-0.009709995940609506,gru,validation,0,0.523120105266571,HOLD
2412,2025-03-13,2025-03-13T13:30:00+08:00,2025-03-14,128.5,2025-03-18,129.0,0.0038910505836575737,-0.001973355283895639,gru,validation,0,0.5101482272148132,HOLD
2412,2025-03-14,2025-03-14T13:30:00+08:00,2025-03-17,128.0,2025-03-19,128.5,0.00390625,-0.001958244657612962,gru,validation,0,0.5030596852302551,HOLD
2412,2025-03-17,2025-03-17T13:30:00+08:00,2025-03-18,128.5,2025-03-20,129.0,0.0038910505836575737,-0.001973355283895639,gru,validation,0,0.48321664333343506,HOLD
2412,2025-03-18,2025-03-18T13:30:00+08:00,2025-03-19,129.0,2025-03-21,130.0,0.007751937984496138,0.0018649780651716075,gru,validation,0,0.5070136785507202,HOLD
2412,2025-03-19,2025-03-19T13:30:00+08:00,2025-03-20,129.0,2025-03-24,129.0,0.0,-0.005841675612252795,gru,validation,0,0.46895068883895874,HOLD
2412,2025-03-20,2025-03-20T13:30:00+08:00,2025-03-21,129.0,2025-03-25,129.0,0.0,-0.005841675612252795,gru,validation,0,0.5403192043304443,HOLD
2412,2025-03-21,2025-03-21T13:30:00+08:00,2025-03-24,130.0,2025-03-26,129.0,-0.007692307692307665,-0.013489047338312243,gru,validation,0,0.5296591520309448,HOLD
2412,2025-03-24,2025-03-24T13:30:00+08:00,2025-03-25,129.5,2025-03-27,130.0,0.0038610038610038533,-0.0020032264833423907,gru,validation,0,0.497572124004364,HOLD
2412,2025-03-25,2025-03-25T13:30:00+08:00,2025-03-26,129.5,2025-03-28,130.0,0.0038610038610038533,-0.0020032264833423907,gru,validation,0,0.4825183153152466,HOLD
2412,2025-03-26,2025-03-26T13:30:00+08:00,2025-03-27,129.0,2025-03-31,128.5,-0.003875968992248069,-0.009695002450964885,gru,validation,0,0.4929945468902588,HOLD
2412,2025-03-27,2025-03-27T13:30:00+08:00,2025-03-28,129.5,2025-04-01,130.0,0.0038610038610038533,-0.0020032264833423907,gru,validation,0,0.5198630094528198,HOLD
2412,2025-03-28,2025-03-28T13:30:00+08:00,2025-03-31,129.0,2025-04-02,130.0,0.007751937984496138,0.0018649780651716075,gru,validation,0,0.5137619376182556,HOLD
2412,2025-03-31,2025-03-31T13:30:00+08:00,2025-04-01,129.0,2025-04-07,124.0,-0.03875968992248058,-0.04437494399937458,gru,validation,0,0.48364418745040894,HOLD
2412,2025-04-01,2025-04-01T13:30:00+08:00,2025-04-02,129.5,2025-04-08,127.0,-0.019305019305019266,-0.025033921256803704,gru,validation,0,0.5250112414360046,HOLD
2412,2025-04-02,2025-04-02T13:30:00+08:00,2025-04-07,123.0,2025-04-09,126.0,0.024390243902439046,0.01840608839720459,gru,validation,1,0.4919123649597168,HOLD
2412,2025-04-07,2025-04-07T13:30:00+08:00,2025-04-08,125.5,2025-04-10,127.0,0.01195219123505975,0.006040694798756352,gru,validation,1,0.44455355405807495,SELL
2412,2025-04-08,2025-04-08T13:30:00+08:00,2025-04-09,126.0,2025-04-11,128.5,0.01984126984126977,0.01388368796686934,gru,validation,1,0.4263148307800293,SELL
2412,2025-04-09,2025-04-09T13:30:00+08:00,2025-04-10,129.0,2025-04-14,127.5,-0.011627906976744207,-0.017401656128389287,gru,validation,0,0.4960651099681854,HOLD
2412,2025-04-10,2025-04-10T13:30:00+08:00,2025-04-11,127.5,2025-04-15,129.0,0.0117647058823529,0.00585430467466197,gru,validation,1,0.483835369348526,HOLD
2412,2025-04-11,2025-04-11T13:30:00+08:00,2025-04-14,128.0,2025-04-16,128.5,0.00390625,-0.001958244657612962,gru,validation,0,0.5020847320556641,HOLD
2412,2025-04-14,2025-04-14T13:30:00+08:00,2025-04-15,128.0,2025-04-17,128.0,0.0,-0.005841675612252573,gru,validation,0,0.5012683868408203,HOLD
2412,2025-04-15,2025-04-15T13:30:00+08:00,2025-04-16,128.5,2025-04-18,128.0,-0.0038910505836575737,-0.009709995940609506,gru,validation,0,0.4853053689002991,HOLD
2412,2025-04-16,2025-04-16T13:30:00+08:00,2025-04-17,129.0,2025-04-21,127.0,-0.015503875968992276,-0.021254982967101488,gru,validation,0,0.47485166788101196,HOLD
2412,2025-04-17,2025-04-17T13:30:00+08:00,2025-04-18,129.0,2025-04-22,128.0,-0.007751937984496138,-0.013548329289677086,gru,validation,0,0.5007139444351196,HOLD
2412,2025-04-18,2025-04-18T13:30:00+08:00,2025-04-21,128.0,2025-04-23,127.5,-0.00390625,-0.009725106566892183,gru,validation,0,0.5267975926399231,HOLD
2412,2025-04-21,2025-04-21T13:30:00+08:00,2025-04-22,128.0,2025-04-24,127.0,-0.0078125,-0.013608537521531905,gru,validation,0,0.5201337933540344,HOLD
2412,2025-04-22,2025-04-22T13:30:00+08:00,2025-04-23,128.5,2025-04-25,126.5,-0.015564202334630295,-0.021314956925680528,gru,validation,0,0.5080063939094543,HOLD
2412,2025-04-23,2025-04-23T13:30:00+08:00,2025-04-24,127.5,2025-04-28,128.0,0.0039215686274509665,-0.0019430155166142438,gru,validation,0,0.5103573203086853,HOLD
2412,2025-04-24,2025-04-24T13:30:00+08:00,2025-04-25,127.0,2025-04-29,129.0,0.015748031496062964,0.009814360992278726,gru,validation,1,0.4705089330673218,HOLD
2412,2025-04-25,2025-04-25T13:30:00+08:00,2025-04-28,127.0,2025-04-30,129.5,0.019685039370078705,0.013728370143411661,gru,validation,1,0.47295936942100525,HOLD
2412,2025-04-28,2025-04-28T13:30:00+08:00,2025-04-29,128.0,2025-05-02,128.5,0.00390625,-0.001958244657612962,gru,validation,0,0.48852038383483887,HOLD
2412,2025-04-29,2025-04-29T13:30:00+08:00,2025-04-30,129.0,2025-05-05,129.5,0.003875968992248069,-0.0019883487735403715,gru,validation,0,0.5288253426551819,HOLD
2412,2025-04-30,2025-04-30T13:30:00+08:00,2025-05-02,129.5,2025-05-06,130.0,0.0038610038610038533,-0.0020032264833423907,gru,validation,0,0.5405363440513611,HOLD
2412,2025-05-02,2025-05-02T13:30:00+08:00,2025-05-05,129.0,2025-05-07,131.0,0.015503875968992276,0.00957163174259601,gru,validation,1,0.505180835723877,HOLD
2412,2025-05-05,2025-05-05T13:30:00+08:00,2025-05-06,129.5,2025-05-08,129.5,0.0,-0.005841675612252573,gru,validation,0,0.5002034902572632,HOLD
2412,2025-05-06,2025-05-06T13:30:00+08:00,2025-05-07,130.5,2025-05-09,131.0,0.003831417624521105,-0.0020326398866289397,gru,validation,0,0.5076149106025696,HOLD
2412,2025-05-07,2025-05-07T13:30:00+08:00,2025-05-08,131.0,2025-05-12,131.0,0.0,-0.005841675612252684,gru,validation,0,0.4969293177127838,HOLD
2412,2025-05-08,2025-05-08T13:30:00+08:00,2025-05-09,129.5,2025-05-13,130.0,0.0038610038610038533,-0.0020032264833423907,gru,validation,0,0.5409635305404663,HOLD
2412,2025-05-09,2025-05-09T13:30:00+08:00,2025-05-12,131.0,2025-05-14,129.5,-0.011450381679389277,-0.017225167876234404,gru,validation,0,0.4850548207759857,HOLD
2412,2025-05-13,2025-05-13T13:30:00+08:00,2025-05-14,130.5,2025-05-16,131.0,0.003831417624521105,-0.0020326398866289397,gru,validation,0,0.5174795985221863,HOLD
2412,2025-05-14,2025-05-14T13:30:00+08:00,2025-05-15,129.5,2025-05-19,131.0,0.01158301158301156,0.005673671774478084,gru,validation,1,0.4994816780090332,HOLD
2412,2025-05-15,2025-05-15T13:30:00+08:00,2025-05-16,131.0,2025-05-20,131.5,0.003816793893129722,-0.0020471781909252584,gru,validation,0,0.5093703866004944,HOLD
2412,2025-05-16,2025-05-16T13:30:00+08:00,2025-05-19,131.0,2025-05-21,132.5,0.011450381679389388,0.00554181665172937,gru,validation,1,0.49535155296325684,HOLD
2412,2025-05-19,2025-05-19T13:30:00+08:00,2025-05-20,131.5,2025-05-22,133.0,0.011406844106463865,0.005498533411181894,gru,validation,1,0.5228564143180847,HOLD
2412,2025-05-20,2025-05-20T13:30:00+08:00,2025-05-21,132.0,2025-05-23,133.0,0.007575757575757569,0.0016898268452303356,gru,validation,0,0.4865434765815735,HOLD
2412,2025-05-21,2025-05-21T13:30:00+08:00,2025-05-22,132.0,2025-05-26,133.0,0.007575757575757569,0.0016898268452303356,gru,validation,0,0.5086343288421631,HOLD
2412,2025-05-22,2025-05-22T13:30:00+08:00,2025-05-23,133.0,2025-05-27,131.5,-0.011278195488721776,-0.01705398754143761,gru,validation,0,0.5002974271774292,HOLD
2412,2025-05-23,2025-05-23T13:30:00+08:00,2025-05-26,133.0,2025-05-28,132.0,-0.007518796992481258,-0.013316550231709412,gru,validation,0,0.510714054107666,HOLD
2412,2025-05-26,2025-05-26T13:30:00+08:00,2025-05-27,133.0,2025-05-29,129.5,-0.02631578947368418,-0.03200373678035118,gru,validation,0,0.48518145084381104,HOLD
2412,2025-05-27,2025-05-27T13:30:00+08:00,2025-05-28,131.5,2025-06-02,131.5,0.0,-0.005841675612252462,gru,validation,0,0.5259677767753601,HOLD
2412,2025-05-28,2025-05-28T13:30:00+08:00,2025-05-29,132.5,2025-06-03,130.0,-0.018867924528301883,-0.024599379845983815,gru,validation,0,0.4904520809650421,HOLD
2412,2025-05-29,2025-05-29T13:30:00+08:00,2025-06-02,130.0,2025-06-04,129.5,-0.0038461538461538325,-0.009665361475282297,gru,validation,0,0.5255532264709473,HOLD
2412,2025-06-02,2025-06-02T13:30:00+08:00,2025-06-03,131.5,2025-06-05,130.0,-0.011406844106463865,-0.01718188463568704,gru,validation,0,0.4827454090118408,HOLD
2412,2025-06-03,2025-06-03T13:30:00+08:00,2025-06-04,130.5,2025-06-06,130.0,-0.003831417624521105,-0.009650711337876094,gru,validation,0,0.5146370530128479,HOLD
2412,2025-06-04,2025-06-04T13:30:00+08:00,2025-06-05,129.5,2025-06-09,132.5,0.02316602316602312,0.01718901916120874,gru,validation,1,0.5109891295433044,HOLD
2412,2025-06-05,2025-06-05T13:30:00+08:00,2025-06-06,130.5,2025-06-10,133.0,0.019157088122605304,0.013203503015865259,gru,validation,1,0.4920169711112976,HOLD
2412,2025-06-06,2025-06-06T13:30:00+08:00,2025-06-09,130.0,2025-06-11,133.0,0.023076923076922995,0.017100439565926218,gru,validation,1,0.5385923981666565,HOLD
2412,2025-06-09,2025-06-09T13:30:00+08:00,2025-06-10,132.0,2025-06-12,134.0,0.015151515151515138,0.009221329302713466,gru,validation,1,0.5326871275901794,HOLD
2412,2025-06-10,2025-06-10T13:30:00+08:00,2025-06-11,132.5,2025-06-13,135.0,0.018867924528301883,0.012916028621478448,gru,validation,1,0.5320415496826172,HOLD
2412,2025-06-11,2025-06-11T13:30:00+08:00,2025-06-12,133.0,2025-06-16,136.0,0.022556390977443552,0.016582948246117724,gru,validation,1,0.5149505734443665,HOLD
2412,2025-06-12,2025-06-12T13:30:00+08:00,2025-06-13,133.0,2025-06-17,136.5,0.026315789473684292,0.020320385555846032,gru,validation,1,0.4940643608570099,HOLD
2412,2025-06-13,2025-06-13T13:30:00+08:00,2025-06-16,135.0,2025-06-18,137.0,0.014814814814814836,0.008886595860158497,gru,validation,1,0.5401490926742554,HOLD
2412,2025-06-16,2025-06-16T13:30:00+08:00,2025-06-17,136.0,2025-06-19,136.5,0.003676470588235281,-0.0021866817725918475,gru,validation,0,0.5601804256439209,HOLD
2412,2025-06-17,2025-06-17T13:30:00+08:00,2025-06-18,136.0,2025-06-20,136.5,0.003676470588235281,-0.0021866817725918475,gru,validation,0,0.5097535252571106,HOLD
2412,2025-06-18,2025-06-18T13:30:00+08:00,2025-06-19,136.0,2025-06-23,136.5,0.003676470588235281,-0.0021866817725918475,gru,validation,0,0.4850558340549469,HOLD
2412,2025-06-19,2025-06-19T13:30:00+08:00,2025-06-20,136.0,2025-06-24,135.5,-0.003676470588235281,-0.00949666945191352,gru,validation,0,0.5155297517776489,HOLD
2412,2025-06-20,2025-06-20T13:30:00+08:00,2025-06-23,136.0,2025-06-25,137.0,0.007352941176470562,0.0014683120670690997,gru,validation,0,0.5004419684410095,HOLD
2412,2025-06-23,2025-06-23T13:30:00+08:00,2025-06-24,136.5,2025-06-26,137.0,0.00366300366300365,-0.0022000700284146024,gru,validation,0,0.49608030915260315,HOLD
2412,2025-06-24,2025-06-24T13:30:00+08:00,2025-06-25,136.5,2025-06-27,136.5,0.0,-0.005841675612252684,gru,validation,0,0.4934428334236145,HOLD
2412,2025-06-25,2025-06-25T13:30:00+08:00,2025-06-26,136.5,2025-06-30,135.0,-0.01098901098901095,-0.01676649236376626,gru,validation,0,0.5250047445297241,HOLD
2881,2025-01-02,2025-01-02T13:30:00+08:00,2025-01-03,90.9,2025-01-07,91.9,0.011001100110010986,0.005095159639537883,gru,validation,1,0.5086720585823059,HOLD
2881,2025-01-03,2025-01-03T13:30:00+08:00,2025-01-06,91.3,2025-01-08,91.1,-0.0021905805038335835,-0.008019459455380296,gru,validation,0,0.49950119853019714,HOLD
2881,2025-01-06,2025-01-06T13:30:00+08:00,2025-01-07,92.1,2025-01-09,91.1,-0.010857763300760048,-0.016636011381935045,gru,validation,0,0.5346636176109314,HOLD
2881,2025-01-07,2025-01-07T13:30:00+08:00,2025-01-08,91.8,2025-01-10,89.9,-0.020697167755991175,-0.026417937228120802,gru,validation,0,0.4988706111907959,HOLD
2881,2025-01-08,2025-01-08T13:30:00+08:00,2025-01-09,91.3,2025-01-13,89.8,-0.01642935377875132,-0.022175054435709662,gru,validation,0,0.5432636141777039,HOLD
2881,2025-01-09,2025-01-09T13:30:00+08:00,2025-01-10,91.1,2025-01-14,90.8,-0.003293084522502765,-0.009115523003211168,gru,validation,0,0.486323744058609,HOLD
2881,2025-01-10,2025-01-10T13:30:00+08:00,2025-01-13,90.2,2025-01-15,90.4,0.0022172949002217113,-0.0036373334295745074,gru,validation,0,0.49423202872276306,HOLD
2881,2025-01-13,2025-01-13T13:30:00+08:00,2025-01-14,90.1,2025-01-16,91.6,0.01664816870144281,0.010709239888098354,gru,validation,1,0.47085490822792053,HOLD
2881,2025-01-14,2025-01-14T13:30:00+08:00,2025-01-15,91.0,2025-01-17,91.0,0.0,-0.005841675612252684,gru,validation,0,0.5380129218101501,HOLD
2881,2025-01-15,2025-01-15T13:30:00+08:00,2025-01-16,91.5,2025-01-20,90.5,-0.010928961748633892,-0.01670679391157215,gru,validation,0,0.5120822787284851,HOLD
2881,2025-01-16,2025-01-16T13:30:00+08:00,2025-01-17,91.6,2025-01-21,91.5,-0.0010917030567685337,-0.00692700129389856,gru,validation,0,0.5101004838943481,HOLD
2881,2025-01-17,2025-01-17T13:30:00+08:00,2025-01-20,91.2,2025-01-22,92.8,0.01754385964912264,0.011599698499813238,gru,validation,1,0.49569857120513916,HOLD
2881,2025-01-20,2025-01-20T13:30:00+08:00,2025-01-21,90.8,2025-02-03,91.4,0.006607929515418665,0.0007276525224684249,gru,validation,0,0.4862072169780731,HOLD
2881,2025-01-21,2025-01-21T13:30:00+08:00,2025-01-22,92.2,2025-02-04,90.3,-0.020607375271149753,-0.026328669281848294,gru,validation,0,0.5077099204063416,HOLD
2881,2025-01-22,2025-01-22T13:30:00+08:00,2025-02-03,91.5,2025-02-05,91.8,0.003278688524590123,-0.002582140122456722,gru,validation,0,0.4887363314628601,HOLD
2881,2025-02-03,2025-02-03T13:30:00+08:00,2025-02-04,92.0,2025-02-06,93.0,0.010869565217391353,0.004964393131092537,gru,validation,1,0.5341541767120361,HOLD
2881,2025-02-04,2025-02-04T13:30:00+08:00,2025-02-05,91.5,2025-02-07,92.3,0.008743169398907069,0.002850419027203177,gru,validation,0,0.4913940131664276,HOLD
2881,2025-02-05,2025-02-05T13:30:00+08:00,2025-02-06,92.0,2025-02-10,93.4,0.01521739130434785,0.009286820628430448,gru,validation,1,0.5270037055015564,HOLD
2881,2025-02-06,2025-02-06T13:30:00+08:00,2025-02-07,92.6,2025-02-11,93.8,0.012958963282937441,0.007041585610914725,gru,validation,1,0.5142360329627991,HOLD
2881,2025-02-07,2025-02-07T13:30:00+08:00,2025-02-10,92.0,2025-02-12,93.4,0.01521739130434785,0.009286820628430448,gru,validation,1,0.4842036962509155,HOLD
2881,2025-02-10,2025-02-10T13:30:00+08:00,2025-02-11,93.6,2025-02-13,93.4,-0.002136752136752018,-0.007965945536157926,gru,validation,0,0.5074325203895569,HOLD
2881,2025-02-11,2025-02-11T13:30:00+08:00,2025-02-12,93.3,2025-02-14,93.1,-0.002143622722400873,-0.007972775986074154,gru,validation,0,0.49310779571533203,HOLD
2881,2025-02-12,2025-02-12T13:30:00+08:00,2025-02-13,93.0,2025-02-17,94.0,0.010752688172043001,0.004848198843529827,gru,validation,1,0.498799592256546,HOLD
2881,2025-02-13,2025-02-13T13:30:00+08:00,2025-02-14,93.2,2025-02-18,94.3,0.011802575107296098,0.005891952679877521,gru,validation,1,0.5193341374397278,HOLD
2881,2025-02-14,2025-02-14T13:30:00+08:00,2025-02-17,93.5,2025-02-19,92.4,-0.0117647058823529,-0.017537655899167337,gru,validation,0,0.48812615871429443,HOLD
2881,2025-02-17,2025-02-17T13:30:00+08:00,2025-02-18,93.7,2025-02-20,92.0,-0.018143009605122717,-0.02387869964063216,gru,validation,0,0.4889582693576813,HOLD
2881,2025-02-18,2025-02-18T13:30:00+08:00,2025-02-19,93.9,2025-02-21,92.6,-0.013844515441959637,-0.01960531588599157,gru,validation,0,0.514480471611023,HOLD
2881,2025-02-19,2025-02-19T13:30:00+08:00,2025-02-20,92.3,2025-02-24,91.6,-0.007583965330444253,-0.013381337877381827,gru,validation,0,0.48560893535614014,HOLD
2881,2025-02-20,2025-02-20T13:30:00+08:00,2025-02-21,92.0,2025-02-25,91.7,-0.003260869565217317,-0.009083496235256061,gru,validation,0,0.4824260175228119,HOLD
2881,2025-02-21,2025-02-21T13:30:00+08:00,2025-02-24,91.9,2025-02-26,92.8,0.009793253536452662,0.0038943689138515314,gru,validation,0,0.5106253623962402,HOLD
2881,2025-02-24,2025-02-24T13:30:00+08:00,2025-02-25,91.3,2025-02-27,92.3,0.010952902519167473,0.005047243603385265,gru,validation,1,0.49065977334976196,HOLD
2881,2025-02-25,2025-02-25T13:30:00+08:00,2025-02-26,91.3,2025-03-03,92.8,0.016429353778751432,0.010491703211204406,gru,validation,1,0.5060418248176575,HOLD
2881,2025-02-26,2025-02-26T13:30:00+08:00,2025-02-27,92.6,2025-03-04,91.2,-0.015118790496760126,-0.020872147039281086,gru,validation,0,0.4719392657279968,HOLD
2881,2025-02-27,2025-02-27T13:30:00+08:00,2025-03-03,92.0,2025-03-05,91.8,-0.0021739130434782483,-0.008002889360921639,gru,validation,0,0.5558742880821228,HOLD
2881,2025-03-03,2025-03-03T13:30:00+08:00,2025-03-04,91.5,2025-03-06,92.5,0.010928961748633892,0.0050234426870672255,gru,validation,1,0.5125876665115356,HOLD
2881,2025-03-04,2025-03-04T13:30:00+08:00,2025-03-05,91.2,2025-03-07,90.9,-0.003289473684210509,-0.00911193325826476,gru,validation,0,0.49804913997650146,HOLD
2881,2025-03-05,2025-03-05T13:30:00+08:00,2025-03-06,91.5,2025-03-10,90.7,-0.008743169398907069,-0.014533770251708211,gru,validation,0,0.5167372822761536,HOLD
2881,2025-03-06,2025-03-06T13:30:00+08:00,2025-03-07,91.8,2025-03-11,89.7,-0.02287581699346397,-0.028583859503475417,gru,validation,0,0.5161781907081604,HOLD
2881,2025-03-07,2025-03-07T13:30:00+08:00,2025-03-10,91.3,2025-03-12,89.5,-0.019715224534501585,-0.02544173020040097,gru,validation,0,0.4902229607105255,HOLD
2881,2025-03-10,2025-03-10T13:30:00+08:00,2025-03-11,89.8,2025-03-13,89.0,-0.008908685968819552,-0.014698319927510917,gru,validation,0,0.5029695630073547,HOLD
2881,2025-03-11,2025-03-11T13:30:00+08:00,2025-03-12,89.8,2025-03-14,88.2,-0.017817371937639104,-0.02355496424276926,gru,validation,0,0.5099722743034363,HOLD
2881,2025-03-12,2025-03-12T13:30:00+08:00,2025-03-13,90.1,2025-03-17,90.0,-0.0011098779134294245,-0.00694506997894262,gru,validation,0,0.4809459447860718,HOLD
2881,2025-03-13,2025-03-13T13:30:00+08:00,2025-03-14,89.0,2025-03-18,90.4,0.01573033707865168,0.009796769939914407,gru,validation,1,0.48798832297325134,HOLD
2881,2025-03-14,2025-03-14T13:30:00+08:00,2025-03-17,88.8,2025-03-19,89.0,0.0022522522522523403,-0.0036025802870550683,gru,validation,0,0.4859658181667328,HOLD
2881,2025-03-17,2025-03-17T13:30:00+08:00,2025-03-18,90.4,2025-03-20,89.9,-0.00553097345132747,-0.011340338910857395,gru,validation,0,0.5290223360061646,HOLD
2881,2025-03-18,2025-03-18T13:30:00+08:00,2025-03-19,90.2,2025-03-21,89.0,-0.013303769401330379,-0.019067728708320186,gru,validation,0,0.5225591063499451,HOLD
2881,2025-03-19,2025-03-19T13:30:00+08:00,2025-03-20,89.7,2025-03-24,89.0,-0.0078037904124861335,-0.01359987881260305,gru,validation,0,0.4885023832321167,HOLD
2881,2025-03-20,2025-03-20T13:30:00+08:00,2025-03-21,89.9,2025-03-25,89.7,-0.0022246941045606095,-0.008053373775517847,gru,validation,0,0.5385128259658813,HOLD
2881,2025-03-21,2025-03-21T13:30:00+08:00,2025-03-24,89.2,2025-03-26,89.9,0.007847533632286963,0.0019600152741983123,gru,validation,0,0.5400286316871643,HOLD
2881,2025-03-24,2025-03-24T13:30:00+08:00,2025-03-25,89.5,2025-03-27,89.9,0.004469273743016755,-0.0013985099166647919,gru,validation,0,0.5032387375831604,HOLD
2881,2025-03-25,2025-03-25T13:30:00+08:00,2025-03-26,89.7,2025-03-28,88.2,-0.01672240802675584,-0.022466396755860485,gru,validation,0,0.4996160864830017,HOLD
2881,2025-03-26,2025-03-26T13:30:00+08:00,2025-03-27,89.5,2025-03-31,85.3,-0.04692737430167604,-0.05249491541592344,gru,validation,0,0.5048522353172302,HOLD
2881,2025-03-27,2025-03-27T13:30:00+08:00,2025-03-28,89.3,2025-04-01,87.4,-0.02127659574468077,-0.026993980386459837,gru,validation,0,0.5031285881996155,HOLD
2881,2025-03-28,2025-03-28T13:30:00+08:00,2025-03-31,86.5,2025-04-02,87.6,0.012716763005780285,0.006800800189210143,gru,validation,1,0.4762518107891083,HOLD
2881,2025-03-31,2025-03-31T13:30:00+08:00,2025-04-01,85.8,2025-04-07,78.9,-0.0804195804195803,-0.08579147093014816,gru,validation,0,0.4906013011932373,HOLD
2881,2025-04-01,2025-04-01T13:30:00+08:00,2025-04-02,86.9,2025-04-08,77.9,-0.10356731875719216,-0.1088039876892345,gru,validation,0,0.4959208369255066,HOLD
2881,2025-04-02,2025-04-02T13:30:00+08:00,2025-04-07,78.9,2025-04-09,72.1,-0.08618504435994945,-0.09152325490042346,gru,validation,0,0.5079278349876404,HOLD
2881,2025-04-08,2025-04-08T13:30:00+08:00,2025-04-09,79.0,2025-04-11,80.4,0.017721518987341867,0.01177632000980866,gru,validation,1,0.4490961730480194,SELL
2881,2025-04-09,2025-04-09T13:30:00+08:00,2025-04-10,79.3,2025-04-14,80.9,0.020176544766708826,0.014217004324952986,gru,validation,1,0.5092949867248535,HOLD
2881,2025-04-11,2025-04-11T13:30:00+08:00,2025-04-14,80.8,2025-04-16,80.1,-0.008663366336633671,-0.014454433373037534,gru,validation,0,0.4844173491001129,HOLD
2881,2025-04-14,2025-04-14T13:30:00+08:00,2025-04-15,81.3,2025-04-17,79.6,-0.02091020910209107,-0.026629734055784948,gru,validation,0,0.538041353225708,HOLD
2881,2025-04-15,2025-04-15T13:30:00+08:00,2025-04-16,81.5,2025-04-18,79.5,-0.024539877300613466,-0.03023819891011148,gru,validation,0,0.5190831422805786,HOLD
2881,2025-04-16,2025-04-16T13:30:00+08:00,2025-04-17,80.1,2025-04-21,79.0,-0.013732833957552981,-0.019494286808588557,gru,validation,0,0.4945676922798157,HOLD
2881,2025-04-17,2025-04-17T13:30:00+08:00,2025-04-18,80.0,2025-04-22,77.3,-0.03375000000000006,-0.039394519060339084,gru,validation,0,0.5253180265426636,HOLD
2881,2025-04-18,2025-04-18T13:30:00+08:00,2025-04-21,79.5,2025-04-23,79.3,-0.002515723270440251,-0.00834270284341676,gru,validation,0,0.5071942210197449,HOLD
2881,2025-04-21,2025-04-21T13:30:00+08:00,2025-04-22,77.6,2025-04-24,78.3,0.009020618556700999,0.0031262474170183907,gru,validation,0,0.4934203624725342,HOLD
2881,2025-04-22,2025-04-22T13:30:00+08:00,2025-04-23,78.3,2025-04-25,79.4,0.014048531289910793,0.00812478871503397,gru,validation,1,0.4917151927947998,HOLD
2881,2025-04-23,2025-04-23T13:30:00+08:00,2025-04-24,79.2,2025-04-28,79.2,0.0,-0.005841675612252462,gru,validation,0,0.5380730032920837,HOLD
2881,2025-04-24,2025-04-24T13:30:00+08:00,2025-04-25,79.3,2025-04-29,81.4,0.02648171500630525,0.020485341805329682,gru,validation,1,0.46640628576278687,HOLD
2881,2025-04-25,2025-04-25T13:30:00+08:00,2025-04-28,79.9,2025-04-30,84.3,0.05506883604505619,0.048905466156284216,gru,validation,1,0.48601987957954407,HOLD
2881,2025-04-28,2025-04-28T13:30:00+08:00,2025-04-29,79.5,2025-05-02,85.0,0.0691823899371069,0.06293657324476154,gru,validation,1,0.48791342973709106,HOLD
2881,2025-04-29,2025-04-29T13:30:00+08:00,2025-04-30,82.5,2025-05-05,80.0,-0.030303030303030276,-0.035967685442184316,gru,validation,0,0.5277641415596008,HOLD
2881,2025-04-30,2025-04-30T13:30:00+08:00,2025-05-02,84.7,2025-05-06,79.0,-0.06729634002361273,-0.07274489224755565,gru,validation,0,0.5343930125236511,HOLD
2881,2025-05-02,2025-05-02T13:30:00+08:00,2025-05-05,80.0,2025-05-07,78.0,-0.025000000000000022,-0.03069563372194628,gru,validation,0,0.4911591410636902,HOLD
2881,2025-05-05,2025-05-05T13:30:00+08:00,2025-05-06,78.3,2025-05-08,78.1,-0.0025542784163473664,-0.008381032762668217,gru,validation,0,0.5160689949989319,HOLD
2881,2025-05-06,2025-05-06T13:30:00+08:00,2025-05-07,79.2,2025-05-09,77.4,-0.022727272727272707,-0.028436182984701297,gru,validation,0,0.5120683312416077,HOLD
2881,2025-05-07,2025-05-07T13:30:00+08:00,2025-05-08,78.0,2025-05-12,78.1,0.0012820512820512775,-0.004567113657909183,gru,validation,0,0.4905034601688385,HOLD
2881,2025-05-08,2025-05-08T13:30:00+08:00,2025-05-09,77.2,2025-05-13,79.0,0.023316062176165664,0.017338181692124977,gru,validation,1,0.5058605670928955,HOLD
2881,2025-05-09,2025-05-09T13:30:00+08:00,2025-05-12,77.6,2025-05-14,80.0,0.030927835051546504,0.024905489059533492,gru,validation,1,0.5276878476142883,HOLD
2881,2025-05-12,2025-05-12T13:30:00+08:00,2025-05-13,78.8,2025-05-15,80.5,0.021573604060913798,0.015605902451950149,gru,validation,1,0.48764148354530334,HOLD
2881,2025-05-13,2025-05-13T13:30:00+08:00,2025-05-14,79.6,2025-05-16,81.9,0.028894472361809198,0.022884004615031817,gru,validation,1,0.4868713319301605,HOLD
2881,2025-05-14,2025-05-14T13:30:00+08:00,2025-05-15,80.4,2025-05-19,79.8,-0.007462686567164312,-0.013260767585295596,gru,validation,0,0.5065308213233948,HOLD
2881,2025-05-15,2025-05-15T13:30:00+08:00,2025-05-16,80.2,2025-05-20,80.7,0.006234413965087171,0.00035631892881826666,gru,validation,0,0.49146145582199097,HOLD
2881,2025-05-16,2025-05-16T13:30:00+08:00,2025-05-19,81.1,2025-05-21,81.5,0.004932182490752224,-0.0009383053316716072,gru,validation,0,0.5160178542137146,HOLD
2881,2025-05-19,2025-05-19T13:30:00+08:00,2025-05-20,80.7,2025-05-22,81.9,0.014869888475836479,0.008941347798717691,gru,validation,1,0.4701954126358032,HOLD
2881,2025-05-20,2025-05-20T13:30:00+08:00,2025-05-21,80.5,2025-05-23,81.5,0.012422360248447228,0.006508117237284727,gru,validation,1,0.47887933254241943,HOLD
2881,2025-05-21,2025-05-21T13:30:00+08:00,2025-05-22,80.5,2025-05-26,80.9,0.00496894409937898,-0.0009017584724375638,gru,validation,0,0.4965287446975708,HOLD
2881,2025-05-22,2025-05-22T13:30:00+08:00,2025-05-23,81.7,2025-05-27,80.3,-0.017135862913096767,-0.022877436372874982,gru,validation,0,0.5264651775360107,HOLD
2881,2025-05-23,2025-05-23T13:30:00+08:00,2025-05-26,81.3,2025-05-28,79.5,-0.022140221402213944,-0.027852561023051337,gru,validation,0,0.5093529224395752,HOLD
2881,2025-05-26,2025-05-26T13:30:00+08:00,2025-05-27,80.7,2025-05-29,79.6,-0.01363073110285018,-0.019392780405642074,gru,validation,0,0.5018038153648376,HOLD
2881,2025-05-27,2025-05-27T13:30:00+08:00,2025-05-28,80.7,2025-06-02,81.8,0.013630731102850069,0.007709429181136818,gru,validation,1,0.5017451047897339,HOLD
2881,2025-05-28,2025-05-28T13:30:00+08:00,2025-05-29,80.0,2025-06-03,83.6,0.04499999999999993,0.038895448985196035,gru,validation,1,0.4880969524383545,HOLD
2881,2025-05-29,2025-05-29T13:30:00+08:00,2025-06-02,79.6,2025-06-04,87.1,0.0942211055276383,0.08782902078106547,gru,validation,1,0.5410770773887634,HOLD
2881,2025-06-02,2025-06-02T13:30:00+08:00,2025-06-03,81.8,2025-06-05,87.1,0.06479217603911969,0.05857200555223474,gru,validation,1,0.4993155896663666,HOLD
2881,2025-06-03,2025-06-03T13:30:00+08:00,2025-06-04,83.9,2025-06-06,87.8,0.04648390941597125,0.04037068988372128,gru,validation,1,0.4766009747982025,HOLD
2881,2025-06-04,2025-06-04T13:30:00+08:00,2025-06-05,86.4,2025-06-09,88.5,0.02430555555555558,0.01832189477217172,gru,validation,1,0.6549214124679565,BUY
2881,2025-06-05,2025-06-05T13:30:00+08:00,2025-06-06,87.0,2025-06-10,87.7,0.008045977011494232,0.0021572994115568456,gru,validation,0,0.5251703262329102,HOLD
2881,2025-06-06,2025-06-06T13:30:00+08:00,2025-06-09,87.8,2025-06-11,90.1,0.026195899772209597,0.020201196211116823,gru,validation,1,0.49199816584587097,HOLD
2881,2025-06-09,2025-06-09T13:30:00+08:00,2025-06-10,88.2,2025-06-12,87.5,-0.00793650793650802,-0.01373182104390136,gru,validation,0,0.5349664092063904,HOLD
2881,2025-06-10,2025-06-10T13:30:00+08:00,2025-06-11,87.1,2025-06-13,86.5,-0.006888633754305373,-0.012690068202753535,gru,validation,0,0.5017141699790955,HOLD
2881,2025-06-11,2025-06-11T13:30:00+08:00,2025-06-12,87.8,2025-06-16,86.0,-0.02050113895216399,-0.026223053560976206,gru,validation,0,0.5485501885414124,HOLD
2881,2025-06-12,2025-06-12T13:30:00+08:00,2025-06-13,86.5,2025-06-17,85.8,-0.008092485549133,-0.013886887485910604,gru,validation,0,0.5466728210449219,HOLD
2881,2025-06-13,2025-06-13T13:30:00+08:00,2025-06-16,86.5,2025-06-18,87.4,0.010404624277456698,0.004502168225307912,gru,validation,1,0.5102789998054504,HOLD
2881,2025-06-16,2025-06-16T13:30:00+08:00,2025-06-17,86.3,2025-06-19,86.7,0.004634994206257348,-0.0012337575386128785,gru,validation,0,0.5412628650665283,HOLD
2881,2025-06-17,2025-06-17T13:30:00+08:00,2025-06-18,86.2,2025-06-20,84.9,-0.015081206496519672,-0.020834782592578094,gru,validation,0,0.5369062423706055,HOLD
2881,2025-06-18,2025-06-18T13:30:00+08:00,2025-06-19,86.6,2025-06-23,84.7,-0.021939953810623414,-0.027653463329766592,gru,validation,0,0.4547746777534485,HOLD
2881,2025-06-19,2025-06-19T13:30:00+08:00,2025-06-20,86.1,2025-06-24,86.1,0.0,-0.005841675612252573,gru,validation,0,0.5003715753555298,HOLD
2881,2025-06-20,2025-06-20T13:30:00+08:00,2025-06-23,84.2,2025-06-25,85.7,0.017814726840855055,0.011868983373277464,gru,validation,1,0.5475208163261414,HOLD
2881,2025-06-23,2025-06-23T13:30:00+08:00,2025-06-24,85.2,2025-06-26,86.1,0.010563380281690016,0.0046599968284630755,gru,validation,1,0.5129973888397217,HOLD
2881,2025-06-24,2025-06-24T13:30:00+08:00,2025-06-25,86.5,2025-06-27,86.1,-0.0046242774566475076,-0.010438939540057257,gru,validation,0,0.5055775046348572,HOLD
2881,2025-06-25,2025-06-25T13:30:00+08:00,2025-06-26,86.0,2025-06-30,87.3,0.015116279069767424,0.009186299058725034,gru,validation,1,0.5000758767127991,HOLD
2882,2025-01-02,2025-01-02T13:30:00+08:00,2025-01-03,68.1,2025-01-07,69.1,0.014684287812041008,0.00875683135379357,gru,validation,1,0.47386860847473145,HOLD
2882,2025-01-03,2025-01-03T13:30:00+08:00,2025-01-06,68.3,2025-01-08,68.8,0.007320644216691097,0.0014362037756519008,gru,validation,0,0.4727817475795746,HOLD
2882,2025-01-06,2025-01-06T13:30:00+08:00,2025-01-07,69.1,2025-01-09,68.3,-0.011577424023154759,-0.01735146807983856,gru,validation,0,0.48458123207092285,HOLD
2882,2025-01-07,2025-01-07T13:30:00+08:00,2025-01-08,68.8,2025-01-10,65.1,-0.053779069767441956,-0.05930658549938428,gru,validation,0,0.4504183232784271,HOLD
2882,2025-01-08,2025-01-08T13:30:00+08:00,2025-01-09,68.6,2025-01-13,64.2,-0.06413994169096193,-0.06960693257006723,gru,validation,0,0.5148575305938721,HOLD
2882,2025-01-09,2025-01-09T13:30:00+08:00,2025-01-10,67.5,2025-01-14,65.5,-0.029629629629629672,-0.03529821855707471,gru,validation,0,0.5046460628509521,HOLD
2882,2025-01-10,2025-01-10T13:30:00+08:00,2025-01-13,65.0,2025-01-15,64.7,-0.004615384615384577,-0.010430098647888242,gru,validation,0,0.4427984654903412,SELL
2882,2025-01-13,2025-01-13T13:30:00+08:00,2025-01-14,64.5,2025-01-16,65.5,0.015503875968992276,0.00957163174259601,gru,validation,1,0.4855590760707855,HOLD
2882,2025-01-14,2025-01-14T13:30:00+08:00,2025-01-15,65.5,2025-01-17,65.5,0.0,-0.005841675612252684,gru,validation,0,0.5428229570388794,HOLD
2882,2025-01-15,2025-01-15T13:30:00+08:00,2025-01-16,65.6,2025-01-20,65.1,-0.007621951219512146,-0.013419101865207894,gru,validation,0,0.5122544765472412,HOLD
2882,2025-01-16,2025-01-16T13:30:00+08:00,2025-01-17,65.8,2025-01-21,65.9,0.001519756838905817,-0.00433079669980907,gru,validation,0,0.49661770462989807,HOLD
2882,2025-01-17,2025-01-17T13:30:00+08:00,2025-01-20,65.7,2025-01-22,66.8,0.016742770167427645,0.01080328872300651,gru,validation,1,0.5003132224082947,HOLD
2882,2025-01-20,2025-01-20T13:30:00+08:00,2025-01-21,65.3,2025-02-03,66.0,0.010719754977029039,0.004815458033557984,gru,validation,1,0.4787517786026001,HOLD
2882,2025-01-21,2025-01-21T13:30:00+08:00,2025-01-22,66.5,2025-02-04,65.2,-0.019548872180451093,-0.02527634962284009,gru,validation,0,0.517139732837677,HOLD
2882,2025-01-22,2025-01-22T13:30:00+08:00,2025-02-03,65.1,2025-02-05,66.5,0.021505376344086002,0.015538073299312005,gru,validation,1,0.4870835840702057,HOLD
2882,2025-02-03,2025-02-03T13:30:00+08:00,2025-02-04,66.5,2025-02-06,66.9,0.00601503759398514,0.00013822408331298774,gru,validation,0,0.5298674702644348,HOLD
2882,2025-02-04,2025-02-04T13:30:00+08:00,2025-02-05,65.9,2025-02-07,66.9,0.015174506828528056,0.00924418666980742,gru,validation,1,0.49153953790664673,HOLD
2882,2025-02-05,2025-02-05T13:30:00+08:00,2025-02-06,66.8,2025-02-10,67.4,0.008982035928143839,0.0030878901756614674,gru,validation,0,0.5104696154594421,HOLD
2882,2025-02-06,2025-02-06T13:30:00+08:00,2025-02-07,66.6,2025-02-11,68.5,0.028528528528528607,0.022520198506917666,gru,validation,1,0.5120624899864197,HOLD
2882,2025-02-07,2025-02-07T13:30:00+08:00,2025-02-10,66.7,2025-02-12,68.7,0.02998500749625177,0.02396816919697531,gru,validation,1,0.49201005697250366,HOLD
2882,2025-02-10,2025-02-10T13:30:00+08:00,2025-02-11,68.1,2025-02-13,68.7,0.008810572687224738,0.002917428567375424,gru,validation,0,0.5173751711845398,HOLD
2882,2025-02-11,2025-02-11T13:30:00+08:00,2025-02-12,68.6,2025-02-14,68.7,0.001457725947521915,-0.004392465226847553,gru,validation,0,0.5041508078575134,HOLD
2882,2025-02-12,2025-02-12T13:30:00+08:00,2025-02-13,68.6,2025-02-17,69.0,0.005830903790087438,-4.483407063293754e-05,gru,validation,0,0.5070799589157104,HOLD
2882,2025-02-13,2025-02-13T13:30:00+08:00,2025-02-14,68.7,2025-02-18,69.2,0.00727802037845704,0.0013938289320540864,gru,validation,0,0.5322023034095764,HOLD
2882,2025-02-14,2025-02-14T13:30:00+08:00,2025-02-17,68.9,2025-02-19,68.7,-0.002902757619738794,-0.008727476263595824,gru,validation,0,0.5161476135253906,HOLD
2882,2025-02-17,2025-02-17T13:30:00+08:00,2025-02-18,68.7,2025-02-20,68.8,0.0014556040756912303,-0.00439457470339133,gru,validation,0,0.5063880681991577,HOLD
2882,2025-02-18,2025-02-18T13:30:00+08:00,2025-02-19,69.0,2025-02-21,68.9,-0.0014492753623187582,-0.00728248477803195,gru,validation,0,0.533650279045105,HOLD
2882,2025-02-19,2025-02-19T13:30:00+08:00,2025-02-20,68.7,2025-02-24,68.7,0.0,-0.005841675612252462,gru,validation,0,0.4771164655685425,HOLD
2882,2025-02-20,2025-02-20T13:30:00+08:00,2025-02-21,68.6,2025-02-25,68.7,0.001457725947521915,-0.004392465226847553,gru,validation,0,0.49778398871421814,HOLD
2882,2025-02-21,2025-02-21T13:30:00+08:00,2025-02-24,68.4,2025-02-26,69.2,0.011695906432748426,0.005785907129124412,gru,validation,1,0.5060515403747559,HOLD
2882,2025-02-24,2025-02-24T13:30:00+08:00,2025-02-25,68.2,2025-02-27,68.4,0.0029325513196480912,-0.00292625530613011,gru,validation,0,0.5255135893821716,HOLD
2882,2025-02-25,2025-02-25T13:30:00+08:00,2025-02-26,68.5,2025-03-03,68.8,0.004379562043795637,-0.0014876975492404965,gru,validation,0,0.5336789488792419,HOLD
2882,2025-02-26,2025-02-26T13:30:00+08:00,2025-02-27,69.0,2025-03-04,67.7,-0.018840579710144856,-0.024572194767383926,gru,validation,0,0.4650711417198181,HOLD
2882,2025-02-27,2025-02-27T13:30:00+08:00,2025-03-03,68.7,2025-03-05,68.2,-0.00727802037845704,-0.013077180156559232,gru,validation,0,0.5295500159263611,HOLD
2882,2025-03-03,2025-03-03T13:30:00+08:00,2025-03-04,67.8,2025-03-06,68.7,0.013274336283185972,0.007355116304399223,gru,validation,1,0.4938919246196747,HOLD
2882,2025-03-04,2025-03-04T13:30:00+08:00,2025-03-05,67.9,2025-03-07,67.3,-0.008836524300441906,-0.014626579804191464,gru,validation,0,0.5169204473495483,HOLD
2882,2025-03-05,2025-03-05T13:30:00+08:00,2025-03-06,68.0,2025-03-10,67.3,-0.010294117647058898,-0.016075658363303047,gru,validation,0,0.5237829685211182,HOLD
2882,2025-03-06,2025-03-06T13:30:00+08:00,2025-03-07,68.3,2025-03-11,65.9,-0.03513909224011702,-0.04077549667419378,gru,validation,0,0.5105734467506409,HOLD
2882,2025-03-07,2025-03-07T13:30:00+08:00,2025-03-10,67.2,2025-03-12,66.5,-0.01041666666666674,-0.016197491491291682,gru,validation,0,0.4918426275253296,HOLD
2882,2025-03-10,2025-03-10T13:30:00+08:00,2025-03-11,66.0,2025-03-13,65.9,-0.0015151515151514694,-0.007347976103748932,gru,validation,0,0.49163058400154114,HOLD
2882,2025-03-11,2025-03-11T13:30:00+08:00,2025-03-12,66.0,2025-03-14,66.0,0.0,-0.005841675612252573,gru,validation,0,0.5156703591346741,HOLD
2882,2025-03-12,2025-03-12T13:30:00+08:00,2025-03-13,66.8,2025-03-17,66.0,-0.0119760479041916,-0.017747763329471145,gru,validation,0,0.5233734846115112,HOLD
2882,2025-03-13,2025-03-13T13:30:00+08:00,2025-03-14,66.6,2025-03-18,66.5,-0.0015015015015014122,-0.007334405829050872,gru,validation,0,0.4919098913669586,HOLD
2882,2025-03-14,2025-03-14T13:30:00+08:00,2025-03-17,65.8,2025-03-19,65.3,-0.0075987841945288626,-0.013396070174469643,gru,validation,0,0.4925957918167114,HOLD
2882,2025-03-17,2025-03-17T13:30:00+08:00,2025-03-18,66.3,2025-03-20,65.9,-0.006033182503770607,-0.011839614220926498,gru,validation,0,0.512589693069458,HOLD
2882,2025-03-18,2025-03-18T13:30:00+08:00,2025-03-19,66.3,2025-03-21,65.1,-0.018099547511312264,-0.023835491438275014,gru,validation,0,0.5394835472106934,HOLD
2882,2025-03-19,2025-03-19T13:30:00+08:00,2025-03-20,65.8,2025-03-24,65.0,-0.012158054711246202,-0.017928706911799708,gru,validation,0,0.506525456905365,HOLD
2882,2025-03-20,2025-03-20T13:30:00+08:00,2025-03-21,65.6,2025-03-25,65.0,-0.009146341463414531,-0.01493458711579898,gru,validation,0,0.513625979423523,HOLD
2882,2025-03-21,2025-03-21T13:30:00+08:00,2025-03-24,65.3,2025-03-26,65.4,0.0015313935681471325,-0.004319227948565207,gru,validation,0,0.5462276935577393,HOLD
2882,2025-03-24,2025-03-24T13:30:00+08:00,2025-03-25,65.4,2025-03-27,65.3,-0.00152905198776776,-0.007361795374313473,gru,validation,0,0.49604788422584534,HOLD
2882,2025-03-25,2025-03-25T13:30:00+08:00,2025-03-26,65.5,2025-03-28,64.0,-0.022900763358778664,-0.028608660140216347,gru,validation,0,0.4842890501022339,HOLD
2882,2025-03-26,2025-03-26T13:30:00+08:00,2025-03-27,65.1,2025-03-31,61.2,-0.05990783410138234,-0.06539954758018185,gru,validation,0,0.4822923243045807,HOLD
2882,2025-03-27,2025-03-27T13:30:00+08:00,2025-03-28,65.0,2025-04-01,61.6,-0.05230769230769228,-0.05784380334945771,gru,validation,0,0.5189254283905029,HOLD
2882,2025-03-28,2025-03-28T13:30:00+08:00,2025-03-31,62.8,2025-04-02,61.6,-0.019108280254776955,-0.024838331492273102,gru,validation,0,0.4691990911960602,HOLD
2882,2025-03-31,2025-03-31T13:30:00+08:00,2025-04-01,61.5,2025-04-07,55.5,-0.09756097560975607,-0.10283273165008155,gru,validation,0,0.5038318634033203,HOLD
2882,2025-04-01,2025-04-01T13:30:00+08:00,2025-04-02,61.6,2025-04-08,54.1,-0.12175324675324672,-0.1268836793932283,gru,validation,0,0.4937300682067871,HOLD
2882,2025-04-02,2025-04-02T13:30:00+08:00,2025-04-07,55.5,2025-04-09,49.5,-0.10810810810810811,-0.11331825122173877,gru,validation,0,0.5138077735900879,HOLD
2882,2025-04-08,2025-04-08T13:30:00+08:00,2025-04-09,53.5,2025-04-11,54.2,0.013084112149532867,0.007166003398428433,gru,validation,1,0.4533567726612091,HOLD
2882,2025-04-09,2025-04-09T13:30:00+08:00,2025-04-10,54.4,2025-04-14,54.5,0.0018382352941177516,-0.0040141786924221545,gru,validation,0,0.511599063873291,HOLD
2882,2025-04-11,2025-04-11T13:30:00+08:00,2025-04-14,54.4,2025-04-16,54.8,0.007352941176470562,0.0014683120670690997,gru,validation,0,0.49339210987091064,HOLD
2882,2025-04-14,2025-04-14T13:30:00+08:00,2025-04-15,54.8,2025-04-17,53.9,-0.01642335766423353,-0.022169093348547664,gru,validation,0,0.5127389430999756,HOLD
2882,2025-04-15,2025-04-15T13:30:00+08:00,2025-04-16,55.1,2025-04-18,53.6,-0.02722323049001818,-0.03290587682063051,gru,validation,0,0.5179983377456665,HOLD
2882,2025-04-16,2025-04-16T13:30:00+08:00,2025-04-17,54.5,2025-04-21,54.1,-0.007339449541284404,-0.013138250470144275,gru,validation,0,0.47767534852027893,HOLD
2882,2025-04-17,2025-04-17T13:30:00+08:00,2025-04-18,53.6,2025-04-22,52.5,-0.020522388059701524,-0.026244178538120555,gru,validation,0,0.5016250610351562,HOLD
2882,2025-04-18,2025-04-18T13:30:00+08:00,2025-04-21,53.8,2025-04-23,53.6,-0.0037174721189590088,-0.009537431464995083,gru,validation,0,0.4863640069961548,HOLD
2882,2025-04-21,2025-04-21T13:30:00+08:00,2025-04-22,53.1,2025-04-24,53.5,0.007532956685499137,0.0016472759838885853,gru,validation,0,0.4948851466178894,HOLD
2882,2025-04-22,2025-04-22T13:30:00+08:00,2025-04-23,53.6,2025-04-25,54.1,0.009328358208955168,0.003432189354050985,gru,validation,0,0.49521470069885254,HOLD
2882,2025-04-23,2025-04-23T13:30:00+08:00,2025-04-24,53.7,2025-04-28,54.6,0.016759776536312776,0.0108201957462013,gru,validation,1,0.5287348628044128,HOLD
2882,2025-04-24,2025-04-24T13:30:00+08:00,2025-04-25,54.0,2025-04-29,55.7,0.031481481481481444,0.025455901266620895,gru,validation,1,0.4823206663131714,HOLD
2882,2025-04-25,2025-04-25T13:30:00+08:00,2025-04-28,54.8,2025-04-30,58.5,0.0675182481751826,0.061282152859182926,gru,validation,1,0.5022890567779541,HOLD
2882,2025-04-28,2025-04-28T13:30:00+08:00,2025-04-29,54.6,2025-05-02,58.7,0.07509157509157505,0.06881123885642437,gru,validation,1,0.48998403549194336,HOLD
2882,2025-04-29,2025-04-29T13:30:00+08:00,2025-04-30,58.4,2025-05-05,54.7,-0.06335616438356162,-0.06882773383544871,gru,validation,0,0.5152757167816162,HOLD
2882,2025-04-30,2025-04-30T13:30:00+08:00,2025-05-02,58.5,2025-05-06,55.9,-0.04444444444444451,-0.05002649002948578,gru,validation,0,0.5064473748207092,HOLD
2882,2025-05-02,2025-05-02T13:30:00+08:00,2025-05-05,55.1,2025-05-07,56.2,0.019963702359346636,0.014005405273891158,gru,validation,1,0.5274971723556519,HOLD
2882,2025-05-05,2025-05-05T13:30:00+08:00,2025-05-06,53.9,2025-05-08,55.2,0.024118738404452778,0.018136168946264464,gru,validation,1,0.5497907996177673,HOLD
2882,2025-05-06,2025-05-06T13:30:00+08:00,2025-05-07,55.7,2025-05-09,55.2,-0.008976660682226245,-0.014765897554691931,gru,validation,0,0.5386176109313965,HOLD
2882,2025-05-07,2025-05-07T13:30:00+08:00,2025-05-08,55.1,2025-05-12,56.1,0.01814882032667886,0.012201125193332496,gru,validation,1,0.5081065893173218,HOLD
2882,2025-05-08,2025-05-08T13:30:00+08:00,2025-05-09,54.6,2025-05-13,57.9,0.06043956043956045,0.054244816521072714,gru,validation,1,0.5220754146575928,HOLD
2882,2025-05-09,2025-05-09T13:30:00+08:00,2025-05-12,55.0,2025-05-14,58.8,0.06909090909090909,0.06284562679999173,gru,validation,1,0.5240336060523987,HOLD
2882,2025-05-12,2025-05-12T13:30:00+08:00,2025-05-13,57.3,2025-05-15,59.6,0.04013961605584648,0.03406345782739528,gru,validation,1,0.507051408290863,HOLD
2882,2025-05-13,2025-05-13T13:30:00+08:00,2025-05-14,58.6,2025-05-16,63.0,0.07508532423208192,0.06880502451242454,gru,validation,1,0.508176326751709,HOLD
2882,2025-05-14,2025-05-14T13:30:00+08:00,2025-05-15,59.3,2025-05-19,60.5,0.02023608768971341,0.014276199417516455,gru,validation,1,0.4963819086551666,HOLD
2882,2025-05-15,2025-05-15T13:30:00+08:00,2025-05-16,59.9,2025-05-20,61.5,0.026711185308848195,0.02071347161680248,gru,validation,1,0.5196219682693481,HOLD
2882,2025-05-16,2025-05-16T13:30:00+08:00,2025-05-19,61.5,2025-05-21,63.5,0.03252032520325199,0.026488676400357125,gru,validation,1,0.49905920028686523,HOLD
2882,2025-05-19,2025-05-19T13:30:00+08:00,2025-05-20,60.8,2025-05-22,65.6,0.07894736842105265,0.07264450789204324,gru,validation,1,0.4950043559074402,HOLD
2882,2025-05-20,2025-05-20T13:30:00+08:00,2025-05-21,61.7,2025-05-23,65.7,0.06482982171799034,0.05860943131726115,gru,validation,1,0.511613667011261,HOLD
2882,2025-05-21,2025-05-21T13:30:00+08:00,2025-05-22,62.2,2025-05-26,63.0,0.012861736334405016,0.006944926630676473,gru,validation,1,0.46575039625167847,HOLD
2882,2025-05-22,2025-05-22T13:30:00+08:00,2025-05-23,65.0,2025-05-27,62.2,-0.04307692307692301,-0.04866695727818626,gru,validation,0,0.515709638595581,HOLD
2882,2025-05-23,2025-05-23T13:30:00+08:00,2025-05-26,65.4,2025-05-28,61.2,-0.06422018348623859,-0.06968670561880508,gru,validation,0,0.5530885457992554,HOLD
2882,2025-05-26,2025-05-26T13:30:00+08:00,2025-05-27,62.6,2025-05-29,59.8,-0.04472843450479236,-0.05030882111202406,gru,validation,0,0.5826410055160522,HOLD
2882,2025-05-27,2025-05-27T13:30:00+08:00,2025-05-28,62.6,2025-06-02,60.4,-0.03514376996805113,-0.0407801470763588,gru,validation,0,0.4861566722393036,HOLD
2882,2025-05-28,2025-05-28T13:30:00+08:00,2025-05-29,61.6,2025-06-03,63.9,0.037337662337662225,0.031277872213913316,gru,validation,1,0.5813025236129761,HOLD
2882,2025-05-29,2025-05-29T13:30:00+08:00,2025-06-02,59.7,2025-06-04,64.7,0.08375209380234505,0.07742116562625223,gru,validation,1,0.6262140274047852,BUY
2882,2025-06-02,2025-06-02T13:30:00+08:00,2025-06-03,60.1,2025-06-05,66.1,0.09983361064891838,0.09340873946805495,gru,validation,1,0.5497698187828064,HOLD
2882,2025-06-03,2025-06-03T13:30:00+08:00,2025-06-04,63.0,2025-06-06,66.3,0.05238095238095242,0.04623328423662931,gru,validation,1,0.5304285883903503,HOLD
2882,2025-06-04,2025-06-04T13:30:00+08:00,2025-06-05,64.3,2025-06-09,67.7,0.05287713841368591,0.046726571711516396,gru,validation,1,0.5837907791137695,HOLD
2882,2025-06-05,2025-06-05T13:30:00+08:00,2025-06-06,64.9,2025-06-10,66.0,0.016949152542372836,0.011008465479064977,gru,validation,1,0.5540280342102051,HOLD
2882,2025-06-06,2025-06-06T13:30:00+08:00,2025-06-09,66.5,2025-06-11,68.4,0.028571428571428692,0.022562847941683062,gru,validation,1,0.47611331939697266,HOLD
2882,2025-06-09,2025-06-09T13:30:00+08:00,2025-06-10,67.7,2025-06-12,68.5,0.011816838995568624,0.00590613324314182,gru,validation,1,0.4876488745212555,HOLD
2882,2025-06-10,2025-06-10T13:30:00+08:00,2025-06-11,66.4,2025-06-13,69.0,0.03915662650602392,0.03308621058365313,gru,validation,1,0.45059481263160706,HOLD
2882,2025-06-11,2025-06-11T13:30:00+08:00,2025-06-12,67.1,2025-06-16,67.3,0.0029806259314455463,-0.002878461530619991,gru,validation,0,0.5706839561462402,HOLD
2882,2025-06-12,2025-06-12T13:30:00+08:00,2025-06-13,67.5,2025-06-17,65.7,-0.026666666666666616,-0.032352564262592476,gru,validation,0,0.5492269992828369,HOLD
2882,2025-06-13,2025-06-13T13:30:00+08:00,2025-06-16,68.7,2025-06-18,67.3,-0.02037845705967989,-0.02610108833631164,gru,validation,0,0.5225514769554138,HOLD
2882,2025-06-16,2025-06-16T13:30:00+08:00,2025-06-17,67.3,2025-06-19,66.2,-0.01634472511144125,-0.022090920141621173,gru,validation,0,0.5458561182022095,HOLD
2882,2025-06-17,2025-06-17T13:30:00+08:00,2025-06-18,66.3,2025-06-20,65.6,-0.010558069381598867,-0.01633806817743233,gru,validation,0,0.5700958967208862,HOLD
2882,2025-06-18,2025-06-18T13:30:00+08:00,2025-06-19,66.5,2025-06-23,65.9,-0.009022556390977376,-0.01481152515560058,gru,validation,0,0.4631876051425934,HOLD
2882,2025-06-19,2025-06-19T13:30:00+08:00,2025-06-20,66.2,2025-06-24,66.5,0.004531722054380571,-0.001336426408078517,gru,validation,0,0.5235049724578857,HOLD
2882,2025-06-20,2025-06-20T13:30:00+08:00,2025-06-23,65.0,2025-06-25,66.5,0.023076923076922995,0.017100439565926218,gru,validation,1,0.5338661670684814,HOLD
2882,2025-06-23,2025-06-23T13:30:00+08:00,2025-06-24,66.2,2025-06-26,66.7,0.007552870090634434,0.0016670730613710383,gru,validation,0,0.5357564687728882,HOLD
2882,2025-06-24,2025-06-24T13:30:00+08:00,2025-06-25,66.9,2025-06-27,67.9,0.014947683109117982,0.009018687980987261,gru,validation,1,0.5224785804748535,HOLD
2882,2025-06-25,2025-06-25T13:30:00+08:00,2025-06-26,66.4,2025-06-30,62.8,-0.05421686746987964,-0.05974182572966069,gru,validation,0,0.5149543881416321,HOLD
2002,2026-01-02,2026-01-02T13:30:00+08:00,2026-01-05,18.8,2026-01-07,19.45,0.034574468085106336,0.02853081964583426,gru,test,1,0.4719994366168976,HOLD
2002,2026-01-05,2026-01-05T13:30:00+08:00,2026-01-06,18.7,2026-01-08,19.15,0.024064171122994527,0.01808192042916379,gru,test,1,0.5067270398139954,HOLD
2002,2026-01-06,2026-01-06T13:30:00+08:00,2026-01-07,18.65,2026-01-09,19.0,0.018766756032171594,0.012815451118884935,gru,test,1,0.49386802315711975,HOLD
2002,2026-01-07,2026-01-07T13:30:00+08:00,2026-01-08,19.7,2026-01-12,19.55,-0.0076142131979695105,-0.013411409046676925,gru,test,0,0.5074607133865356,HOLD
2002,2026-01-08,2026-01-08T13:30:00+08:00,2026-01-09,19.15,2026-01-13,19.45,0.015665796344647598,0.009732606231941832,gru,test,1,0.4903472661972046,HOLD
2002,2026-01-09,2026-01-09T13:30:00+08:00,2026-01-12,19.0,2026-01-14,19.4,0.021052631578947212,0.015087973322226222,gru,test,1,0.5020479559898376,HOLD
2002,2026-01-12,2026-01-12T13:30:00+08:00,2026-01-13,19.75,2026-01-15,19.45,-0.0151898734177216,-0.020942814716876756,gru,test,0,0.4653182327747345,HOLD
2002,2026-01-13,2026-01-13T13:30:00+08:00,2026-01-14,19.5,2026-01-16,19.25,-0.012820512820512775,-0.018587295155685246,gru,test,0,0.46339151263237,HOLD
2002,2026-01-14,2026-01-14T13:30:00+08:00,2026-01-15,19.5,2026-01-19,19.65,0.007692307692307665,0.0018056961138070982,gru,test,0,0.4765738844871521,HOLD
2002,2026-01-15,2026-01-15T13:30:00+08:00,2026-01-16,19.55,2026-01-20,19.15,-0.020460358056266115,-0.02618251089384338,gru,test,0,0.469219833612442,HOLD
2002,2026-01-16,2026-01-16T13:30:00+08:00,2026-01-19,19.25,2026-01-21,18.95,-0.01558441558441559,-0.021335052096217444,gru,test,0,0.4709742069244385,HOLD
2002,2026-01-19,2026-01-19T13:30:00+08:00,2026-01-20,19.65,2026-01-22,19.0,-0.03307888040712459,-0.03872731993042211,gru,test,0,0.5436824560165405,HOLD
2002,2026-01-20,2026-01-20T13:30:00+08:00,2026-01-21,19.1,2026-01-23,19.15,0.002617801047120283,-0.0032391669096668574,gru,test,0,0.4809231460094452,HOLD
2002,2026-01-21,2026-01-21T13:30:00+08:00,2026-01-22,19.15,2026-01-26,19.65,0.02610966057441244,0.02011546079473825,gru,test,1,0.5011906623840332,HOLD
2002,2026-01-22,2026-01-22T13:30:00+08:00,2026-01-23,19.1,2026-01-27,19.35,0.01308900523560208,0.0071708679006761145,gru,test,1,0.4865618348121643,HOLD
2002,2026-01-23,2026-01-23T13:30:00+08:00,2026-01-26,19.2,2026-01-28,19.6,0.02083333333333348,0.014869956145825647,gru,test,1,0.48120030760765076,HOLD
2002,2026-01-26,2026-01-26T13:30:00+08:00,2026-01-27,19.75,2026-01-29,20.7,0.048101265822784844,0.041978598219056806,gru,test,1,0.47059130668640137,HOLD
2002,2026-01-27,2026-01-27T13:30:00+08:00,2026-01-28,19.35,2026-01-30,20.75,0.07235142118863047,0.06608709204370822,gru,test,1,0.47860458493232727,HOLD
2002,2026-01-28,2026-01-28T13:30:00+08:00,2026-01-29,19.85,2026-02-02,21.1,0.06297229219143574,0.05676275287564092,gru,test,1,0.48506805300712585,HOLD
2002,2026-01-29,2026-01-29T13:30:00+08:00,2026-01-30,20.8,2026-02-03,20.65,-0.007211538461538547,-0.013011086605433486,gru,test,0,0.48788610100746155,HOLD
2002,2026-01-30,2026-01-30T13:30:00+08:00,2026-02-02,21.05,2026-02-04,20.95,-0.004750593824228044,-0.010564518008393975,gru,test,0,0.5651189088821411,HOLD
2002,2026-02-02,2026-02-02T13:30:00+08:00,2026-02-03,21.4,2026-02-05,20.95,-0.02102803738317749,-0.02674687402227538,gru,test,0,0.4811510145664215,HOLD
2002,2026-02-03,2026-02-03T13:30:00+08:00,2026-02-04,20.65,2026-02-06,20.4,-0.01210653753026636,-0.01787749067747957,gru,test,0,0.5384930968284607,HOLD
2002,2026-02-04,2026-02-04T13:30:00+08:00,2026-02-05,21.15,2026-02-09,20.35,-0.03782505910165468,-0.04344577298862107,gru,test,0,0.5017669200897217,HOLD
2002,2026-02-05,2026-02-05T13:30:00+08:00,2026-02-06,20.8,2026-02-10,20.5,-0.014423076923076983,-0.02018049759861429,gru,test,0,0.4826735854148865,HOLD
2002,2026-02-06,2026-02-06T13:30:00+08:00,2026-02-09,20.6,2026-02-11,20.9,0.014563106796116276,0.00863635823805442,gru,test,1,0.4819985330104828,HOLD
2002,2026-02-09,2026-02-09T13:30:00+08:00,2026-02-10,20.45,2026-02-23,20.45,0.0,-0.005841675612252462,gru,test,0,0.49688416719436646,HOLD
2002,2026-02-10,2026-02-10T13:30:00+08:00,2026-02-11,20.6,2026-02-24,20.7,0.004854368932038833,-0.0010156643288168343,gru,test,0,0.4923950731754303,HOLD
2002,2026-02-11,2026-02-11T13:30:00+08:00,2026-02-23,20.75,2026-02-25,21.25,0.024096385542168752,0.018113946662150937,gru,test,1,0.47585630416870117,HOLD
2002,2026-02-23,2026-02-23T13:30:00+08:00,2026-02-24,20.6,2026-02-26,20.75,0.007281553398058138,0.0013973413129009238,gru,test,0,0.49364033341407776,HOLD
2002,2026-02-24,2026-02-24T13:30:00+08:00,2026-02-25,20.7,2026-03-02,20.25,-0.021739130434782594,-0.02745381309894268,gru,test,0,0.48977547883987427,HOLD
2002,2026-02-25,2026-02-25T13:30:00+08:00,2026-02-26,21.25,2026-03-03,20.05,-0.05647058823529405,-0.061982380989442976,gru,test,0,0.46301886439323425,HOLD
2002,2026-02-26,2026-02-26T13:30:00+08:00,2026-03-02,20.4,2026-03-04,19.2,-0.05882352941176472,-0.06432157704682584,gru,test,0,0.4859332740306854,HOLD
2002,2026-03-02,2026-03-02T13:30:00+08:00,2026-03-03,20.1,2026-03-05,19.3,-0.03980099502487566,-0.04541016613514803,gru,test,0,0.5043495297431946,HOLD
2002,2026-03-03,2026-03-03T13:30:00+08:00,2026-03-04,19.8,2026-03-06,19.9,0.005050505050504972,-0.0008206739739307078,gru,test,0,0.48359599709510803,HOLD
2002,2026-03-04,2026-03-04T13:30:00+08:00,2026-03-05,19.6,2026-03-09,19.15,-0.022959183673469497,-0.028666739182379608,gru,test,0,0.4747248888015747,HOLD
2002,2026-03-05,2026-03-05T13:30:00+08:00,2026-03-06,19.1,2026-03-10,19.2,0.005235602094240788,-0.0006366582070810312,gru,test,0,0.49973681569099426,HOLD
2002,2026-03-06,2026-03-06T13:30:00+08:00,2026-03-09,19.15,2026-03-11,19.5,0.018276762402088753,0.012328319872640936,gru,test,1,0.4915280342102051,HOLD
2002,2026-03-09,2026-03-09T13:30:00+08:00,2026-03-10,19.4,2026-03-12,19.35,-0.002577319587628746,-0.008403939334901245,gru,test,0,0.49110496044158936,HOLD
2002,2026-03-10,2026-03-10T13:30:00+08:00,2026-03-11,19.25,2026-03-13,19.1,-0.007792207792207684,-0.013588363854234897,gru,test,0,0.4792967736721039,HOLD
2002,2026-03-11,2026-03-11T13:30:00+08:00,2026-03-12,19.3,2026-03-16,19.15,-0.00777202072538874,-0.013568294713711793,gru,test,0,0.4779634177684784,HOLD
2002,2026-03-12,2026-03-12T13:30:00+08:00,2026-03-13,19.3,2026-03-17,19.25,-0.002590673575129543,-0.00841721531273909,gru,test,0,0.4533281624317169,HOLD
2002,2026-03-13,2026-03-13T13:30:00+08:00,2026-03-16,19.2,2026-03-18,19.3,0.005208333333333481,-0.0006637676727330177,gru,test,0,0.5038227438926697,HOLD
2002,2026-03-16,2026-03-16T13:30:00+08:00,2026-03-17,19.25,2026-03-19,18.8,-0.023376623376623384,-0.02908174033819988,gru,test,0,0.4631388485431671,HOLD
2002,2026-03-17,2026-03-17T13:30:00+08:00,2026-03-18,19.4,2026-03-20,19.45,0.002577319587628857,-0.0032794118896037894,gru,test,0,0.48209959268569946,HOLD
2002,2026-03-18,2026-03-18T13:30:00+08:00,2026-03-19,19.0,2026-03-23,19.05,0.0026315789473685403,-0.0032254694954426677,gru,test,0,0.4863576292991638,HOLD
2002,2026-03-19,2026-03-19T13:30:00+08:00,2026-03-20,19.1,2026-03-24,19.2,0.005235602094240788,-0.0006366582070810312,gru,test,0,0.4902983009815216,HOLD
2002,2026-03-20,2026-03-20T13:30:00+08:00,2026-03-23,19.8,2026-03-25,19.3,-0.025252525252525304,-0.03094668380386234,gru,test,0,0.527915358543396,HOLD
2002,2026-03-23,2026-03-23T13:30:00+08:00,2026-03-24,19.35,2026-03-26,19.75,0.02067183462532296,0.014709400860879018,gru,test,1,0.5258502960205078,HOLD
2002,2026-03-24,2026-03-24T13:30:00+08:00,2026-03-25,19.5,2026-03-27,19.6,0.00512820512820511,-0.0007434277948793477,gru,test,0,0.5365651249885559,HOLD
2002,2026-03-25,2026-03-25T13:30:00+08:00,2026-03-26,19.45,2026-03-30,19.15,-0.015424164524421635,-0.021175737170932574,gru,test,0,0.4684085547924042,HOLD
2002,2026-03-26,2026-03-26T13:30:00+08:00,2026-03-27,19.75,2026-03-31,18.9,-0.04303797468354442,-0.04862823640868741,gru,test,0,0.5360604524612427,HOLD
2002,2026-03-27,2026-03-27T13:30:00+08:00,2026-03-30,19.25,2026-04-01,19.5,0.01298701298701288,0.0070694714577181905,gru,test,1,0.44766858220100403,SELL
2002,2026-03-30,2026-03-30T13:30:00+08:00,2026-03-31,19.0,2026-04-02,19.5,0.026315789473684292,0.020320385555846032,gru,test,1,0.47948044538497925,HOLD
2002,2026-03-31,2026-03-31T13:30:00+08:00,2026-04-01,19.25,2026-04-07,19.5,0.01298701298701288,0.0070694714577181905,gru,test,1,0.4999995231628418,HOLD
2002,2026-04-01,2026-04-01T13:30:00+08:00,2026-04-02,19.6,2026-04-08,19.95,0.017857142857142794,0.01191115160895695,gru,test,1,0.5071094632148743,HOLD
2002,2026-04-02,2026-04-02T13:30:00+08:00,2026-04-07,19.5,2026-04-09,20.2,0.03589743589743577,0.029846059109359002,gru,test,1,0.47908294200897217,HOLD
2002,2026-04-07,2026-04-07T13:30:00+08:00,2026-04-08,19.8,2026-04-10,20.05,0.012626262626262541,0.006710828483552422,gru,test,1,0.507431149482727,HOLD
2002,2026-04-08,2026-04-08T13:30:00+08:00,2026-04-09,20.0,2026-04-13,20.2,0.010000000000000009,0.004099907631624822,gru,test,1,0.5182614326477051,HOLD
2002,2026-04-09,2026-04-09T13:30:00+08:00,2026-04-10,20.3,2026-04-14,20.5,0.009852216748768461,0.003952987682207976,gru,test,0,0.46542829275131226,HOLD
2002,2026-04-10,2026-04-10T13:30:00+08:00,2026-04-13,20.05,2026-04-15,20.1,0.0024937655860348684,-0.0033624777958242147,gru,test,0,0.46691635251045227,HOLD
2002,2026-04-13,2026-04-13T13:30:00+08:00,2026-04-14,20.2,2026-04-16,19.95,-0.012376237623762387,-0.018145615270516724,gru,test,0,0.5312232971191406,HOLD
2002,2026-04-14,2026-04-14T13:30:00+08:00,2026-04-15,20.5,2026-04-17,20.1,-0.019512195121951126,-0.02523988681981837,gru,test,0,0.4913867115974426,HOLD
2002,2026-04-15,2026-04-15T13:30:00+08:00,2026-04-16,20.25,2026-04-20,19.85,-0.01975308641975304,-0.02547937090880048,gru,test,0,0.47236791253089905,HOLD
2002,2026-04-16,2026-04-16T13:30:00+08:00,2026-04-17,20.05,2026-04-21,19.75,-0.014962593516209544,-0.020716862510822276,gru,test,0,0.5060142874717712,HOLD
2002,2026-04-17,2026-04-17T13:30:00+08:00,2026-04-20,20.15,2026-04-22,19.55,-0.02977667493796521,-0.03544440487441869,gru,test,0,0.5031615495681763,HOLD
2002,2026-04-20,2026-04-20T13:30:00+08:00,2026-04-21,19.9,2026-04-23,19.15,-0.03768844221105527,-0.04330995416957961,gru,test,0,0.47903066873550415,HOLD
2002,2026-04-21,2026-04-21T13:30:00+08:00,2026-04-22,19.75,2026-04-24,19.0,-0.03797468354430378,-0.04359452337381253,gru,test,0,0.4857937693595886,HOLD
2002,2026-04-22,2026-04-22T13:30:00+08:00,2026-04-23,19.4,2026-04-27,18.75,-0.03350515463917514,-0.0391511040066872,gru,test,0,0.49016469717025757,HOLD
2002,2026-04-23,2026-04-23T13:30:00+08:00,2026-04-24,19.15,2026-04-28,18.75,-0.02088772845952991,-0.026607384737845075,gru,test,0,0.4625229239463806,HOLD
2002,2026-04-24,2026-04-24T13:30:00+08:00,2026-04-27,18.8,2026-04-29,19.0,0.010638297872340496,0.004734476774851171,gru,test,1,0.47663822770118713,HOLD
2002,2026-04-27,2026-04-27T13:30:00+08:00,2026-04-28,18.75,2026-04-30,18.75,0.0,-0.005841675612252573,gru,test,0,0.5285186171531677,HOLD
2002,2026-04-28,2026-04-28T13:30:00+08:00,2026-04-29,18.75,2026-05-04,18.6,-0.007999999999999896,-0.013794942207354555,gru,test,0,0.5054007768630981,HOLD
2002,2026-04-29,2026-04-29T13:30:00+08:00,2026-04-30,18.9,2026-05-05,18.6,-0.015873015873015706,-0.021621966475550147,gru,test,0,0.48660990595817566,HOLD
2002,2026-04-30,2026-04-30T13:30:00+08:00,2026-05-04,18.8,2026-05-06,18.8,0.0,-0.005841675612252684,gru,test,0,0.5149873495101929,HOLD
2002,2026-05-04,2026-05-04T13:30:00+08:00,2026-05-05,18.6,2026-05-07,18.85,0.013440860215053752,0.007520667457475261,gru,test,1,0.4672604501247406,HOLD
2002,2026-05-05,2026-05-05T13:30:00+08:00,2026-05-06,18.6,2026-05-08,18.75,0.008064516129032251,0.002175730229584172,gru,test,0,0.45864060521125793,HOLD
2002,2026-05-06,2026-05-06T13:30:00+08:00,2026-05-07,18.8,2026-05-11,18.6,-0.010638297872340385,-0.016417827999356427,gru,test,0,0.5494928359985352,HOLD
2002,2026-05-07,2026-05-07T13:30:00+08:00,2026-05-08,18.85,2026-05-12,18.5,-0.018567639257294544,-0.02430084874412053,gru,test,0,0.48213261365890503,HOLD
2002,2026-05-08,2026-05-08T13:30:00+08:00,2026-05-11,18.85,2026-05-13,18.4,-0.023872679045092937,-0.02957489821036874,gru,test,0,0.49628257751464844,HOLD
2002,2026-05-11,2026-05-11T13:30:00+08:00,2026-05-12,18.8,2026-05-14,18.3,-0.02659574468085102,-0.03228205658001182,gru,test,0,0.496133416891098,HOLD
2002,2026-05-12,2026-05-12T13:30:00+08:00,2026-05-13,18.5,2026-05-15,18.15,-0.018918918918918948,-0.02465007634391292,gru,test,0,0.4946928024291992,HOLD
2002,2026-05-13,2026-05-13T13:30:00+08:00,2026-05-14,18.5,2026-05-18,18.2,-0.016216216216216273,-0.021963161953675647,gru,test,0,0.5063660144805908,HOLD
2002,2026-05-14,2026-05-14T13:30:00+08:00,2026-05-15,18.3,2026-05-19,18.2,-0.005464480874317057,-0.011274234761912472,gru,test,0,0.48269301652908325,HOLD
2002,2026-05-15,2026-05-15T13:30:00+08:00,2026-05-18,18.15,2026-05-20,18.1,-0.0027548209366389242,-0.008580403778609691,gru,test,0,0.4816776514053345,HOLD
2002,2026-05-18,2026-05-18T13:30:00+08:00,2026-05-19,18.35,2026-05-21,18.2,-0.008174386920981047,-0.013968310416512253,gru,test,0,0.48457276821136475,HOLD
2002,2026-05-19,2026-05-19T13:30:00+08:00,2026-05-20,18.25,2026-05-22,18.15,-0.005479452054794609,-0.011289118485610317,gru,test,0,0.47885867953300476,HOLD
2002,2026-05-20,2026-05-20T13:30:00+08:00,2026-05-21,18.3,2026-05-25,19.95,0.0901639344262295,0.08379555035713437,gru,test,1,0.47001734375953674,HOLD
2002,2026-05-21,2026-05-21T13:30:00+08:00,2026-05-22,18.25,2026-05-26,19.5,0.06849315068493156,0.06225136030471634,gru,test,1,0.5079302787780762,HOLD
2002,2026-05-22,2026-05-22T13:30:00+08:00,2026-05-25,18.5,2026-05-27,19.1,0.032432432432432545,0.026401297070593355,gru,test,1,0.4942595064640045,HOLD
2002,2026-05-25,2026-05-25T13:30:00+08:00,2026-05-26,21.0,2026-05-28,18.85,-0.10238095238095235,-0.10762455168052187,gru,test,0,0.5620802640914917,HOLD
2002,2026-05-26,2026-05-26T13:30:00+08:00,2026-05-27,19.65,2026-05-29,19.1,-0.027989821882951516,-0.03366799003531906,gru,test,0,0.5508286356925964,HOLD
2002,2026-05-27,2026-05-27T13:30:00+08:00,2026-05-28,19.1,2026-06-01,19.1,0.0,-0.005841675612252462,gru,test,0,0.4544298052787781,HOLD
2002,2026-05-28,2026-05-28T13:30:00+08:00,2026-05-29,19.05,2026-06-02,18.95,-0.005249343832021025,-0.011060354480429746,gru,test,0,0.49366578459739685,HOLD
2002,2026-05-29,2026-05-29T13:30:00+08:00,2026-06-01,19.2,2026-06-03,19.4,0.01041666666666674,0.004514140266786315,gru,test,1,0.5286545157432556,HOLD
2002,2026-06-01,2026-06-01T13:30:00+08:00,2026-06-02,19.1,2026-06-04,19.25,0.00785340314136107,0.001965850495504462,gru,test,0,0.5008803606033325,HOLD
2002,2026-06-02,2026-06-02T13:30:00+08:00,2026-06-03,19.1,2026-06-05,19.3,0.010471204188481575,0.004568359198090288,gru,test,1,0.4990171492099762,HOLD
2002,2026-06-03,2026-06-03T13:30:00+08:00,2026-06-04,19.45,2026-06-08,18.65,-0.04113110539845766,-0.04673250643539906,gru,test,0,0.46988674998283386,HOLD
2002,2026-06-04,2026-06-04T13:30:00+08:00,2026-06-05,19.35,2026-06-09,18.75,-0.03100775193798455,-0.03666829032195029,gru,test,0,0.47303062677383423,HOLD
2002,2026-06-05,2026-06-05T13:30:00+08:00,2026-06-08,18.6,2026-06-10,18.7,0.005376344086021501,-0.0004967383843615947,gru,test,0,0.48907235264778137,HOLD
2002,2026-06-08,2026-06-08T13:30:00+08:00,2026-06-09,18.75,2026-06-11,18.55,-0.010666666666666602,-0.0164460310723884,gru,test,0,0.5163857936859131,HOLD
2002,2026-06-09,2026-06-09T13:30:00+08:00,2026-06-10,18.75,2026-06-12,18.9,0.008000000000000007,0.0021115909828492985,gru,test,0,0.4849115014076233,HOLD
2002,2026-06-10,2026-06-10T13:30:00+08:00,2026-06-11,18.7,2026-06-15,19.0,0.016042780748663166,0.010107388415358631,gru,test,1,0.5124437212944031,HOLD
2002,2026-06-11,2026-06-11T13:30:00+08:00,2026-06-12,18.75,2026-06-16,18.65,-0.005333333333333412,-0.011143853342320709,gru,test,0,0.49984210729599,HOLD
2002,2026-06-12,2026-06-12T13:30:00+08:00,2026-06-15,19.2,2026-06-17,18.75,-0.0234375,-0.029142261340090347,gru,test,0,0.5260036587715149,HOLD
2002,2026-06-15,2026-06-15T13:30:00+08:00,2026-06-16,19.05,2026-06-18,19.1,0.002624671916010568,-0.003232336178163986,gru,test,0,0.49228087067604065,HOLD
2002,2026-06-16,2026-06-16T13:30:00+08:00,2026-06-17,18.65,2026-06-22,19.5,0.04557640750670244,0.03946848930622382,gru,test,1,0.5154696106910706,HOLD
2002,2026-06-17,2026-06-17T13:30:00+08:00,2026-06-18,18.8,2026-06-23,19.2,0.02127659574468077,0.015310629161954692,gru,test,1,0.48921266198158264,HOLD
2002,2026-06-18,2026-06-18T13:30:00+08:00,2026-06-22,19.25,2026-06-24,19.35,0.0051948051948051965,-0.0006772167842641341,gru,test,0,0.4999077022075653,HOLD
2002,2026-06-22,2026-06-22T13:30:00+08:00,2026-06-23,19.75,2026-06-25,19.05,-0.03544303797468351,-0.04107766685637537,gru,test,0,0.5312247276306152,HOLD
2002,2026-06-23,2026-06-23T13:30:00+08:00,2026-06-24,19.15,2026-06-26,19.0,-0.007832898172323688,-0.013628816534349664,gru,test,0,0.48426640033721924,HOLD
2002,2026-06-24,2026-06-24T13:30:00+08:00,2026-06-25,19.4,2026-06-29,19.05,-0.018041237113401998,-0.023777521670794277,gru,test,0,0.46454811096191406,HOLD
2002,2026-06-25,2026-06-25T13:30:00+08:00,2026-06-26,19.0,2026-06-30,18.8,-0.010526315789473606,-0.01630650007949208,gru,test,0,0.5131494402885437,HOLD
2303,2026-01-02,2026-01-02T14:30:00+08:00,2026-01-05,48.5,2026-01-07,54.1,0.11546391752577323,0.10894773916241518,gru,test,1,0.47882598638534546,HOLD
2303,2026-01-05,2026-01-05T14:30:00+08:00,2026-01-06,48.85,2026-01-08,52.8,0.08085977482088014,0.07454574263404412,gru,test,1,0.5053938627243042,HOLD
2303,2026-01-06,2026-01-06T14:30:00+08:00,2026-01-07,50.8,2026-01-09,55.1,0.08464566929133865,0.0783095211371041,gru,test,1,0.4486144781112671,SELL
2303,2026-01-07,2026-01-07T14:30:00+08:00,2026-01-08,57.0,2026-01-12,55.3,-0.029824561403508865,-0.035492011602764495,gru,test,0,0.553962767124176,HOLD
2303,2026-01-08,2026-01-08T14:30:00+08:00,2026-01-09,54.4,2026-01-13,54.9,0.009191176470588314,0.0032958089868995177,gru,test,0,0.47546154260635376,HOLD
2303,2026-01-09,2026-01-09T13:30:00+08:00,2026-01-12,57.0,2026-01-14,54.0,-0.052631578947368474,-0.05816579794844989,gru,test,0,0.5448895692825317,HOLD
2303,2026-01-12,2026-01-12T14:30:00+08:00,2026-01-13,55.5,2026-01-15,54.7,-0.014414414414414378,-0.020171885693517244,gru,test,0,0.5652492046356201,HOLD
2303,2026-01-13,2026-01-13T14:30:00+08:00,2026-01-14,55.1,2026-01-16,58.5,0.06170598911070768,0.05550384712673728,gru,test,1,0.4773411452770233,HOLD
2303,2026-01-14,2026-01-14T14:30:00+08:00,2026-01-15,54.7,2026-01-19,62.5,0.14259597806215707,0.13592130300245353,gru,test,1,0.50734943151474,HOLD
2303,2026-01-15,2026-01-15T14:30:00+08:00,2026-01-16,54.8,2026-01-20,67.8,0.23722627737226287,0.22999880280089924,gru,test,1,0.4645538032054901,HOLD
2303,2026-01-16,2026-01-16T14:30:00+08:00,2026-01-19,60.3,2026-01-21,68.4,0.1343283582089554,0.1277019799025194,gru,test,1,0.5379062294960022,HOLD
2303,2026-01-19,2026-01-19T14:30:00+08:00,2026-01-20,62.4,2026-01-22,67.6,0.08333333333333326,0.07700485142005964,gru,test,1,0.5501319766044617,HOLD
2303,2026-01-20,2026-01-20T14:30:00+08:00,2026-01-21,70.9,2026-01-23,64.8,-0.0860366713681242,-0.09137574865548614,gru,test,0,0.47262895107269287,HOLD
2303,2026-01-21,2026-01-21T14:30:00+08:00,2026-01-22,71.5,2026-01-26,69.3,-0.03076923076923077,-0.036431162516491034,gru,test,0,0.47024065256118774,HOLD
2303,2026-01-22,2026-01-22T14:30:00+08:00,2026-01-23,68.0,2026-01-27,76.2,0.12058823529411766,0.11404212232862276,gru,test,1,0.5072974562644958,HOLD
2303,2026-01-23,2026-01-23T14:30:00+08:00,2026-01-26,66.0,2026-01-28,75.9,0.15000000000000013,0.14328207304590967,gru,test,1,0.49598950147628784,HOLD
2303,2026-01-26,2026-01-26T14:30:00+08:00,2026-01-27,71.1,2026-01-29,68.4,-0.03797468354430367,-0.043594523373812644,gru,test,0,0.48771873116493225,HOLD
2303,2026-01-27,2026-01-27T14:30:00+08:00,2026-01-28,79.6,2026-01-30,62.4,-0.2160804020100502,-0.22065980600759483,gru,test,0,0.526568591594696,HOLD
2303,2026-01-28,2026-01-28T14:30:00+08:00,2026-01-29,70.3,2026-02-02,60.7,-0.13655761024182067,-0.14160156059265605,gru,test,0,0.49777525663375854,HOLD
2303,2026-01-29,2026-01-29T14:30:00+08:00,2026-01-30,65.0,2026-02-03,60.8,-0.06461538461538463,-0.07007959811115327,gru,test,0,0.41086524724960327,SELL
2303,2026-01-30,2026-01-30T14:30:00+08:00,2026-02-02,62.3,2026-02-04,61.8,-0.008025682182985605,-0.013820474363358093,gru,test,0,0.49736854434013367,HOLD
2303,2026-02-02,2026-02-02T14:30:00+08:00,2026-02-03,62.5,2026-02-05,61.5,-0.016000000000000014,-0.021748208802456426,gru,test,0,0.4499353766441345,SELL
2303,2026-02-03,2026-02-03T14:30:00+08:00,2026-02-04,60.6,2026-02-06,61.9,0.021452145214521323,0.015485153128738771,gru,test,1,0.5499443411827087,HOLD
2303,2026-02-04,2026-02-04T14:30:00+08:00,2026-02-05,61.8,2026-02-09,62.4,0.009708737864077666,0.003810346954618904,gru,test,0,0.47357627749443054,HOLD
2303,2026-02-05,2026-02-05T14:30:00+08:00,2026-02-06,61.1,2026-02-10,62.4,0.02127659574468077,0.015310629161954692,gru,test,1,0.4295775890350342,SELL
2303,2026-02-06,2026-02-06T14:30:00+08:00,2026-02-09,63.6,2026-02-11,62.8,-0.012578616352201366,-0.01834681176807329,gru,test,0,0.5122213363647461,HOLD
2303,2026-02-09,2026-02-09T14:30:00+08:00,2026-02-10,62.8,2026-02-23,63.9,0.01751592356687892,0.011571925611099765,gru,test,1,0.5076137781143188,HOLD
2303,2026-02-10,2026-02-10T14:30:00+08:00,2026-02-11,62.9,2026-02-24,67.5,0.0731319554848966,0.06686306671181175,gru,test,1,0.4482569992542267,SELL
2303,2026-02-11,2026-02-11T14:30:00+08:00,2026-02-23,65.2,2026-02-25,65.5,0.004601226993864893,-0.0012673274939041246,gru,test,0,0.5325433611869812,HOLD
2303,2026-02-23,2026-02-23T14:30:00+08:00,2026-02-24,64.3,2026-02-26,65.4,0.017107309486780853,0.011165698521908185,gru,test,1,0.47915977239608765,HOLD
2303,2026-02-24,2026-02-24T14:30:00+08:00,2026-02-25,69.3,2026-03-02,64.5,-0.06926406926406925,-0.0747011266520966,gru,test,0,0.5598503351211548,HOLD
2303,2026-02-25,2026-02-25T14:30:00+08:00,2026-02-26,66.0,2026-03-03,62.6,-0.051515151515151514,-0.05705589232313646,gru,test,0,0.484695702791214,HOLD
2303,2026-02-26,2026-02-26T14:30:00+08:00,2026-03-02,64.1,2026-03-04,60.0,-0.06396255850234,-0.06943058559649218,gru,test,0,0.5166189670562744,HOLD
2303,2026-03-02,2026-03-02T14:30:00+08:00,2026-03-03,64.5,2026-03-05,62.1,-0.037209302325581395,-0.04283361326388979,gru,test,0,0.5236281752586365,HOLD
2303,2026-03-03,2026-03-03T14:30:00+08:00,2026-03-04,61.0,2026-03-06,62.0,0.016393442622950838,0.010456001836727014,gru,test,1,0.46657177805900574,HOLD
2303,2026-03-04,2026-03-04T14:30:00+08:00,2026-03-05,62.5,2026-03-09,59.7,-0.04479999999999995,-0.05037996854482352,gru,test,0,0.5424219369888306,HOLD
2303,2026-03-05,2026-03-05T14:30:00+08:00,2026-03-06,62.1,2026-03-10,60.4,-0.027375201288244777,-0.03305695985475143,gru,test,0,0.4366009533405304,SELL
2303,2026-03-06,2026-03-06T14:30:00+08:00,2026-03-09,58.3,2026-03-11,62.2,0.0668953687821614,0.06066291212552133,gru,test,1,0.4826487898826599,HOLD
2303,2026-03-09,2026-03-09T14:30:00+08:00,2026-03-10,60.8,2026-03-12,60.6,-0.003289473684210509,-0.00911193325826487,gru,test,0,0.47775283455848694,HOLD
2303,2026-03-10,2026-03-10T14:30:00+08:00,2026-03-11,62.2,2026-03-13,59.5,-0.043408360128617374,-0.048996458182138825,gru,test,0,0.38044100999832153,SELL
2303,2026-03-11,2026-03-11T14:30:00+08:00,2026-03-12,62.2,2026-03-16,60.5,-0.027331189710610992,-0.033013205378477295,gru,test,0,0.5264356732368469,HOLD
2303,2026-03-12,2026-03-12T14:30:00+08:00,2026-03-13,59.8,2026-03-17,60.7,0.015050167224080369,0.00912057341699457,gru,test,1,0.4735082685947418,HOLD
2303,2026-03-13,2026-03-13T14:30:00+08:00,2026-03-16,60.5,2026-03-18,61.1,0.009917355371900749,0.004017745786634164,gru,test,0,0.5020079612731934,HOLD
2303,2026-03-16,2026-03-16T14:30:00+08:00,2026-03-17,60.9,2026-03-19,58.7,-0.03612479474548436,-0.04175544102527462,gru,test,0,0.49796199798583984,HOLD
2303,2026-03-17,2026-03-17T14:30:00+08:00,2026-03-18,61.3,2026-03-20,57.8,-0.057096247960848334,-0.06260438581383687,gru,test,0,0.44969263672828674,SELL
2303,2026-03-18,2026-03-18T14:30:00+08:00,2026-03-19,60.4,2026-03-23,56.7,-0.06125827814569529,-0.06674210276845549,gru,test,0,0.41546037793159485,SELL
2303,2026-03-19,2026-03-19T14:30:00+08:00,2026-03-20,58.5,2026-03-24,56.5,-0.03418803418803418,-0.039829994394739665,gru,test,0,0.5219019055366516,HOLD
2303,2026-03-20,2026-03-20T14:30:00+08:00,2026-03-23,56.0,2026-03-25,59.1,0.05535714285714288,0.04919208877349779,gru,test,1,0.4935300350189209,HOLD
2303,2026-03-23,2026-03-23T14:30:00+08:00,2026-03-24,57.5,2026-03-26,58.2,0.012173913043478368,0.00626112138029411,gru,test,1,0.5213632583618164,HOLD
2303,2026-03-24,2026-03-24T14:30:00+08:00,2026-03-25,58.0,2026-03-27,57.8,-0.0034482758620689724,-0.009269807765313831,gru,test,0,0.5903050899505615,HOLD
2303,2026-03-25,2026-03-25T14:30:00+08:00,2026-03-26,59.4,2026-03-30,57.0,-0.04040404040404033,-0.04600968871882827,gru,test,0,0.5200499296188354,HOLD
2303,2026-03-26,2026-03-26T14:30:00+08:00,2026-03-27,57.1,2026-03-31,56.5,-0.010507880910682998,-0.01628817289128326,gru,test,0,0.5314229726791382,HOLD
2303,2026-03-27,2026-03-27T14:30:00+08:00,2026-03-30,56.3,2026-04-01,57.4,0.019538188277087087,0.013582376906868587,gru,test,1,0.5304813981056213,HOLD
2303,2026-03-30,2026-03-30T14:30:00+08:00,2026-03-31,55.9,2026-04-02,53.6,-0.041144901610017826,-0.046746222053966724,gru,test,0,0.5453227758407593,HOLD
2303,2026-03-31,2026-03-31T14:30:00+08:00,2026-04-01,57.5,2026-04-07,58.3,0.013913043478260834,0.007990092379229097,gru,test,1,0.5229158401489258,HOLD
2303,2026-04-01,2026-04-01T14:30:00+08:00,2026-04-02,57.5,2026-04-08,60.3,0.04869565217391303,0.04256951235793327,gru,test,1,0.461015522480011,HOLD
2303,2026-04-02,2026-04-02T14:30:00+08:00,2026-04-07,54.7,2026-04-09,60.0,0.09689213893967086,0.09048445088235546,gru,test,1,0.4391593635082245,SELL
2303,2026-04-07,2026-04-07T14:30:00+08:00,2026-04-08,59.8,2026-04-10,62.0,0.03678929765886285,0.03073271090368479,gru,test,1,0.5152530670166016,HOLD
2303,2026-04-08,2026-04-08T14:30:00+08:00,2026-04-09,60.6,2026-04-13,60.1,-0.008250825082508295,-0.014044302051095303,gru,test,0,0.44910889863967896,SELL
2303,2026-04-09,2026-04-09T14:30:00+08:00,2026-04-10,59.7,2026-04-14,59.7,0.0,-0.005841675612252573,gru,test,0,0.49249693751335144,HOLD
2303,2026-04-10,2026-04-10T14:30:00+08:00,2026-04-13,61.5,2026-04-15,62.1,0.009756097560975618,0.003857429991530381,gru,test,0,0.5486869215965271,HOLD
2303,2026-04-13,2026-04-13T14:30:00+08:00,2026-04-14,60.1,2026-04-16,68.3,0.13643926788685512,0.12980055833083437,gru,test,1,0.5178690552711487,HOLD
2303,2026-04-14,2026-04-14T14:30:00+08:00,2026-04-15,60.1,2026-04-17,73.0,0.21464226289517474,0.20754671681040882,gru,test,1,0.49482184648513794,HOLD
2303,2026-04-15,2026-04-15T14:30:00+08:00,2026-04-16,66.5,2026-04-20,76.9,0.1563909774436092,0.14963571647244778,gru,test,1,0.5136997103691101,HOLD
2303,2026-04-16,2026-04-16T14:30:00+08:00,2026-04-17,68.3,2026-04-21,76.2,0.11566617862371897,0.10914881871663762,gru,test,1,0.48615318536758423,HOLD
2303,2026-04-17,2026-04-17T14:30:00+08:00,2026-04-20,78.0,2026-04-22,78.6,0.007692307692307665,0.0018056961138070982,gru,test,0,0.5693156123161316,HOLD
2303,2026-04-20,2026-04-20T14:30:00+08:00,2026-04-21,78.0,2026-04-23,73.6,-0.05641025641025643,-0.06192240160335638,gru,test,0,0.4632323980331421,HOLD
2303,2026-04-21,2026-04-21T14:30:00+08:00,2026-04-22,76.5,2026-04-24,74.5,-0.02614379084967322,-0.031832742916507395,gru,test,0,0.36588308215141296,SELL
2303,2026-04-22,2026-04-22T14:30:00+08:00,2026-04-23,79.5,2026-04-27,72.7,-0.08553459119496853,-0.09087660147183341,gru,test,0,0.4171656370162964,SELL
2303,2026-04-23,2026-04-23T14:30:00+08:00,2026-04-24,77.0,2026-04-28,75.1,-0.02467532467532474,-0.030372855045197045,gru,test,0,0.5259352326393127,HOLD
2303,2026-04-24,2026-04-24T14:30:00+08:00,2026-04-27,76.0,2026-04-29,74.5,-0.019736842105263164,-0.02546322148832647,gru,test,0,0.4366439878940582,SELL
2303,2026-04-27,2026-04-27T14:30:00+08:00,2026-04-28,72.3,2026-04-30,77.3,0.06915629322268324,0.06291062897887811,gru,test,1,0.35531100630760193,SELL
2303,2026-04-28,2026-04-28T14:30:00+08:00,2026-04-29,75.3,2026-05-04,81.2,0.07835325365205859,0.07205386374880596,gru,test,1,0.5574326515197754,HOLD
2303,2026-04-29,2026-04-29T14:30:00+08:00,2026-04-30,80.5,2026-05-05,83.1,0.032298136645962705,0.02626778579654432,gru,test,1,0.47311919927597046,HOLD
2303,2026-04-30,2026-04-30T14:30:00+08:00,2026-05-04,80.0,2026-05-06,91.4,0.14250000000000007,0.13582588561300146,gru,test,1,0.48738810420036316,HOLD
2303,2026-05-04,2026-05-04T14:30:00+08:00,2026-05-05,80.8,2026-05-07,96.5,0.19430693069306937,0.18733017702249555,gru,test,1,0.4977138042449951,HOLD
2303,2026-05-05,2026-05-05T14:30:00+08:00,2026-05-06,88.5,2026-05-08,91.3,0.031638418079096065,0.025611921091540424,gru,test,1,0.5185701847076416,HOLD
2303,2026-05-06,2026-05-06T14:30:00+08:00,2026-05-07,97.4,2026-05-11,95.0,-0.024640657084188944,-0.030338389970883006,gru,test,0,0.5297847390174866,HOLD
2303,2026-05-07,2026-05-07T14:30:00+08:00,2026-05-08,96.5,2026-05-12,104.5,0.08290155440414515,0.076575594803312,gru,test,1,0.5181806683540344,HOLD
2303,2026-05-08,2026-05-08T14:30:00+08:00,2026-05-11,94.7,2026-05-13,98.4,0.03907074973600855,0.03300083547787058,gru,test,1,0.4999927878379822,HOLD
2303,2026-05-11,2026-05-11T14:30:00+08:00,2026-05-12,96.7,2026-05-14,108.0,0.11685625646328845,0.11033194450751505,gru,test,1,0.4436122477054596,SELL
2303,2026-05-12,2026-05-12T14:30:00+08:00,2026-05-13,102.0,2026-05-15,110.0,0.07843137254901955,0.07213152630051178,gru,test,1,0.5292580127716064,HOLD
2303,2026-05-13,2026-05-13T14:30:00+08:00,2026-05-14,102.0,2026-05-18,111.0,0.08823529411764697,0.0818781765396075,gru,test,1,0.5630813241004944,HOLD
2303,2026-05-14,2026-05-14T14:30:00+08:00,2026-05-15,112.0,2026-05-19,113.0,0.008928571428571397,0.0030347379983524103,gru,test,0,0.5128433704376221,HOLD
2303,2026-05-15,2026-05-15T14:30:00+08:00,2026-05-18,108.5,2026-05-20,108.0,-0.004608294930875556,-0.010423050379016363,gru,test,0,0.4798513650894165,HOLD
2303,2026-05-18,2026-05-18T14:30:00+08:00,2026-05-19,112.5,2026-05-21,116.0,0.03111111111111109,0.02508769447981063,gru,test,1,0.49939289689064026,HOLD
2303,2026-05-19,2026-05-19T14:30:00+08:00,2026-05-20,114.0,2026-05-22,114.0,0.0,-0.005841675612252684,gru,test,0,0.45275381207466125,HOLD
2303,2026-05-20,2026-05-20T14:30:00+08:00,2026-05-21,112.5,2026-05-25,125.0,0.11111111111111116,0.10462036043083045,gru,test,1,0.4964011609554291,HOLD
2303,2026-05-21,2026-05-21T14:30:00+08:00,2026-05-22,119.5,2026-05-26,130.5,0.09205020920502083,0.08567080613055267,gru,test,1,0.5105888843536377,HOLD
2303,2026-05-22,2026-05-22T14:30:00+08:00,2026-05-25,115.0,2026-05-27,143.5,0.24782608695652164,0.24053669173601522,gru,test,1,0.5510352253913879,HOLD
2303,2026-05-25,2026-05-25T14:30:00+08:00,2026-05-26,129.0,2026-05-28,142.0,0.10077519379844957,0.09434482219426443,gru,test,1,0.5405682921409607,HOLD
2303,2026-05-26,2026-05-26T14:30:00+08:00,2026-05-27,139.5,2026-05-29,144.5,0.03584229390680993,0.029791239240354983,gru,test,1,0.4123784899711609,SELL
2303,2026-05-27,2026-05-27T14:30:00+08:00,2026-05-28,145.0,2026-06-01,146.0,0.006896551724137945,0.0010145886938697224,gru,test,0,0.5036804676055908,HOLD
2303,2026-05-28,2026-05-28T14:30:00+08:00,2026-05-29,149.0,2026-06-02,141.5,-0.05033557046979864,-0.05588320200760888,gru,test,0,0.43371355533599854,SELL
2303,2026-05-29,2026-05-29T14:30:00+08:00,2026-06-01,143.0,2026-06-03,130.5,-0.0874125874125874,-0.09274362704474792,gru,test,0,0.44469738006591797,SELL
2303,2026-06-01,2026-06-01T14:30:00+08:00,2026-06-02,147.0,2026-06-04,125.0,-0.1496598639455783,-0.1546272751804869,gru,test,0,0.4974648356437683,HOLD
2303,2026-06-02,2026-06-02T14:30:00+08:00,2026-06-03,141.5,2026-06-05,131.5,-0.07067137809187274,-0.07610021443824178,gru,test,0,0.38961634039878845,SELL
2303,2026-06-03,2026-06-03T14:30:00+08:00,2026-06-04,126.5,2026-06-08,121.0,-0.04347826086956519,-0.0490659505856329,gru,test,0,0.5233965516090393,HOLD
2303,2026-06-04,2026-06-04T14:30:00+08:00,2026-06-05,127.0,2026-06-09,127.5,0.003937007874015741,-0.001927666461119748,gru,test,0,0.5048972964286804,HOLD
2303,2026-06-05,2026-06-05T14:30:00+08:00,2026-06-08,121.0,2026-06-10,118.5,-0.02066115702479343,-0.02638213685993329,gru,test,0,0.33130592107772827,SELL
2303,2026-06-08,2026-06-08T14:30:00+08:00,2026-06-09,124.5,2026-06-11,125.0,0.004016064257028162,-0.0018490718998520617,gru,test,0,0.4172651171684265,SELL
2303,2026-06-09,2026-06-09T14:30:00+08:00,2026-06-10,126.5,2026-06-12,133.5,0.05533596837944654,0.0491710379902317,gru,test,1,0.5818186402320862,HOLD
2303,2026-06-10,2026-06-10T14:30:00+08:00,2026-06-11,119.0,2026-06-15,141.5,0.18907563025210083,0.18212943614173338,gru,test,1,0.4903982877731323,HOLD
2303,2026-06-11,2026-06-11T14:30:00+08:00,2026-06-12,134.0,2026-06-16,141.0,0.052238805970149294,0.046091968199047484,gru,test,1,0.5142736434936523,HOLD
2303,2026-06-12,2026-06-12T14:30:00+08:00,2026-06-15,139.5,2026-06-17,140.0,0.0035842293906809264,-0.0022783841269917726,gru,test,0,0.6038244962692261,BUY
2303,2026-06-15,2026-06-15T14:30:00+08:00,2026-06-16,144.0,2026-06-18,145.5,0.01041666666666674,0.004514140266786537,gru,test,1,0.5476991534233093,HOLD
2303,2026-06-16,2026-06-16T14:30:00+08:00,2026-06-17,138.5,2026-06-22,160.0,0.15523465703971118,0.14848615091725348,gru,test,1,0.4383178651332855,SELL
2303,2026-06-17,2026-06-17T14:30:00+08:00,2026-06-18,141.0,2026-06-23,170.0,0.2056737588652482,0.19863060387175202,gru,test,1,0.46542638540267944,HOLD
2303,2026-06-18,2026-06-18T14:30:00+08:00,2026-06-22,160.0,2026-06-24,178.0,0.11250000000000004,0.10600113588136884,gru,test,1,0.46442779898643494,HOLD
2303,2026-06-23,2026-06-23T14:30:00+08:00,2026-06-24,172.0,2026-06-26,164.0,-0.046511627906976716,-0.052081597676798874,gru,test,0,0.5466694831848145,HOLD
2303,2026-06-24,2026-06-24T14:30:00+08:00,2026-06-25,183.5,2026-06-29,164.0,-0.10626702997275206,-0.11148792806762631,gru,test,0,0.41051092743873596,SELL
2303,2026-06-25,2026-06-25T14:30:00+08:00,2026-06-26,175.0,2026-06-30,164.5,-0.06000000000000005,-0.0654911750755175,gru,test,0,0.5255345106124878,HOLD
2330,2026-01-02,2026-01-02T14:30:00+08:00,2026-01-05,1630.0,2026-01-07,1675.0,0.027607361963190247,0.02160441309783856,gru,test,1,0.5088262557983398,HOLD
2330,2026-01-05,2026-01-05T14:30:00+08:00,2026-01-06,1645.0,2026-01-08,1685.0,0.024316109422492405,0.018332386986841698,gru,test,1,0.5676097273826599,HOLD
2330,2026-01-06,2026-01-06T14:30:00+08:00,2026-01-07,1665.0,2026-01-09,1680.0,0.009009009009008917,0.003114705688538111,gru,test,0,0.47964584827423096,HOLD
2330,2026-01-07,2026-01-07T14:30:00+08:00,2026-01-08,1660.0,2026-01-12,1690.0,0.01807228915662651,0.01212504109355006,gru,test,1,0.47581493854522705,HOLD
2330,2026-01-08,2026-01-08T14:30:00+08:00,2026-01-09,1665.0,2026-01-13,1710.0,0.027027027027026973,0.021027468290119034,gru,test,1,0.5423032641410828,HOLD
2330,2026-01-09,2026-01-09T13:30:00+08:00,2026-01-12,1700.0,2026-01-14,1710.0,0.00588235294117645,6.314531204809626e-06,gru,test,0,0.545648992061615,HOLD
2330,2026-01-12,2026-01-12T14:30:00+08:00,2026-01-13,1720.0,2026-01-15,1690.0,-0.01744186046511631,-0.023181646386457477,gru,test,0,0.5370557308197021,HOLD
2330,2026-01-13,2026-01-13T14:30:00+08:00,2026-01-14,1705.0,2026-01-16,1740.0,0.02052785923753664,0.014566266530604555,gru,test,1,0.4954458177089691,HOLD
2330,2026-01-14,2026-01-14T14:30:00+08:00,2026-01-15,1685.0,2026-01-19,1760.0,0.04451038575667665,0.03840869490945731,gru,test,1,0.4674961566925049,HOLD
2330,2026-01-15,2026-01-15T14:30:00+08:00,2026-01-16,1735.0,2026-01-20,1775.0,0.023054755043227626,0.01707840103069258,gru,test,1,0.5001522302627563,HOLD
2330,2026-01-16,2026-01-16T14:30:00+08:00,2026-01-19,1725.0,2026-01-21,1740.0,0.008695652173912993,0.0028031793824234708,gru,test,0,0.5433983206748962,HOLD
2330,2026-01-19,2026-01-19T14:30:00+08:00,2026-01-20,1740.0,2026-01-22,1760.0,0.011494252873563315,0.005585431564618215,gru,test,1,0.5593495965003967,HOLD
2330,2026-01-20,2026-01-20T14:30:00+08:00,2026-01-21,1745.0,2026-01-23,1770.0,0.014326647564469885,0.008401280324534799,gru,test,1,0.4871721863746643,HOLD
2330,2026-01-21,2026-01-21T14:30:00+08:00,2026-01-22,1765.0,2026-01-26,1755.0,-0.005665722379603388,-0.01147430067960531,gru,test,0,0.48666462302207947,HOLD
2330,2026-01-22,2026-01-22T14:30:00+08:00,2026-01-23,1770.0,2026-01-27,1780.0,0.005649717514124353,-0.00022496191514664865,gru,test,0,0.48776352405548096,HOLD
2330,2026-01-23,2026-01-23T14:30:00+08:00,2026-01-26,1765.0,2026-01-28,1820.0,0.031161473087818692,0.025137762258187202,gru,test,1,0.5376073122024536,HOLD
2330,2026-01-26,2026-01-26T14:30:00+08:00,2026-01-27,1760.0,2026-01-29,1805.0,0.02556818181818188,0.019577145181752353,gru,test,1,0.5172881484031677,HOLD
2330,2026-01-27,2026-01-27T14:30:00+08:00,2026-01-28,1790.0,2026-01-30,1775.0,-0.008379888268156388,-0.01417261129147962,gru,test,0,0.49939876794815063,HOLD
2330,2026-01-28,2026-01-28T14:30:00+08:00,2026-01-29,1830.0,2026-02-02,1765.0,-0.03551912568306015,-0.04115331008504142,gru,test,0,0.4660980999469757,HOLD
2330,2026-01-29,2026-01-29T14:30:00+08:00,2026-01-30,1790.0,2026-02-03,1800.0,0.005586592178770999,-0.00028771849276798545,gru,test,0,0.5417768359184265,HOLD
2330,2026-01-30,2026-01-30T14:30:00+08:00,2026-02-02,1750.0,2026-02-04,1785.0,0.020000000000000018,0.014041490875502438,gru,test,1,0.5481329560279846,HOLD
2330,2026-02-02,2026-02-02T14:30:00+08:00,2026-02-03,1810.0,2026-02-05,1765.0,-0.024861878453038666,-0.030558319036257275,gru,test,0,0.4537281095981598,HOLD
2330,2026-02-03,2026-02-03T14:30:00+08:00,2026-02-04,1785.0,2026-02-06,1780.0,-0.0028011204481792618,-0.008626432823422792,gru,test,0,0.4359767735004425,SELL
2330,2026-02-04,2026-02-04T14:30:00+08:00,2026-02-05,1765.0,2026-02-09,1815.0,0.028328611898017053,0.022321449724510778,gru,test,1,0.5184140205383301,HOLD
2330,2026-02-05,2026-02-05T14:30:00+08:00,2026-02-06,1745.0,2026-02-10,1880.0,0.0773638968481376,0.07107028644639835,gru,test,1,0.5281505584716797,HOLD
2330,2026-02-06,2026-02-06T14:30:00+08:00,2026-02-09,1830.0,2026-02-11,1915.0,0.04644808743169393,0.04033507715985585,gru,test,1,0.4753115475177765,HOLD
2330,2026-02-09,2026-02-09T14:30:00+08:00,2026-02-10,1845.0,2026-02-23,1900.0,0.02981029810298108,0.023794480399306428,gru,test,1,0.5327553153038025,HOLD
2330,2026-02-10,2026-02-10T14:30:00+08:00,2026-02-11,1880.0,2026-02-24,1965.0,0.04521276595744683,0.039106972032938225,gru,test,1,0.46146708726882935,HOLD
2330,2026-02-11,2026-02-11T14:30:00+08:00,2026-02-23,1900.0,2026-02-25,2015.0,0.06052631578947376,0.05433106507437424,gru,test,1,0.5478691458702087,HOLD
2330,2026-02-23,2026-02-23T14:30:00+08:00,2026-02-24,1915.0,2026-02-26,1995.0,0.04177545691906004,0.03568974263893265,gru,test,1,0.5196666717529297,HOLD
2330,2026-02-24,2026-02-24T14:30:00+08:00,2026-02-25,1995.0,2026-03-02,1975.0,-0.010025062656641603,-0.015808175104861655,gru,test,0,0.5473966002464294,HOLD
2330,2026-02-25,2026-02-25T14:30:00+08:00,2026-02-26,2000.0,2026-03-03,1935.0,-0.03249999999999997,-0.03815182115485427,gru,test,0,0.45469099283218384,HOLD
2330,2026-02-26,2026-02-26T14:30:00+08:00,2026-03-02,1940.0,2026-03-04,1865.0,-0.03865979381443296,-0.0442756314519851,gru,test,0,0.5393794775009155,HOLD
2330,2026-03-02,2026-03-02T14:30:00+08:00,2026-03-03,1970.0,2026-03-05,1900.0,-0.035532994923857864,-0.04116709830623344,gru,test,0,0.5480517745018005,HOLD
2330,2026-03-03,2026-03-03T14:30:00+08:00,2026-03-04,1895.0,2026-03-06,1890.0,-0.0026385224274406704,-0.008464784647576495,gru,test,0,0.5012500286102295,HOLD
2330,2026-03-04,2026-03-04T14:30:00+08:00,2026-03-05,1940.0,2026-03-09,1810.0,-0.0670103092783505,-0.07246053240112227,gru,test,0,0.5363593697547913,HOLD
2330,2026-03-05,2026-03-05T14:30:00+08:00,2026-03-06,1880.0,2026-03-10,1850.0,-0.015957446808510634,-0.021705904192908076,gru,test,0,0.47076305747032166,HOLD
2330,2026-03-06,2026-03-06T14:30:00+08:00,2026-03-09,1775.0,2026-03-11,1940.0,0.09295774647887334,0.08657304186604509,gru,test,1,0.49545055627822876,HOLD
2330,2026-03-09,2026-03-09T14:30:00+08:00,2026-03-10,1870.0,2026-03-12,1885.0,0.008021390374331583,0.0021328564015530294,gru,test,0,0.49399998784065247,HOLD
2330,2026-03-10,2026-03-10T14:30:00+08:00,2026-03-11,1885.0,2026-03-13,1865.0,-0.010610079575596787,-0.016389774544748548,gru,test,0,0.4593558609485626,HOLD
2330,2026-03-11,2026-03-11T14:30:00+08:00,2026-03-12,1900.0,2026-03-16,1845.0,-0.02894736842105261,-0.03461994289716097,gru,test,0,0.5596252083778381,HOLD
2330,2026-03-12,2026-03-12T14:30:00+08:00,2026-03-13,1840.0,2026-03-17,1870.0,0.016304347826086918,0.010367427502764981,gru,test,1,0.5129292607307434,HOLD
2330,2026-03-13,2026-03-13T14:30:00+08:00,2026-03-16,1875.0,2026-03-18,1905.0,0.016000000000000014,0.010064857577951392,gru,test,1,0.5052207708358765,HOLD
2330,2026-03-16,2026-03-16T14:30:00+08:00,2026-03-17,1875.0,2026-03-19,1850.0,-0.013333333333333308,-0.01909711993742247,gru,test,0,0.5158471465110779,HOLD
2330,2026-03-17,2026-03-17T14:30:00+08:00,2026-03-18,1900.0,2026-03-20,1840.0,-0.03157894736842104,-0.037236149013970876,gru,test,0,0.5022752285003662,HOLD
2330,2026-03-18,2026-03-18T14:30:00+08:00,2026-03-19,1875.0,2026-03-23,1810.0,-0.03466666666666662,-0.04030583085769446,gru,test,0,0.5168746709823608,HOLD
2330,2026-03-19,2026-03-19T14:30:00+08:00,2026-03-20,1860.0,2026-03-24,1810.0,-0.026881720430107503,-0.03256636175170813,gru,test,0,0.4881330728530884,HOLD
2330,2026-03-20,2026-03-20T14:30:00+08:00,2026-03-23,1790.0,2026-03-25,1845.0,0.030726256983240274,0.024705088544912712,gru,test,1,0.5110686421394348,HOLD
2330,2026-03-23,2026-03-23T14:30:00+08:00,2026-03-24,1850.0,2026-03-26,1840.0,-0.00540540540540535,-0.011215504392726894,gru,test,0,0.4698590040206909,HOLD
2330,2026-03-24,2026-03-24T14:30:00+08:00,2026-03-25,1865.0,2026-03-27,1820.0,-0.024128686327077764,-0.029829409980857702,gru,test,0,0.5819767117500305,HOLD
2330,2026-03-25,2026-03-25T14:30:00+08:00,2026-03-26,1850.0,2026-03-30,1780.0,-0.037837837837837784,-0.04345847707557282,gru,test,0,0.5569329261779785,HOLD
2330,2026-03-26,2026-03-26T14:30:00+08:00,2026-03-27,1805.0,2026-03-31,1760.0,-0.024930747922437657,-0.030626786192556432,gru,test,0,0.5252833366394043,HOLD
2330,2026-03-27,2026-03-27T14:30:00+08:00,2026-03-30,1780.0,2026-04-01,1855.0,0.042134831460674205,0.036047017831051464,gru,test,1,0.4866524934768677,HOLD
2330,2026-03-30,2026-03-30T14:30:00+08:00,2026-03-31,1775.0,2026-04-02,1810.0,0.019718309859154903,0.0137614462770832,gru,test,1,0.5707184076309204,HOLD
2330,2026-03-31,2026-03-31T14:30:00+08:00,2026-04-01,1840.0,2026-04-07,1860.0,0.010869565217391353,0.004964393131092537,gru,test,1,0.47838759422302246,HOLD
2330,2026-04-01,2026-04-01T14:30:00+08:00,2026-04-02,1865.0,2026-04-08,1950.0,0.04557640750670244,0.03946848930622382,gru,test,1,0.4528046250343323,HOLD
2330,2026-04-02,2026-04-02T14:30:00+08:00,2026-04-07,1850.0,2026-04-09,1955.0,0.05675675675675684,0.05058352658272769,gru,test,1,0.5094569325447083,HOLD
2330,2026-04-07,2026-04-07T14:30:00+08:00,2026-04-08,1935.0,2026-04-10,2000.0,0.03359173126614978,0.02755382365658643,gru,test,1,0.4517103433609009,HOLD
2330,2026-04-08,2026-04-08T14:30:00+08:00,2026-04-09,1945.0,2026-04-13,1990.0,0.023136246786632286,0.017159416725767374,gru,test,1,0.4893549084663391,HOLD
2330,2026-04-09,2026-04-09T14:30:00+08:00,2026-04-10,1975.0,2026-04-14,2055.0,0.040506329113924044,0.03442802866674488,gru,test,1,0.455877423286438,HOLD
2330,2026-04-10,2026-04-10T14:30:00+08:00,2026-04-13,1985.0,2026-04-15,2080.0,0.04785894206549113,0.041737690038546216,gru,test,1,0.4736436605453491,HOLD
2330,2026-04-13,2026-04-13T14:30:00+08:00,2026-04-14,2015.0,2026-04-16,2085.0,0.03473945409429291,0.0286948418602746,gru,test,1,0.45161184668540955,HOLD
2330,2026-04-14,2026-04-14T14:30:00+08:00,2026-04-15,2065.0,2026-04-17,2030.0,-0.016949152542372836,-0.022691816703570455,gru,test,0,0.48814818263053894,HOLD
2330,2026-04-15,2026-04-15T14:30:00+08:00,2026-04-16,2080.0,2026-04-20,2025.0,-0.02644230769230771,-0.03212951592058233,gru,test,0,0.5132054090499878,HOLD
2330,2026-04-16,2026-04-16T14:30:00+08:00,2026-04-17,2055.0,2026-04-21,2050.0,-0.0024330900243308973,-0.008260552313925862,gru,test,0,0.5204938054084778,HOLD
2330,2026-04-17,2026-04-17T14:30:00+08:00,2026-04-20,2030.0,2026-04-22,2050.0,0.009852216748768461,0.003952987682207976,gru,test,0,0.529329240322113,HOLD
2330,2026-04-20,2026-04-20T14:30:00+08:00,2026-04-21,2050.0,2026-04-23,2080.0,0.014634146341463428,0.008706982793421858,gru,test,1,0.548925518989563,HOLD
2330,2026-04-21,2026-04-21T14:30:00+08:00,2026-04-22,2045.0,2026-04-24,2185.0,0.06845965770171158,0.062218062976639565,gru,test,1,0.5434220433235168,HOLD
2330,2026-04-22,2026-04-22T14:30:00+08:00,2026-04-23,2090.0,2026-04-27,2265.0,0.08373205741626788,0.07740124628624301,gru,test,1,0.5037782788276672,HOLD
2330,2026-04-23,2026-04-23T14:30:00+08:00,2026-04-24,2110.0,2026-04-28,2215.0,0.04976303317535535,0.04363065806581079,gru,test,1,0.500339925289154,HOLD
2330,2026-04-24,2026-04-24T14:30:00+08:00,2026-04-27,2280.0,2026-04-29,2180.0,-0.04385964912280704,-0.049445110892416766,gru,test,0,0.4920654594898224,HOLD
2330,2026-04-27,2026-04-27T14:30:00+08:00,2026-04-28,2245.0,2026-04-30,2135.0,-0.04899777282850781,-0.05455321934617352,gru,test,0,0.5680696368217468,HOLD
2330,2026-04-28,2026-04-28T14:30:00+08:00,2026-04-29,2175.0,2026-05-04,2275.0,0.04597701149425282,0.03986675309522991,gru,test,1,0.5399667620658875,HOLD
2330,2026-04-29,2026-04-29T14:30:00+08:00,2026-04-30,2205.0,2026-05-05,2250.0,0.020408163265306145,0.014447269783415706,gru,test,1,0.5720879435539246,HOLD
2330,2026-04-30,2026-04-30T14:30:00+08:00,2026-05-04,2200.0,2026-05-06,2250.0,0.022727272727272707,0.016752831760196152,gru,test,1,0.5683403611183167,HOLD
2330,2026-05-04,2026-05-04T14:30:00+08:00,2026-05-05,2250.0,2026-05-07,2310.0,0.026666666666666616,0.02066921303808722,gru,test,1,0.5060575008392334,HOLD
2330,2026-05-05,2026-05-05T14:30:00+08:00,2026-05-06,2250.0,2026-05-08,2290.0,0.01777777777777767,0.011832250154640622,gru,test,1,0.5237002372741699,HOLD
2330,2026-05-06,2026-05-06T14:30:00+08:00,2026-05-07,2335.0,2026-05-11,2235.0,-0.04282655246252676,-0.04841804924770199,gru,test,0,0.5256762504577637,HOLD
2330,2026-05-07,2026-05-07T14:30:00+08:00,2026-05-08,2300.0,2026-05-12,2255.0,-0.019565217391304346,-0.025292599350273837,gru,test,0,0.4944336712360382,HOLD
2330,2026-05-08,2026-05-08T14:30:00+08:00,2026-05-11,2265.0,2026-05-13,2220.0,-0.019867549668874163,-0.02559316550075086,gru,test,0,0.49425292015075684,HOLD
2330,2026-05-11,2026-05-11T14:30:00+08:00,2026-05-12,2235.0,2026-05-14,2270.0,0.015659955257270708,0.009726799266302821,gru,test,1,0.5312677025794983,HOLD
2330,2026-05-12,2026-05-12T14:30:00+08:00,2026-05-13,2205.0,2026-05-15,2265.0,0.027210884353741527,0.021210251581971873,gru,test,1,0.5654440522193909,HOLD
2330,2026-05-13,2026-05-13T14:30:00+08:00,2026-05-14,2250.0,2026-05-18,2240.0,-0.004444444444444473,-0.010260157053975871,gru,test,0,0.47068244218826294,HOLD
2330,2026-05-14,2026-05-14T14:30:00+08:00,2026-05-15,2310.0,2026-05-19,2205.0,-0.045454545454545414,-0.05103069035715013,gru,test,0,0.46805962920188904,HOLD
2330,2026-05-15,2026-05-15T14:30:00+08:00,2026-05-18,2225.0,2026-05-20,2185.0,-0.017977528089887618,-0.02371418481472909,gru,test,0,0.5372963547706604,HOLD
2330,2026-05-18,2026-05-18T14:30:00+08:00,2026-05-19,2220.0,2026-05-21,2230.0,0.0045045045045044585,-0.001363484961857231,gru,test,0,0.5071561336517334,HOLD
2330,2026-05-19,2026-05-19T14:30:00+08:00,2026-05-20,2205.0,2026-05-22,2255.0,0.0226757369614512,0.01670159704960117,gru,test,1,0.5205533504486084,HOLD
2330,2026-05-20,2026-05-20T14:30:00+08:00,2026-05-21,2240.0,2026-05-25,2310.0,0.03125,0.025225772024864535,gru,test,1,0.5458186864852905,HOLD
2330,2026-05-21,2026-05-21T14:30:00+08:00,2026-05-22,2245.0,2026-05-26,2270.0,0.011135857461024523,0.00522912978182033,gru,test,1,0.5480953454971313,HOLD
2330,2026-05-22,2026-05-22T14:30:00+08:00,2026-05-25,2275.0,2026-05-27,2300.0,0.01098901098901095,0.005083141139260894,gru,test,1,0.5139291882514954,HOLD
2330,2026-05-25,2026-05-25T14:30:00+08:00,2026-05-26,2320.0,2026-05-28,2295.0,-0.010775862068965525,-0.016554588590568686,gru,test,0,0.47680413722991943,HOLD
2330,2026-05-26,2026-05-26T14:30:00+08:00,2026-05-27,2310.0,2026-05-29,2355.0,0.01948051948051943,0.013525044992703572,gru,test,1,0.5127310752868652,HOLD
2330,2026-05-27,2026-05-27T14:30:00+08:00,2026-05-28,2350.0,2026-06-01,2355.0,0.0021276595744681437,-0.0037264451348320016,gru,test,0,0.48111867904663086,HOLD
2330,2026-05-28,2026-05-28T14:30:00+08:00,2026-05-29,2340.0,2026-06-02,2380.0,0.017094017094017033,0.011152483778990918,gru,test,1,0.4586453437805176,HOLD
2330,2026-05-29,2026-05-29T14:30:00+08:00,2026-06-01,2355.0,2026-06-03,2425.0,0.02972399150743099,0.023708677978890647,gru,test,1,0.5809941291809082,HOLD
2330,2026-06-01,2026-06-01T14:30:00+08:00,2026-06-02,2390.0,2026-06-04,2385.0,-0.0020920502092049986,-0.007921504742770757,gru,test,0,0.5364477634429932,HOLD
2330,2026-06-02,2026-06-02T14:30:00+08:00,2026-06-03,2425.0,2026-06-05,2365.0,-0.024742268041237137,-0.030439407349681424,gru,test,0,0.5322996377944946,HOLD
2330,2026-06-03,2026-06-03T14:30:00+08:00,2026-06-04,2385.0,2026-06-08,2295.0,-0.037735849056603765,-0.0433570840797145,gru,test,0,0.4961183965206146,HOLD
2330,2026-06-04,2026-06-04T14:30:00+08:00,2026-06-05,2395.0,2026-06-09,2305.0,-0.0375782881002088,-0.0432004435433162,gru,test,0,0.5398802161216736,HOLD
2330,2026-06-05,2026-06-05T14:30:00+08:00,2026-06-08,2230.0,2026-06-10,2255.0,0.011210762331838486,0.005303597082677358,gru,test,1,0.46258509159088135,HOLD
2330,2026-06-08,2026-06-08T14:30:00+08:00,2026-06-09,2305.0,2026-06-11,2250.0,-0.02386117136659438,-0.029563457755995115,gru,test,0,0.5328976511955261,HOLD
2330,2026-06-09,2026-06-09T14:30:00+08:00,2026-06-10,2285.0,2026-06-12,2310.0,0.010940919037199182,0.005035330125031434,gru,test,1,0.5355827808380127,HOLD
2330,2026-06-10,2026-06-10T14:30:00+08:00,2026-06-11,2240.0,2026-06-15,2375.0,0.060267857142857206,0.05407411625933034,gru,test,1,0.5167182683944702,HOLD
2330,2026-06-11,2026-06-11T14:30:00+08:00,2026-06-12,2325.0,2026-06-16,2400.0,0.032258064516129004,0.026227947755094183,gru,test,1,0.5098981261253357,HOLD
2330,2026-06-12,2026-06-12T14:30:00+08:00,2026-06-15,2360.0,2026-06-17,2385.0,0.010593220338983134,0.004689662569821174,gru,test,1,0.46082258224487305,HOLD
2330,2026-06-15,2026-06-15T14:30:00+08:00,2026-06-16,2375.0,2026-06-18,2410.0,0.01473684210526316,0.008809078641882628,gru,test,1,0.48438501358032227,HOLD
2330,2026-06-16,2026-06-16T14:30:00+08:00,2026-06-17,2355.0,2026-06-22,2510.0,0.06581740976645434,0.059591250196707524,gru,test,1,0.46773144602775574,HOLD
2330,2026-06-17,2026-06-17T14:30:00+08:00,2026-06-18,2395.0,2026-06-23,2490.0,0.039665970772442494,0.033592579426092284,gru,test,1,0.450656533241272,HOLD
2330,2026-06-18,2026-06-18T14:30:00+08:00,2026-06-22,2455.0,2026-06-24,2390.0,-0.02647657841140527,-0.032163586441256053,gru,test,0,0.43810132145881653,SELL
2330,2026-06-22,2026-06-22T14:30:00+08:00,2026-06-23,2510.0,2026-06-25,2390.0,-0.047808764940239,-0.05337115725628838,gru,test,0,0.508669376373291,HOLD
2330,2026-06-23,2026-06-23T14:30:00+08:00,2026-06-24,2435.0,2026-06-26,2340.0,-0.03901437371663241,-0.044628140013417306,gru,test,0,0.5742896199226379,HOLD
2330,2026-06-24,2026-06-24T14:30:00+08:00,2026-06-25,2410.0,2026-06-29,2370.0,-0.016597510373444035,-0.022342228714124057,gru,test,0,0.5257280468940735,HOLD
2330,2026-06-25,2026-06-25T14:30:00+08:00,2026-06-26,2360.0,2026-06-30,2410.0,0.021186440677966045,0.015221000751894698,gru,test,1,0.5455887913703918,HOLD
2412,2026-01-02,2026-01-02T13:30:00+08:00,2026-01-05,131.5,2026-01-07,133.0,0.011406844106463865,0.005498533411181894,gru,test,1,0.5200221538543701,HOLD
2412,2026-01-05,2026-01-05T13:30:00+08:00,2026-01-06,133.0,2026-01-08,133.5,0.003759398496240518,-0.002104238302524153,gru,test,0,0.5173113346099854,HOLD
2412,2026-01-06,2026-01-06T13:30:00+08:00,2026-01-07,132.0,2026-01-09,133.5,0.011363636363636465,0.005455578073972012,gru,test,1,0.520484983921051,HOLD
2412,2026-01-07,2026-01-07T13:30:00+08:00,2026-01-08,133.0,2026-01-12,133.5,0.003759398496240518,-0.002104238302524153,gru,test,0,0.5070176124572754,HOLD
2412,2026-01-08,2026-01-08T13:30:00+08:00,2026-01-09,133.0,2026-01-13,133.5,0.003759398496240518,-0.002104238302524153,gru,test,0,0.5185405015945435,HOLD
2412,2026-01-09,2026-01-09T13:30:00+08:00,2026-01-12,133.0,2026-01-14,133.0,0.0,-0.005841675612252573,gru,test,0,0.5007389783859253,HOLD
2412,2026-01-12,2026-01-12T13:30:00+08:00,2026-01-13,133.5,2026-01-15,133.5,0.0,-0.005841675612252462,gru,test,0,0.49429190158843994,HOLD
2412,2026-01-13,2026-01-13T13:30:00+08:00,2026-01-14,133.5,2026-01-16,133.0,-0.0037453183520599342,-0.009565115029435134,gru,test,0,0.49509912729263306,HOLD
2412,2026-01-14,2026-01-14T13:30:00+08:00,2026-01-15,133.5,2026-01-19,134.0,0.0037453183520599342,-0.0021182361950699002,gru,test,0,0.48030272126197815,HOLD
2412,2026-01-15,2026-01-15T13:30:00+08:00,2026-01-16,133.5,2026-01-20,133.0,-0.0037453183520599342,-0.009565115029435134,gru,test,0,0.519309937953949,HOLD
2412,2026-01-16,2026-01-16T13:30:00+08:00,2026-01-19,133.5,2026-01-21,133.0,-0.0037453183520599342,-0.009565115029435134,gru,test,0,0.5065119862556458,HOLD
2412,2026-01-19,2026-01-19T13:30:00+08:00,2026-01-20,133.5,2026-01-22,133.0,-0.0037453183520599342,-0.009565115029435134,gru,test,0,0.4835927188396454,HOLD
2412,2026-01-20,2026-01-20T13:30:00+08:00,2026-01-21,133.5,2026-01-23,134.0,0.0037453183520599342,-0.0021182361950699002,gru,test,0,0.4836011826992035,HOLD
2412,2026-01-21,2026-01-21T13:30:00+08:00,2026-01-22,133.0,2026-01-26,134.0,0.007518796992481258,0.0016331990072042668,gru,test,0,0.4724760353565216,HOLD
2412,2026-01-22,2026-01-22T13:30:00+08:00,2026-01-23,133.5,2026-01-27,133.0,-0.0037453183520599342,-0.009565115029435134,gru,test,0,0.5242561101913452,HOLD
2412,2026-01-23,2026-01-23T13:30:00+08:00,2026-01-26,134.0,2026-01-28,133.5,-0.003731343283582045,-0.009551221598773973,gru,test,0,0.5106024146080017,HOLD
2412,2026-01-26,2026-01-26T13:30:00+08:00,2026-01-27,134.0,2026-01-29,133.5,-0.003731343283582045,-0.009551221598773973,gru,test,0,0.5222659111022949,HOLD
2412,2026-01-27,2026-01-27T13:30:00+08:00,2026-01-28,133.5,2026-01-30,133.5,0.0,-0.005841675612252462,gru,test,0,0.49483704566955566,HOLD
2412,2026-01-28,2026-01-28T13:30:00+08:00,2026-01-29,133.5,2026-02-02,133.0,-0.0037453183520599342,-0.009565115029435134,gru,test,0,0.4920540452003479,HOLD
2412,2026-01-29,2026-01-29T13:30:00+08:00,2026-01-30,133.5,2026-02-03,133.5,0.0,-0.005841675612252462,gru,test,0,0.5163655877113342,HOLD
2412,2026-01-30,2026-01-30T13:30:00+08:00,2026-02-02,134.0,2026-02-04,133.0,-0.007462686567164201,-0.013260767585295596,gru,test,0,0.4962911009788513,HOLD
2412,2026-02-02,2026-02-02T13:30:00+08:00,2026-02-03,133.5,2026-02-05,132.5,-0.0074906367041198685,-0.013288554446617584,gru,test,0,0.518973708152771,HOLD
2412,2026-02-03,2026-02-03T13:30:00+08:00,2026-02-04,133.5,2026-02-06,133.0,-0.0037453183520599342,-0.009565115029435134,gru,test,0,0.4706459045410156,HOLD
2412,2026-02-04,2026-02-04T13:30:00+08:00,2026-02-05,133.0,2026-02-09,132.0,-0.007518796992481258,-0.013316550231709412,gru,test,0,0.489881306886673,HOLD
2412,2026-02-05,2026-02-05T13:30:00+08:00,2026-02-06,132.5,2026-02-10,132.5,0.0,-0.005841675612252573,gru,test,0,0.4790753722190857,HOLD
2412,2026-02-06,2026-02-06T13:30:00+08:00,2026-02-09,133.0,2026-02-11,133.0,0.0,-0.005841675612252573,gru,test,0,0.4860486090183258,HOLD
2412,2026-02-09,2026-02-09T13:30:00+08:00,2026-02-10,132.0,2026-02-23,135.0,0.022727272727272707,0.016752831760196374,gru,test,1,0.47849369049072266,HOLD
2412,2026-02-10,2026-02-10T13:30:00+08:00,2026-02-11,133.5,2026-02-24,135.5,0.014981273408239737,0.009052082056477673,gru,test,1,0.4972180724143982,HOLD
2412,2026-02-11,2026-02-11T13:30:00+08:00,2026-02-23,134.0,2026-02-25,136.0,0.014925373134328401,0.008996508333833253,gru,test,1,0.47419482469558716,HOLD
2412,2026-02-23,2026-02-23T13:30:00+08:00,2026-02-24,134.5,2026-02-26,134.0,-0.0037174721189591198,-0.009537431464995194,gru,test,0,0.48610764741897583,HOLD
2412,2026-02-24,2026-02-24T13:30:00+08:00,2026-02-25,135.0,2026-03-02,138.0,0.022222222222222143,0.016250731596364032,gru,test,1,0.4883090853691101,HOLD
2412,2026-02-25,2026-02-25T13:30:00+08:00,2026-02-26,136.0,2026-03-03,138.0,0.014705882352941124,0.008778299746390772,gru,test,1,0.47883614897727966,HOLD
2412,2026-02-26,2026-02-26T13:30:00+08:00,2026-03-02,135.0,2026-03-04,135.5,0.0037037037037037646,-0.002159607744149805,gru,test,0,0.5176985859870911,HOLD
2412,2026-03-02,2026-03-02T13:30:00+08:00,2026-03-03,137.5,2026-03-05,137.0,-0.0036363636363636598,-0.009456796791844413,gru,test,0,0.4834440052509308,HOLD
2412,2026-03-03,2026-03-03T13:30:00+08:00,2026-03-04,137.0,2026-03-06,136.5,-0.0036496350364964014,-0.009469990664762618,gru,test,0,0.4890766739845276,HOLD
2412,2026-03-04,2026-03-04T13:30:00+08:00,2026-03-05,136.5,2026-03-09,136.0,-0.00366300366300365,-0.009483281196090432,gru,test,0,0.5308740139007568,HOLD
2412,2026-03-05,2026-03-05T13:30:00+08:00,2026-03-06,136.5,2026-03-10,135.0,-0.01098901098901095,-0.01676649236376626,gru,test,0,0.5052460432052612,HOLD
2412,2026-03-06,2026-03-06T13:30:00+08:00,2026-03-09,134.5,2026-03-11,135.5,0.0074349442379182396,0.0015498360932324484,gru,test,0,0.4980654716491699,HOLD
2412,2026-03-09,2026-03-09T13:30:00+08:00,2026-03-10,137.0,2026-03-12,136.0,-0.007299270072992692,-0.013098305717272551,gru,test,0,0.4763306677341461,HOLD
2412,2026-03-10,2026-03-10T13:30:00+08:00,2026-03-11,136.0,2026-03-13,136.0,0.0,-0.005841675612252573,gru,test,0,0.508664608001709,HOLD
2412,2026-03-11,2026-03-11T13:30:00+08:00,2026-03-12,135.0,2026-03-16,136.5,0.011111111111111072,0.005204527992055619,gru,test,1,0.4912690222263336,HOLD
2412,2026-03-12,2026-03-12T13:30:00+08:00,2026-03-13,136.0,2026-03-17,137.0,0.007352941176470562,0.0014683120670690997,gru,test,0,0.5067830681800842,HOLD
2412,2026-03-13,2026-03-13T13:30:00+08:00,2026-03-16,136.5,2026-03-18,137.5,0.0073260073260073,0.0014415355554231457,gru,test,0,0.46635743975639343,HOLD
2412,2026-03-16,2026-03-16T13:30:00+08:00,2026-03-17,137.0,2026-03-19,135.5,-0.010948905109489093,-0.016726620769782707,gru,test,0,0.4661683440208435,HOLD
2412,2026-03-17,2026-03-17T13:30:00+08:00,2026-03-18,137.5,2026-03-20,134.0,-0.025454545454545507,-0.031147523869395344,gru,test,0,0.4553857445716858,HOLD
2412,2026-03-18,2026-03-18T13:30:00+08:00,2026-03-19,137.0,2026-03-23,134.0,-0.021897810218978075,-0.02761156592731262,gru,test,0,0.48886701464653015,HOLD
2412,2026-03-19,2026-03-19T13:30:00+08:00,2026-03-20,136.0,2026-03-24,134.0,-0.014705882352941124,-0.020461650970895917,gru,test,0,0.5217726230621338,HOLD
2412,2026-03-20,2026-03-20T13:30:00+08:00,2026-03-23,133.0,2026-03-25,135.0,0.015037593984962516,0.009108073626660884,gru,test,1,0.5116586685180664,HOLD
2412,2026-03-23,2026-03-23T13:30:00+08:00,2026-03-24,134.0,2026-03-26,134.5,0.003731343283582156,-0.0021321296257312827,gru,test,0,0.5015189051628113,HOLD
2412,2026-03-24,2026-03-24T13:30:00+08:00,2026-03-25,135.5,2026-03-27,134.0,-0.011070110701106972,-0.016847118317651955,gru,test,0,0.490211546421051,HOLD
2412,2026-03-25,2026-03-25T13:30:00+08:00,2026-03-26,135.5,2026-03-30,134.0,-0.011070110701106972,-0.016847118317651955,gru,test,0,0.4563162624835968,HOLD
2412,2026-03-26,2026-03-26T13:30:00+08:00,2026-03-27,134.5,2026-03-31,133.0,-0.01115241635687736,-0.016928943170480326,gru,test,0,0.46930819749832153,HOLD
2412,2026-03-27,2026-03-27T13:30:00+08:00,2026-03-30,133.5,2026-04-01,134.0,0.0037453183520599342,-0.0021182361950699002,gru,test,0,0.4928897023200989,HOLD
2412,2026-03-30,2026-03-30T13:30:00+08:00,2026-03-31,133.5,2026-04-02,134.0,0.0037453183520599342,-0.0021182361950699002,gru,test,0,0.4937434792518616,HOLD
2412,2026-03-31,2026-03-31T13:30:00+08:00,2026-04-01,134.0,2026-04-07,134.0,0.0,-0.005841675612252684,gru,test,0,0.5275944471359253,HOLD
2412,2026-04-01,2026-04-01T13:30:00+08:00,2026-04-02,134.5,2026-04-08,134.0,-0.0037174721189591198,-0.009537431464995194,gru,test,0,0.4890902638435364,HOLD
2412,2026-04-02,2026-04-02T13:30:00+08:00,2026-04-07,134.0,2026-04-09,135.0,0.00746268656716409,0.0015774163607902292,gru,test,0,0.5030443072319031,HOLD
2412,2026-04-07,2026-04-07T13:30:00+08:00,2026-04-08,134.5,2026-04-10,135.5,0.0074349442379182396,0.0015498360932324484,gru,test,0,0.47249290347099304,HOLD
2412,2026-04-08,2026-04-08T13:30:00+08:00,2026-04-09,134.0,2026-04-13,134.5,0.003731343283582156,-0.0021321296257312827,gru,test,0,0.5008971691131592,HOLD
2412,2026-04-09,2026-04-09T13:30:00+08:00,2026-04-10,135.0,2026-04-14,135.0,0.0,-0.005841675612252573,gru,test,0,0.46349337697029114,HOLD
2412,2026-04-10,2026-04-10T13:30:00+08:00,2026-04-13,135.0,2026-04-15,135.5,0.0037037037037037646,-0.002159607744149805,gru,test,0,0.5167549252510071,HOLD
2412,2026-04-13,2026-04-13T13:30:00+08:00,2026-04-14,135.0,2026-04-16,136.5,0.011111111111111072,0.005204527992055619,gru,test,1,0.551613450050354,HOLD
2412,2026-04-14,2026-04-14T13:30:00+08:00,2026-04-15,135.0,2026-04-17,137.5,0.0185185185185186,0.012568663728261154,gru,test,1,0.49546727538108826,HOLD
2412,2026-04-15,2026-04-15T13:30:00+08:00,2026-04-16,136.0,2026-04-20,137.0,0.007352941176470562,0.0014683120670690997,gru,test,0,0.48215943574905396,HOLD
2412,2026-04-16,2026-04-16T13:30:00+08:00,2026-04-17,137.0,2026-04-21,137.0,0.0,-0.005841675612252462,gru,test,0,0.5232238173484802,HOLD
2412,2026-04-17,2026-04-17T13:30:00+08:00,2026-04-20,137.5,2026-04-22,136.5,-0.0072727272727273196,-0.013071917971436364,gru,test,0,0.526471734046936,HOLD
2412,2026-04-20,2026-04-20T13:30:00+08:00,2026-04-21,137.5,2026-04-23,136.0,-0.010909090909090868,-0.016687039151028094,gru,test,0,0.523577094078064,HOLD
2412,2026-04-21,2026-04-21T13:30:00+08:00,2026-04-22,137.5,2026-04-24,135.5,-0.014545454545454528,-0.020302160330619934,gru,test,0,0.5465943217277527,HOLD
2412,2026-04-22,2026-04-22T13:30:00+08:00,2026-04-23,136.0,2026-04-27,137.0,0.007352941176470562,0.0014683120670690997,gru,test,0,0.512647271156311,HOLD
2412,2026-04-23,2026-04-23T13:30:00+08:00,2026-04-24,136.0,2026-04-28,137.0,0.007352941176470562,0.0014683120670690997,gru,test,0,0.4802188575267792,HOLD
2412,2026-04-24,2026-04-24T13:30:00+08:00,2026-04-27,135.0,2026-04-29,136.5,0.011111111111111072,0.005204527992055619,gru,test,1,0.508924126625061,HOLD
2412,2026-04-27,2026-04-27T13:30:00+08:00,2026-04-28,137.5,2026-04-30,136.0,-0.010909090909090868,-0.016687039151028094,gru,test,0,0.5528106093406677,HOLD
2412,2026-04-28,2026-04-28T13:30:00+08:00,2026-04-29,137.5,2026-05-04,135.5,-0.014545454545454528,-0.020302160330619934,gru,test,0,0.468039333820343,HOLD
2412,2026-04-29,2026-04-29T13:30:00+08:00,2026-04-30,136.0,2026-05-05,136.0,0.0,-0.005841675612252573,gru,test,0,0.48781657218933105,HOLD
2412,2026-04-30,2026-04-30T13:30:00+08:00,2026-05-04,137.0,2026-05-06,136.0,-0.007299270072992692,-0.013098305717272551,gru,test,0,0.4783703088760376,HOLD
2412,2026-05-04,2026-05-04T13:30:00+08:00,2026-05-05,135.5,2026-05-07,135.5,0.0,-0.005841675612252573,gru,test,0,0.44286683201789856,SELL
2412,2026-05-05,2026-05-05T13:30:00+08:00,2026-05-06,137.0,2026-05-08,136.5,-0.0036496350364964014,-0.009469990664762618,gru,test,0,0.4983527362346649,HOLD
2412,2026-05-06,2026-05-06T13:30:00+08:00,2026-05-07,135.5,2026-05-11,135.5,0.0,-0.005841675612252573,gru,test,0,0.4822676479816437,HOLD
2412,2026-05-07,2026-05-07T13:30:00+08:00,2026-05-08,136.0,2026-05-12,135.5,-0.003676470588235281,-0.00949666945191352,gru,test,0,0.49919769167900085,HOLD
2412,2026-05-08,2026-05-08T13:30:00+08:00,2026-05-11,136.5,2026-05-13,137.5,0.0073260073260073,0.0014415355554231457,gru,test,0,0.5170843601226807,HOLD
2412,2026-05-11,2026-05-11T13:30:00+08:00,2026-05-12,135.5,2026-05-14,137.5,0.014760147601476037,0.008832247994946751,gru,test,1,0.4755622446537018,HOLD
2412,2026-05-12,2026-05-12T13:30:00+08:00,2026-05-13,136.5,2026-05-15,138.0,0.01098901098901095,0.005083141139261116,gru,test,1,0.489289253950119,HOLD
2412,2026-05-13,2026-05-13T13:30:00+08:00,2026-05-14,136.5,2026-05-18,137.0,0.00366300366300365,-0.0022000700284146024,gru,test,0,0.5031253099441528,HOLD
2412,2026-05-14,2026-05-14T13:30:00+08:00,2026-05-15,137.5,2026-05-19,142.5,0.036363636363636376,0.030309536183665386,gru,test,1,0.533177375793457,HOLD
2412,2026-05-15,2026-05-15T13:30:00+08:00,2026-05-18,138.0,2026-05-20,139.0,0.007246376811594235,0.0013623702166443152,gru,test,0,0.5307685732841492,HOLD
2412,2026-05-18,2026-05-18T13:30:00+08:00,2026-05-19,137.0,2026-05-21,137.5,0.0036496350364962904,-0.0022133605597425277,gru,test,0,0.5282753109931946,HOLD
2412,2026-05-19,2026-05-19T13:30:00+08:00,2026-05-20,142.5,2026-05-22,137.0,-0.038596491228070184,-0.04421269865879707,gru,test,0,0.5114690661430359,HOLD
2412,2026-05-20,2026-05-20T13:30:00+08:00,2026-05-21,139.0,2026-05-25,136.5,-0.017985611510791366,-0.02372222101490984,gru,test,0,0.48831266164779663,HOLD
2412,2026-05-21,2026-05-21T13:30:00+08:00,2026-05-22,137.5,2026-05-26,136.0,-0.010909090909090868,-0.016687039151028094,gru,test,0,0.5097841024398804,HOLD
2412,2026-05-22,2026-05-22T13:30:00+08:00,2026-05-25,137.5,2026-05-27,137.0,-0.0036363636363636598,-0.009456796791844413,gru,test,0,0.49065226316452026,HOLD
2412,2026-05-25,2026-05-25T13:30:00+08:00,2026-05-26,136.5,2026-05-28,136.5,0.0,-0.005841675612252684,gru,test,0,0.4736934006214142,HOLD
2412,2026-05-26,2026-05-26T13:30:00+08:00,2026-05-27,137.0,2026-05-29,137.0,0.0,-0.005841675612252462,gru,test,0,0.528440535068512,HOLD
2412,2026-05-27,2026-05-27T13:30:00+08:00,2026-05-28,137.0,2026-06-01,140.5,0.025547445255474477,0.019556529755317742,gru,test,1,0.5203842520713806,HOLD
2412,2026-05-28,2026-05-28T13:30:00+08:00,2026-05-29,137.5,2026-06-02,142.0,0.032727272727272716,0.026694415004073546,gru,test,1,0.5398578643798828,HOLD
2412,2026-05-29,2026-05-29T13:30:00+08:00,2026-06-01,137.0,2026-06-03,141.0,0.029197080291970767,0.023184844807827565,gru,test,1,0.5340670943260193,HOLD
2412,2026-06-01,2026-06-01T13:30:00+08:00,2026-06-02,140.0,2026-06-04,141.5,0.010714285714285676,0.004810020720473318,gru,test,1,0.5253120064735413,HOLD
2412,2026-06-02,2026-06-02T13:30:00+08:00,2026-06-03,142.0,2026-06-05,141.0,-0.007042253521126751,-0.012842790572729745,gru,test,0,0.5019894242286682,HOLD
2412,2026-06-03,2026-06-03T13:30:00+08:00,2026-06-04,141.0,2026-06-08,138.5,-0.01773049645390068,-0.023468596257425478,gru,test,0,0.48269122838974,HOLD
2412,2026-06-04,2026-06-04T13:30:00+08:00,2026-06-05,141.0,2026-06-09,142.0,0.007092198581560183,0.0012090926458163676,gru,test,0,0.5314632654190063,HOLD
2412,2026-06-05,2026-06-05T13:30:00+08:00,2026-06-08,139.5,2026-06-10,144.0,0.032258064516129004,0.02622794775509396,gru,test,1,0.5517596006393433,HOLD
2412,2026-06-08,2026-06-08T13:30:00+08:00,2026-06-09,138.0,2026-06-11,145.0,0.050724637681159424,0.04458664519002453,gru,test,1,0.4929826259613037,HOLD
2412,2026-06-09,2026-06-09T13:30:00+08:00,2026-06-10,141.5,2026-06-12,145.0,0.02473498233215543,0.01874881297684361,gru,test,1,0.5055028796195984,HOLD
2412,2026-06-10,2026-06-10T13:30:00+08:00,2026-06-11,144.0,2026-06-15,145.5,0.01041666666666674,0.004514140266786537,gru,test,1,0.5011811256408691,HOLD
2412,2026-06-11,2026-06-11T13:30:00+08:00,2026-06-12,145.0,2026-06-16,146.5,0.010344827586206806,0.00444272084693087,gru,test,1,0.4898388683795929,HOLD
2412,2026-06-12,2026-06-12T13:30:00+08:00,2026-06-15,146.0,2026-06-17,145.5,-0.003424657534246589,-0.009246327408101052,gru,test,0,0.5194258093833923,HOLD
2412,2026-06-15,2026-06-15T13:30:00+08:00,2026-06-16,146.0,2026-06-18,144.0,-0.013698630136986356,-0.01946028279564649,gru,test,0,0.47443175315856934,HOLD
2412,2026-06-16,2026-06-16T13:30:00+08:00,2026-06-17,145.5,2026-06-22,144.5,-0.0068728522336769515,-0.012674378872649328,gru,test,0,0.525367259979248,HOLD
2412,2026-06-17,2026-06-17T13:30:00+08:00,2026-06-18,145.0,2026-06-23,144.0,-0.006896551724137945,-0.012697939918374979,gru,test,0,0.49692070484161377,HOLD
2412,2026-06-18,2026-06-18T13:30:00+08:00,2026-06-22,144.0,2026-06-24,143.5,-0.00347222222222221,-0.009293614238598757,gru,test,0,0.5324446558952332,HOLD
2412,2026-06-22,2026-06-22T13:30:00+08:00,2026-06-23,145.0,2026-06-25,144.0,-0.006896551724137945,-0.012697939918374979,gru,test,0,0.5207616090774536,HOLD
2412,2026-06-23,2026-06-23T13:30:00+08:00,2026-06-24,143.5,2026-06-26,143.0,-0.0034843205574912606,-0.009305641899317929,gru,test,0,0.5256568193435669,HOLD
2412,2026-06-24,2026-06-24T13:30:00+08:00,2026-06-25,144.0,2026-06-29,142.0,-0.01388888888888884,-0.019649430117637978,gru,test,0,0.5016556978225708,HOLD
2412,2026-06-25,2026-06-25T13:30:00+08:00,2026-06-26,144.0,2026-06-30,141.5,-0.01736111111111116,-0.023101368743984163,gru,test,0,0.5325853228569031,HOLD
2881,2026-01-02,2026-01-02T13:30:00+08:00,2026-01-05,95.6,2026-01-07,96.1,0.0052301255230124966,-0.0006421027859567774,gru,test,0,0.4936089813709259,HOLD
2881,2026-01-05,2026-01-05T13:30:00+08:00,2026-01-06,97.3,2026-01-08,97.0,-0.0030832476875641834,-0.008906911966993891,gru,test,0,0.5368821024894714,HOLD
2881,2026-01-06,2026-01-06T13:30:00+08:00,2026-01-07,96.5,2026-01-09,95.5,-0.010362694300518172,-0.0161438344141982,gru,test,0,0.4987522065639496,HOLD
2881,2026-01-07,2026-01-07T13:30:00+08:00,2026-01-08,96.3,2026-01-12,95.0,-0.01349948078920038,-0.01926229681374858,gru,test,0,0.4968380630016327,HOLD
2881,2026-01-08,2026-01-08T13:30:00+08:00,2026-01-09,97.0,2026-01-13,94.2,-0.028865979381443307,-0.034539029305919566,gru,test,0,0.5401660203933716,HOLD
2881,2026-01-09,2026-01-09T13:30:00+08:00,2026-01-12,95.6,2026-01-14,93.8,-0.01882845188284521,-0.024560137786917124,gru,test,0,0.4974514842033386,HOLD
2881,2026-01-12,2026-01-12T13:30:00+08:00,2026-01-13,95.2,2026-01-15,94.1,-0.011554621848739566,-0.017328799108329518,gru,test,0,0.512245237827301,HOLD
2881,2026-01-13,2026-01-13T13:30:00+08:00,2026-01-14,94.5,2026-01-16,95.0,0.005291005291005346,-0.0005815786578201587,gru,test,0,0.5376964807510376,HOLD
2881,2026-01-14,2026-01-14T13:30:00+08:00,2026-01-15,94.6,2026-01-19,95.0,0.0042283298097252064,-0.0016380463336573836,gru,test,0,0.5082564353942871,HOLD
2881,2026-01-15,2026-01-15T13:30:00+08:00,2026-01-16,94.6,2026-01-20,94.0,-0.006342494714587699,-0.012147119530145134,gru,test,0,0.5389830470085144,HOLD
2881,2026-01-16,2026-01-16T13:30:00+08:00,2026-01-19,94.4,2026-01-21,93.0,-0.014830508474576343,-0.020585549067155595,gru,test,0,0.5339640974998474,HOLD
2881,2026-01-19,2026-01-19T13:30:00+08:00,2026-01-20,94.9,2026-01-22,93.0,-0.020021074815595452,-0.025745793803366612,gru,test,0,0.498643159866333,HOLD
2881,2026-01-20,2026-01-20T13:30:00+08:00,2026-01-21,93.7,2026-01-23,93.5,-0.002134471718249764,-0.007963678439120714,gru,test,0,0.505466878414154,HOLD
2881,2026-01-21,2026-01-21T13:30:00+08:00,2026-01-22,93.7,2026-01-26,93.2,-0.005336179295624355,-0.011146682679422981,gru,test,0,0.46070706844329834,HOLD
2881,2026-01-22,2026-01-22T13:30:00+08:00,2026-01-23,93.7,2026-01-27,92.4,-0.01387406616862319,-0.019634693986895768,gru,test,0,0.4891432523727417,HOLD
2881,2026-01-23,2026-01-23T13:30:00+08:00,2026-01-26,93.5,2026-01-28,92.5,-0.010695187165775444,-0.016474384963993227,gru,test,0,0.5182016491889954,HOLD
2881,2026-01-26,2026-01-26T13:30:00+08:00,2026-01-27,93.5,2026-01-29,92.3,-0.012834224598930466,-0.018600926834341447,gru,test,0,0.49992871284484863,HOLD
2881,2026-01-27,2026-01-27T13:30:00+08:00,2026-01-28,92.9,2026-01-30,90.9,-0.02152852529601723,-0.027244438247080227,gru,test,0,0.5365852117538452,HOLD
2881,2026-01-28,2026-01-28T13:30:00+08:00,2026-01-29,92.1,2026-02-02,90.5,-0.017372421281215966,-0.02311261284374433,gru,test,0,0.4864872097969055,HOLD
2881,2026-01-29,2026-01-29T13:30:00+08:00,2026-01-30,92.2,2026-02-03,91.8,-0.004338394793926281,-0.010154726911114853,gru,test,0,0.5084627270698547,HOLD
2881,2026-01-30,2026-01-30T13:30:00+08:00,2026-02-02,91.5,2026-02-04,92.7,0.013114754098360715,0.007196466346931052,gru,test,1,0.5038598775863647,HOLD
2881,2026-02-02,2026-02-02T13:30:00+08:00,2026-02-03,91.6,2026-02-05,93.5,0.020742358078602585,0.01477951233902175,gru,test,1,0.4663735032081604,HOLD
2881,2026-02-03,2026-02-03T13:30:00+08:00,2026-02-04,91.7,2026-02-06,92.4,0.007633587786259666,0.0017473192304018337,gru,test,0,0.5168324708938599,HOLD
2881,2026-02-04,2026-02-04T13:30:00+08:00,2026-02-05,92.8,2026-02-09,93.8,0.010775862068965525,0.004871237366063763,gru,test,1,0.5022038817405701,HOLD
2881,2026-02-05,2026-02-05T13:30:00+08:00,2026-02-06,92.7,2026-02-10,94.5,0.01941747572815533,0.013462369521489936,gru,test,1,0.519869863986969,HOLD
2881,2026-02-06,2026-02-06T13:30:00+08:00,2026-02-09,93.0,2026-02-11,95.2,0.023655913978494647,0.017676048190468308,gru,test,1,0.4621261954307556,HOLD
2881,2026-02-09,2026-02-09T13:30:00+08:00,2026-02-10,94.2,2026-02-23,95.7,0.015923566878981,0.00998887095443135,gru,test,1,0.5007997155189514,HOLD
2881,2026-02-10,2026-02-10T13:30:00+08:00,2026-02-11,95.0,2026-02-24,94.1,-0.009473684210526412,-0.015260017632768075,gru,test,0,0.5081198215484619,HOLD
2881,2026-02-11,2026-02-11T13:30:00+08:00,2026-02-23,96.5,2026-02-25,92.9,-0.03730569948186524,-0.04292944729925663,gru,test,0,0.5085458159446716,HOLD
2881,2026-02-23,2026-02-23T13:30:00+08:00,2026-02-24,95.8,2026-02-26,94.2,-0.01670146137787054,-0.02244557247050305,gru,test,0,0.5490044355392456,HOLD
2881,2026-02-24,2026-02-24T13:30:00+08:00,2026-02-25,94.0,2026-03-02,93.0,-0.010638297872340385,-0.016417827999356205,gru,test,0,0.5152978897094727,HOLD
2881,2026-02-25,2026-02-25T13:30:00+08:00,2026-02-26,92.9,2026-03-03,93.1,0.002152852529601512,-0.003701399348770007,gru,test,0,0.5129967927932739,HOLD
2881,2026-02-26,2026-02-26T13:30:00+08:00,2026-03-02,94.2,2026-03-04,89.8,-0.04670912951167738,-0.05227794554119214,gru,test,0,0.5200315713882446,HOLD
2881,2026-03-02,2026-03-02T13:30:00+08:00,2026-03-03,92.7,2026-03-05,90.5,-0.02373247033441206,-0.02943550855349364,gru,test,0,0.479547381401062,HOLD
2881,2026-03-03,2026-03-03T13:30:00+08:00,2026-03-04,92.2,2026-03-06,88.8,-0.03687635574837311,-0.04250261165258162,gru,test,0,0.5125898122787476,HOLD
2881,2026-03-04,2026-03-04T13:30:00+08:00,2026-03-05,90.8,2026-03-09,87.2,-0.03964757709251099,-0.045257644420577336,gru,test,0,0.49424681067466736,HOLD
2881,2026-03-05,2026-03-05T13:30:00+08:00,2026-03-06,89.8,2026-03-10,88.3,-0.016703786191536785,-0.022447883703361926,gru,test,0,0.5127984285354614,HOLD
2881,2026-03-06,2026-03-06T13:30:00+08:00,2026-03-09,84.0,2026-03-11,89.2,0.06190476190476191,0.05570145875460808,gru,test,1,0.4951883852481842,HOLD
2881,2026-03-09,2026-03-09T13:30:00+08:00,2026-03-10,88.7,2026-03-12,89.4,0.007891770011273946,0.002003993238609114,gru,test,0,0.4465719163417816,SELL
2881,2026-03-10,2026-03-10T13:30:00+08:00,2026-03-11,88.0,2026-03-13,88.1,0.001136363636363491,-0.004711950243630136,gru,test,0,0.48764240741729736,HOLD
2881,2026-03-11,2026-03-11T13:30:00+08:00,2026-03-12,88.0,2026-03-16,88.8,0.009090909090909038,0.003196127336726917,gru,test,0,0.506905734539032,HOLD
2881,2026-03-12,2026-03-12T13:30:00+08:00,2026-03-13,88.5,2026-03-17,89.8,0.014689265536723228,0.008761780000222652,gru,test,1,0.5050854086875916,HOLD
2881,2026-03-13,2026-03-13T13:30:00+08:00,2026-03-16,89.1,2026-03-18,89.5,0.004489337822671136,-0.0013785630448552855,gru,test,0,0.4866885244846344,HOLD
2881,2026-03-16,2026-03-16T13:30:00+08:00,2026-03-17,89.5,2026-03-19,88.2,-0.014525139664804398,-0.02028196412291261,gru,test,0,0.5200589299201965,HOLD
2881,2026-03-17,2026-03-17T13:30:00+08:00,2026-03-18,90.9,2026-03-20,88.6,-0.025302530253025424,-0.030996396691370554,gru,test,0,0.5130417346954346,HOLD
2881,2026-03-18,2026-03-18T13:30:00+08:00,2026-03-19,89.0,2026-03-23,86.8,-0.024719101123595544,-0.03041637576565759,gru,test,0,0.4713989198207855,HOLD
2881,2026-03-19,2026-03-19T13:30:00+08:00,2026-03-20,87.5,2026-03-24,87.1,-0.004571428571428671,-0.010386399380882372,gru,test,0,0.4752309322357178,HOLD
2881,2026-03-20,2026-03-20T13:30:00+08:00,2026-03-23,85.8,2026-03-25,88.8,0.034965034965035,0.02891910496074579,gru,test,1,0.5030380487442017,HOLD
2881,2026-03-23,2026-03-23T13:30:00+08:00,2026-03-24,87.3,2026-03-26,88.6,0.014891179839633395,0.0089625147852741,gru,test,1,0.4951857924461365,HOLD
2881,2026-03-24,2026-03-24T13:30:00+08:00,2026-03-25,89.2,2026-03-27,87.7,-0.01681614349775784,-0.02255958465464747,gru,test,0,0.5206283330917358,HOLD
2881,2026-03-25,2026-03-25T13:30:00+08:00,2026-03-26,89.2,2026-03-30,86.4,-0.03139013452914796,-0.037048439158056334,gru,test,0,0.5190909504890442,HOLD
2881,2026-03-26,2026-03-26T13:30:00+08:00,2026-03-27,87.8,2026-03-31,86.0,-0.02050113895216399,-0.026223053560976206,gru,test,0,0.4978945553302765,HOLD
2881,2026-03-27,2026-03-27T13:30:00+08:00,2026-03-30,86.2,2026-04-01,87.8,0.01856148491879339,0.012611379132763778,gru,test,1,0.5006628632545471,HOLD
2881,2026-03-30,2026-03-30T13:30:00+08:00,2026-03-31,85.8,2026-04-02,87.8,0.02331002331002341,0.01733217810307952,gru,test,1,0.4836748540401459,HOLD
2881,2026-03-31,2026-03-31T13:30:00+08:00,2026-04-01,87.6,2026-04-07,87.7,0.0011415525114155667,-0.00470679168030308,gru,test,0,0.518510103225708,HOLD
2881,2026-04-01,2026-04-01T13:30:00+08:00,2026-04-02,88.1,2026-04-08,89.2,0.012485811577752637,0.006571197904507109,gru,test,1,0.4752424955368042,HOLD
2881,2026-04-02,2026-04-02T13:30:00+08:00,2026-04-07,87.9,2026-04-09,88.5,0.0068259385665527805,0.000944388035445165,gru,test,0,0.4991376996040344,HOLD
2881,2026-04-07,2026-04-07T13:30:00+08:00,2026-04-08,89.2,2026-04-10,87.6,-0.017937219730941756,-0.023674111924140484,gru,test,0,0.485281378030777,HOLD
2881,2026-04-08,2026-04-08T13:30:00+08:00,2026-04-09,89.2,2026-04-13,86.7,-0.028026905829596438,-0.03370485734957729,gru,test,0,0.4896252155303955,HOLD
2881,2026-04-09,2026-04-09T13:30:00+08:00,2026-04-10,87.5,2026-04-14,87.6,0.0011428571428571122,-0.004705494670095289,gru,test,0,0.49325671792030334,HOLD
2881,2026-04-10,2026-04-10T13:30:00+08:00,2026-04-13,87.5,2026-04-15,87.5,0.0,-0.005841675612252573,gru,test,0,0.5087233185768127,HOLD
2881,2026-04-13,2026-04-13T13:30:00+08:00,2026-04-14,86.7,2026-04-16,87.9,0.01384083044982698,0.007918301195882327,gru,test,1,0.5017073154449463,HOLD
2881,2026-04-14,2026-04-14T13:30:00+08:00,2026-04-15,88.0,2026-04-17,88.0,0.0,-0.005841675612252462,gru,test,0,0.5302996635437012,HOLD
2881,2026-04-15,2026-04-15T13:30:00+08:00,2026-04-16,87.3,2026-04-20,87.2,-0.001145475372279381,-0.006980459488985402,gru,test,0,0.48370614647865295,HOLD
2881,2026-04-16,2026-04-16T13:30:00+08:00,2026-04-17,88.0,2026-04-21,87.7,-0.003409090909090917,-0.009230851718119881,gru,test,0,0.4849318861961365,HOLD
2881,2026-04-17,2026-04-17T13:30:00+08:00,2026-04-20,87.9,2026-04-22,88.3,0.004550625711035261,-0.0013176331804539698,gru,test,0,0.49978896975517273,HOLD
2881,2026-04-20,2026-04-20T13:30:00+08:00,2026-04-21,88.1,2026-04-23,88.3,0.002270147559591429,-0.0035847895182961054,gru,test,0,0.50436931848526,HOLD
2881,2026-04-21,2026-04-21T13:30:00+08:00,2026-04-22,87.8,2026-04-24,87.8,0.0,-0.005841675612252462,gru,test,0,0.5147620439529419,HOLD
2881,2026-04-22,2026-04-22T13:30:00+08:00,2026-04-23,88.2,2026-04-27,87.9,-0.003401360544217691,-0.009223166511530656,gru,test,0,0.5161231160163879,HOLD
2881,2026-04-23,2026-04-23T13:30:00+08:00,2026-04-24,88.2,2026-04-28,88.6,0.0045351473922901064,-0.0013330210798819797,gru,test,0,0.5272883772850037,HOLD
2881,2026-04-24,2026-04-24T13:30:00+08:00,2026-04-27,87.5,2026-04-29,91.3,0.04342857142857137,0.03733320018972952,gru,test,1,0.4819650948047638,HOLD
2881,2026-04-27,2026-04-27T13:30:00+08:00,2026-04-28,88.5,2026-04-30,90.0,0.016949152542372836,0.0110084654790652,gru,test,1,0.5161497592926025,HOLD
2881,2026-04-28,2026-04-28T13:30:00+08:00,2026-04-29,89.4,2026-05-04,91.0,0.017897091722594904,0.011950867106096164,gru,test,1,0.5278840661048889,HOLD
2881,2026-04-29,2026-04-29T13:30:00+08:00,2026-04-30,90.4,2026-05-05,92.2,0.019911504424778625,0.013953512262724788,gru,test,1,0.53169184923172,HOLD
2881,2026-04-30,2026-04-30T13:30:00+08:00,2026-05-04,91.8,2026-05-06,92.8,0.01089324618736387,0.00498793576452039,gru,test,1,0.5265209078788757,HOLD
2881,2026-05-04,2026-05-04T13:30:00+08:00,2026-05-05,91.5,2026-05-07,94.5,0.032786885245901676,0.026753679285706378,gru,test,1,0.49159911274909973,HOLD
2881,2026-05-05,2026-05-05T13:30:00+08:00,2026-05-06,93.0,2026-05-08,96.7,0.03978494623655915,0.033710859874141796,gru,test,1,0.45806267857551575,HOLD
2881,2026-05-06,2026-05-06T13:30:00+08:00,2026-05-07,93.3,2026-05-11,95.5,0.023579849946409492,0.017600428499784382,gru,test,1,0.5257992148399353,HOLD
2881,2026-05-07,2026-05-07T13:30:00+08:00,2026-05-08,94.5,2026-05-12,93.7,-0.008465608465608399,-0.014257830739344723,gru,test,0,0.500519335269928,HOLD
2881,2026-05-08,2026-05-08T13:30:00+08:00,2026-05-11,96.7,2026-05-13,94.7,-0.020682523267838704,-0.026403378288317736,gru,test,0,0.4817069172859192,HOLD
2881,2026-05-11,2026-05-11T13:30:00+08:00,2026-05-12,96.0,2026-05-14,94.6,-0.014583333333333393,-0.02033981784290717,gru,test,0,0.5067068934440613,HOLD
2881,2026-05-12,2026-05-12T13:30:00+08:00,2026-05-13,93.5,2026-05-15,96.1,0.027807486631016065,0.02180336870227295,gru,test,1,0.5354602336883545,HOLD
2881,2026-05-13,2026-05-13T13:30:00+08:00,2026-05-14,93.9,2026-05-18,95.2,0.013844515441959526,0.007921964661486092,gru,test,1,0.5107316970825195,HOLD
2881,2026-05-14,2026-05-14T13:30:00+08:00,2026-05-15,96.5,2026-05-19,97.2,0.007253886010362809,0.0013698355491094105,gru,test,0,0.48629119992256165,HOLD
2881,2026-05-15,2026-05-15T13:30:00+08:00,2026-05-18,96.3,2026-05-20,95.8,-0.005192107995846351,-0.01100345299744332,gru,test,0,0.538777768611908,HOLD
2881,2026-05-18,2026-05-18T13:30:00+08:00,2026-05-19,95.7,2026-05-21,96.1,0.004179728317659226,-0.0016863639115723972,gru,test,0,0.4793720245361328,HOLD
2881,2026-05-19,2026-05-19T13:30:00+08:00,2026-05-20,97.1,2026-05-22,95.1,-0.02059732234809475,-0.026318675084708754,gru,test,0,0.537366509437561,HOLD
2881,2026-05-20,2026-05-20T13:30:00+08:00,2026-05-21,96.5,2026-05-25,97.7,0.012435233160621895,0.006520914950082224,gru,test,1,0.5083574652671814,HOLD
2881,2026-05-21,2026-05-21T13:30:00+08:00,2026-05-22,95.4,2026-05-26,103.5,0.08490566037735836,0.07856799343953713,gru,test,1,0.4846988916397095,HOLD
2881,2026-05-22,2026-05-22T13:30:00+08:00,2026-05-25,95.4,2026-05-27,110.0,0.1530398322851152,0.14630414761689936,gru,test,1,0.4844055473804474,HOLD
2881,2026-05-25,2026-05-25T13:30:00+08:00,2026-05-26,97.8,2026-05-28,110.0,0.12474437627811863,0.11817398448519656,gru,test,1,0.5225843191146851,HOLD
2881,2026-05-26,2026-05-26T13:30:00+08:00,2026-05-27,104.5,2026-05-29,110.0,0.05263157894736836,0.04648244672394464,gru,test,1,0.5221689939498901,HOLD
2881,2026-05-27,2026-05-27T13:30:00+08:00,2026-05-28,110.0,2026-06-01,110.5,0.00454545454545463,-0.0013227741377628277,gru,test,0,0.4845203757286072,HOLD
2881,2026-05-28,2026-05-28T13:30:00+08:00,2026-05-29,110.5,2026-06-02,113.5,0.02714932126696823,0.02114904812678131,gru,test,1,0.4952872693538666,HOLD
2881,2026-05-29,2026-05-29T13:30:00+08:00,2026-06-01,109.5,2026-06-03,113.0,0.03196347031963476,0.02593507448233301,gru,test,1,0.4519399404525757,HOLD
2881,2026-06-01,2026-06-01T13:30:00+08:00,2026-06-02,110.5,2026-06-04,114.0,0.03167420814479649,0.02564750208328692,gru,test,1,0.5614340305328369,HOLD
2881,2026-06-02,2026-06-02T13:30:00+08:00,2026-06-03,115.5,2026-06-05,118.0,0.02164502164502169,0.015676902837698847,gru,test,1,0.5345093607902527,HOLD
2881,2026-06-03,2026-06-03T13:30:00+08:00,2026-06-04,113.5,2026-06-08,116.0,0.022026431718061623,0.016056084836816753,gru,test,1,0.44333168864250183,SELL
2881,2026-06-04,2026-06-04T13:30:00+08:00,2026-06-05,114.0,2026-06-09,125.0,0.09649122807017552,0.09008588200410883,gru,test,1,0.49524661898612976,HOLD
2881,2026-06-05,2026-06-05T13:30:00+08:00,2026-06-08,112.0,2026-06-10,122.5,0.09375,0.08736066729909875,gru,test,1,0.5936526656150818,HOLD
2881,2026-06-08,2026-06-08T13:30:00+08:00,2026-06-09,115.0,2026-06-11,125.5,0.09130434782608687,0.084929301831846,gru,test,1,0.4864332675933838,HOLD
2881,2026-06-09,2026-06-09T13:30:00+08:00,2026-06-10,124.0,2026-06-12,122.0,-0.016129032258064502,-0.02187648729592584,gru,test,0,0.4739362895488739,HOLD
2881,2026-06-10,2026-06-10T13:30:00+08:00,2026-06-11,125.0,2026-06-15,127.5,0.020000000000000018,0.014041490875502438,gru,test,1,0.5343247056007385,HOLD
2881,2026-06-11,2026-06-11T13:30:00+08:00,2026-06-12,127.0,2026-06-16,132.0,0.03937007874015741,0.03329841589907612,gru,test,1,0.5319303870201111,HOLD
2881,2026-06-12,2026-06-12T13:30:00+08:00,2026-06-15,126.0,2026-06-17,135.5,0.07539682539682535,0.06911470598841074,gru,test,1,0.5285142660140991,HOLD
2881,2026-06-15,2026-06-15T13:30:00+08:00,2026-06-16,128.5,2026-06-18,138.0,0.07392996108949412,0.0676564106265305,gru,test,1,0.48326173424720764,HOLD
2881,2026-06-16,2026-06-16T13:30:00+08:00,2026-06-17,133.0,2026-06-22,138.5,0.041353383458646586,0.03527013479475949,gru,test,1,0.5244742035865784,HOLD
2881,2026-06-17,2026-06-17T13:30:00+08:00,2026-06-18,137.0,2026-06-23,137.5,0.0036496350364962904,-0.0022133605597425277,gru,test,0,0.5240051746368408,HOLD
2881,2026-06-18,2026-06-18T13:30:00+08:00,2026-06-22,139.5,2026-06-24,134.5,-0.03584229390681004,-0.04147459046486013,gru,test,0,0.5371001362800598,HOLD
2881,2026-06-22,2026-06-22T13:30:00+08:00,2026-06-23,137.0,2026-06-25,136.0,-0.007299270072992692,-0.013098305717272551,gru,test,0,0.4940027892589569,HOLD
2881,2026-06-23,2026-06-23T13:30:00+08:00,2026-06-24,135.5,2026-06-26,134.0,-0.011070110701106972,-0.016847118317651955,gru,test,0,0.4942847788333893,HOLD
2881,2026-06-24,2026-06-24T13:30:00+08:00,2026-06-25,133.5,2026-06-29,128.5,-0.03745318352059923,-0.0430760697840783,gru,test,0,0.48776790499687195,HOLD
2881,2026-06-25,2026-06-25T13:30:00+08:00,2026-06-26,136.0,2026-06-30,129.5,-0.047794117647058876,-0.05335659552784344,gru,test,0,0.5754888653755188,HOLD
2882,2026-01-02,2026-01-02T13:30:00+08:00,2026-01-05,75.0,2026-01-07,75.6,0.008000000000000007,0.0021115909828492985,gru,test,0,0.5115980505943298,HOLD
2882,2026-01-05,2026-01-05T13:30:00+08:00,2026-01-06,76.1,2026-01-08,76.4,0.003942181340341744,-0.001922523216505656,gru,test,0,0.5212292671203613,HOLD
2882,2026-01-06,2026-01-06T13:30:00+08:00,2026-01-07,76.5,2026-01-09,75.9,-0.007843137254901933,-0.013638995803529008,gru,test,0,0.5453213453292847,HOLD
2882,2026-01-07,2026-01-07T13:30:00+08:00,2026-01-08,75.6,2026-01-12,76.1,0.006613756613756516,0.000733445580788139,gru,test,0,0.4926346242427826,HOLD
2882,2026-01-08,2026-01-08T13:30:00+08:00,2026-01-09,76.5,2026-01-13,77.4,0.011764705882353121,0.005854304674662192,gru,test,1,0.5575308203697205,HOLD
2882,2026-01-09,2026-01-09T13:30:00+08:00,2026-01-12,76.4,2026-01-14,74.7,-0.022251308900523625,-0.027962999584231096,gru,test,0,0.5082806348800659,HOLD
2882,2026-01-12,2026-01-12T13:30:00+08:00,2026-01-13,76.2,2026-01-15,75.2,-0.013123359580052507,-0.018888372782695617,gru,test,0,0.46493735909461975,HOLD
2882,2026-01-13,2026-01-13T13:30:00+08:00,2026-01-14,77.5,2026-01-16,76.2,-0.01677419354838705,-0.022517879763272908,gru,test,0,0.48879238963127136,HOLD
2882,2026-01-14,2026-01-14T13:30:00+08:00,2026-01-15,74.9,2026-01-19,77.4,0.03337783711615483,0.027341179006830973,gru,test,1,0.49315905570983887,HOLD
2882,2026-01-15,2026-01-15T13:30:00+08:00,2026-01-16,75.6,2026-01-20,76.6,0.013227513227513255,0.007308566773828851,gru,test,1,0.5523868799209595,HOLD
2882,2026-01-16,2026-01-16T13:30:00+08:00,2026-01-19,76.2,2026-01-21,75.7,-0.006561679790026198,-0.012365024197474095,gru,test,0,0.5365495085716248,HOLD
2882,2026-01-19,2026-01-19T13:30:00+08:00,2026-01-20,76.9,2026-01-22,75.6,-0.016905071521456594,-0.022647993189678917,gru,test,0,0.4630257487297058,HOLD
2882,2026-01-20,2026-01-20T13:30:00+08:00,2026-01-21,76.6,2026-01-23,76.6,0.0,-0.005841675612252573,gru,test,0,0.4985528886318207,HOLD
2882,2026-01-21,2026-01-21T13:30:00+08:00,2026-01-22,76.0,2026-01-26,77.1,0.014473684210526194,0.008547458030201627,gru,test,1,0.5276126861572266,HOLD
2882,2026-01-22,2026-01-22T13:30:00+08:00,2026-01-23,75.9,2026-01-27,75.9,0.0,-0.005841675612252684,gru,test,0,0.5227484107017517,HOLD
2882,2026-01-23,2026-01-23T13:30:00+08:00,2026-01-26,76.6,2026-01-28,75.8,-0.010443864229764954,-0.016224530175048768,gru,test,0,0.5205000638961792,HOLD
2882,2026-01-26,2026-01-26T13:30:00+08:00,2026-01-27,77.0,2026-01-29,76.4,-0.007792207792207684,-0.013588363854234897,gru,test,0,0.5077486634254456,HOLD
2882,2026-01-27,2026-01-27T13:30:00+08:00,2026-01-28,76.1,2026-01-30,75.4,-0.009198423127463662,-0.014986364535661378,gru,test,0,0.5456138849258423,HOLD
2882,2026-01-28,2026-01-28T13:30:00+08:00,2026-01-29,75.4,2026-02-02,74.3,-0.01458885941644572,-0.02034531164443465,gru,test,0,0.5003157258033752,HOLD
2882,2026-01-29,2026-01-29T13:30:00+08:00,2026-01-30,76.1,2026-02-03,74.7,-0.018396846254927657,-0.024131053459070295,gru,test,0,0.5023981928825378,HOLD
2882,2026-01-30,2026-01-30T13:30:00+08:00,2026-02-02,75.7,2026-02-04,76.2,0.006605019815059343,0.0007247598196347127,gru,test,0,0.5215609073638916,HOLD
2882,2026-02-02,2026-02-02T13:30:00+08:00,2026-02-03,74.9,2026-02-05,76.0,0.014686248331108098,0.008758780420144108,gru,test,1,0.4643510580062866,HOLD
2882,2026-02-03,2026-02-03T13:30:00+08:00,2026-02-04,75.0,2026-02-06,75.7,0.009333333333333416,0.003437135415366388,gru,test,0,0.5257904529571533,HOLD
2882,2026-02-04,2026-02-04T13:30:00+08:00,2026-02-05,75.8,2026-02-09,77.2,0.018469656992084582,0.012520087635014665,gru,test,1,0.514310896396637,HOLD
2882,2026-02-05,2026-02-05T13:30:00+08:00,2026-02-06,75.9,2026-02-10,77.9,0.026350461133069825,0.020354854674644596,gru,test,1,0.4853343367576599,HOLD
2882,2026-02-06,2026-02-06T13:30:00+08:00,2026-02-09,76.2,2026-02-11,78.8,0.034120734908136496,0.02807973703089872,gru,test,1,0.45394831895828247,HOLD
2882,2026-02-09,2026-02-09T13:30:00+08:00,2026-02-10,77.5,2026-02-23,79.6,0.02709677419354839,0.021096808016318525,gru,test,1,0.48441433906555176,HOLD
2882,2026-02-10,2026-02-10T13:30:00+08:00,2026-02-11,78.4,2026-02-24,78.2,-0.0025510204081633514,-0.008377793786711218,gru,test,0,0.49883732199668884,HOLD
2882,2026-02-11,2026-02-11T13:30:00+08:00,2026-02-23,81.4,2026-02-25,76.9,-0.055282555282555323,-0.060801288139830656,gru,test,0,0.5280366539955139,HOLD
2882,2026-02-23,2026-02-23T13:30:00+08:00,2026-02-24,79.2,2026-02-26,79.7,0.0063131313131312705,0.0004345764356499249,gru,test,0,0.5270963311195374,HOLD
2882,2026-02-24,2026-02-24T13:30:00+08:00,2026-02-25,78.2,2026-03-02,77.9,-0.0038363171355498826,-0.009655582227550696,gru,test,0,0.522095799446106,HOLD
2882,2026-02-25,2026-02-25T13:30:00+08:00,2026-02-26,77.0,2026-03-03,77.6,0.007792207792207684,0.001905012629729974,gru,test,0,0.5258907079696655,HOLD
2882,2026-02-26,2026-02-26T13:30:00+08:00,2026-03-02,79.4,2026-03-04,73.2,-0.07808564231738035,-0.08347116693724044,gru,test,0,0.46327102184295654,HOLD
2882,2026-03-02,2026-03-02T13:30:00+08:00,2026-03-03,77.3,2026-03-05,73.6,-0.04786545924967667,-0.0534275203759611,gru,test,0,0.5040228366851807,HOLD
2882,2026-03-03,2026-03-03T13:30:00+08:00,2026-03-04,76.5,2026-03-06,73.0,-0.04575163398692805,-0.051326043394698595,gru,test,0,0.5319605469703674,HOLD
2882,2026-03-04,2026-03-04T13:30:00+08:00,2026-03-05,74.3,2026-03-09,70.0,-0.05787348586810226,-0.0633770833493631,gru,test,0,0.5219497084617615,HOLD
2882,2026-03-05,2026-03-05T13:30:00+08:00,2026-03-06,73.0,2026-03-10,71.1,-0.026027397260274032,-0.03171702926070086,gru,test,0,0.5201468467712402,HOLD
2882,2026-03-06,2026-03-06T13:30:00+08:00,2026-03-09,68.3,2026-03-11,71.8,0.051244509516837455,0.0451034801030783,gru,test,1,0.5198559761047363,HOLD
2882,2026-03-09,2026-03-09T13:30:00+08:00,2026-03-10,71.6,2026-03-12,72.5,0.012569832402234749,0.006654727906587832,gru,test,1,0.483943909406662,HOLD
2882,2026-03-10,2026-03-10T13:30:00+08:00,2026-03-11,71.2,2026-03-13,71.7,0.0070224719101124045,0.00113977329496473,gru,test,0,0.5046323537826538,HOLD
2882,2026-03-11,2026-03-11T13:30:00+08:00,2026-03-12,72.6,2026-03-16,72.4,-0.0027548209366389242,-0.008580403778609691,gru,test,0,0.5253047347068787,HOLD
2882,2026-03-12,2026-03-12T13:30:00+08:00,2026-03-13,71.6,2026-03-17,73.2,0.022346368715083997,0.01637415286568622,gru,test,1,0.5335489511489868,HOLD
2882,2026-03-13,2026-03-13T13:30:00+08:00,2026-03-16,72.2,2026-03-18,73.4,0.016620498614958512,0.010681731441283482,gru,test,1,0.49938979744911194,HOLD
2882,2026-03-16,2026-03-16T13:30:00+08:00,2026-03-17,72.5,2026-03-19,71.6,-0.012413793103448367,-0.01818295136327286,gru,test,0,0.5166871547698975,HOLD
2882,2026-03-17,2026-03-17T13:30:00+08:00,2026-03-18,74.2,2026-03-20,72.0,-0.02964959568733161,-0.03531806797954429,gru,test,0,0.5019106864929199,HOLD
2882,2026-03-18,2026-03-18T13:30:00+08:00,2026-03-19,73.0,2026-03-23,71.7,-0.017808219178082174,-0.023545864950664575,gru,test,0,0.4536389410495758,HOLD
2882,2026-03-19,2026-03-19T13:30:00+08:00,2026-03-20,71.3,2026-03-24,70.8,-0.007012622720897643,-0.012813332866023486,gru,test,0,0.4805057644844055,HOLD
2882,2026-03-20,2026-03-20T13:30:00+08:00,2026-03-23,70.1,2026-03-25,71.4,0.018544935805991702,0.012594926694510455,gru,test,1,0.4645954966545105,HOLD
2882,2026-03-23,2026-03-23T13:30:00+08:00,2026-03-24,71.8,2026-03-26,70.8,-0.013927576601671321,-0.019687891829352044,gru,test,0,0.511812686920166,HOLD
2882,2026-03-24,2026-03-24T13:30:00+08:00,2026-03-25,72.4,2026-03-27,70.6,-0.024861878453038777,-0.030558319036257497,gru,test,0,0.5180134177207947,HOLD
2882,2026-03-25,2026-03-25T13:30:00+08:00,2026-03-26,71.4,2026-03-30,70.4,-0.014005602240896309,-0.019765461668103335,gru,test,0,0.4935603439807892,HOLD
2882,2026-03-26,2026-03-26T13:30:00+08:00,2026-03-27,70.4,2026-03-31,70.3,-0.0014204545454546968,-0.007253832323030562,gru,test,0,0.5009172558784485,HOLD
2882,2026-03-27,2026-03-27T13:30:00+08:00,2026-03-30,69.1,2026-04-01,71.9,0.0405209840810421,0.034442598024299054,gru,test,1,0.429238498210907,SELL
2882,2026-03-30,2026-03-30T13:30:00+08:00,2026-03-31,69.8,2026-04-02,71.8,0.02865329512893977,0.02264423626132195,gru,test,1,0.4712691605091095,HOLD
2882,2026-03-31,2026-03-31T13:30:00+08:00,2026-04-01,71.6,2026-04-07,71.9,0.0041899441340784715,-0.0016762077726388824,gru,test,0,0.47149696946144104,HOLD
2882,2026-04-01,2026-04-01T13:30:00+08:00,2026-04-02,72.1,2026-04-08,73.8,0.023578363384188616,0.01759895062157768,gru,test,1,0.48438742756843567,HOLD
2882,2026-04-02,2026-04-02T13:30:00+08:00,2026-04-07,72.2,2026-04-09,73.6,0.01939058171745134,0.013435632616872528,gru,test,1,0.4987523853778839,HOLD
2882,2026-04-07,2026-04-07T13:30:00+08:00,2026-04-08,73.6,2026-04-10,72.9,-0.009510869565217184,-0.015296985762679238,gru,test,0,0.5244638323783875,HOLD
2882,2026-04-08,2026-04-08T13:30:00+08:00,2026-04-09,74.3,2026-04-13,72.0,-0.030955585464333746,-0.03661642858791636,gru,test,0,0.5188227891921997,HOLD
2882,2026-04-09,2026-04-09T13:30:00+08:00,2026-04-10,73.9,2026-04-14,72.7,-0.016238159675236896,-0.02198497722612658,gru,test,0,0.5166536569595337,HOLD
2882,2026-04-10,2026-04-10T13:30:00+08:00,2026-04-13,72.6,2026-04-15,72.9,0.004132231404958775,-0.001733583362716118,gru,test,0,0.5000322461128235,HOLD
2882,2026-04-13,2026-04-13T13:30:00+08:00,2026-04-14,71.5,2026-04-16,74.2,0.03776223776223775,0.03169996740658543,gru,test,1,0.5278238654136658,HOLD
2882,2026-04-14,2026-04-14T13:30:00+08:00,2026-04-15,72.9,2026-04-17,75.0,0.028806584362139898,0.022796630028546705,gru,test,1,0.5171757340431213,HOLD
2882,2026-04-15,2026-04-15T13:30:00+08:00,2026-04-16,73.0,2026-04-20,74.6,0.021917808219177992,0.015948095881177293,gru,test,1,0.5023787021636963,HOLD
2882,2026-04-16,2026-04-16T13:30:00+08:00,2026-04-17,74.2,2026-04-21,75.5,0.017520215633423097,0.011576192604783486,gru,test,1,0.47647082805633545,HOLD
2882,2026-04-17,2026-04-17T13:30:00+08:00,2026-04-20,74.8,2026-04-22,75.9,0.014705882352941346,0.008778299746390994,gru,test,1,0.5130658149719238,HOLD
2882,2026-04-20,2026-04-20T13:30:00+08:00,2026-04-21,75.4,2026-04-23,74.8,-0.007957559681697757,-0.013752749811624665,gru,test,0,0.5299786329269409,HOLD
2882,2026-04-21,2026-04-21T13:30:00+08:00,2026-04-22,75.5,2026-04-24,74.9,-0.007947019867549643,-0.013742271567651732,gru,test,0,0.4964388906955719,HOLD
2882,2026-04-22,2026-04-22T13:30:00+08:00,2026-04-23,75.1,2026-04-27,74.5,-0.00798934753661773,-0.013784351972207731,gru,test,0,0.46508634090423584,HOLD
2882,2026-04-23,2026-04-23T13:30:00+08:00,2026-04-24,74.5,2026-04-28,74.7,0.0026845637583892135,-0.003172794204500007,gru,test,0,0.5607332587242126,HOLD
2882,2026-04-24,2026-04-24T13:30:00+08:00,2026-04-27,74.1,2026-04-29,78.6,0.06072874493927127,0.054532311698744396,gru,test,1,0.5053601264953613,HOLD
2882,2026-04-27,2026-04-27T13:30:00+08:00,2026-04-28,74.5,2026-04-30,77.2,0.03624161073825505,0.030188223392404234,gru,test,1,0.5200578570365906,HOLD
2882,2026-04-28,2026-04-28T13:30:00+08:00,2026-04-29,75.9,2026-05-04,76.2,0.0039525691699604515,-0.0019121960692181084,gru,test,0,0.49717777967453003,HOLD
2882,2026-04-29,2026-04-29T13:30:00+08:00,2026-04-30,78.0,2026-05-05,77.2,-0.01025641025641022,-0.016038171246998578,gru,test,0,0.5934011936187744,HOLD
2882,2026-04-30,2026-04-30T13:30:00+08:00,2026-05-04,77.8,2026-05-06,78.7,0.011568123393316254,0.0056588705567575115,gru,test,1,0.5136981010437012,HOLD
2882,2026-05-04,2026-05-04T13:30:00+08:00,2026-05-05,76.2,2026-05-07,79.0,0.03674540682414684,0.03068907646498742,gru,test,1,0.4890541434288025,HOLD
2882,2026-05-05,2026-05-05T13:30:00+08:00,2026-05-06,77.7,2026-05-08,80.0,0.029601029601029616,0.02358643437605923,gru,test,1,0.467108815908432,HOLD
2882,2026-05-06,2026-05-06T13:30:00+08:00,2026-05-07,78.5,2026-05-11,78.4,-0.00127388535031836,-0.007108119337587149,gru,test,0,0.5211650729179382,HOLD
2882,2026-05-07,2026-05-07T13:30:00+08:00,2026-05-08,79.5,2026-05-12,76.4,-0.03899371069182378,-0.04460759769529676,gru,test,0,0.5059199929237366,HOLD
2882,2026-05-08,2026-05-08T13:30:00+08:00,2026-05-11,79.6,2026-05-13,77.3,-0.028894472361808976,-0.03456735583953652,gru,test,0,0.4919290840625763,HOLD
2882,2026-05-11,2026-05-11T13:30:00+08:00,2026-05-12,78.7,2026-05-14,76.7,-0.02541296060991105,-0.031106181949933642,gru,test,0,0.5012314915657043,HOLD
2882,2026-05-12,2026-05-12T13:30:00+08:00,2026-05-13,76.6,2026-05-15,77.9,0.016971279373368287,0.011030463052291717,gru,test,1,0.5806487202644348,HOLD
2882,2026-05-13,2026-05-13T13:30:00+08:00,2026-05-14,76.9,2026-05-18,76.8,-0.0013003901170351995,-0.007134469272054633,gru,test,0,0.5497480630874634,HOLD
2882,2026-05-14,2026-05-14T13:30:00+08:00,2026-05-15,77.4,2026-05-19,77.8,0.0051679586563306845,-0.0007039064939698969,gru,test,0,0.5122580528259277,HOLD
2882,2026-05-15,2026-05-15T13:30:00+08:00,2026-05-18,78.0,2026-05-20,77.9,-0.0012820512820511665,-0.007116237566595629,gru,test,0,0.5533790588378906,HOLD
2882,2026-05-18,2026-05-18T13:30:00+08:00,2026-05-19,77.5,2026-05-21,78.7,0.015483870967742064,0.009551743604073959,gru,test,1,0.4751265347003937,HOLD
2882,2026-05-19,2026-05-19T13:30:00+08:00,2026-05-20,78.0,2026-05-22,79.7,0.02179487179487194,0.01582587761158316,gru,test,1,0.5096220970153809,HOLD
2882,2026-05-20,2026-05-20T13:30:00+08:00,2026-05-21,77.8,2026-05-25,81.5,0.04755784061696655,0.04143834752701059,gru,test,1,0.5036726593971252,HOLD
2882,2026-05-21,2026-05-21T13:30:00+08:00,2026-05-22,78.5,2026-05-26,83.1,0.05859872611464967,0.05241473575314415,gru,test,1,0.5037219524383545,HOLD
2882,2026-05-22,2026-05-22T13:30:00+08:00,2026-05-25,79.9,2026-05-27,85.4,0.06883604505632035,0.06259225159841852,gru,test,1,0.4976993501186371,HOLD
2882,2026-05-25,2026-05-25T13:30:00+08:00,2026-05-26,80.6,2026-05-28,84.8,0.05210918114143914,0.04596310059653819,gru,test,1,0.5112940669059753,HOLD
2882,2026-05-26,2026-05-26T13:30:00+08:00,2026-05-27,83.1,2026-05-29,85.7,0.03128760529482566,0.02526315764175635,gru,test,1,0.5086280703544617,HOLD
2882,2026-05-27,2026-05-27T13:30:00+08:00,2026-05-28,85.4,2026-06-01,88.2,0.032786885245901676,0.026753679285706156,gru,test,1,0.4686773121356964,HOLD
2882,2026-05-28,2026-05-28T13:30:00+08:00,2026-05-29,85.6,2026-06-02,89.2,0.0420560747663552,0.03596872120779282,gru,test,1,0.46657758951187134,HOLD
2882,2026-05-29,2026-05-29T13:30:00+08:00,2026-06-01,86.6,2026-06-03,91.8,0.06004618937644346,0.05385374340410176,gru,test,1,0.456498920917511,HOLD
2882,2026-06-01,2026-06-01T13:30:00+08:00,2026-06-02,88.5,2026-06-04,94.4,0.06666666666666665,0.06043554601359724,gru,test,1,0.6176915168762207,BUY
2882,2026-06-02,2026-06-02T13:30:00+08:00,2026-06-03,89.9,2026-06-05,100.0,0.11234705228031139,0.1058490816326445,gru,test,1,0.4725533425807953,HOLD
2882,2026-06-03,2026-06-03T13:30:00+08:00,2026-06-04,96.3,2026-06-08,95.0,-0.01349948078920038,-0.01926229681374858,gru,test,0,0.49047112464904785,HOLD
2882,2026-06-04,2026-06-04T13:30:00+08:00,2026-06-05,94.4,2026-06-09,104.0,0.10169491525423724,0.09525917093565406,gru,test,1,0.5335072875022888,HOLD
2882,2026-06-05,2026-06-05T13:30:00+08:00,2026-06-08,97.8,2026-06-10,99.9,0.021472392638036908,0.01550528227337411,gru,test,1,0.5116597414016724,HOLD
2882,2026-06-08,2026-06-08T13:30:00+08:00,2026-06-09,95.3,2026-06-11,100.5,0.05456453305351516,0.04840410913923021,gru,test,1,0.43692779541015625,SELL
2882,2026-06-09,2026-06-09T13:30:00+08:00,2026-06-10,102.0,2026-06-12,100.5,-0.014705882352941124,-0.020461650970895917,gru,test,0,0.5298336744308472,HOLD
2882,2026-06-10,2026-06-10T13:30:00+08:00,2026-06-11,101.0,2026-06-15,104.0,0.02970297029702973,0.023687779567581613,gru,test,1,0.5881142020225525,HOLD
2882,2026-06-11,2026-06-11T13:30:00+08:00,2026-06-12,102.0,2026-06-16,109.5,0.07352941176470584,0.06725820118096415,gru,test,1,0.5996811985969543,HOLD
2882,2026-06-12,2026-06-12T13:30:00+08:00,2026-06-15,105.0,2026-06-17,113.5,0.08095238095238089,0.07463780779056495,gru,test,1,0.5563474297523499,HOLD
2882,2026-06-15,2026-06-15T13:30:00+08:00,2026-06-16,104.5,2026-06-18,115.5,0.10526315789473695,0.09880656906014207,gru,test,1,0.5362625122070312,HOLD
2882,2026-06-16,2026-06-16T13:30:00+08:00,2026-06-17,110.0,2026-06-22,113.0,0.027272727272727337,0.021271733234685897,gru,test,1,0.5079428553581238,HOLD
2882,2026-06-17,2026-06-17T13:30:00+08:00,2026-06-18,115.0,2026-06-23,113.5,-0.013043478260869601,-0.01880895810426675,gru,test,0,0.46616166830062866,HOLD
2882,2026-06-18,2026-06-18T13:30:00+08:00,2026-06-22,117.0,2026-06-24,110.0,-0.05982905982905984,-0.0653212334816049,gru,test,0,0.5336025953292847,HOLD
2882,2026-06-22,2026-06-22T13:30:00+08:00,2026-06-23,113.0,2026-06-25,111.5,-0.013274336283185861,-0.019038467528904035,gru,test,0,0.4658392071723938,HOLD
2882,2026-06-23,2026-06-23T13:30:00+08:00,2026-06-24,110.5,2026-06-26,106.0,-0.040723981900452455,-0.04632776122080329,gru,test,0,0.518791675567627,HOLD
2882,2026-06-24,2026-06-24T13:30:00+08:00,2026-06-25,110.0,2026-06-29,101.5,-0.07727272727272727,-0.08266300067857857,gru,test,0,0.5078370571136475,HOLD
2882,2026-06-25,2026-06-25T13:30:00+08:00,2026-06-26,110.5,2026-06-30,98.3,-0.11040723981900458,-0.11560395215099029,gru,test,0,0.5176401138305664,HOLD
