industry,model,stock_code,fold,signal_date,entry_date,exit_date,target_date,entry_price,exit_price,exit_reason,shares,p_sell,p_hold,p_buy,trade_return,profit,equity_after_trade
technology,random_forest,2303,1,2023-09-05,2023-09-06,2023-09-08,2023-09-08,46.9,45.3,stop_loss,1000,0.32177234723329273,0.24923379613910115,0.42899385662760614,-0.03975752463187726,-1867.2850000000035,98132.715
technology,random_forest,2303,1,2023-09-18,2023-09-19,2023-09-21,2023-09-21,46.5,45.65,target_close,1000,0.34866308801773327,0.2873567314721775,0.3639801805100894,-0.024014462187082298,-1118.2637499999983,97014.45125
technology,random_forest,2303,1,2023-09-25,2023-09-26,2023-09-27,2023-09-28,45.55,44.183499999999995,stop_loss,1000,0.3466663697330027,0.30086959738599456,0.3524640328810026,-0.035666425343885214,-1626.9207375000115,95387.53051249999
technology,random_forest,2303,1,2023-10-02,2023-10-03,2023-10-04,2023-10-05,45.7,44.329,stop_loss,1000,0.3261279831762966,0.28850885978008656,0.3853631570436169,-0.03566642534388495,-1632.2783249999993,93755.25218749998
technology,random_forest,2303,1,2023-10-19,2023-10-20,2023-10-24,2023-10-24,49.5,48.015,stop_loss,1000,0.33685367961622914,0.2596870734891971,0.40345924689457374,-0.035666425343885005,-1768.0038750000022,91987.24831249999
technology,random_forest,2303,1,2023-10-30,2023-10-31,2023-11-02,2023-11-02,46.4,48.25,target_close,1000,0.39826765129047914,0.1981381946724773,0.4035941540370437,0.033796102407517535,1570.3737499999988,93557.62206249998
technology,random_forest,2303,1,2023-11-08,2023-11-09,2023-11-13,2023-11-13,48.1,48.95,target_close,1000,0.3543276584799128,0.2821297760495796,0.3635425654705078,0.011726610785451827,564.8537499999948,94122.47581249998
technology,random_forest,2303,1,2023-11-15,2023-11-16,2023-11-20,2023-11-20,49.05,50.3,target_close,1000,0.309280691550066,0.2934425018742214,0.3972768065757129,0.019493653755427113,957.5262500000026,95080.00206249999
technology,random_forest,2303,1,2023-11-23,2023-11-24,2023-11-28,2023-11-28,50.5,48.985,stop_loss,1000,0.3260746033724148,0.3139219793202129,0.36000341730737256,-0.03566642534388503,-1803.7211250000037,93276.28093749998
technology,random_forest,2303,1,2023-11-28,2023-11-29,2023-12-01,2023-12-01,49.15,49.7,target_close,1000,0.3240099785769903,0.3025676576864569,0.373422363736553,0.005283188648444527,260.0387499999997,93536.31968749998
technology,random_forest,2303,1,2023-12-08,2023-12-11,2023-12-13,2023-12-13,49.0,50.2,target_close,1000,0.3452185888388156,0.2847127833688435,0.3700686277923411,0.018505058862549457,908.0400000000009,94444.3596875
technology,random_forest,2303,1,2023-12-19,2023-12-20,2023-12-22,2023-12-22,50.0,50.0,target_close,1000,0.35931419324338065,0.2701589699931221,0.3705268367634975,-0.0058416756122525405,-292.5,94151.8596875
technology,random_forest,2303,1,2023-12-26,2023-12-27,2023-12-29,2023-12-29,51.3,52.6,target_close,1000,0.31052934856202646,0.3425042052385214,0.34696644619945227,0.019351420327398013,994.1425000000017,95146.0021875
technology,random_forest,2303,2,2024-01-17,2024-01-18,2024-01-22,2024-01-22,48.6,50.3,target_close,1000,0.3384053857500346,0.2605648055736109,0.40102980867635496,0.028933409808718117,1408.1675000000032,96554.16968749999
technology,random_forest,2303,2,2024-01-22,2024-01-23,2024-01-25,2024-01-25,50.8,52.3,target_close,1000,0.279392984929336,0.3110354812297846,0.40957153384087946,0.023513393021243993,1196.1825000000026,97750.35218749999
technology,random_forest,2303,2,2024-01-29,2024-01-30,2024-02-01,2024-02-01,49.65,49.05,target_close,1000,0.26562919886151865,0.29818601563493835,0.43618478550354306,-0.017855673490050104,-887.7975000000006,96862.55468749999
technology,random_forest,2303,2,2024-02-01,2024-02-02,2024-02-15,2024-02-15,48.85,49.2,target_close,1000,0.29569570287220504,0.2639750374847026,0.44032925964309233,0.0012812601817231146,62.67874999999913,96925.23343749999
technology,random_forest,2303,2,2024-02-15,2024-02-16,2024-02-20,2024-02-20,49.25,49.25,target_close,1000,0.2636156166317018,0.19796446786206057,0.5384199155062379,-0.005841675612252599,-288.1125000000029,96637.12093749999
technology,random_forest,2303,2,2024-02-20,2024-02-21,2024-02-23,2024-02-23,48.9,48.15,target_close,1000,0.2844384142839383,0.2608277765703355,0.4547338091457263,-0.021089502673414386,-1032.7462500000038,95604.37468749998
technology,random_forest,2303,2,2024-02-23,2024-02-26,2024-02-29,2024-02-29,48.0,48.85,target_close,1000,0.34159754966412087,0.25522181097844515,0.40318063935743426,0.011763211382113845,565.4387500000012,96169.81343749998
technology,random_forest,2303,2,2024-02-29,2024-03-01,2024-03-05,2024-03-05,49.0,48.75,target_close,1000,0.3053423181857176,0.3273706439735373,0.3672870378407451,-0.01091391196116956,-535.5437499999971,95634.26968749998
technology,random_forest,2303,2,2024-03-05,2024-03-06,2024-03-08,2024-03-08,48.55,51.9,target_close,1000,0.3361322565267132,0.2955971238973331,0.3682706195759538,0.06275627262047555,3051.158749999995,98685.42843749997
technology,random_forest,2303,2,2024-03-20,2024-03-21,2024-03-25,2024-03-25,53.5,51.894999999999996,stop_loss,1000,0.27275369853004394,0.27299090656886094,0.45425539490109523,-0.035666425343885116,-1910.8728750000082,96774.55556249997
technology,random_forest,2303,2,2024-04-22,2024-04-23,2024-04-25,2024-04-25,49.1,49.5,target_close,1000,0.33097729025431927,0.32737661502373855,0.34164609472194235,0.002257373873594743,110.99500000000262,96885.55056249996
technology,random_forest,2303,2,2024-04-25,2024-04-26,2024-04-30,2024-04-30,49.7,50.7,target_close,1000,0.25615942743738424,0.21679381356090563,0.5270467590017103,0.014161509989110477,704.8299999999945,97590.38056249995
technology,random_forest,2303,3,2024-05-27,2024-05-28,2024-05-30,2024-05-30,57.1,55.0,stop_loss,1000,0.302755733063985,0.25970993652005375,0.4375343304159614,-0.04240441608885972,-2424.7425000000003,95165.63806249996
technology,random_forest,2303,3,2024-05-30,2024-05-31,2024-06-04,2024-06-04,56.0,54.32,stop_loss,1000,0.301865743171799,0.31391430526430364,0.3842199515638976,-0.03566642534388505,-2000.1660000000047,93165.47206249996
technology,random_forest,2303,3,2024-06-19,2024-06-20,2024-06-24,2024-06-24,56.9,56.8,target_close,1000,0.33217009617178805,0.3019359094135313,0.36589399441468085,-0.00758887829131726,-432.42250000000786,92733.04956249995
technology,random_forest,2303,3,2024-08-05,2024-08-06,2024-08-06,2024-08-08,51.4,49.858,stop_loss,1000,0.2843264912170177,0.2742163550922716,0.4414571536907107,-0.03566642534388503,-1835.8666500000036,90897.18291249993
technology,random_forest,2303,4,2024-09-03,2024-09-04,2024-09-06,2024-09-06,53.0,54.5,target_close,1000,0.2947540206046195,0.3516697909133051,0.3535761884820755,0.022294880738344087,1183.3125,92080.49541249993
technology,random_forest,2303,4,2024-10-24,2024-10-25,2024-10-29,2024-10-29,49.95,48.4515,stop_loss,1000,0.3004356572533911,0.3021437743841776,0.39742056836243156,-0.035666425343885005,-1784.076637500002,90296.41877499994
technology,random_forest,2303,4,2024-10-29,2024-10-30,2024-11-01,2024-11-04,48.5,45.75,stop_loss,1000,0.2839847358144155,0.23122510306386954,0.4847901611217148,-0.06221147751052691,-3021.5562500000015,87274.86252499995
technology,random_forest,2303,4,2024-11-07,2024-11-08,2024-11-11,2024-11-12,47.4,45.977999999999994,stop_loss,1000,0.3657050859084599,0.2663630438987561,0.3679318701927842,-0.03566642534388507,-1692.9976500000048,85581.86487499994
technology,random_forest,2303,4,2024-11-12,2024-11-13,2024-11-15,2024-11-15,45.9,45.0,target_close,1000,0.3349488937323418,0.3091999883107759,0.3558511179568825,-0.025334976090443693,-1164.5325000000012,84417.33237499994
technology,random_forest,2303,4,2024-11-15,2024-11-18,2024-11-20,2024-11-20,44.9,44.9,target_close,1000,0.25213136135916825,0.29569546008656794,0.4521731785542638,-0.00584167561225256,-262.6650000000009,84154.66737499993
technology,random_forest,2303,4,2024-11-20,2024-11-21,2024-11-25,2024-11-25,44.55,44.9,target_close,1000,0.26810091104993844,0.31429473267329316,0.4176043562767685,0.0019687713806926803,87.83374999999796,84242.50112499992
technology,random_forest,2303,4,2024-12-05,2024-12-06,2024-12-10,2024-12-10,43.15,43.7,target_close,1000,0.3114415498132372,0.26751763150148716,0.42104081868527565,0.006830099090256537,295.13875000000553,84537.63987499994
technology,random_forest,2303,4,2024-12-10,2024-12-11,2024-12-13,2024-12-13,43.25,41.9525,stop_loss,1000,0.28491071343498686,0.3361712509926435,0.3789180355723697,-0.03566642534388488,-1544.7710624999963,82992.86881249995
technology,random_forest,2303,4,2024-12-16,2024-12-17,2024-12-19,2024-12-19,42.0,43.0,target_close,1000,0.3297066483506669,0.30594134319046573,0.3643520084588674,0.017828760682693828,749.875,83742.74381249995
technology,random_forest,2303,4,2024-12-20,2024-12-23,2024-12-25,2024-12-25,42.75,44.05,target_close,1000,0.33088485423705505,0.2841645540042105,0.3849505917587346,0.024390039515328168,1044.1600000000035,84786.90381249995
technology,random_forest,2303,4,2024-12-25,2024-12-26,2024-12-30,2024-12-30,44.3,43.1,target_close,1000,0.2931996281733706,0.3203766059560347,0.3864237658705947,-0.03277147220966333,-1453.8450000000012,83333.05881249995
technology,random_forest,2330,1,2023-09-04,2023-09-05,2023-09-07,2023-09-07,553.0,542.0,target_close,171,0.3330503554812573,0.24160975604457394,0.4253398884741687,-0.02561697682068876,-2425.8701250000013,97574.129875
technology,random_forest,2330,1,2023-09-25,2023-09-26,2023-09-28,2023-09-28,521.0,523.0,target_close,177,0.3057393867499812,0.34094275672233837,0.3533178565276805,-0.00202532887755872,-187.03590000000258,97387.093975
technology,random_forest,2330,1,2023-10-16,2023-10-17,2023-10-19,2023-10-19,550.0,546.0,target_close,167,0.3462934278498678,0.3036333768235593,0.3500731953265735,-0.013071917971436092,-1202.366599999994,96184.727375
technology,random_forest,2330,1,2023-10-20,2023-10-23,2023-10-25,2023-10-25,552.0,544.0,target_close,165,0.3066549576221126,0.31280496223841575,0.3805400801394718,-0.02024976727004597,-1846.976999999999,94337.750375
technology,random_forest,2330,1,2023-11-02,2023-11-03,2023-11-07,2023-11-07,547.0,555.0,target_close,163,0.3527317231372363,0.29124684058256356,0.35602143628020044,0.008698117066178911,776.6379500000039,95114.388325
technology,random_forest,2330,1,2023-11-15,2023-11-16,2023-11-20,2023-11-20,581.0,577.0,target_close,155,0.3149646675078939,0.30976510975897403,0.37527022273313243,-0.01268613911922489,-1144.0782499999914,93970.31007500002
technology,random_forest,2330,1,2023-12-20,2023-12-21,2023-12-25,2023-12-25,577.0,581.0,target_close,154,0.3330509272011355,0.3204605551261666,0.34648851767269806,0.0010502365152188122,93.454899999997,94063.76497500001
technology,random_forest,2330,1,2023-12-26,2023-12-27,2023-12-29,2023-12-29,587.0,593.0,target_close,152,0.328839732814172,0.3175146663996765,0.3536456007861517,0.004320078981148636,386.0040000000008,94449.76897500001
technology,random_forest,2330,2,2024-01-08,2024-01-09,2024-01-11,2024-01-11,588.0,586.0,target_close,152,0.3162457725139529,0.3382807657697805,0.34547346171626664,-0.00922316651153049,-825.5043999999907,93624.26457500002
technology,random_forest,2330,2,2024-02-05,2024-02-15,2024-02-16,2024-02-19,709.0,687.73,stop_loss,125,0.3265664330942415,0.2876595630917567,0.38577400381400184,-0.0356664253438849,-3165.441281249994,90458.82329375003
technology,random_forest,2330,2,2024-02-21,2024-02-22,2024-02-26,2024-02-26,695.0,698.0,target_close,123,0.31689392699111335,0.3371864542388879,0.3459196187699988,-0.0015503447156148366,-132.72007500000473,90326.10321875002
technology,random_forest,2330,2,2024-03-07,2024-03-08,2024-03-11,2024-03-12,795.0,768.0,stop_loss,107,0.27682816707168756,0.30826794720188483,0.41490388572642745,-0.03960554323296862,-3373.8464250000106,86952.25679375001
technology,random_forest,2330,2,2024-03-11,2024-03-12,2024-03-14,2024-03-14,757.0,784.0,target_close,108,0.3410806078561919,0.3102935351225321,0.3486258570212762,0.02961707571993922,2424.824099999998,89377.08089375001
technology,random_forest,2330,2,2024-03-18,2024-03-19,2024-03-21,2024-03-21,758.0,784.0,target_close,111,0.32350755013814736,0.322094466756948,0.35439798310490483,0.028258741846957848,2381.0221500000043,91758.10304375002
technology,random_forest,2330,2,2024-03-21,2024-03-22,2024-03-26,2024-03-26,788.0,782.0,target_close,110,0.3018294395278489,0.3293509065219285,0.36881965395022287,-0.013411409046677026,-1164.1575000000012,90593.94554375001
technology,random_forest,2330,2,2024-03-29,2024-04-01,2024-04-03,2024-04-03,783.0,780.0,target_close,109,0.3560344771671027,0.28244690715654674,0.3615186156763506,-0.009650711337876065,-824.8329749999975,89769.11256875002
technology,random_forest,2330,2,2024-04-03,2024-04-08,2024-04-10,2024-04-10,789.0,815.0,target_close,107,0.2938614940867629,0.3488745617616286,0.35726394415160856,0.026918928233224473,2275.8150999999925,92044.92766875001
technology,random_forest,2330,2,2024-04-12,2024-04-15,2024-04-17,2024-04-17,804.0,804.0,target_close,108,0.33802028056372263,0.2729419087391116,0.3890378106971657,-0.00584167561225253,-507.96719999999914,91536.96046875001
technology,random_forest,2330,2,2024-04-22,2024-04-23,2024-04-25,2024-04-25,761.0,766.0,target_close,114,0.32718174298696395,0.33427870780050517,0.338539549212531,0.0006902450473252674,59.966849999997066,91596.92731875001
technology,random_forest,2330,3,2024-05-03,2024-05-06,2024-05-08,2024-05-08,791.0,802.0,target_close,109,0.3285515321749814,0.3219831961729613,0.3494652716520574,0.007983534967096756,689.3132750000077,92286.24059375002
technology,random_forest,2330,3,2024-05-10,2024-05-13,2024-05-15,2024-05-15,823.0,839.0,target_close,106,0.27563767718663457,0.342331315730868,0.3820310070824977,0.013485825226391239,1178.1528999999864,93464.39349375
technology,random_forest,2330,3,2024-05-16,2024-05-17,2024-05-20,2024-05-21,848.0,822.56,stop_loss,104,0.2869870009162898,0.30610262229567214,0.40691037678803815,-0.03566642534388496,-3149.9757119999995,90314.41778175
technology,random_forest,2330,3,2024-05-31,2024-06-03,2024-06-05,2024-06-05,839.0,854.0,target_close,102,0.33579628961384583,0.31559409957062423,0.34860961081552977,0.011932311116968101,1022.5984499999904,91337.01623174999
technology,random_forest,2330,3,2024-06-13,2024-06-14,2024-06-18,2024-06-18,916.0,943.0,target_close,94,0.32107999364520623,0.31048223252856777,0.3684377738262264,0.023462117792189787,2023.0609499999991,93360.07718174999
technology,random_forest,2330,3,2024-06-20,2024-06-21,2024-06-25,2024-06-25,961.0,925.0,stop_loss,92,0.29528253256348885,0.3211028415639845,0.3836146258725268,-0.04308381887755841,-3814.554600000003,89545.52258174999
technology,random_forest,2330,3,2024-06-26,2024-06-27,2024-07-01,2024-07-01,951.0,968.0,target_close,89,0.2908041181450685,0.32449059373048716,0.3847052881244444,0.011929819145467363,1011.166824999993,90556.68940674998
technology,random_forest,2330,3,2024-07-01,2024-07-02,2024-07-04,2024-07-04,967.0,1005.0,target_close,88,0.2665990060142708,0.2655414590174172,0.4678595349683118,0.03322555947227112,2831.391199999998,93388.08060674998
technology,random_forest,2330,3,2024-07-11,2024-07-12,2024-07-16,2024-07-16,1030.0,1055.0,target_close,86,0.3433056465586995,0.27622256361605585,0.38047178982524466,0.018288380804925657,1622.293249999988,95010.37385674997
technology,random_forest,2330,3,2024-07-16,2024-07-17,2024-07-18,2024-07-19,1035.0,988.0,stop_loss,87,0.36382884092421947,0.23564955556373746,0.40052160351204336,-0.050987029473338656,-4597.669425,90412.70443174997
technology,random_forest,2330,3,2024-07-19,2024-07-22,2024-07-26,2024-07-26,964.0,915.0,stop_loss,88,0.31354359741495597,0.24322820102697268,0.44322820155807113,-0.056374619486733495,-4789.186600000001,85623.51783174997
technology,random_forest,2330,3,2024-07-31,2024-08-01,2024-08-02,2024-08-05,969.0,918.0,stop_loss,83,0.3226927225173641,0.3283105759074532,0.34899670157518264,-0.05816579794844982,-4684.7669250000035,80938.75090674996
technology,random_forest,2330,3,2024-08-02,2024-08-05,2024-08-05,2024-08-07,852.0,826.4399999999999,stop_loss,90,0.2777871947239066,0.26980398875857137,0.4524088165175221,-0.03566642534388509,-2738.7987300000095,78199.95217674995
technology,random_forest,2330,3,2024-08-05,2024-08-06,2024-08-06,2024-08-08,868.0,841.9599999999999,stop_loss,85,0.2695226411348224,0.2312731972359847,0.4992041616291931,-0.03566642534388525,-2635.218705000021,75564.73347174993
technology,random_forest,2330,3,2024-08-08,2024-08-09,2024-08-13,2024-08-13,927.0,941.0,target_close,77,0.3153703006642432,0.3209767415037399,0.3636529578320172,0.00917258171399177,655.6627000000008,76220.39617174993
technology,random_forest,2330,3,2024-08-19,2024-08-20,2024-08-22,2024-08-22,977.0,951.0,target_close,74,0.2858781886830266,0.2745735944480112,0.4395482168689621,-0.03229829427559079,-2338.429600000003,73881.96657174993
technology,random_forest,2330,3,2024-08-22,2024-08-23,2024-08-27,2024-08-27,944.0,942.0,target_close,74,0.2887234196047006,0.3384438811949744,0.3728326992003251,-0.00794794324866722,-556.0026999999973,73325.96387174993
technology,random_forest,2330,3,2024-08-27,2024-08-28,2024-08-30,2024-08-30,945.0,944.0,target_close,73,0.3372670696117256,0.3246542007571063,0.3380787296311682,-0.00689369500313901,-476.23922499999753,72849.72464674994
technology,random_forest,2330,4,2024-09-03,2024-09-04,2024-09-06,2024-09-06,894.0,918.0,target_close,77,0.3212355138749486,0.3143341726931991,0.36443031343185256,0.02084713846527081,1437.120299999995,74286.84494674993
technology,random_forest,2330,4,2024-09-06,2024-09-09,2024-09-11,2024-09-11,892.0,901.0,target_close,79,0.3097212302356171,0.32719581542156057,0.3630829543428225,0.004189069813184313,295.6160249999957,74582.46097174993
technology,random_forest,2330,4,2024-09-13,2024-09-16,2024-09-19,2024-09-19,952.0,960.0,target_close,74,0.2857281598698906,0.325259188720725,0.3890126514093846,0.002512596021258012,177.25960000000487,74759.72057174993
technology,random_forest,2330,4,2024-09-20,2024-09-23,2024-09-25,2024-09-25,971.0,1005.0,target_close,73,0.2791386389934497,0.35602400060795714,0.3648373603985931,0.028969223490922884,2056.3515999999945,76816.07217174993
technology,random_forest,2330,4,2024-09-26,2024-09-27,2024-09-30,2024-10-01,1020.0,978.0,stop_loss,71,0.35217759598285425,0.2758407731188916,0.37198163089825426,-0.04677760661645387,-3392.4616499999975,73423.61052174993
technology,random_forest,2330,4,2024-09-30,2024-10-01,2024-10-07,2024-10-07,967.0,1005.0,target_close,72,0.33492299902010897,0.32012041641475997,0.3449565845651311,0.03322555947227112,2316.5927999999985,75740.20332174993
technology,random_forest,2330,4,2024-10-07,2024-10-08,2024-10-11,2024-10-11,1000.0,1045.0,target_close,71,0.38750227757133937,0.1932925690243712,0.41920515340428977,0.03889544898519601,2765.512124999994,78505.71544674992
technology,random_forest,2330,4,2024-10-11,2024-10-14,2024-10-16,2024-10-16,1045.0,1045.0,target_close,71,0.32538538702228864,0.23479937713248655,0.43981523584522497,-0.005841675612252542,-434.0407500000001,78071.67469674992
technology,random_forest,2330,4,2024-10-16,2024-10-17,2024-10-21,2024-10-21,1050.0,1085.0,target_close,70,0.30653799840015666,0.2798044600900215,0.4136575415098219,0.027296935200672327,2009.1837499999965,80080.85844674992
technology,random_forest,2330,4,2024-10-21,2024-10-22,2024-10-24,2024-10-24,1065.0,1060.0,target_close,71,0.34027918965124276,0.2326620688001902,0.42705874154856693,-0.010509085585904075,-795.7768750000105,79285.0815717499
technology,random_forest,2330,4,2024-10-24,2024-10-25,2024-10-29,2024-10-29,1065.0,1033.05,stop_loss,70,0.35685673113659744,0.19856983858016403,0.44457343028323865,-0.03566642534388493,-2662.720987499997,76622.36058424991
technology,random_forest,2330,4,2024-10-29,2024-10-30,2024-11-01,2024-11-04,1040.0,996.0,stop_loss,69,0.3723793011255778,0.24387971817703885,0.3837409806973835,-0.047902220105580436,-3442.3617000000086,73179.9988842499
technology,random_forest,2330,4,2024-11-01,2024-11-04,2024-11-06,2024-11-06,1030.0,1060.0,target_close,67,0.3566014746122959,0.24214457527000227,0.4012539501177019,0.02311439208836138,1597.3972499999945,74777.3961342499
technology,random_forest,2330,4,2024-11-06,2024-11-07,2024-11-11,2024-11-11,1050.0,1085.0,target_close,67,0.2743410283065872,0.2421329658457351,0.483526005847678,0.027296935200672303,1923.075874999995,76700.47200924989
technology,random_forest,2330,4,2024-11-11,2024-11-12,2024-11-14,2024-11-14,1060.0,1028.2,stop_loss,68,0.3366029658835974,0.32174391729118546,0.3416531168252171,-0.035666425343885075,-2574.4993800000084,74125.97262924988
technology,random_forest,2330,4,2024-11-15,2024-11-18,2024-11-20,2024-11-20,1030.0,1025.0,target_close,68,0.3406110936555706,0.20964415566392897,0.449744750680501,-0.010667686895688226,-748.2295000000013,73377.74312924988
technology,random_forest,2330,4,2024-11-20,2024-11-21,2024-11-25,2024-11-25,1020.0,1030.0,target_close,68,0.3149461247288113,0.20712548104771028,0.47792839422347855,0.0039049746268430313,271.2350000000006,73648.97812924988
technology,random_forest,2330,4,2024-11-25,2024-11-26,2024-11-28,2024-11-28,1015.0,1005.0,target_close,68,0.3947447350442666,0.19999879736825094,0.4052564675874828,-0.01563633890671313,-1080.7580000000016,72568.22012924988
technology,random_forest,2330,4,2024-11-28,2024-11-29,2024-12-02,2024-12-02,995.0,1035.0,target_close,69,0.3501893005456309,0.2707547326846408,0.37905596676972836,0.03412448818222971,2346.155249999996,74914.37537924988
technology,random_forest,2330,4,2024-12-02,2024-12-03,2024-12-05,2024-12-05,1060.0,1075.0,target_close,67,0.3713635667778443,0.20811576327147724,0.4205206699506785,0.008226602563045629,585.0858749999898,75499.46125424987
technology,random_forest,2330,4,2024-12-05,2024-12-06,2024-12-10,2024-12-10,1075.0,1065.0,target_close,66,0.3232448849341757,0.31151200278511154,0.3652431122807133,-0.015089660025161855,-1072.1370000000024,74427.32425424986
technology,random_forest,2330,4,2024-12-10,2024-12-11,2024-12-13,2024-12-13,1045.0,1065.0,target_close,67,0.3242953588180474,0.27396468610078106,0.40173995508117194,0.013185277964546391,924.4827499999956,75351.80700424986
technology,random_forest,2330,4,2024-12-13,2024-12-16,2024-12-18,2024-12-18,1085.0,1085.0,target_close,65,0.324556551299559,0.2673053548341409,0.4081380938663001,-0.005841675612252449,-412.5712499999936,74939.23575424986
technology,random_forest,2330,4,2024-12-18,2024-12-19,2024-12-23,2024-12-23,1065.0,1080.0,target_close,66,0.30252391357240854,0.29621948185112146,0.40125660457647,0.00816055430870162,574.4227499999979,75513.65850424986
technology,random_forest,2330,4,2024-12-23,2024-12-24,2024-12-26,2024-12-26,1095.0,1085.0,target_close,65,0.367893891502585,0.25058966996272775,0.38151643853468725,-0.014920747067848374,-1063.4974999999977,74450.16100424987
technology,random_forest,2379,1,2023-09-05,2023-09-06,2023-09-06,2023-09-08,458.0,444.26,stop_loss,207,0.28816995400551043,0.3222601747248117,0.3895698712696781,-0.035666425343884964,-3386.2096034999995,96613.7903965
technology,random_forest,2379,1,2023-09-14,2023-09-15,2023-09-19,2023-09-19,413.0,414.0,target_close,221,0.3397366000884769,0.31161767834931714,0.3486457215622062,-0.0034345125992071655,-313.9249750000017,96299.8654215
technology,random_forest,2379,1,2023-09-27,2023-09-28,2023-10-03,2023-10-03,392.5,404.0,target_close,232,0.3173007226407598,0.2653026152590078,0.4173966621002322,0.023286530070445708,2123.4930999999924,98423.35852149999
technology,random_forest,2379,1,2023-10-03,2023-10-04,2023-10-06,2023-10-06,398.5,407.5,target_close,234,0.31639853863557676,0.338011096027004,0.34559036533741955,0.01661108453703158,1551.1742999999988,99974.53282149999
technology,random_forest,2379,1,2023-10-12,2023-10-13,2023-10-17,2023-10-17,416.0,415.5,target_close,227,0.3166215259101015,0.33025151002518655,0.35312696406471245,-0.00703657744444944,-665.4249625000084,99309.10785899998
technology,random_forest,2379,1,2023-10-17,2023-10-18,2023-10-20,2023-10-20,414.0,423.0,target_close,227,0.33480153370605026,0.24105796388590053,0.42414050240804896,0.01577046187443747,1484.1884249999857,100793.29628399997
technology,random_forest,2379,1,2023-10-20,2023-10-23,2023-10-24,2023-10-25,407.5,390.5,stop_loss,234,0.30973770158012065,0.3099086005389372,0.3803536978809424,-0.047315765218612624,-4518.224100000007,96275.07218399996
technology,random_forest,2379,1,2023-11-03,2023-11-06,2023-11-08,2023-11-08,409.5,415.0,target_close,223,0.3720158128976713,0.2448951756340371,0.383089011468292,0.007510878195153095,686.8595124999993,96961.93169649996
technology,random_forest,2379,1,2023-11-22,2023-11-23,2023-11-27,2023-11-27,437.5,449.0,target_close,210,0.356043780420926,0.25879359167952914,0.38516262789954486,0.020290486057368197,1866.8448749999952,98828.77657149996
technology,random_forest,2379,1,2023-12-07,2023-12-08,2023-12-12,2023-12-12,446.5,457.0,target_close,209,0.30858292303834345,0.271897367855856,0.41951970910580044,0.017537187559239706,1638.8761124999874,100467.65268399994
technology,random_forest,2379,1,2023-12-18,2023-12-19,2023-12-21,2023-12-21,459.0,459.0,target_close,207,0.25006401149590024,0.28592087641572783,0.46401511208837243,-0.005841675612252574,-555.8260500000033,99911.82663399994
technology,random_forest,2379,2,2024-01-02,2024-01-03,2024-01-05,2024-01-05,457.5,450.5,target_close,207,0.32552601287436905,0.32555997200378956,0.34891401512184134,-0.021052841231300076,-1996.5978000000032,97915.22883399994
technology,random_forest,2379,2,2024-01-10,2024-01-11,2024-01-15,2024-01-15,456.5,455.0,target_close,203,0.2951650694664486,0.2362873993914292,0.4685475311421222,-0.009108351376943942,-845.2691625000007,97069.95967149994
technology,random_forest,2379,2,2024-01-15,2024-01-16,2024-01-18,2024-01-18,450.5,436.985,stop_loss,204,0.31707353556016366,0.278857138437593,0.4040693260022435,-0.035666425343884894,-3282.4867094999936,93787.47296199994
technology,random_forest,2379,2,2024-01-24,2024-01-25,2024-01-29,2024-01-29,453.0,455.5,target_close,196,0.3199258017879254,0.26358875747781435,0.41648544073426075,-0.00035515064322519624,-31.578049999996438,93755.89491199995
technology,random_forest,2379,2,2024-02-01,2024-02-02,2024-02-15,2024-02-15,466.5,469.0,target_close,190,0.32614623905432694,0.2856546633123427,0.3881990976333304,-0.0005139246776988041,-45.61662500000966,93710.27828699994
technology,random_forest,2379,2,2024-02-20,2024-02-21,2024-02-23,2024-02-23,481.5,547.0,target_close,184,0.2234299868890909,0.2636483339945325,0.5129216791163765,0.12939689187974635,11480.383300000001,105190.66158699994
technology,random_forest,2379,2,2024-02-23,2024-02-26,2024-02-29,2024-02-29,541.0,569.0,target_close,184,0.3481025172115084,0.2983408468393877,0.3535566359491042,0.045611989975283325,4546.869999999995,109737.53158699993
technology,random_forest,2379,2,2024-03-01,2024-03-04,2024-03-06,2024-03-06,566.0,600.0,target_close,183,0.25036518958130416,0.3139792064376706,0.4356556039810253,0.053878082389838246,5588.536349999995,115326.06793699993
technology,random_forest,2379,2,2024-03-14,2024-03-15,2024-03-19,2024-03-19,578.0,591.0,target_close,189,0.2578654020928564,0.35282578221950517,0.38930881568763875,0.016518286700966642,1807.0620749999944,117133.13001199992
technology,random_forest,2379,2,2024-03-25,2024-03-26,2024-03-26,2024-03-28,587.0,569.39,stop_loss,189,0.3279307257687602,0.29616424820885023,0.3759050260223899,-0.03566642534388511,-3962.5788667500165,113170.5511452499
technology,random_forest,2379,2,2024-04-16,2024-04-17,2024-04-19,2024-04-19,555.0,552.0,target_close,193,0.3339806306356721,0.3001280294743173,0.3658913398900105,-0.011215504392726856,-1203.0606750000006,111967.4904702499
technology,random_forest,2379,2,2024-04-25,2024-04-26,2024-04-26,2024-04-30,530.0,514.1,stop_loss,200,0.3159696220819259,0.32947277957624665,0.3545575983418276,-0.035666425343884964,-3786.0285000000003,108181.4619702499
technology,random_forest,2379,3,2024-05-10,2024-05-13,2024-05-15,2024-05-15,520.0,531.0,target_close,197,0.2973562315788123,0.32941580447910807,0.37322796394207924,0.015188596634411383,1558.1370250000036,109739.59899524991
technology,random_forest,2379,3,2024-05-29,2024-05-30,2024-06-03,2024-06-03,556.0,550.0,target_close,187,0.3672214483908023,0.26284405815455436,0.3699344934546434,-0.01657000285384703,-1725.27135000001,108014.3276452499
technology,random_forest,2379,3,2024-06-04,2024-06-05,2024-06-05,2024-06-07,535.0,518.9499999999999,stop_loss,191,0.3509861594628088,0.2541843254163678,0.39482951512082354,-0.035666425343885186,-3649.7671912500227,104364.56045399987
technology,random_forest,2379,3,2024-06-14,2024-06-17,2024-06-19,2024-06-19,571.0,558.0,target_close,173,0.3027398817175668,0.2894699737489197,0.40779014453351337,-0.02847575305015227,-2816.928725000005,101547.63172899987
technology,random_forest,2379,3,2024-06-21,2024-06-24,2024-06-24,2024-06-26,554.0,537.38,stop_loss,173,0.32508221727636843,0.312762214705141,0.36215556801849064,-0.03566642534388495,-3423.2126744999987,98124.41905449987
technology,random_forest,2379,3,2024-06-24,2024-06-25,2024-06-27,2024-06-27,534.0,517.98,stop_loss,174,0.31469128957776626,0.2609702359401959,0.424338474482038,-0.03566642534388487,-3318.704000999991,94805.71505349988
technology,random_forest,2379,3,2024-06-28,2024-07-01,2024-07-02,2024-07-03,540.0,523.8,stop_loss,166,0.36517891644884015,0.24644489616206755,0.3883761873890922,-0.035666425343884964,-3201.6942899999995,91604.02076349988
technology,random_forest,2379,3,2024-07-08,2024-07-09,2024-07-11,2024-07-11,551.0,581.0,target_close,157,0.33897407101886273,0.2853454582169196,0.3756804707642175,0.04828672680450309,4183.092299999989,95787.11306349987
technology,random_forest,2379,3,2024-07-16,2024-07-17,2024-07-18,2024-07-19,555.0,538.35,stop_loss,163,0.27379866572635303,0.31818170589702316,0.4080196283766238,-0.0356664253438849,-3231.1610212499945,92555.95204224988
technology,random_forest,2379,3,2024-07-31,2024-08-01,2024-08-02,2024-08-05,521.0,505.37,stop_loss,168,0.3332141891763516,0.279819118465617,0.3869666923580315,-0.03566642534388497,-3126.2594580000004,89429.69258424987
technology,random_forest,2379,3,2024-08-05,2024-08-06,2024-08-06,2024-08-08,479.5,465.115,stop_loss,176,0.38190104373157363,0.22761594548479644,0.3904830107836299,-0.03566642534388492,-3014.2501619999966,86415.44242224988
technology,random_forest,2379,3,2024-08-06,2024-08-07,2024-08-09,2024-08-09,475.0,499.5,target_close,172,0.3196947096930543,0.2892905967792905,0.39101469352765533,0.04543596427722073,3717.408049999998,90132.85047224988
technology,random_forest,2379,3,2024-08-14,2024-08-15,2024-08-19,2024-08-19,530.0,550.0,target_close,161,0.3186841155063259,0.3173577522137473,0.363958132279927,0.03167373285520959,2706.5709999999963,92839.42147224987
technology,random_forest,2379,3,2024-08-21,2024-08-22,2024-08-26,2024-08-26,537.0,537.0,target_close,164,0.3325823532877626,0.27240321358088837,0.39501443313134915,-0.005841675612252477,-515.1977999999945,92324.22367224988
technology,random_forest,2379,4,2024-09-03,2024-09-04,2024-09-05,2024-09-06,510.0,494.7,stop_loss,171,0.3297447902670482,0.2540394119229272,0.4162157978100246,-0.035666425343885096,-3114.9013725000113,89209.32229974987
technology,random_forest,2379,4,2024-09-10,2024-09-11,2024-09-13,2024-09-13,491.0,506.0,target_close,172,0.26252145856812376,0.2620557928221696,0.47542274860970674,0.02452975995967462,2074.539300000004,91283.86159974987
technology,random_forest,2379,4,2024-09-13,2024-09-16,2024-09-16,2024-09-19,488.5,473.84499999999997,stop_loss,177,0.3296640024778014,0.3267855280575544,0.3435504694646444,-0.03566642534388521,-3088.274162625021,88195.58743712485
technology,random_forest,2379,4,2024-09-16,2024-09-18,2024-09-20,2024-09-20,472.0,470.0,target_close,177,0.3128834309812658,0.33907001987905916,0.3480465491396755,-0.01005421088508192,-841.1659499999951,87354.42148712486
technology,random_forest,2379,4,2024-09-23,2024-09-24,2024-09-26,2024-09-26,480.5,491.0,target_close,172,0.30065247231676645,0.28810758734541314,0.41123994033782046,0.015882907959175827,1314.529349999997,88668.95083712485
technology,random_forest,2379,4,2024-09-30,2024-10-01,2024-10-07,2024-10-07,471.5,479.5,target_close,178,0.3265579260028663,0.3290582284287169,0.3443838455684171,0.011026334133456711,926.725849999988,89595.67668712484
technology,random_forest,2379,4,2024-10-07,2024-10-08,2024-10-11,2024-10-11,475.0,483.5,target_close,178,0.3162759068184887,0.32828186572953777,0.355442227451974,0.011948525982054505,1011.6874749999988,90607.36416212484
technology,random_forest,2379,4,2024-10-11,2024-10-14,2024-10-16,2024-10-16,484.0,477.5,target_close,177,0.29831640452148583,0.304151441602775,0.3975321538757396,-0.019192975423244957,-1646.566837499995,88960.79732462484
technology,random_forest,2379,4,2024-10-16,2024-10-17,2024-10-21,2024-10-21,475.0,476.0,target_close,177,0.3071291593238146,0.2905432129511974,0.40232762772498815,-0.0037487107188046726,-315.62197500000184,88645.17534962484
technology,random_forest,2379,4,2024-10-21,2024-10-22,2024-10-24,2024-10-24,477.0,483.0,target_close,176,0.2573474684087942,0.31577089949540843,0.4268816320957977,0.006663460543567994,560.2079999999842,89205.38334962483
technology,random_forest,2379,4,2024-10-24,2024-10-25,2024-10-29,2024-10-29,485.5,484.0,target_close,174,0.32324979819550465,0.33703671232173404,0.33971348948276153,-0.008913225533121131,-754.0355250000139,88451.34782462481
technology,random_forest,2379,4,2024-11-05,2024-11-06,2024-11-08,2024-11-08,483.0,500.0,target_close,173,0.31814569352902955,0.3056946667410717,0.3761596397298985,0.029149404128103063,2439.1659250000084,90890.51374962482
technology,random_forest,2379,4,2024-11-12,2024-11-13,2024-11-15,2024-11-15,489.0,488.0,target_close,176,0.3558105800039866,0.24359993064002936,0.40058948935598415,-0.007874719220407517,-678.6956000000064,90211.81814962481
technology,random_forest,2379,4,2024-11-18,2024-11-19,2024-11-21,2024-11-21,499.0,500.0,target_close,171,0.35108139897929486,0.29685598067927016,0.3520626203414349,-0.0038493743609744626,-328.93132499999774,89882.88682462482
technology,random_forest,2379,4,2024-11-21,2024-11-22,2024-11-22,2024-11-26,506.0,490.82,stop_loss,168,0.34206222296211375,0.26988875266124257,0.38804902437664396,-0.035666425343885005,-3036.2519880000036,86846.63483662481
technology,random_forest,2379,4,2024-11-22,2024-11-25,2024-11-27,2024-11-27,490.0,477.5,target_close,168,0.33973859477173185,0.24504430385755327,0.4152171013707149,-0.031202857356837987,-2572.279500000004,84274.35533662481
technology,random_forest,2379,4,2024-11-28,2024-11-29,2024-12-03,2024-12-03,472.0,490.0,target_close,169,0.3675653264364678,0.26424167846298646,0.36819299510054615,0.03207114184321235,2561.8963499999954,86836.2516866248
technology,random_forest,2379,4,2024-12-09,2024-12-10,2024-12-12,2024-12-12,520.0,525.0,target_close,158,0.3400126014777245,0.2742234580476551,0.3857639404746205,0.0037175390453219495,305.86824999999953,87142.1199366248
technology,random_forest,2379,4,2024-12-17,2024-12-18,2024-12-20,2024-12-20,539.0,529.0,target_close,153,0.3515925316575409,0.28178144619787693,0.3666260221445825,-0.0242861714264966,-2005.6617000000115,85136.45823662479
technology,random_forest,2379,4,2024-12-25,2024-12-26,2024-12-30,2024-12-30,538.0,564.0,target_close,150,0.2879844354119327,0.34655262047236435,0.36546294411570335,0.042203150473400765,3410.6475000000064,88547.1057366248
technology,random_forest,2454,1,2023-09-05,2023-09-06,2023-09-08,2023-09-08,721.0,709.0,target_close,131,0.34217735487174444,0.28607875699233276,0.37174388813592296,-0.02238800001260347,-2117.5822500000068,97882.41775
technology,random_forest,2454,1,2023-09-14,2023-09-15,2023-09-19,2023-09-19,741.0,773.0,target_close,125,0.3109178356025037,0.32210252435242664,0.36697964004507005,0.037090937586678425,3440.4437499999913,101322.86149999998
technology,random_forest,2454,1,2023-09-20,2023-09-21,2023-09-22,2023-09-25,752.0,729.4399999999999,stop_loss,127,0.3438524381500973,0.2921299156840172,0.3640176461658859,-0.03566642534388506,-3411.1402440000093,97911.72125599998
technology,random_forest,2454,1,2023-09-28,2023-10-02,2023-10-04,2023-10-04,747.0,780.0,target_close,124,0.3426808814495278,0.29884133791207046,0.3584777806384021,0.038076965224153866,3532.0190999999904,101443.74035599997
technology,random_forest,2454,1,2023-10-04,2023-10-05,2023-10-11,2023-10-11,783.0,814.0,target_close,122,0.3104451419220586,0.34242248886422094,0.3471323692137206,0.03351836021919072,3206.437549999988,104650.17790599995
technology,random_forest,2454,1,2023-10-17,2023-10-18,2023-10-20,2023-10-20,800.0,828.0,target_close,124,0.3354621900159471,0.2018096292727268,0.4627281807113262,0.02895386574131858,2876.316399999996,107526.49430599995
technology,random_forest,2454,1,2023-10-24,2023-10-25,2023-10-27,2023-10-27,818.0,801.0,target_close,124,0.2954125124102737,0.33367069243849207,0.37091679515123444,-0.02650266768388067,-2692.0493000000133,104834.44500599994
technology,random_forest,2454,1,2023-10-27,2023-10-30,2023-11-01,2023-11-01,819.0,846.0,target_close,121,0.2635155530603651,0.3197453931939419,0.4167390537456929,0.0269327746422886,2672.8143750000017,107507.25938099994
technology,random_forest,2454,1,2023-11-03,2023-11-06,2023-11-08,2023-11-08,879.0,914.0,target_close,116,0.31409079944869606,0.3356577245483038,0.35025147600300044,0.033743695665985445,3445.545100000003,110952.80448099994
technology,random_forest,2454,1,2023-11-08,2023-11-09,2023-11-10,2023-11-13,913.0,885.61,stop_loss,115,0.28165543954211497,0.28286380811501177,0.4354807523428733,-0.03566642534388485,-3750.132663749988,107202.67181724995
technology,random_forest,2454,1,2023-12-12,2023-12-13,2023-12-15,2023-12-15,944.0,996.0,target_close,107,0.2208003594904051,0.34695277382315304,0.432246866686442,0.04892128293453014,4948.482499999998,112151.15431724995
technology,random_forest,2454,1,2023-12-19,2023-12-20,2023-12-22,2023-12-22,993.0,990.0,target_close,107,0.2914560781824172,0.2790077752074941,0.4295361466100889,-0.008845175081701904,-941.1479249999975,111210.00639224995
technology,random_forest,2454,2,2024-01-02,2024-01-03,2024-01-04,2024-01-05,976.0,940.0,stop_loss,108,0.33549457185507003,0.2904091533479912,0.3740962747969392,-0.04251144987245625,-4487.432399999991,106722.57399224996
technology,random_forest,2454,2,2024-01-05,2024-01-08,2024-01-10,2024-01-10,930.0,924.0,target_close,108,0.34162132177658594,0.31043990086144996,0.3479387773619645,-0.012255600285721927,-1232.706600000005,105489.86739224996
technology,random_forest,2454,2,2024-01-10,2024-01-11,2024-01-15,2024-01-15,932.0,922.0,target_close,107,0.3252151345106979,0.3372901761267501,0.33749468936255206,-0.016508610423279977,-1648.6506500000105,103841.21674224995
technology,random_forest,2454,2,2024-01-16,2024-01-17,2024-01-19,2024-01-19,890.0,920.0,target_close,110,0.27468801159718986,0.3375089846635705,0.38780300373924,0.027669279142390583,2712.6824999999953,106553.89924224994
technology,random_forest,2454,2,2024-01-26,2024-01-29,2024-01-31,2024-01-31,945.0,966.0,target_close,106,0.31941754965861,0.3037815347792967,0.3768009155620931,0.016250731596364126,1630.1554500000057,108184.05469224995
technology,random_forest,2454,2,2024-02-05,2024-02-15,2024-02-15,2024-02-19,983.0,953.51,stop_loss,104,0.3123527770753276,0.3039431262378816,0.38370409668679095,-0.03566642534388517,-3651.4459020000213,104532.60879024993
technology,random_forest,2454,2,2024-03-01,2024-03-04,2024-03-06,2024-03-06,1115.0,1190.0,target_close,88,0.2503174671114091,0.2776673781354238,0.47201515475316724,0.06102996055732694,5996.793000000005,110529.40179024993
technology,random_forest,2454,2,2024-03-14,2024-03-15,2024-03-19,2024-03-19,1135.0,1150.0,target_close,92,0.2308794725796257,0.25638007670863716,0.5127404507117373,0.007296980657188936,763.0364999999874,111292.43829024992
technology,random_forest,2454,2,2024-03-20,2024-03-21,2024-03-21,2024-03-25,1160.0,1125.2,stop_loss,91,0.306188851391257,0.3090078822111578,0.38480326639758533,-0.0356664253438849,-3770.3129099999933,107522.12538024993
technology,random_forest,2454,2,2024-04-22,2024-04-23,2024-04-25,2024-04-25,989.0,981.0,target_close,103,0.31807199981869116,0.31775556619006157,0.36417243399124755,-0.013883401188695398,-1416.2757500000007,106105.84963024993
technology,random_forest,2454,2,2024-04-25,2024-04-26,2024-04-30,2024-04-30,991.0,992.0,target_close,101,0.2285658076515565,0.2957671787117349,0.47566701363670844,-0.00483848860479775,-484.97927500000515,105620.87035524992
technology,random_forest,2454,3,2024-05-03,2024-05-06,2024-05-08,2024-05-08,1060.0,1095.0,target_close,94,0.3232916588237462,0.3149585582144983,0.36174978296175575,0.02698430679677684,2692.547749999998,108313.41810524992
technology,random_forest,2454,3,2024-05-20,2024-05-21,2024-05-23,2024-05-23,1180.0,1205.0,target_close,87,0.32271253527873617,0.33122647115172704,0.34606099356953685,0.015221000751894642,1564.814624999999,109878.23273024992
technology,random_forest,2454,3,2024-05-27,2024-05-28,2024-05-30,2024-05-30,1300.0,1255.0,stop_loss,80,0.32515632910356707,0.302640653521149,0.37220301737528383,-0.04025484837952074,-4192.470000000001,105685.76273024992
technology,random_forest,2454,3,2024-05-30,2024-05-31,2024-05-31,2024-06-04,1315.0,1275.55,stop_loss,76,0.35138432822738397,0.280378448839274,0.36823722293334227,-0.03566642534388487,-3569.5819649999903,102116.18076524993
technology,random_forest,2454,3,2024-05-31,2024-06-03,2024-06-04,2024-06-05,1265.0,1227.05,stop_loss,76,0.34208170985960523,0.2711079526368132,0.38681033750358185,-0.035666425343884985,-3433.856415000002,98682.32435024992
technology,random_forest,2454,3,2024-06-04,2024-06-05,2024-06-07,2024-06-07,1240.0,1275.0,target_close,75,0.35951714211574115,0.260179418435615,0.380303439448644,0.02221924483417588,2069.334375000006,100751.65872524993
technology,random_forest,2454,3,2024-06-14,2024-06-17,2024-06-19,2024-06-19,1375.0,1485.0,target_close,69,0.28990071101819775,0.30964151791308303,0.4004577710687193,0.07369099033876725,7001.395499999999,107753.05422524993
technology,random_forest,2454,3,2024-06-24,2024-06-25,2024-06-27,2024-06-27,1370.0,1395.0,target_close,74,0.293209882739365,0.3197940670132627,0.3869960502473723,0.012299899650297569,1248.7407499999972,109001.79497524993
technology,random_forest,2454,3,2024-06-27,2024-06-28,2024-07-02,2024-07-02,1400.0,1410.0,target_close,73,0.3449692881672292,0.29289014266603425,0.36214056916673654,0.0012594552762313397,128.89974999999686,109130.69472524992
technology,random_forest,2454,3,2024-07-05,2024-07-08,2024-07-10,2024-07-10,1340.0,1435.0,target_close,77,0.3359453936255084,0.2819126766705908,0.38214192970390065,0.0646396981316549,6679.028124999997,115809.72285024992
technology,random_forest,2454,3,2024-07-16,2024-07-17,2024-07-18,2024-07-19,1335.0,1270.0,stop_loss,82,0.3331117777784254,0.32178752047465503,0.34510070174691954,-0.054246388035625974,-5946.814249999996,109862.90860024992
technology,random_forest,2454,3,2024-07-19,2024-07-22,2024-07-22,2024-07-26,1255.0,1217.35,stop_loss,83,0.27524257115950446,0.3257154204152515,0.39904200842524373,-0.03566642534388507,-3720.487346250011,106142.42125399991
technology,random_forest,2454,3,2024-07-22,2024-07-23,2024-07-26,2024-07-29,1255.0,1190.0,stop_loss,80,0.369180412059029,0.24909618690123017,0.38172340103974106,-0.05733194739329127,-5764.330000000002,100378.09125399991
technology,random_forest,2454,3,2024-07-26,2024-07-29,2024-07-30,2024-07-31,1265.0,1227.05,stop_loss,75,0.3246947763367058,0.3103929965459903,0.3649122271173041,-0.035666425343884964,-3388.67409375,96989.41716024991
technology,random_forest,2454,3,2024-07-31,2024-08-01,2024-08-02,2024-08-05,1215.0,1130.0,stop_loss,75,0.3029455665959912,0.2954282510994493,0.4016261823045595,-0.0753918464541937,-6879.871874999997,90109.54528524991
technology,random_forest,2454,3,2024-08-02,2024-08-05,2024-08-07,2024-08-07,995.0,1150.0,target_close,85,0.3096762672529551,0.3133696197387212,0.3769541130083237,0.1490272090913664,12621.936875,102731.48216024991
technology,random_forest,2454,3,2024-08-08,2024-08-09,2024-08-13,2024-08-13,1150.0,1160.0,target_close,84,0.2965587607631276,0.29400192730369906,0.40943931193317373,0.0028031793824234755,271.1729999999952,103002.65516024991
technology,random_forest,2454,3,2024-08-19,2024-08-20,2024-08-21,2024-08-22,1270.0,1220.0,stop_loss,76,0.27232817642160856,0.27914344753430065,0.4485283760440908,-0.04498176712358123,-4347.827000000005,98654.8281602499
technology,random_forest,2454,3,2024-08-21,2024-08-22,2024-08-23,2024-08-26,1230.0,1193.1,stop_loss,76,0.323869717410727,0.3197014356167298,0.356428846972543,-0.03566642534388515,-3338.8485300000175,95315.97963024989
technology,random_forest,2454,3,2024-08-26,2024-08-27,2024-08-29,2024-08-29,1200.0,1250.0,target_close,75,0.3482814274693712,0.2546092347792247,0.3971093377514043,0.0355815879039036,3206.90625,98522.88588024989
technology,random_forest,2454,4,2024-09-04,2024-09-05,2024-09-09,2024-09-09,1120.0,1105.0,target_close,83,0.31230577231773565,0.23379630699165946,0.4538979206906052,-0.01915629602815997,-1783.3068750000093,96739.57900524988
technology,random_forest,2454,4,2024-09-09,2024-09-10,2024-09-12,2024-09-12,1115.0,1155.0,target_close,82,0.3591571541354168,0.2810115716524893,0.35983127421209415,0.029823197011523042,2730.62049999999,99470.19950524987
technology,random_forest,2454,4,2024-09-12,2024-09-13,2024-09-13,2024-09-18,1160.0,1125.2,stop_loss,81,0.3144619331104035,0.29451382808440935,0.39102423880518733,-0.03566642534388492,-3355.992809999996,96114.20669524987
technology,random_forest,2454,4,2024-09-13,2024-09-16,2024-09-19,2024-09-19,1120.0,1086.3999999999999,stop_loss,81,0.3537581513710486,0.2741986430533489,0.3720432055756027,-0.03566642534388499,-3240.2689200000023,92873.93777524987
technology,random_forest,2454,4,2024-09-20,2024-09-23,2024-09-25,2024-09-25,1125.0,1225.0,target_close,78,0.29276628389862025,0.25960478354330785,0.447628932558072,0.08252795322221397,7252.147500000006,100126.08527524988
technology,random_forest,2454,4,2024-09-26,2024-09-27,2024-09-30,2024-10-01,1280.0,1235.0,stop_loss,74,0.29840276749556577,0.2661004987374884,0.43549673376694586,-0.04079255420400924,-3869.376749999996,96256.70852524988
technology,random_forest,2454,4,2024-09-30,2024-10-01,2024-10-07,2024-10-07,1195.0,1250.0,target_close,76,0.29043530139828044,0.2584216017050947,0.45114309689662524,0.03991456525915007,3630.2065000000002,99886.91502524988
technology,random_forest,2454,4,2024-10-11,2024-10-14,2024-10-16,2024-10-16,1310.0,1260.0,stop_loss,72,0.3018391424129693,0.28916242001524295,0.408998437571788,-0.04378664982552539,-4135.842000000004,95751.07302524988
technology,random_forest,2454,4,2024-10-16,2024-10-17,2024-10-21,2024-10-21,1295.0,1330.0,target_close,70,0.33145808279247185,0.29960659255471045,0.36893532465281775,0.02102746829011898,1908.856249999997,97659.92927524987
technology,random_forest,2454,4,2024-10-21,2024-10-22,2024-10-24,2024-10-24,1310.0,1270.0,stop_loss,70,0.2613133838534338,0.31123077859072684,0.42745583755583944,-0.036197654982870864,-3324.0550000000076,94335.87427524987
technology,random_forest,2454,4,2024-10-24,2024-10-25,2024-10-29,2024-10-29,1270.0,1300.0,target_close,70,0.3471064781533672,0.2319597902663438,0.42093373158028896,0.017642379294544666,1570.6425000000017,95906.51677524987
technology,random_forest,2454,4,2024-10-29,2024-10-30,2024-11-01,2024-11-04,1290.0,1220.0,stop_loss,70,0.37155505531539385,0.23913602726514444,0.38930891741946183,-0.05978825135422343,-5406.572500000009,90499.94427524986
technology,random_forest,2454,4,2024-11-08,2024-11-11,2024-11-13,2024-11-13,1300.0,1261.0,stop_loss,66,0.3291057161914291,0.2177528073705395,0.4531414764380315,-0.035666425343884915,-3064.540049999996,87435.40422524986
technology,random_forest,2454,4,2024-11-13,2024-11-14,2024-11-18,2024-11-18,1260.0,1240.0,target_close,65,0.276349435823339,0.2653902572948069,0.45826030688185426,-0.021621966475550154,-1773.362500000003,85662.04172524986
technology,random_forest,2454,4,2024-11-18,2024-11-19,2024-11-21,2024-11-21,1255.0,1265.0,target_close,64,0.33054463510035087,0.2969889404792273,0.3724664244204217,0.0020799046617532607,167.29599999998754,85829.33772524985
technology,random_forest,2454,4,2024-11-21,2024-11-22,2024-11-26,2024-11-26,1280.0,1280.0,target_close,63,0.2998266078674125,0.2953908168156222,0.40478257531696565,-0.0058416756122524355,-471.7439999999915,85357.59372524986
technology,random_forest,2454,4,2024-11-26,2024-11-27,2024-11-29,2024-11-29,1270.0,1231.8999999999999,stop_loss,63,0.3282309836728554,0.3117955863880068,0.35997342993913806,-0.03566642534388511,-2857.737172500012,82499.85655274984
technology,random_forest,2454,4,2024-12-03,2024-12-04,2024-12-06,2024-12-06,1315.0,1305.0,target_close,59,0.32792295139657723,0.3238319206822718,0.3482451279211512,-0.013401814961208893,-1041.2615000000078,81458.59505274984
technology,random_forest,2454,4,2024-12-06,2024-12-09,2024-12-11,2024-12-11,1320.0,1350.0,target_close,58,0.35017293571587155,0.2678768099118185,0.38195025437231017,0.016752831760196183,1284.4244999999937,82743.01955274983
technology,random_forest,2454,4,2024-12-12,2024-12-13,2024-12-17,2024-12-17,1385.0,1425.0,target_close,56,0.3233169790416996,0.31470206898229813,0.3619809519760024,0.022870478160678713,1776.3619999999937,84519.38155274982
technology,random_forest,2454,4,2024-12-17,2024-12-18,2024-12-20,2024-12-20,1430.0,1390.0,target_close,56,0.3576915444140411,0.2713462761144886,0.3709621794714703,-0.03365030007065103,-2698.555999999997,81820.82555274983
technology,random_forest,2454,4,2024-12-23,2024-12-24,2024-12-26,2024-12-26,1430.0,1420.0,target_close,54,0.26808208792371435,0.30095113430180115,0.43096677777448483,-0.01279383172685203,-989.3474999999889,80831.47805274984
technology,random_forest,2454,4,2024-12-26,2024-12-27,2024-12-31,2024-12-31,1420.0,1415.0,target_close,54,0.3226173636387303,0.3005322832246518,0.37685035313661813,-0.009342233092491074,-717.383249999999,80114.09480274984
technology,random_forest,3034,1,2023-09-18,2023-09-19,2023-09-19,2023-09-21,450.0,436.5,stop_loss,210,0.37170187853175096,0.2515058594134564,0.37679226205479255,-0.03566642534388501,-3375.280125000005,96624.719875
technology,random_forest,3034,1,2023-09-26,2023-09-27,2023-10-02,2023-10-02,424.5,428.0,target_close,215,0.3241429750230338,0.21201553097642414,0.46384149400054214,0.0023551539174461768,215.25531249999767,96839.9751875
technology,random_forest,3034,1,2023-10-04,2023-10-05,2023-10-11,2023-10-11,433.5,437.0,target_close,211,0.33151220788053753,0.3166058037398314,0.3518819883796318,0.00218497752582617,200.14141250000102,97040.1166
technology,random_forest,3034,1,2023-10-17,2023-10-18,2023-10-20,2023-10-20,430.5,440.0,target_close,213,0.30339822531576555,0.29120685475380204,0.4053949199304326,0.01609677753916117,1478.1214875000005,98518.2380875
technology,random_forest,3034,1,2023-11-02,2023-11-03,2023-11-07,2023-11-07,486.0,499.0,target_close,192,0.31646667144745305,0.3273662247301388,0.3561671038224079,0.020751036768489696,1939.0800000000017,100457.3180875
technology,random_forest,3034,1,2023-11-08,2023-11-09,2023-11-13,2023-11-13,479.0,487.5,target_close,198,0.3082311096973607,0.2994458896794432,0.3923230006231965,0.011799964799638596,1120.7270250000001,101578.0451125
technology,random_forest,3034,1,2023-11-27,2023-11-28,2023-11-30,2023-11-30,504.0,511.0,target_close,191,0.34289802618036874,0.2959730312636678,0.36112894255596323,0.007966078893132859,767.9393750000017,102345.9844875
technology,random_forest,3034,1,2023-12-13,2023-12-14,2023-12-18,2023-12-18,517.0,519.0,target_close,187,0.31021338620853356,0.3327170751142214,0.3570695386772452,-0.001995802016942143,-193.2271000000037,102152.7573875
technology,random_forest,3034,1,2023-12-21,2023-12-22,2023-12-26,2023-12-26,497.0,510.0,target_close,194,0.2795921246982923,0.26768289572497883,0.45272497957672914,0.020162465669519434,1946.7948499999911,104099.55223749999
technology,random_forest,3034,2,2024-01-02,2024-01-03,2024-01-05,2024-01-05,505.0,489.84999999999997,stop_loss,195,0.35350158222493056,0.28879125237423225,0.35770716540083725,-0.03566642534388496,-3517.2561937499995,100582.29604374999
technology,random_forest,3034,2,2024-01-10,2024-01-11,2024-01-15,2024-01-15,506.0,534.0,target_close,188,0.2928818345361923,0.2556894894674912,0.4514286759963168,0.049171037990231495,4684.207999999999,105266.50404374998
technology,random_forest,3034,2,2024-02-01,2024-02-02,2024-02-05,2024-02-15,515.0,499.55,stop_loss,193,0.3284359530700599,0.33350651840483714,0.3380575285251032,-0.035666425343884964,-3550.1160637499997,101716.38797999998
technology,random_forest,3034,2,2024-02-20,2024-02-21,2024-02-23,2024-02-23,575.0,580.0,target_close,167,0.32932840608072306,0.3029225011068281,0.367749092812449,0.0028031793824233988,269.5588749999879,101985.94685499997
technology,random_forest,3034,2,2024-03-01,2024-03-04,2024-03-06,2024-03-06,602.0,583.9399999999999,stop_loss,160,0.27482332717162444,0.28131457515223013,0.44386209767614576,-0.03566642534388502,-3440.285520000005,98545.66133499997
technology,random_forest,3034,2,2024-03-08,2024-03-11,2024-03-13,2024-03-13,585.0,584.0,target_close,159,0.31903994531387697,0.29171548750962706,0.389244567176496,-0.007541091551376917,-702.4341750000021,97843.22715999997
technology,random_forest,3034,2,2024-03-13,2024-03-14,2024-03-18,2024-03-18,580.0,605.0,target_close,160,0.2820792631824906,0.33248620025141457,0.385434536566095,0.037009976301012416,3439.4199999999983,101282.64715999996
technology,random_forest,3034,2,2024-03-19,2024-03-20,2024-03-22,2024-03-22,600.0,594.0,target_close,160,0.3433136627604292,0.2834467960544592,0.37323954118511177,-0.01578325885613,-1517.351999999999,99765.29515999997
technology,random_forest,3034,2,2024-03-28,2024-03-29,2024-04-02,2024-04-02,590.0,594.0,target_close,160,0.3177402228494192,0.3270869951586844,0.35517278199189684,0.00089838082427456,84.92799999999988,99850.22315999996
technology,random_forest,3034,2,2024-04-15,2024-04-16,2024-04-18,2024-04-18,613.0,615.0,target_close,154,0.3266321368951503,0.3095738084339029,0.363794054670947,-0.0025980921721620188,-245.6146000000008,99604.60855999996
technology,random_forest,3034,2,2024-04-19,2024-04-22,2024-04-24,2024-04-24,584.0,601.0,target_close,161,0.3564348370839777,0.2859669221191141,0.35759824079690844,0.023097864652459145,2174.848374999987,101779.45693499995
technology,random_forest,3034,3,2024-05-02,2024-05-03,2024-05-07,2024-05-07,623.0,640.0,target_close,154,0.3069055148728068,0.30661308299728246,0.3864814021299108,0.021286240141506183,2045.1546499999968,103824.61158499995
technology,random_forest,3034,3,2024-05-08,2024-05-09,2024-05-13,2024-05-13,598.0,580.06,stop_loss,164,0.29519994185455756,0.3382187508016559,0.3665813073437865,-0.03566642534388509,-3502.8621420000127,100321.74944299994
technology,random_forest,3034,3,2024-05-24,2024-05-27,2024-05-29,2024-05-29,612.0,611.0,target_close,155,0.33212628183249343,0.2912528600483999,0.37662085811910695,-0.007466117318768481,-709.2451250000013,99612.50431799993
technology,random_forest,3034,3,2024-05-29,2024-05-30,2024-06-03,2024-06-03,608.0,598.0,target_close,155,0.1966163669493347,0.22115066141575962,0.5822329716349056,-0.02219296384231422,-2094.4452500000043,97518.05906799993
technology,random_forest,3034,3,2024-06-03,2024-06-04,2024-06-06,2024-06-06,594.0,606.0,target_close,155,0.3753011326662291,0.22993706179786333,0.3947618055359078,0.014242330941035325,1313.1600000000035,98831.21906799993
technology,random_forest,3034,3,2024-06-18,2024-06-19,2024-06-21,2024-06-21,622.0,618.0,target_close,150,0.3205462646807472,0.3142048727369643,0.36524886258228856,-0.012234976733717092,-1143.1499999999942,97688.06906799994
technology,random_forest,3034,3,2024-06-25,2024-06-26,2024-06-28,2024-06-28,600.0,606.0,target_close,154,0.338654763240763,0.2916012091555402,0.36974402760369673,0.004099907631624922,379.3712999999989,98067.44036799994
technology,random_forest,3034,3,2024-07-17,2024-07-18,2024-07-22,2024-07-22,549.0,532.53,stop_loss,169,0.3335543519675982,0.3184534119693014,0.3479922360631003,-0.035666425343885116,-3313.8821722500143,94753.55819574992
technology,random_forest,3034,3,2024-07-29,2024-07-30,2024-08-01,2024-08-01,526.0,536.0,target_close,170,0.2718926546607328,0.18596404082823445,0.5421433045110329,0.013058672760137984,1169.37049999999,95922.92869574991
technology,random_forest,3034,3,2024-08-05,2024-08-06,2024-08-06,2024-08-08,506.0,490.82,stop_loss,179,0.2801429909498005,0.24051259059567887,0.4793444184545211,-0.035666425343884915,-3235.0542014999955,92687.87449424992
technology,random_forest,3034,3,2024-08-21,2024-08-22,2024-08-26,2024-08-26,545.0,549.0,target_close,161,0.3190188800925693,0.3384311332845607,0.34254998662287023,0.0014548992456390934,127.84204999999201,92815.71654424991
technology,random_forest,3034,4,2024-09-10,2024-09-11,2024-09-13,2024-09-13,523.0,534.0,target_close,168,0.3138026994321562,0.27104132577079787,0.4151559747970465,0.015067964097623536,1325.8181999999942,94141.5347442499
technology,random_forest,3034,4,2024-09-18,2024-09-19,2024-09-23,2024-09-23,502.0,522.0,target_close,177,0.2934356303575726,0.20906687530547394,0.4974974943369538,0.03376622575777728,3004.5396000000037,97146.07434424991
technology,random_forest,3034,4,2024-10-11,2024-10-14,2024-10-16,2024-10-16,514.0,521.0,target_close,179,0.3288808653036997,0.30843853347183,0.3626806012244705,0.007697445536996829,709.2203749999899,97855.2947192499
technology,random_forest,3034,4,2024-10-21,2024-10-22,2024-10-24,2024-10-24,530.0,517.0,target_close,175,0.32298214097597183,0.27414839370653676,0.4028694653174915,-0.030226691116103002,-2807.5206250000047,95047.7740942499
technology,random_forest,3034,4,2024-11-13,2024-11-14,2024-11-18,2024-11-18,490.0,491.5,target_close,184,0.2995125221970069,0.31348251354690704,0.38700496425608605,-0.0027983338029023614,-252.65730000000622,94795.11679424989
technology,random_forest,3034,4,2024-11-18,2024-11-19,2024-11-21,2024-11-21,491.5,483.5,target_close,182,0.24844494849171891,0.3212855771696939,0.43026947433858714,-0.022023296355084657,-1972.857250000001,92822.25954424989
technology,random_forest,3034,4,2024-11-21,2024-11-22,2024-11-26,2024-11-26,486.0,483.5,target_close,181,0.3388453537513858,0.2654224181953898,0.3957322280532244,-0.010955658762395428,-965.0987875000137,91857.16075674987
technology,random_forest,3034,4,2024-11-26,2024-11-27,2024-11-29,2024-11-29,486.0,484.0,target_close,179,0.31009693653571857,0.29787768679248977,0.3920253766717917,-0.009932862132366821,-865.3307500000083,90991.83000674986
technology,random_forest,3034,4,2024-12-09,2024-12-10,2024-12-12,2024-12-12,490.0,482.0,target_close,176,0.2919160266899073,0.3414432906656384,0.3666406826444545,-0.022072831928787364,-1906.273600000015,89085.55640674985
technology,random_forest,3034,4,2024-12-13,2024-12-16,2024-12-18,2024-12-18,487.5,492.0,target_close,173,0.32422241339110597,0.31281717924564756,0.3629604073632471,0.0033351704590188903,281.68076249999285,89367.23716924984
technology,random_forest,3034,4,2024-12-20,2024-12-23,2024-12-25,2024-12-25,496.0,499.0,target_close,170,0.2961894208866263,0.2328738385280639,0.47093674058530977,0.00017137876912499224,14.471250000002328,89381.70841924984
technology,xgboost,2303,1,2023-09-05,2023-09-06,2023-09-08,2023-09-08,46.9,45.3,stop_loss,1000,0.36843162775039673,0.16397319734096527,0.4675951302051544,-0.03975752463187726,-1867.2850000000035,98132.715
technology,xgboost,2303,1,2023-10-04,2023-10-05,2023-10-11,2023-10-11,44.45,46.9,target_close,1000,0.21955427527427673,0.32641544938087463,0.45403027534484863,0.04895445250360758,2179.126250000001,100311.84125
technology,xgboost,2303,1,2023-10-19,2023-10-20,2023-10-24,2023-10-24,49.5,48.015,stop_loss,1000,0.2322775274515152,0.1904037445783615,0.5773187279701233,-0.035666425343885005,-1768.0038750000022,98543.837375
technology,xgboost,2303,1,2023-11-01,2023-11-02,2023-11-06,2023-11-06,47.9,49.4,target_close,1000,0.2726210355758667,0.32480722665786743,0.40257173776626587,0.02529063099696709,1213.1474999999991,99756.984875
technology,xgboost,2303,1,2023-11-15,2023-11-16,2023-11-20,2023-11-20,49.05,50.3,target_close,1000,0.35032138228416443,0.20587828755378723,0.44380033016204834,0.019493653755427113,957.5262500000026,100714.51112499999
technology,xgboost,2303,1,2023-11-28,2023-11-29,2023-12-01,2023-12-01,49.15,49.7,target_close,1000,0.3782428801059723,0.18020810186862946,0.44154906272888184,0.005283188648444527,260.0387499999997,100974.549875
technology,xgboost,2303,2,2024-01-12,2024-01-15,2024-01-17,2024-01-17,50.4,48.888,stop_loss,1000,0.2289741486310959,0.3711935877799988,0.3998323082923889,-0.035666425343885005,-1800.149400000002,99174.400475
technology,xgboost,2303,2,2024-01-19,2024-01-22,2024-01-24,2024-01-24,50.0,50.6,target_close,1000,0.30833569169044495,0.24876217544078827,0.4429021179676056,0.006088224280400453,304.84500000000116,99479.245475
technology,xgboost,2303,2,2024-01-29,2024-01-30,2024-02-01,2024-02-01,49.65,49.05,target_close,1000,0.2461862564086914,0.2887190580368042,0.4650946855545044,-0.017855673490050104,-887.7975000000006,98591.447975
technology,xgboost,2303,2,2024-02-01,2024-02-02,2024-02-15,2024-02-15,48.85,49.2,target_close,1000,0.303763747215271,0.2986028492450714,0.3976334035396576,0.0012812601817231146,62.67874999999913,98654.12672500001
technology,xgboost,2303,2,2024-02-15,2024-02-16,2024-02-20,2024-02-20,49.25,49.25,target_close,1000,0.2058114856481552,0.28668108582496643,0.5075074434280396,-0.005841675612252599,-288.1125000000029,98366.014225
technology,xgboost,2303,2,2024-02-20,2024-02-21,2024-02-23,2024-02-23,48.9,48.15,target_close,1000,0.22394537925720215,0.1929270178079605,0.5831276178359985,-0.021089502673414386,-1032.7462500000038,97333.267975
technology,xgboost,2303,2,2024-02-23,2024-02-26,2024-02-29,2024-02-29,48.0,48.85,target_close,1000,0.20908178389072418,0.23014892637729645,0.560769259929657,0.011763211382113845,565.4387500000012,97898.706725
technology,xgboost,2303,2,2024-02-29,2024-03-01,2024-03-05,2024-03-05,49.0,48.75,target_close,1000,0.26714611053466797,0.17200163006782532,0.5608522295951843,-0.01091391196116956,-535.5437499999971,97363.162975
technology,xgboost,2303,2,2024-03-20,2024-03-21,2024-03-25,2024-03-25,53.5,51.894999999999996,stop_loss,1000,0.17963002622127533,0.12833835184574127,0.6920316219329834,-0.035666425343885116,-1910.8728750000082,95452.29009999998
technology,xgboost,2303,2,2024-04-19,2024-04-22,2024-04-24,2024-04-24,48.65,50.2,target_close,1000,0.3739251494407654,0.22534582018852234,0.4007290303707123,0.025832433386740437,1258.5387499999997,96710.82884999999
technology,xgboost,2303,2,2024-04-24,2024-04-25,2024-04-29,2024-04-29,49.25,50.4,target_close,1000,0.26215484738349915,0.07246541976928711,0.6653797626495361,0.017372173586649064,856.7987499999945,97567.62759999998
technology,xgboost,2303,3,2024-05-15,2024-05-16,2024-05-20,2024-05-20,52.1,53.1,target_close,1000,0.2924572825431824,0.28445905447006226,0.423083633184433,0.013240058061216718,690.7900000000009,98258.41759999999
technology,xgboost,2303,3,2024-05-27,2024-05-28,2024-05-30,2024-05-30,57.1,55.0,stop_loss,1000,0.3618674874305725,0.20414474606513977,0.4339877963066101,-0.04240441608885972,-2424.7425000000003,95833.6751
technology,xgboost,2303,3,2024-05-30,2024-05-31,2024-06-04,2024-06-04,56.0,54.32,stop_loss,1000,0.16332459449768066,0.35236746072769165,0.48430800437927246,-0.03566642534388505,-2000.1660000000047,93833.5091
technology,xgboost,2303,3,2024-07-05,2024-07-08,2024-07-10,2024-07-10,54.0,54.7,target_close,1000,0.331021249294281,0.25752708315849304,0.4114516079425812,0.007045561926107192,381.0025000000023,94214.5116
technology,xgboost,2303,3,2024-07-12,2024-07-15,2024-07-17,2024-07-17,53.1,53.0,target_close,1000,0.17341187596321106,0.3250714838504791,0.5015166401863098,-0.007713913511287933,-410.19250000000466,93804.3191
technology,xgboost,2303,3,2024-08-05,2024-08-06,2024-08-06,2024-08-08,51.4,49.858,stop_loss,1000,0.2831306457519531,0.35252830386161804,0.36434105038642883,-0.03566642534388503,-1835.8666500000036,91968.45244999998
technology,xgboost,2303,3,2024-08-07,2024-08-08,2024-08-12,2024-08-12,52.0,54.7,target_close,1000,0.37188541889190674,0.24799712002277374,0.3801175057888031,0.04577808353864975,2383.852500000001,94352.30494999999
technology,xgboost,2303,4,2024-09-03,2024-09-04,2024-09-06,2024-09-06,53.0,54.5,target_close,1000,0.2866387963294983,0.2680723965167999,0.44528886675834656,0.022294880738344087,1183.3125,95535.61744999999
technology,xgboost,2303,4,2024-09-25,2024-09-26,2024-09-30,2024-09-30,54.9,53.8,target_close,1000,0.31962263584136963,0.3312534987926483,0.34912386536598206,-0.025761059161005233,-1416.2975000000006,94119.31994999999
technology,xgboost,2303,4,2024-10-07,2024-10-08,2024-10-11,2024-10-11,52.1,51.8,target_close,1000,0.3225336968898773,0.2312757968902588,0.4461905360221863,-0.01156619571429339,-603.4575000000041,93515.86244999999
technology,xgboost,2303,4,2024-10-24,2024-10-25,2024-10-29,2024-10-29,49.95,48.4515,stop_loss,1000,0.24234071373939514,0.18645542860031128,0.571203887462616,-0.035666425343885005,-1784.076637500002,91731.78581249999
technology,xgboost,2303,4,2024-10-29,2024-10-30,2024-11-01,2024-11-04,48.5,45.75,stop_loss,1000,0.20564375817775726,0.18799810111522675,0.6063581705093384,-0.06221147751052691,-3021.5562500000015,88710.2295625
technology,xgboost,2303,4,2024-11-08,2024-11-11,2024-11-13,2024-11-13,46.45,45.8,target_close,1000,0.1634582132101059,0.12542873620986938,0.7111130356788635,-0.019753471324890647,-918.8562500000044,87791.37331249999
technology,xgboost,2303,4,2024-11-13,2024-11-14,2024-11-18,2024-11-18,45.6,45.1,target_close,1000,0.3026600480079651,0.31860026717185974,0.37873968482017517,-0.016742534432293642,-764.5475000000006,87026.82581249998
technology,xgboost,2303,4,2024-11-19,2024-11-20,2024-11-22,2024-11-22,45.2,44.45,target_close,1000,0.22095684707164764,0.3462287485599518,0.43281441926956177,-0.022337665508067088,-1011.101250000007,86015.72456249998
technology,xgboost,2303,4,2024-11-22,2024-11-25,2024-11-27,2024-11-27,45.1,44.4,target_close,1000,0.2362852245569229,0.3338333070278168,0.4298814535140991,-0.02127207089099813,-960.7375000000029,85054.98706249997
technology,xgboost,2303,4,2024-11-28,2024-11-29,2024-12-02,2024-12-02,43.9,44.6,target_close,1000,0.4110804498195648,0.1576426476240158,0.43127691745758057,0.010010507236754689,440.0874999999942,85495.07456249997
technology,xgboost,2303,4,2024-12-05,2024-12-06,2024-12-10,2024-12-10,43.15,43.7,target_close,1000,0.27140408754348755,0.1831764578819275,0.545419454574585,0.006830099090256537,295.13875000000553,85790.21331249998
technology,xgboost,2303,4,2024-12-10,2024-12-11,2024-12-13,2024-12-13,43.25,41.9525,stop_loss,1000,0.3418751358985901,0.3049757480621338,0.3531491458415985,-0.03566642534388488,-1544.7710624999963,84245.44225
technology,xgboost,2303,4,2024-12-16,2024-12-17,2024-12-19,2024-12-19,42.0,43.0,target_close,1000,0.25106653571128845,0.32950201630592346,0.4194314777851105,0.017828760682693828,749.875,84995.31725
technology,xgboost,2303,4,2024-12-20,2024-12-23,2024-12-25,2024-12-25,42.75,44.05,target_close,1000,0.213705912232399,0.3041108548641205,0.48218321800231934,0.024390039515328168,1044.1600000000035,86039.47725
technology,xgboost,2303,4,2024-12-25,2024-12-26,2024-12-30,2024-12-30,44.3,43.1,target_close,1000,0.33819571137428284,0.31719207763671875,0.3446122109889984,-0.03277147220966333,-1453.8450000000012,84585.63225
technology,xgboost,2330,1,2023-09-04,2023-09-05,2023-09-07,2023-09-07,553.0,542.0,target_close,171,0.3599199950695038,0.160207599401474,0.4798724353313446,-0.02561697682068876,-2425.8701250000013,97574.129875
technology,xgboost,2330,1,2023-09-20,2023-09-21,2023-09-25,2023-09-25,530.0,525.0,target_close,174,0.1720924973487854,0.4123131334781647,0.4155943691730499,-0.015220527729118081,-1405.6372499999998,96168.492625
technology,xgboost,2330,1,2023-10-16,2023-10-17,2023-10-19,2023-10-19,550.0,546.0,target_close,165,0.33922049403190613,0.267124205827713,0.39365527033805847,-0.013071917971436203,-1187.9670000000042,94980.525625
technology,xgboost,2330,1,2023-10-20,2023-10-23,2023-10-25,2023-10-25,552.0,544.0,target_close,163,0.32323789596557617,0.25374752283096313,0.4230145215988159,-0.02024976727004611,-1824.5894000000117,93155.93622499998
technology,xgboost,2330,1,2023-10-26,2023-10-27,2023-10-31,2023-10-31,534.0,529.0,target_close,165,0.2518666386604309,0.34131336212158203,0.40682002902030945,-0.015150274155208967,-1336.7928749999992,91819.14334999998
technology,xgboost,2330,1,2023-11-13,2023-11-14,2023-11-16,2023-11-16,576.0,583.0,target_close,151,0.2775186002254486,0.2902548909187317,0.4322265684604645,0.0062401095799596695,543.513175,92362.65652499998
technology,xgboost,2330,1,2023-11-27,2023-11-28,2023-11-30,2023-11-30,565.0,577.0,target_close,155,0.22774682939052582,0.3844871520996094,0.387766033411026,0.015273191454389979,1339.4557500000083,93702.11227499999
technology,xgboost,2330,1,2023-12-07,2023-12-08,2023-12-12,2023-12-12,574.0,578.0,target_close,154,0.2693280279636383,0.28445520997047424,0.4462167024612427,0.0010862569618780066,96.15759999999136,93798.26987499998
technology,xgboost,2330,1,2023-12-12,2023-12-13,2023-12-15,2023-12-15,576.0,585.0,target_close,154,0.2969420552253723,0.32468265295028687,0.3783753216266632,0.009692048206306024,860.948550000001,94659.21842499998
technology,xgboost,2330,2,2024-01-05,2024-01-08,2024-01-10,2024-01-10,582.0,584.0,target_close,154,0.2667244076728821,0.2694023549556732,0.4638732671737671,-0.0024253239820539963,-217.6866999999911,94441.531725
technology,xgboost,2330,2,2024-01-10,2024-01-11,2024-01-15,2024-01-15,586.0,586.0,target_close,152,0.359841525554657,0.21662694215774536,0.42353150248527527,-0.005841675612252442,-521.0711999999912,93920.460525
technology,xgboost,2330,2,2024-01-16,2024-01-17,2024-01-19,2024-01-19,583.0,626.0,target_close,152,0.38693633675575256,0.2104348987340927,0.40262869000434875,0.06748389548324168,5988.6745999999985,99909.135125
technology,xgboost,2330,2,2024-01-23,2024-01-24,2024-01-26,2024-01-26,628.0,644.0,target_close,150,0.3389796018600464,0.31196850538253784,0.34905189275741577,0.01948719889444164,1838.3099999999977,101747.445125
technology,xgboost,2330,2,2024-01-31,2024-02-01,2024-02-05,2024-02-05,625.0,646.0,target_close,154,0.23680104315280914,0.35052424669265747,0.41267475485801697,0.02756204408717573,2656.6270499999955,104404.072175
technology,xgboost,2330,2,2024-02-05,2024-02-15,2024-02-16,2024-02-19,709.0,687.73,stop_loss,139,0.19277989864349365,0.21784543991088867,0.5893746018409729,-0.03566642534388509,-3519.9707047500124,100884.10147024998
technology,xgboost,2330,2,2024-02-21,2024-02-22,2024-02-26,2024-02-26,695.0,698.0,target_close,137,0.26430973410606384,0.30427315831184387,0.4314170777797699,-0.00155034471561485,-147.82642500000657,100736.27504524997
technology,xgboost,2330,2,2024-02-26,2024-02-27,2024-03-01,2024-03-01,700.0,689.0,target_close,136,0.32326582074165344,0.3207768201828003,0.3559572994709015,-0.02146416356691712,-2046.3001999999979,98689.97484524998
technology,xgboost,2330,2,2024-03-05,2024-03-06,2024-03-08,2024-03-08,718.0,784.0,target_close,130,0.23309697210788727,0.344228595495224,0.42267441749572754,0.08554335142060447,7995.994500000001,106685.96934524998
technology,xgboost,2330,2,2024-03-12,2024-03-13,2024-03-15,2024-03-15,785.0,753.0,stop_loss,128,0.2668095827102661,0.33189642429351807,0.4012940227985382,-0.04636787482296326,-4665.6831999999995,102020.28614524998
technology,xgboost,2330,2,2024-03-15,2024-03-18,2024-03-20,2024-03-20,754.0,758.0,target_close,128,0.2863932251930237,0.3525610864162445,0.36104562878608704,-0.0005676261460044905,-54.860799999994924,101965.42534524998
technology,xgboost,2330,2,2024-03-20,2024-03-21,2024-03-25,2024-03-25,773.0,780.0,target_close,125,0.221737340092659,0.18140612542629242,0.5968565344810486,0.003161051775476061,305.8718749999971,102271.29722024998
technology,xgboost,2330,2,2024-03-25,2024-03-26,2024-03-28,2024-03-28,788.0,769.0,target_close,123,0.3596804738044739,0.2412133365869522,0.3991062343120575,-0.029812498154596686,-2893.664174999998,99377.63304524998
technology,xgboost,2330,2,2024-04-03,2024-04-08,2024-04-10,2024-04-10,789.0,815.0,target_close,119,0.25561174750328064,0.34498733282089233,0.39940088987350464,0.02691892823322463,2531.0467000000062,101908.67974524999
technology,xgboost,2330,2,2024-04-12,2024-04-15,2024-04-17,2024-04-17,804.0,804.0,target_close,120,0.31547513604164124,0.2081919014453888,0.4763329327106476,-0.005841675612252497,-564.4079999999958,101344.27174525
technology,xgboost,2330,2,2024-04-24,2024-04-25,2024-04-29,2024-04-29,770.0,795.0,target_close,124,0.32427409291267395,0.10963402688503265,0.5660918951034546,0.026436192062674443,2527.724500000011,103871.99624525
technology,xgboost,2330,3,2024-05-06,2024-05-07,2024-05-09,2024-05-09,797.0,796.0,target_close,123,0.33525121212005615,0.32892102003097534,0.3358277976512909,-0.007089051176101602,-695.9370749999944,103176.05917025001
technology,xgboost,2330,3,2024-05-10,2024-05-13,2024-05-15,2024-05-15,823.0,839.0,target_close,118,0.24669615924358368,0.24290305376052856,0.5104007720947266,0.013485825226391497,1311.5287000000098,104487.58787025002
technology,xgboost,2330,3,2024-05-16,2024-05-17,2024-05-20,2024-05-21,848.0,822.56,stop_loss,116,0.3179807960987091,0.27872511744499207,0.4032941162586212,-0.03566642534388511,-3513.4344480000145,100974.15342225
technology,xgboost,2330,3,2024-05-28,2024-05-29,2024-05-31,2024-05-31,861.0,835.17,stop_loss,111,0.4233757555484772,0.14206233620643616,0.4345618784427643,-0.03566642534388505,-3413.533299750008,97560.6201225
technology,xgboost,2330,3,2024-05-31,2024-06-03,2024-06-05,2024-06-05,839.0,854.0,target_close,110,0.333045095205307,0.26049181818962097,0.4064631164073944,0.011932311116968141,1102.8022499999934,98663.42237249999
technology,xgboost,2330,3,2024-06-05,2024-06-06,2024-06-11,2024-06-11,893.0,883.0,target_close,104,0.2901992201805115,0.28417935967445374,0.42562147974967957,-0.016974467598677514,-1578.6992000000027,97084.72317249999
technology,xgboost,2330,3,2024-06-13,2024-06-14,2024-06-18,2024-06-18,916.0,943.0,target_close,100,0.3182815611362457,0.2911268174648285,0.39059165120124817,0.02346211779218985,2152.1925000000047,99236.91567249999
technology,xgboost,2330,3,2024-06-19,2024-06-20,2024-06-24,2024-06-24,971.0,941.87,stop_loss,96,0.3317841589450836,0.2703648507595062,0.39785096049308777,-0.035666425343884915,-3329.419175999996,95907.4964965
technology,xgboost,2330,3,2024-06-24,2024-06-25,2024-06-27,2024-06-27,925.0,960.0,target_close,98,0.28359511494636536,0.34657010436058044,0.3698347508907318,0.031775125851067544,2884.519749999992,98792.01624649999
technology,xgboost,2330,3,2024-07-01,2024-07-02,2024-07-04,2024-07-04,967.0,1005.0,target_close,96,0.234484001994133,0.3124083876609802,0.453107625246048,0.03322555947227112,3088.790399999998,101880.80664649999
technology,xgboost,2330,3,2024-07-16,2024-07-17,2024-07-18,2024-07-19,1035.0,988.0,stop_loss,93,0.42523154616355896,0.13046549260616302,0.4443030059337616,-0.05098702947333869,-4914.750075000004,96966.05657149998
technology,xgboost,2330,3,2024-07-19,2024-07-22,2024-07-26,2024-07-26,964.0,915.0,stop_loss,95,0.4003048837184906,0.19772303104400635,0.40197211503982544,-0.05637461948673349,-5170.144625000001,91795.91194649998
technology,xgboost,2330,3,2024-07-30,2024-07-31,2024-08-02,2024-08-02,929.0,903.0,target_close,93,0.2787085771560669,0.3137863576412201,0.4075050950050354,-0.03366526703752861,-2912.722800000003,88883.18914649998
technology,xgboost,2330,3,2024-08-02,2024-08-05,2024-08-05,2024-08-07,852.0,826.4399999999999,stop_loss,98,0.30320167541503906,0.17346100509166718,0.5233373045921326,-0.035666425343884964,-2982.2475059999997,85900.94164049998
technology,xgboost,2330,3,2024-08-05,2024-08-06,2024-08-06,2024-08-08,868.0,841.9599999999999,stop_loss,93,0.2134968787431717,0.2941432297229767,0.49235987663269043,-0.03566642534388502,-2883.2392890000046,83017.70235149997
technology,xgboost,2330,3,2024-08-08,2024-08-09,2024-08-13,2024-08-13,927.0,941.0,target_close,84,0.3551338016986847,0.1766015589237213,0.46826469898223877,0.00917258171399177,715.2684000000008,83732.97075149998
technology,xgboost,2330,3,2024-08-19,2024-08-20,2024-08-22,2024-08-22,977.0,951.0,target_close,81,0.2388165444135666,0.2700612246990204,0.4911222755908966,-0.032298294275590785,-2559.6324000000022,81173.33835149997
technology,xgboost,2330,3,2024-08-22,2024-08-23,2024-08-27,2024-08-27,944.0,942.0,target_close,81,0.2894352674484253,0.2415727972984314,0.4689919054508209,-0.007947943248667336,-608.5975500000059,80564.74080149997
technology,xgboost,2330,4,2024-09-03,2024-09-04,2024-09-06,2024-09-06,894.0,918.0,target_close,85,0.3647564947605133,0.2543049454689026,0.3809385895729065,0.020847138465270962,1586.431500000006,82151.17230149997
technology,xgboost,2330,4,2024-09-06,2024-09-09,2024-09-11,2024-09-11,892.0,901.0,target_close,87,0.26589569449424744,0.3558550477027893,0.3782491981983185,0.004189069813184404,325.5518250000023,82476.72412649998
technology,xgboost,2330,4,2024-09-13,2024-09-16,2024-09-19,2024-09-19,952.0,960.0,target_close,82,0.28120678663253784,0.2910299599170685,0.42776328325271606,0.002512596021257946,196.42280000000028,82673.14692649998
technology,xgboost,2330,4,2024-09-20,2024-09-23,2024-09-25,2024-09-25,971.0,1005.0,target_close,80,0.2149498611688614,0.3746921718120575,0.4103579521179199,0.02896922349092287,2253.535999999993,84926.68292649997
technology,xgboost,2330,4,2024-09-26,2024-09-27,2024-09-30,2024-10-01,1020.0,978.0,stop_loss,78,0.429202675819397,0.13044990599155426,0.44034743309020996,-0.046777606616454,-3726.929700000008,81199.75322649996
technology,xgboost,2330,4,2024-10-01,2024-10-04,2024-10-08,2024-10-08,986.0,1010.0,target_close,78,0.28669536113739014,0.26850298047065735,0.4448016583919525,0.01835690429170871,1413.8045999999886,82613.55782649995
technology,xgboost,2330,4,2024-10-08,2024-10-09,2024-10-14,2024-10-14,1030.0,1045.0,target_close,76,0.3340146839618683,0.12612098455429077,0.5398643612861633,0.008636358238054484,677.0175000000017,83290.57532649995
technology,xgboost,2330,4,2024-10-21,2024-10-22,2024-10-24,2024-10-24,1065.0,1060.0,target_close,74,0.33546745777130127,0.23301787674427032,0.4315146207809448,-0.010509085585903877,-829.4012499999953,82461.17407649996
technology,xgboost,2330,4,2024-10-24,2024-10-25,2024-10-29,2024-10-29,1065.0,1033.05,stop_loss,73,0.27809301018714905,0.09282125532627106,0.6290857195854187,-0.03566642534388507,-2776.8376012500084,79684.33647524995
technology,xgboost,2330,4,2024-10-30,2024-11-01,2024-11-05,2024-11-05,996.0,1050.0,target_close,75,0.3367139399051666,0.17368850111961365,0.4895976185798645,0.048058474505155525,3595.0837500000052,83279.42022524995
technology,xgboost,2330,4,2024-11-06,2024-11-07,2024-11-11,2024-11-11,1050.0,1085.0,target_close,75,0.22034256160259247,0.2587664723396301,0.5208909511566162,0.027296935200672303,2152.696874999994,85432.11710024995
technology,xgboost,2330,4,2024-11-12,2024-11-13,2024-11-15,2024-11-15,1045.0,1035.0,target_close,77,0.2699929177761078,0.17800022661685944,0.5520068407058716,-0.015355152400651972,-1237.3129999999946,84194.80410024995
technology,xgboost,2330,4,2024-11-15,2024-11-18,2024-11-20,2024-11-20,1030.0,1025.0,target_close,77,0.3935128152370453,0.1827130913734436,0.4237740933895111,-0.01066768689568825,-847.2598750000034,83347.54422524995
technology,xgboost,2330,4,2024-11-20,2024-11-21,2024-11-25,2024-11-25,1020.0,1030.0,target_close,77,0.3731207251548767,0.18627041578292847,0.4406088888645172,0.0039049746268429416,307.1337499999936,83654.67797524994
technology,xgboost,2330,4,2024-11-26,2024-11-27,2024-11-29,2024-11-29,1010.0,996.0,target_close,78,0.33528995513916016,0.18236607313156128,0.4823439121246338,-0.019622088029508603,-1548.0309000000125,82106.64707524993
technology,xgboost,2330,4,2024-12-02,2024-12-03,2024-12-05,2024-12-05,1060.0,1075.0,target_close,73,0.2965530455112457,0.24002790451049805,0.46341902017593384,0.008226602563045778,637.4816250000003,82744.12870024993
technology,xgboost,2330,4,2024-12-05,2024-12-06,2024-12-10,2024-12-10,1075.0,1065.0,target_close,73,0.25207844376564026,0.35927852988243103,0.3886429965496063,-0.015089660025161726,-1185.8484999999928,81558.28020024994
technology,xgboost,2330,4,2024-12-10,2024-12-11,2024-12-13,2024-12-13,1045.0,1065.0,target_close,74,0.2687530815601349,0.36555224657058716,0.36569470167160034,0.013185277964546474,1021.0705000000016,82579.35070024994
technology,xgboost,2330,4,2024-12-13,2024-12-16,2024-12-18,2024-12-18,1085.0,1085.0,target_close,72,0.23718395829200745,0.313711941242218,0.4491041600704193,-0.005841675612252453,-457.00199999999313,82122.34870024995
technology,xgboost,2330,4,2024-12-18,2024-12-19,2024-12-23,2024-12-23,1065.0,1080.0,target_close,73,0.34793293476104736,0.29155442118644714,0.3605126440525055,0.008160554308701568,635.3463749999937,82757.69507524994
technology,xgboost,2330,4,2024-12-26,2024-12-27,2024-12-31,2024-12-31,1080.0,1075.0,target_close,72,0.3556652367115021,0.21650342643260956,0.42783135175704956,-0.010444260447380999,-813.3029999999999,81944.39207524994
technology,xgboost,2379,1,2023-09-14,2023-09-15,2023-09-19,2023-09-19,413.0,414.0,target_close,229,0.2796206474304199,0.2100057154893875,0.5103736519813538,-0.0034345125992072327,-325.2887750000082,99674.71122499999
technology,xgboost,2379,1,2023-09-27,2023-09-28,2023-10-03,2023-10-03,392.5,404.0,target_close,240,0.41846218705177307,0.15008829534053802,0.4314495623111725,0.023286530070445836,2196.717000000004,101871.428225
technology,xgboost,2379,1,2023-10-03,2023-10-04,2023-10-06,2023-10-06,398.5,407.5,target_close,242,0.31164422631263733,0.33864426612854004,0.349711537361145,0.0166110845370316,1604.2059000000008,103475.634125
technology,xgboost,2379,1,2023-10-06,2023-10-11,2023-10-13,2023-10-13,411.5,422.0,target_close,238,0.4010254144668579,0.14526867866516113,0.45370593667030334,0.019525669238467654,1915.0104750000028,105390.6446
technology,xgboost,2379,1,2023-10-19,2023-10-20,2023-10-23,2023-10-24,415.5,403.03499999999997,stop_loss,240,0.30496740341186523,0.3146272301673889,0.38040533661842346,-0.03566642534388498,-3561.7241700000013,101828.92043
technology,xgboost,2379,1,2023-11-07,2023-11-08,2023-11-10,2023-11-10,410.0,407.5,target_close,235,0.26130467653274536,0.26218464970588684,0.4765106439590454,-0.011903616614616938,-1148.5478125000081,100680.37261749999
technology,xgboost,2379,2,2024-01-10,2024-01-11,2024-01-15,2024-01-15,456.5,455.0,target_close,209,0.23721404373645782,0.24209821224212646,0.5206877589225769,-0.009108351376944027,-870.252487500009,99810.12012999998
technology,xgboost,2379,2,2024-01-15,2024-01-16,2024-01-18,2024-01-18,450.5,436.985,stop_loss,210,0.372467041015625,0.08451090008020401,0.543022096157074,-0.03566642534388484,-3379.0304362499883,96431.08969375
technology,xgboost,2379,2,2024-01-22,2024-01-23,2024-01-25,2024-01-25,451.0,459.0,target_close,202,0.3226754367351532,0.2671964168548584,0.410128116607666,0.01179306184917104,1075.902500000011,97506.99219375
technology,xgboost,2379,2,2024-02-01,2024-02-02,2024-02-15,2024-02-15,466.5,469.0,target_close,198,0.3336441218852997,0.25275811553001404,0.4135977625846863,-0.0005139246776988256,-47.53732500001206,97459.45486874999
technology,xgboost,2379,2,2024-03-12,2024-03-13,2024-03-14,2024-03-15,598.0,580.06,stop_loss,154,0.29738232493400574,0.3456505537033081,0.35696709156036377,-0.035666425343885165,-3289.2729870000185,94170.18188174997
technology,xgboost,2379,2,2024-03-25,2024-03-26,2024-03-26,2024-03-28,587.0,569.39,stop_loss,152,0.31036317348480225,0.3414376378059387,0.34819918870925903,-0.035666425343884915,-3186.8359139999957,90983.34596774998
technology,xgboost,2379,2,2024-04-16,2024-04-17,2024-04-19,2024-04-19,555.0,552.0,target_close,155,0.24077734351158142,0.21759603917598724,0.5416266322135925,-0.011215504392726963,-966.1886250000098,90017.15734274997
technology,xgboost,2379,3,2024-06-24,2024-06-25,2024-06-27,2024-06-27,534.0,517.98,stop_loss,159,0.3057081401348114,0.20380058884620667,0.49049124121665955,-0.0356664253438848,-3032.608828499986,86984.54851424998
technology,xgboost,2379,3,2024-07-01,2024-07-02,2024-07-04,2024-07-04,528.0,550.0,target_close,156,0.40432077646255493,0.18582221865653992,0.40985700488090515,0.0355815879039035,2934.9605999999912,89919.50911424997
technology,xgboost,2379,3,2024-07-16,2024-07-17,2024-07-18,2024-07-19,555.0,538.35,stop_loss,153,0.16331747174263,0.2683541476726532,0.5683283805847168,-0.035666425343884964,-3032.93028375,86886.57883049997
technology,xgboost,2379,3,2024-08-05,2024-08-06,2024-08-06,2024-08-08,479.5,465.115,stop_loss,171,0.34968796372413635,0.19490694999694824,0.4554051160812378,-0.035666425343884964,-2928.618055125,83957.96077537497
technology,xgboost,2379,3,2024-08-14,2024-08-15,2024-08-19,2024-08-19,530.0,550.0,target_close,150,0.3325367569923401,0.31682872772216797,0.35063454508781433,0.03167373285520955,2521.649999999994,86479.61077537497
technology,xgboost,2379,3,2024-08-20,2024-08-21,2024-08-23,2024-08-23,542.0,540.0,target_close,151,0.29597190022468567,0.25098326802253723,0.4530448317527771,-0.00951015651405253,-779.4393500000151,85700.17142537495
technology,xgboost,2379,4,2024-09-03,2024-09-04,2024-09-05,2024-09-06,510.0,494.7,stop_loss,159,0.34087467193603516,0.30449360609054565,0.3546316623687744,-0.03566642534388497,-2896.3118025000003,82803.85962287495
technology,xgboost,2379,4,2024-09-11,2024-09-12,2024-09-16,2024-09-16,510.0,488.5,stop_loss,154,0.2529999315738678,0.32298752665519714,0.42401254177093506,-0.047752271640363594,-3755.807825000011,79048.05179787494
technology,xgboost,2379,4,2024-09-18,2024-09-19,2024-09-23,2024-09-23,467.0,480.5,target_close,160,0.33992800116539,0.2905290424823761,0.3695429861545563,0.022897376591675945,1713.3300000000017,80761.38179787494
technology,xgboost,2379,4,2024-09-23,2024-09-24,2024-09-26,2024-09-26,480.5,491.0,target_close,159,0.2936669886112213,0.25830310583114624,0.44802990555763245,0.01588290795917586,1215.1753874999995,81976.55718537494
technology,xgboost,2379,4,2024-10-04,2024-10-07,2024-10-09,2024-10-09,477.5,480.0,target_close,162,0.30053532123565674,0.20333686470985413,0.49612778425216675,-0.0006366582070810514,-49.318874999997206,81927.23831037495
technology,xgboost,2379,4,2024-10-16,2024-10-17,2024-10-21,2024-10-21,475.0,476.0,target_close,163,0.18427658081054688,0.37577444314956665,0.4399489462375641,-0.003748710718804681,-290.65752500000235,81636.58078537494
technology,xgboost,2379,4,2024-10-23,2024-10-24,2024-10-28,2024-10-28,480.0,483.0,target_close,161,0.19936442375183105,0.38299474120140076,0.4176408648490906,0.00037181391517082554,28.77472499999567,81665.35551037494
technology,xgboost,2379,4,2024-10-29,2024-10-30,2024-11-01,2024-11-04,487.0,453.0,stop_loss,159,0.17829784750938416,0.37811869382858276,0.44358348846435547,-0.07524903296170526,-5835.061500000011,75830.29401037493
technology,xgboost,2379,4,2024-11-05,2024-11-06,2024-11-08,2024-11-08,483.0,500.0,target_close,148,0.29233819246292114,0.28605350852012634,0.4216082990169525,0.02914940412810292,2086.6852999999974,77916.97931037493
technology,xgboost,2379,4,2024-11-14,2024-11-15,2024-11-19,2024-11-19,488.0,503.0,target_close,151,0.31834521889686584,0.33358779549598694,0.3480669856071472,0.024716469604583964,1823.902575,79740.88188537493
technology,xgboost,2379,4,2024-11-25,2024-11-26,2024-11-28,2024-11-28,486.0,471.41999999999996,stop_loss,155,0.23220069706439972,0.3541943430900574,0.4136050343513489,-0.035666425343885096,-2690.5804425000097,77050.30144287492
technology,xgboost,2379,4,2024-12-02,2024-12-03,2024-12-05,2024-12-05,499.0,513.0,target_close,146,0.408290296792984,0.16154895722866058,0.4301607608795166,0.022050541905640108,1608.7593999999954,78659.06084287491
technology,xgboost,2379,4,2024-12-11,2024-12-12,2024-12-16,2024-12-16,527.0,533.0,target_close,141,0.221645787358284,0.24181418120861053,0.5365400314331055,0.005477014987987561,407.56050000000687,79066.62134287492
technology,xgboost,2379,4,2024-12-25,2024-12-26,2024-12-30,2024-12-30,538.0,564.0,target_close,139,0.2283090204000473,0.36316564679145813,0.4085253179073334,0.042203150473400654,3160.533349999998,82227.15469287492
technology,xgboost,2454,1,2023-09-01,2023-09-04,2023-09-06,2023-09-06,713.0,712.0,target_close,133,0.26616111397743225,0.28835102915763855,0.4454878866672516,-0.007236007063006731,-687.1611249999987,99312.838875
technology,xgboost,2454,1,2023-09-14,2023-09-15,2023-09-19,2023-09-19,741.0,773.0,target_close,127,0.16160154342651367,0.4091945290565491,0.42920392751693726,0.03709093758667839,3495.4908499999874,102808.32972499999
technology,xgboost,2454,1,2023-09-19,2023-09-20,2023-09-22,2023-09-22,765.0,735.0,stop_loss,127,0.10870224237442017,0.32792145013809204,0.5633763074874878,-0.04482827656863492,-4361.497500000012,98446.83222499998
technology,xgboost,2454,1,2023-09-28,2023-10-02,2023-10-04,2023-10-04,747.0,780.0,target_close,125,0.21801142394542694,0.27328938245773315,0.5086992383003235,0.038076965224154005,3560.503125000003,102007.33534999998
technology,xgboost,2454,1,2023-10-06,2023-10-11,2023-10-13,2023-10-13,790.0,842.0,target_close,122,0.3382966220378876,0.28182902932167053,0.3798743486404419,0.05959659384111819,5752.104800000001,107759.44014999998
technology,xgboost,2454,1,2023-10-17,2023-10-18,2023-10-20,2023-10-20,800.0,828.0,target_close,127,0.3686763048171997,0.19425129890441895,0.4370723366737366,0.028953865741318613,2945.904699999999,110705.34484999998
technology,xgboost,2454,1,2023-10-24,2023-10-25,2023-10-27,2023-10-27,818.0,801.0,target_close,128,0.19210746884346008,0.1395842283964157,0.6683082580566406,-0.026502667683880633,-2778.8896000000095,107926.45524999997
technology,xgboost,2454,1,2023-10-27,2023-10-30,2023-11-01,2023-11-01,819.0,846.0,target_close,125,0.20558978617191315,0.23217609524726868,0.562234103679657,0.026932774642288587,2761.171875,110687.62712499997
technology,xgboost,2454,1,2023-11-08,2023-11-09,2023-11-10,2023-11-13,913.0,885.61,stop_loss,115,0.32594940066337585,0.167738139629364,0.5063124299049377,-0.03566642534388485,-3750.132663749988,106937.49446124998
technology,xgboost,2454,2,2024-01-02,2024-01-03,2024-01-04,2024-01-05,976.0,940.0,stop_loss,103,0.2628055512905121,0.2769128382205963,0.4602815806865692,-0.04251144987245626,-4279.680899999992,102657.81356124999
technology,xgboost,2454,2,2024-01-16,2024-01-17,2024-01-19,2024-01-19,890.0,920.0,target_close,109,0.20368418097496033,0.2202574908733368,0.5760583281517029,0.027669279142390632,2688.02175,105345.83531124999
technology,xgboost,2454,2,2024-01-26,2024-01-29,2024-01-31,2024-01-31,945.0,966.0,target_close,105,0.2902930676937103,0.18188950419425964,0.52781742811203,0.016250731596364056,1614.7766249999986,106960.61193624999
technology,xgboost,2454,2,2024-02-05,2024-02-15,2024-02-15,2024-02-19,983.0,953.51,stop_loss,103,0.3405444324016571,0.2788454294204712,0.3806101679801941,-0.03566642534388507,-3616.3358452500106,103344.27609099998
technology,xgboost,2454,2,2024-02-19,2024-02-20,2024-02-22,2024-02-22,960.0,1015.0,target_close,102,0.3997369706630707,0.11533793807029724,0.4849250614643097,0.051115311722462003,5012.343749999985,108356.61984099996
technology,xgboost,2454,2,2024-03-07,2024-03-08,2024-03-08,2024-03-12,1260.0,1220.0,stop_loss,81,0.36924266815185547,0.21779099106788635,0.4129663109779358,-0.037402257338847764,-3822.714000000007,104533.90584099996
technology,xgboost,2454,2,2024-04-25,2024-04-26,2024-04-30,2024-04-30,991.0,992.0,target_close,100,0.2643469572067261,0.2923170030117035,0.4433360695838928,-0.004838488604797752,-480.17750000000524,104053.72834099995
technology,xgboost,2454,3,2024-05-03,2024-05-06,2024-05-08,2024-05-08,1060.0,1095.0,target_close,93,0.3127182722091675,0.3085101544857025,0.3787716031074524,0.026984306796776773,2663.9036249999917,106717.63196599994
technology,xgboost,2454,3,2024-05-10,2024-05-13,2024-05-15,2024-05-15,1115.0,1155.0,target_close,90,0.28740668296813965,0.0754152163863182,0.6371780633926392,0.02982319701152322,2997.0225000000064,109714.65446599995
technology,xgboost,2454,3,2024-05-17,2024-05-20,2024-05-22,2024-05-22,1165.0,1185.0,target_close,89,0.3975067138671875,0.17845629155635834,0.42403700947761536,0.011225420085391227,1165.5662500000035,110880.22071599995
technology,xgboost,2454,3,2024-05-27,2024-05-28,2024-05-30,2024-05-30,1300.0,1255.0,stop_loss,80,0.28008151054382324,0.26734018325805664,0.4525783360004425,-0.04025484837952074,-4192.470000000001,106687.75071599995
technology,xgboost,2454,3,2024-05-31,2024-06-03,2024-06-04,2024-06-05,1265.0,1227.05,stop_loss,80,0.34248173236846924,0.25683435797691345,0.40068385004997253,-0.03566642534388507,-3614.5857000000105,103073.16501599994
technology,xgboost,2454,3,2024-06-04,2024-06-05,2024-06-07,2024-06-07,1240.0,1275.0,target_close,78,0.3307841718196869,0.32763975858688354,0.34157606959342957,0.02221924483417577,2152.1077499999956,105225.27276599994
technology,xgboost,2454,3,2024-06-07,2024-06-11,2024-06-13,2024-06-13,1270.0,1385.0,target_close,78,0.2767218351364136,0.3505553901195526,0.3727227449417114,0.08418053486380336,8350.806750000003,113576.07951599994
technology,xgboost,2454,3,2024-06-27,2024-06-28,2024-07-02,2024-07-02,1400.0,1410.0,target_close,76,0.29272204637527466,0.2949388027191162,0.41233915090560913,0.0012594552762313714,134.19700000000012,113710.27651599994
technology,xgboost,2454,3,2024-07-17,2024-07-18,2024-07-22,2024-07-22,1270.0,1231.8999999999999,stop_loss,84,0.3043921887874603,0.34073489904403687,0.3548729121685028,-0.03566642534388507,-3810.3162300000113,109899.96028599993
technology,xgboost,2454,3,2024-08-08,2024-08-09,2024-08-13,2024-08-13,1150.0,1160.0,target_close,90,0.36389532685279846,0.26054832339286804,0.3755563199520111,0.0028031793824234855,290.5424999999959,110190.50278599992
technology,xgboost,2454,3,2024-08-19,2024-08-20,2024-08-21,2024-08-22,1270.0,1220.0,stop_loss,82,0.24236880242824554,0.23813565075397491,0.5194955468177795,-0.04498176712358114,-4691.076499999996,105499.42628599993
technology,xgboost,2454,3,2024-08-26,2024-08-27,2024-08-29,2024-08-29,1200.0,1250.0,target_close,83,0.34493398666381836,0.19961482286453247,0.45545122027397156,0.035581587903903526,3548.9762499999924,109048.40253599992
technology,xgboost,2454,4,2024-09-03,2024-09-04,2024-09-06,2024-09-06,1135.0,1145.0,target_close,91,0.23157362639904022,0.1696498990058899,0.5987764596939087,0.0029174285673751322,301.75599999999395,109350.15853599992
technology,xgboost,2454,4,2024-09-06,2024-09-09,2024-09-11,2024-09-11,1100.0,1110.0,target_close,94,0.3604181706905365,0.18458187580108643,0.4549999237060547,0.0031961273367269024,330.95049999999173,109681.1090359999
technology,xgboost,2454,4,2024-09-12,2024-09-13,2024-09-13,2024-09-18,1160.0,1125.2,stop_loss,89,0.33526113629341125,0.2933361828327179,0.37140268087387085,-0.035666425343884964,-3687.4488899999997,105993.66014599991
technology,xgboost,2454,4,2024-09-13,2024-09-16,2024-09-19,2024-09-19,1120.0,1086.3999999999999,stop_loss,89,0.43999505043029785,0.11921580880880356,0.44078919291496277,-0.03566642534388497,-3560.2954800000007,102433.3646659999
technology,xgboost,2454,4,2024-09-20,2024-09-23,2024-09-25,2024-09-25,1125.0,1225.0,target_close,86,0.2910533845424652,0.08530781418085098,0.6236388087272644,0.08252795322221394,7995.957500000004,110429.32216599991
technology,xgboost,2454,4,2024-09-26,2024-09-27,2024-09-30,2024-10-01,1280.0,1235.0,stop_loss,81,0.26429298520088196,0.139825701713562,0.5958812832832336,-0.040792554204009415,-4235.3988750000135,106193.9232909999
technology,xgboost,2454,4,2024-10-01,2024-10-04,2024-10-08,2024-10-08,1200.0,1225.0,target_close,83,0.20722439885139465,0.1742016077041626,0.6185739636421204,0.014869956145825402,1483.1581249999872,107677.08141599988
technology,xgboost,2454,4,2024-10-11,2024-10-14,2024-10-16,2024-10-16,1310.0,1260.0,stop_loss,77,0.23000729084014893,0.2815932035446167,0.488399475812912,-0.04378664982552546,-4423.053250000012,103254.02816599987
technology,xgboost,2454,4,2024-10-18,2024-10-21,2024-10-23,2024-10-23,1310.0,1300.0,target_close,74,0.3301641047000885,0.1972431093454361,0.4725927412509918,-0.013430670454907125,-1303.8245000000024,101950.20366599987
technology,xgboost,2454,4,2024-10-24,2024-10-25,2024-10-29,2024-10-29,1270.0,1300.0,target_close,76,0.30082038044929504,0.21565952897071838,0.4835200607776642,0.017642379294544645,1705.2690000000002,103655.47266599987
technology,xgboost,2454,4,2024-10-30,2024-11-01,2024-11-05,2024-11-05,1220.0,1290.0,target_close,80,0.360989511013031,0.2737056612968445,0.3653047978878021,0.05120019545917554,5004.259999999995,108659.73266599987
technology,xgboost,2454,4,2024-11-07,2024-11-08,2024-11-12,2024-11-12,1310.0,1270.7,stop_loss,78,0.39878740906715393,0.09052326530218124,0.5106893181800842,-0.0356664253438848,-3649.5886049999826,105010.14406099988
technology,xgboost,2454,4,2024-11-13,2024-11-14,2024-11-18,2024-11-18,1260.0,1240.0,target_close,79,0.1715727001428604,0.20813193917274475,0.6202954053878784,-0.021621966475550165,-2155.3175000000047,102854.82656099988
technology,xgboost,2454,4,2024-11-19,2024-11-20,2024-11-22,2024-11-22,1285.0,1310.0,target_close,75,0.3884970247745514,0.18920087814331055,0.42230209708213806,0.013499926029532308,1302.9093749999884,104157.73593599987
technology,xgboost,2454,4,2024-11-22,2024-11-25,2024-11-25,2024-11-27,1325.0,1280.0,stop_loss,74,0.3143223226070404,0.30391401052474976,0.38176363706588745,-0.0396055432329685,-3888.857250000001,100268.87868599987
technology,xgboost,2454,4,2024-11-25,2024-11-26,2024-11-28,2024-11-28,1280.0,1241.6,stop_loss,74,0.20386959612369537,0.2647402882575989,0.5313900709152222,-0.035666425343885054,-3383.1379200000083,96885.74076599986
technology,xgboost,2454,4,2024-12-02,2024-12-03,2024-12-05,2024-12-05,1325.0,1325.0,target_close,69,0.3352772891521454,0.2079421579837799,0.4567805230617523,-0.005841675612252623,-534.8362500000076,96350.90451599985
technology,xgboost,2454,4,2024-12-05,2024-12-06,2024-12-10,2024-12-10,1325.0,1350.0,target_close,68,0.1946398913860321,0.325590580701828,0.4797694683074951,0.012916028621478563,1165.3925000000017,97516.29701599985
technology,xgboost,2454,4,2024-12-12,2024-12-13,2024-12-17,2024-12-17,1385.0,1425.0,target_close,66,0.353471577167511,0.1415095329284668,0.5050188899040222,0.02287047816067877,2093.569499999998,99609.86651599985
technology,xgboost,2454,4,2024-12-17,2024-12-18,2024-12-20,2024-12-20,1430.0,1390.0,target_close,66,0.2712385356426239,0.3477083444595337,0.3810531198978424,-0.03365030007065113,-3180.441000000006,96429.42551599984
technology,xgboost,2454,4,2024-12-23,2024-12-24,2024-12-26,2024-12-26,1430.0,1420.0,target_close,63,0.17873360216617584,0.30711156129837036,0.514154851436615,-0.012793831726852058,-1154.2387499999895,95275.18676599985
technology,xgboost,3034,1,2023-10-18,2023-10-19,2023-10-23,2023-10-23,432.5,430.5,target_close,219,0.2972896695137024,0.3188692033290863,0.3838411271572113,-0.01043893954005726,-990.1592250000103,99009.84077499999
technology,xgboost,3034,1,2023-11-03,2023-11-06,2023-11-08,2023-11-08,485.5,470.935,stop_loss,193,0.42294198274612427,0.08525815606117249,0.49179983139038086,-0.03566642534388493,-3346.7599008749967,95663.080874125
technology,xgboost,3034,1,2023-11-13,2023-11-14,2023-11-16,2023-11-16,490.0,485.0,target_close,185,0.19765704870224,0.30474185943603516,0.49760115146636963,-0.01598614831008676,-1451.2093750000058,94211.87149912499
technology,xgboost,3034,1,2023-12-19,2023-12-20,2023-12-21,2023-12-22,513.0,497.61,stop_loss,174,0.3405974805355072,0.23118171095848083,0.4282207787036896,-0.03566642534388507,-3188.1931695000094,91023.67832962498
technology,xgboost,3034,2,2024-01-10,2024-01-11,2024-01-15,2024-01-15,506.0,534.0,target_close,170,0.27738043665885925,0.1290823370218277,0.5935372710227966,0.04917103799023152,4235.720000000001,95259.39832962498
technology,xgboost,3034,2,2024-03-01,2024-03-04,2024-03-06,2024-03-06,602.0,583.9399999999999,stop_loss,150,0.28062209486961365,0.2767302095890045,0.44264766573905945,-0.035666425343885234,-3225.2676750000246,92034.13065462495
technology,xgboost,3034,2,2024-03-06,2024-03-07,2024-03-11,2024-03-11,590.0,582.0,target_close,147,0.35968026518821716,0.2651016414165497,0.37521812319755554,-0.019321788485306763,-1678.1667000000016,90355.96395462495
technology,xgboost,3034,2,2024-03-13,2024-03-14,2024-03-18,2024-03-18,580.0,605.0,target_close,147,0.3455160856246948,0.23926150798797607,0.4152223765850067,0.03700997630101238,3159.9671249999956,93515.93107962495
technology,xgboost,3034,2,2024-03-19,2024-03-20,2024-03-22,2024-03-22,600.0,594.0,target_close,147,0.22544696927070618,0.26902857422828674,0.5055244565010071,-0.015783258856130043,-1394.0671500000026,92121.86392962495
technology,xgboost,3034,2,2024-03-26,2024-03-27,2024-03-29,2024-03-29,583.0,604.0,target_close,149,0.37975582480430603,0.1984896957874298,0.42175447940826416,0.02996848701577953,2606.9822249999997,94728.84615462495
technology,xgboost,3034,2,2024-04-15,2024-04-16,2024-04-18,2024-04-18,613.0,615.0,target_close,146,0.3214402198791504,0.27173924446105957,0.40682050585746765,-0.002598092172162014,-232.85540000000037,94495.99075462495
technology,xgboost,3034,3,2024-05-03,2024-05-06,2024-05-08,2024-05-08,640.0,593.0,stop_loss,140,0.3425919711589813,0.24418975412845612,0.413218230009079,-0.0788501775594779,-7075.043500000014,87420.94725462493
technology,xgboost,3034,3,2024-05-27,2024-05-28,2024-05-30,2024-05-30,621.0,605.0,target_close,133,0.2421794980764389,0.23839768767356873,0.5194227695465088,-0.03145606078166304,-2601.752649999995,84819.19460462494
technology,xgboost,3034,3,2024-05-30,2024-05-31,2024-06-04,2024-06-04,601.0,595.0,target_close,133,0.22665637731552124,0.31682974100112915,0.4565138518810272,-0.015766717120283297,-1262.0769,83557.11770462494
technology,xgboost,3034,3,2024-06-13,2024-06-14,2024-06-18,2024-06-18,611.0,617.0,target_close,129,0.30534496903419495,0.2379835695028305,0.45667144656181335,0.003920926591227878,309.48390000000654,83866.60160462494
technology,xgboost,3034,3,2024-06-25,2024-06-26,2024-06-28,2024-06-28,600.0,606.0,target_close,132,0.2515115439891815,0.32111167907714844,0.42737677693367004,0.004099907631624843,325.1753999999928,84191.77700462494
technology,xgboost,3034,3,2024-07-16,2024-07-17,2024-07-18,2024-07-19,559.0,542.23,stop_loss,142,0.27861616015434265,0.3186798393726349,0.40270400047302246,-0.03566642534388488,-2835.163870499993,81356.61313412494
technology,xgboost,3034,3,2024-08-05,2024-08-06,2024-08-06,2024-08-08,506.0,490.82,stop_loss,152,0.3791411221027374,0.11505617201328278,0.5058026909828186,-0.03566642534388506,-2747.0851320000074,78609.52800212493
technology,xgboost,3034,3,2024-08-06,2024-08-07,2024-08-09,2024-08-09,485.0,506.0,target_close,153,0.34987136721611023,0.2956071197986603,0.3545215427875519,0.03720435492824787,2764.6832250000007,81374.21122712494
technology,xgboost,3034,3,2024-08-09,2024-08-12,2024-08-14,2024-08-14,512.0,529.0,target_close,150,0.29845449328422546,0.3010014295578003,0.40054401755332947,0.02716748750218437,2089.436249999999,83463.64747712493
technology,xgboost,3034,4,2024-09-03,2024-09-04,2024-09-06,2024-09-06,510.0,526.0,target_close,155,0.24674223363399506,0.32407933473587036,0.4291784167289734,0.025347605152853177,2006.5834999999934,85470.23097712493
technology,xgboost,3034,4,2024-09-10,2024-09-11,2024-09-13,2024-09-13,523.0,534.0,target_close,155,0.23763763904571533,0.2839892506599426,0.47837308049201965,0.015067964097623565,1223.2251249999972,86693.45610212492
technology,xgboost,3034,4,2024-09-13,2024-09-16,2024-09-18,2024-09-19,533.0,517.01,stop_loss,154,0.3238987922668457,0.3191765248775482,0.35692474246025085,-0.035666425343885096,-2931.7433145000105,83761.71278762491
technology,xgboost,3034,4,2024-09-18,2024-09-19,2024-09-23,2024-09-23,502.0,522.0,target_close,158,0.13615041971206665,0.1641138792037964,0.699735701084137,0.033766225757777255,2682.018400000001,86443.73118762492
technology,xgboost,3034,4,2024-09-23,2024-09-24,2024-09-26,2024-09-26,520.0,523.0,target_close,157,0.29412195086479187,0.343953013420105,0.36192503571510315,-0.0001061468177077655,-8.678174999993644,86435.05301262492
technology,xgboost,3034,4,2024-09-26,2024-09-27,2024-09-27,2024-10-01,528.0,510.0,stop_loss,155,0.2980542778968811,0.19333034753799438,0.5086153745651245,-0.03973343667092578,-3256.4182500000024,83178.63476262492
technology,xgboost,3034,4,2024-10-01,2024-10-04,2024-10-08,2024-10-08,513.0,509.0,target_close,153,0.29962947964668274,0.304986834526062,0.39538365602493286,-0.013593397439837339,-1068.4525500000018,82110.18221262492
technology,xgboost,3034,4,2024-10-21,2024-10-22,2024-10-24,2024-10-24,530.0,517.0,target_close,146,0.3057110011577606,0.24635134637355804,0.44793760776519775,-0.030226691116102853,-2342.2743499999924,79767.90786262492
technology,xgboost,3034,4,2024-10-24,2024-10-25,2024-10-29,2024-10-29,519.0,503.43,stop_loss,145,0.26920488476753235,0.34598156809806824,0.38481348752975464,-0.03566642534388483,-2687.9016487499903,77080.00621387493
technology,xgboost,3034,4,2024-11-01,2024-11-04,2024-11-06,2024-11-06,501.0,495.5,target_close,145,0.3679732382297516,0.23595641553401947,0.39607033133506775,-0.01675558935303634,-1218.9443125000107,75861.06190137492
technology,xgboost,3034,4,2024-11-13,2024-11-14,2024-11-18,2024-11-18,490.0,491.5,target_close,146,0.24467234313488007,0.3396994471549988,0.41562819480895996,-0.0027983338029021784,-200.4780749999918,75660.58382637493
technology,xgboost,3034,4,2024-11-18,2024-11-19,2024-11-21,2024-11-21,491.5,483.5,target_close,146,0.1795656830072403,0.3152930438518524,0.5051413178443909,-0.022023296355084723,-1582.6217500000057,74077.96207637493
technology,xgboost,3034,4,2024-11-22,2024-11-25,2024-11-27,2024-11-27,486.0,481.5,target_close,144,0.2663170397281647,0.22034357488155365,0.5133394002914429,-0.015046845282509316,-1054.5389999999898,73023.42307637494
technology,xgboost,3034,4,2024-11-27,2024-11-28,2024-12-01,2024-12-01,482.0,481.0,target_close,143,0.33839917182922363,0.266848087310791,0.3947526812553406,-0.007904244749986297,-545.5843249999889,72477.83875137495
technology,xgboost,3034,4,2024-12-09,2024-12-10,2024-12-12,2024-12-12,490.0,482.0,target_close,140,0.2888701856136322,0.24677674472332,0.46435311436653137,-0.022072831928787288,-1516.3540000000066,70961.48475137494
technology,xgboost,3034,4,2024-12-13,2024-12-16,2024-12-18,2024-12-18,487.5,492.0,target_close,138,0.22788240015506744,0.3133595883846283,0.4587579667568207,0.0033351704590187615,224.69332499998563,71186.17807637493
technology,xgboost,3034,4,2024-12-20,2024-12-23,2024-12-25,2024-12-25,496.0,499.0,target_close,136,0.3418644964694977,0.18726862967014313,0.470866858959198,0.0001713787691248199,11.576999999990221,71197.75507637492
technology,xgboost,3034,4,2024-12-25,2024-12-26,2024-12-30,2024-12-30,500.0,500.0,target_close,135,0.27777233719825745,0.3205810785293579,0.40164661407470703,-0.0058416756122525405,-394.875,70802.88007637492
technology,gru,2303,1,2023-09-05,2023-09-06,2023-09-08,2023-09-08,46.9,45.3,stop_loss,1000,0.31731754541397095,0.31267470121383667,0.37000772356987,-0.03975752463187726,-1867.2850000000035,98132.715
technology,gru,2303,1,2023-09-13,2023-09-14,2023-09-18,2023-09-18,47.4,46.5,target_close,1000,0.2693442404270172,0.3065136969089508,0.4241420328617096,-0.02471809949303246,-1173.3074999999953,96959.4075
technology,gru,2303,1,2023-09-18,2023-09-19,2023-09-21,2023-09-21,46.5,45.65,target_close,1000,0.29302752017974854,0.35316744446754456,0.35380497574806213,-0.024014462187082298,-1118.2637499999983,95841.14375
technology,gru,2303,1,2023-09-21,2023-09-22,2023-09-26,2023-09-26,45.1,44.75,target_close,1000,0.3138262629508972,0.3287147879600525,0.3574588894844055,-0.013556873251625405,-612.2862500000047,95228.8575
technology,gru,2303,1,2023-09-26,2023-09-27,2023-10-02,2023-10-02,44.45,45.75,target_close,1000,0.23298612236976624,0.34144896268844604,0.4255649745464325,0.02323382093902025,1034.2150000000038,96263.07250000001
technology,gru,2303,1,2023-10-02,2023-10-03,2023-10-04,2023-10-05,45.7,44.329,stop_loss,1000,0.31110209226608276,0.3220668137073517,0.36683112382888794,-0.03566642534388495,-1632.2783249999993,94630.79417500002
technology,gru,2303,1,2023-10-04,2023-10-05,2023-10-11,2023-10-11,44.45,46.9,target_close,1000,0.20184382796287537,0.3307357430458069,0.46742045879364014,0.04895445250360758,2179.126250000001,96809.92042500002
technology,gru,2303,1,2023-10-11,2023-10-12,2023-10-16,2023-10-16,47.0,47.15,target_close,1000,0.28689655661582947,0.3400798439979553,0.3730235695838928,-0.0026688298961213635,-125.6137499999968,96684.30667500003
technology,gru,2303,1,2023-10-24,2023-10-25,2023-10-26,2023-10-27,48.45,46.95,stop_loss,1000,0.31472906470298767,0.3398190438747406,0.3454519510269165,-0.03662057110413338,-1776.7950000000055,94907.51167500002
technology,gru,2303,1,2023-11-03,2023-11-06,2023-11-08,2023-11-08,50.0,48.5,stop_loss,1000,0.28857970237731934,0.3321658670902252,0.37925446033477783,-0.03566642534388502,-1785.862500000003,93121.64917500001
technology,gru,2303,1,2023-11-09,2023-11-10,2023-11-14,2023-11-14,48.3,48.55,target_close,1000,0.2998995780944824,0.329457551240921,0.37064287066459656,-0.0006959285916119712,-33.66124999999738,93087.98792500002
technology,gru,2303,1,2023-11-14,2023-11-15,2023-11-17,2023-11-17,49.25,49.75,target_close,1000,0.31705042719841003,0.324138879776001,0.358810693025589,0.004251302300313335,209.67499999999563,93297.66292500001
technology,gru,2303,1,2023-11-20,2023-11-21,2023-11-23,2023-11-23,50.7,50.5,target_close,1000,0.2788088321685791,0.3247808516025543,0.3964102864265442,-0.009763404702539495,-495.7099999999991,92801.95292500002
technology,gru,2303,1,2023-11-24,2023-11-27,2023-11-29,2023-11-29,50.0,49.2,target_close,1000,0.2243594527244568,0.37881115078926086,0.39682942628860474,-0.02174820880245648,-1088.9599999999991,91712.99292500003
technology,gru,2303,1,2023-11-29,2023-11-30,2023-12-04,2023-12-04,49.3,50.2,target_close,1000,0.3364483118057251,0.316458523273468,0.3470931351184845,0.01230725931571842,607.6124999999956,92320.60542500002
technology,gru,2303,1,2023-12-12,2023-12-13,2023-12-15,2023-12-15,50.0,50.7,target_close,1000,0.34761402010917664,0.28001296520233154,0.37237298488616943,0.008076540929175854,404.4024999999965,92725.00792500001
technology,gru,2303,1,2023-12-18,2023-12-19,2023-12-21,2023-12-21,50.3,49.4,target_close,1000,0.24764497578144073,0.30434179306030273,0.44801318645477295,-0.023629796724558144,-1190.2724999999991,91534.73542500002
technology,gru,2303,1,2023-12-26,2023-12-27,2023-12-29,2023-12-29,51.3,52.6,target_close,1000,0.3452012538909912,0.30929842591285706,0.34550032019615173,0.019351420327398013,994.1425000000017,92528.87792500002
technology,gru,2303,2,2024-01-05,2024-01-08,2024-01-10,2024-01-10,51.0,50.1,target_close,1000,0.2940588593482971,0.3522437810897827,0.3536973297595978,-0.02338564604262456,-1194.3675000000003,91334.51042500001
technology,gru,2303,2,2024-01-17,2024-01-18,2024-01-22,2024-01-22,48.6,50.3,target_close,1000,0.18400712311267853,0.29360294342041016,0.5223898887634277,0.028933409808718117,1408.1675000000032,92742.67792500003
technology,gru,2303,2,2024-01-26,2024-01-29,2024-01-31,2024-01-31,49.65,49.0,target_close,1000,0.2178623080253601,0.38169175386428833,0.4004459083080292,-0.018856839979866518,-937.5762499999983,91805.10167500003
technology,gru,2303,2,2024-02-01,2024-02-02,2024-02-15,2024-02-15,48.85,49.2,target_close,1000,0.31418725848197937,0.3391135036945343,0.34669920802116394,0.0012812601817231146,62.67874999999913,91867.78042500003
technology,gru,2303,2,2024-02-15,2024-02-16,2024-02-20,2024-02-20,49.25,49.25,target_close,1000,0.3186913728713989,0.3322865962982178,0.3490220010280609,-0.005841675612252599,-288.1125000000029,91579.66792500003
technology,gru,2303,2,2024-02-20,2024-02-21,2024-02-23,2024-02-23,48.9,48.15,target_close,1000,0.28466546535491943,0.3460994362831116,0.3692350685596466,-0.021089502673414386,-1032.7462500000038,90546.92167500002
technology,gru,2303,2,2024-02-23,2024-02-26,2024-02-29,2024-02-29,48.0,48.85,target_close,1000,0.2863540053367615,0.35594111680984497,0.35770487785339355,0.011763211382113845,565.4387500000012,91112.36042500002
technology,gru,2303,2,2024-02-29,2024-03-01,2024-03-05,2024-03-05,49.0,48.75,target_close,1000,0.3056536316871643,0.33013373613357544,0.36421263217926025,-0.01091391196116956,-535.5437499999971,90576.81667500002
technology,gru,2303,2,2024-03-28,2024-03-29,2024-04-02,2024-04-02,52.0,52.1,target_close,1000,0.3412521183490753,0.3050474524497986,0.3537003695964813,-0.003929832680737675,-204.64250000000175,90372.17417500002
technology,gru,2303,2,2024-04-09,2024-04-10,2024-04-12,2024-04-12,52.7,52.7,target_close,1000,0.30356916785240173,0.31506112217903137,0.38136976957321167,-0.005841675612252645,-308.29500000000553,90063.87917500001
technology,gru,2303,2,2024-04-15,2024-04-16,2024-04-18,2024-04-18,51.0,50.2,target_close,1000,0.29084116220474243,0.3420163691043854,0.3671424388885498,-0.021436315994805537,-1094.810000000005,88969.06917500001
technology,gru,2303,2,2024-04-19,2024-04-22,2024-04-24,2024-04-24,48.65,50.2,target_close,1000,0.27591603994369507,0.33289825916290283,0.3911857306957245,0.025832433386740437,1258.5387499999997,90227.60792500002
technology,gru,2303,3,2024-05-02,2024-05-03,2024-05-07,2024-05-07,51.1,51.6,target_close,1000,0.31495654582977295,0.31959182024002075,0.3654516637325287,0.0038859009473144776,198.85250000000087,90426.46042500003
technology,gru,2303,3,2024-05-14,2024-05-15,2024-05-17,2024-05-17,52.3,52.8,target_close,1000,0.3167895972728729,0.33715951442718506,0.34605085849761963,0.0036627060740547354,191.8324999999968,90618.29292500002
technology,gru,2303,3,2024-05-27,2024-05-28,2024-05-30,2024-05-30,57.1,55.0,stop_loss,1000,0.2403745949268341,0.3561093509197235,0.4035160541534424,-0.04240441608885972,-2424.7425000000003,88193.55042500002
technology,gru,2303,3,2024-05-30,2024-05-31,2024-06-04,2024-06-04,56.0,54.32,stop_loss,1000,0.31520459055900574,0.31067806482315063,0.37411731481552124,-0.03566642534388505,-2000.1660000000047,86193.38442500003
technology,gru,2303,3,2024-06-13,2024-06-14,2024-06-18,2024-06-18,57.0,56.8,target_close,1000,0.31180307269096375,0.2937331199645996,0.39446377754211426,-0.00932995043466573,-532.5650000000023,85660.81942500002
technology,gru,2303,3,2024-06-24,2024-06-25,2024-06-27,2024-06-27,56.7,56.4,target_close,1000,0.3300037086009979,0.3240756690502167,0.3459206223487854,-0.011101772566685071,-630.3675000000003,85030.45192500003
technology,gru,2303,3,2024-06-28,2024-07-01,2024-07-02,2024-07-03,55.9,53.5,stop_loss,1000,0.280117392539978,0.3236932158470154,0.39618945121765137,-0.04852468059491082,-2716.395000000004,82314.05692500003
technology,gru,2303,3,2024-07-12,2024-07-15,2024-07-17,2024-07-17,53.1,53.0,target_close,1000,0.28708523511886597,0.3254508078098297,0.3874639570713043,-0.007713913511287933,-410.19250000000466,81903.86442500002
technology,gru,2303,3,2024-07-17,2024-07-18,2024-07-22,2024-07-22,52.5,50.925,stop_loss,1000,0.33213263750076294,0.3122357726097107,0.355631560087204,-0.03566642534388495,-1875.1556249999994,80028.70880000002
technology,gru,2303,3,2024-07-22,2024-07-23,2024-07-26,2024-07-29,51.0,49.45,stop_loss,1000,0.30871444940567017,0.30158212780952454,0.3897034823894501,-0.03605629135344891,-1841.4912500000064,78187.21755000002
technology,gru,2303,3,2024-08-01,2024-08-02,2024-08-05,2024-08-06,52.7,51.119,stop_loss,1000,0.34484294056892395,0.29057779908180237,0.3645792603492737,-0.03566642534388501,-1882.2990750000026,76304.91847500001
technology,gru,2303,3,2024-08-05,2024-08-06,2024-08-06,2024-08-08,51.4,49.858,stop_loss,1000,0.2725120186805725,0.32683244347572327,0.40065550804138184,-0.03566642534388503,-1835.8666500000036,74469.051825
technology,gru,2303,3,2024-08-16,2024-08-19,2024-08-21,2024-08-21,55.9,56.0,target_close,1000,0.33860698342323303,0.3187235891819,0.34266942739486694,-0.004063217071308521,-227.45750000000407,74241.594325
technology,gru,2303,4,2024-09-03,2024-09-04,2024-09-06,2024-09-06,53.0,54.5,target_close,1000,0.30612465739250183,0.3371153771877289,0.3567599654197693,0.022294880738344087,1183.3125,75424.906825
technology,gru,2303,4,2024-09-18,2024-09-19,2024-09-23,2024-09-23,53.7,54.0,target_close,1000,0.36370259523391724,0.23720833659172058,0.3990890681743622,-0.0002877184927678471,-15.472499999996217,75409.43432500001
technology,gru,2303,4,2024-09-23,2024-09-24,2024-09-26,2024-09-26,54.0,54.9,target_close,1000,0.30545663833618164,0.3395081162452698,0.3550352454185486,0.010727629794209924,580.1175000000003,75989.551825
technology,gru,2303,4,2024-09-26,2024-09-27,2024-10-01,2024-10-01,55.4,53.6,stop_loss,1000,0.33590179681777954,0.3213026523590088,0.34279558062553406,-0.03814284860680029,-2116.125,73873.426825
technology,gru,2303,4,2024-10-15,2024-10-16,2024-10-18,2024-10-18,51.4,50.5,target_close,1000,0.3338449001312256,0.31442561745643616,0.35172948241233826,-0.023249117089859092,-1196.707500000004,72676.719325
technology,gru,2303,4,2024-10-18,2024-10-21,2024-10-23,2024-10-23,50.3,50.2,target_close,1000,0.2494339942932129,0.35013556480407715,0.40043044090270996,-0.007818133513619832,-393.8125,72282.906825
technology,gru,2303,4,2024-11-01,2024-11-04,2024-11-05,2024-11-06,46.6,45.202,stop_loss,1000,0.3286244869232178,0.33343562483787537,0.33793994784355164,-0.03566642534388495,-1664.4238499999992,70618.48297499999
technology,gru,2303,4,2024-11-25,2024-11-26,2024-11-28,2024-11-28,44.8,43.455999999999996,stop_loss,1000,0.291787713766098,0.3268784284591675,0.38133376836776733,-0.03566642534388527,-1600.132800000014,69018.35017499997
technology,gru,2303,4,2024-12-05,2024-12-06,2024-12-10,2024-12-10,43.15,43.7,target_close,1000,0.28181859850883484,0.3519960939884186,0.36618533730506897,0.006830099090256537,295.13875000000553,69313.48892499998
technology,gru,2303,4,2024-12-11,2024-12-12,2024-12-13,2024-12-16,43.15,41.8555,stop_loss,1000,0.2850378751754761,0.35086923837661743,0.3640929162502289,-0.035666425343884846,-1541.1993374999947,67772.28958749998
technology,gru,2303,4,2024-12-24,2024-12-25,2024-12-27,2024-12-27,44.5,43.6,target_close,1000,0.3138868808746338,0.28998565673828125,0.39612749218940735,-0.025948248465038418,-1156.3424999999988,66615.94708749998
technology,gru,2330,1,2023-09-05,2023-09-06,2023-09-08,2023-09-08,556.0,535.0,stop_loss,170,0.3542211949825287,0.28103944659233093,0.3647392690181732,-0.043390820957833,-4107.144750000007,95892.85525
technology,gru,2330,1,2023-09-12,2023-09-13,2023-09-15,2023-09-15,545.0,558.0,target_close,166,0.3060479164123535,0.2739909291267395,0.4199610948562622,0.0178721926758956,1619.201350000003,97512.0566
technology,gru,2330,1,2023-09-15,2023-09-18,2023-09-20,2023-09-20,548.0,535.0,target_close,168,0.20382627844810486,0.38808098435401917,0.4080926775932312,-0.029425723453567698,-2712.9101999999984,94799.1464
technology,gru,2330,1,2023-09-21,2023-09-22,2023-09-26,2023-09-26,523.0,519.0,target_close,171,0.3296668231487274,0.3279708921909332,0.34236225485801697,-0.013445180961298464,-1204.1563500000047,93594.99005
technology,gru,2330,1,2023-09-28,2023-10-02,2023-10-04,2023-10-04,530.0,520.0,target_close,167,0.3366031050682068,0.29271021485328674,0.3706866502761841,-0.02459937984598366,-2180.393750000003,91414.59629999999
technology,gru,2330,1,2023-10-04,2023-10-05,2023-10-11,2023-10-11,523.0,544.0,target_close,165,0.3417999744415283,0.2911754846572876,0.36702457070350647,0.03407672747023829,2944.841625000001,94359.43792499999
technology,gru,2330,1,2023-10-11,2023-10-12,2023-10-16,2023-10-16,545.0,545.0,target_close,164,0.22371678054332733,0.2895444929599762,0.48673877120018005,-0.005841675612252617,-522.8730000000069,93836.56492499998
technology,gru,2330,1,2023-10-16,2023-10-17,2023-10-19,2023-10-19,550.0,546.0,target_close,161,0.33903515338897705,0.3080367147922516,0.35292816162109375,-0.01307191797143611,-1159.1677999999956,92677.39712499999
technology,gru,2330,1,2023-10-20,2023-10-23,2023-10-25,2023-10-25,552.0,544.0,target_close,159,0.264824777841568,0.2933124601840973,0.4418627619743347,-0.02024976727004607,-1779.814200000008,90897.58292499998
technology,gru,2330,1,2023-10-26,2023-10-27,2023-10-31,2023-10-31,534.0,529.0,target_close,161,0.3254565894603729,0.29434821009635925,0.3801952004432678,-0.015150274155209005,-1304.3857750000025,89593.19714999998
technology,gru,2330,1,2023-10-31,2023-11-01,2023-11-03,2023-11-03,533.0,549.0,target_close,159,0.3377591371536255,0.29042428731918335,0.37181660532951355,0.024001726245540898,2036.972849999991,91630.16999999997
technology,gru,2330,1,2023-11-13,2023-11-14,2023-11-16,2023-11-16,576.0,583.0,target_close,150,0.25498512387275696,0.30931469798088074,0.4357002377510071,0.006240109579959749,539.913750000007,92170.08374999998
technology,gru,2330,1,2023-11-16,2023-11-17,2023-11-21,2023-11-21,579.0,585.0,target_close,151,0.3374754786491394,0.32478830218315125,0.33773624897003174,0.004460483189693057,390.5313000000024,92560.61504999998
technology,gru,2330,1,2023-11-29,2023-11-30,2023-12-04,2023-12-04,576.0,574.0,target_close,152,0.3135596215724945,0.2788521349430084,0.40758824348449707,-0.009293614238598915,-814.8340000000026,91745.78104999998
technology,gru,2330,1,2023-12-04,2023-12-05,2023-12-07,2023-12-07,571.0,566.0,target_close,152,0.328579843044281,0.33080872893333435,0.34061145782470703,-0.01454709001144478,-1264.3702000000048,90481.41084999997
technology,gru,2330,1,2023-12-08,2023-12-11,2023-12-13,2023-12-13,572.0,577.0,target_close,150,0.3323911428451538,0.3007580041885376,0.366850882768631,0.002848519530997014,244.75125000000116,90726.16209999997
technology,gru,2330,1,2023-12-13,2023-12-14,2023-12-18,2023-12-18,581.0,585.0,target_close,148,0.28905120491981506,0.3362850248813629,0.374663770198822,0.0010027878947197952,86.35059999999066,90812.51269999996
technology,gru,2330,1,2023-12-18,2023-12-19,2023-12-21,2023-12-21,588.0,577.0,target_close,146,0.2948078513145447,0.35066354274749756,0.3545285761356354,-0.024439875558281875,-2101.104250000004,88711.40844999996
technology,gru,2330,2,2024-01-03,2024-01-04,2024-01-08,2024-01-08,580.0,583.0,target_close,145,0.26669561862945557,0.3622727692127228,0.37103158235549927,-0.0006994773826607139,-58.909874999997555,88652.49857499996
technology,gru,2330,2,2024-01-08,2024-01-09,2024-01-11,2024-01-11,588.0,586.0,target_close,143,0.3350222408771515,0.32763180136680603,0.3373459279537201,-0.009223166511530725,-776.6258500000113,87875.87272499995
technology,gru,2330,2,2024-01-11,2024-01-12,2024-01-16,2024-01-16,581.0,580.0,target_close,143,0.31998902559280396,0.33756881952285767,0.3424421548843384,-0.007552791488995592,-628.402774999995,87247.46994999996
technology,gru,2330,2,2024-01-16,2024-01-17,2024-01-19,2024-01-19,583.0,626.0,target_close,141,0.3130398392677307,0.31547558307647705,0.37148451805114746,0.06748389548324168,5555.283674999999,92802.75362499995
technology,gru,2330,2,2024-01-31,2024-02-01,2024-02-05,2024-02-05,625.0,646.0,target_close,140,0.30575504899024963,0.34593117237091064,0.34831371903419495,0.027562044087175774,2415.1155,95217.86912499995
technology,gru,2330,2,2024-02-05,2024-02-15,2024-02-16,2024-02-19,709.0,687.73,stop_loss,127,0.33113476634025574,0.3187035918235779,0.3501616418361664,-0.03566642534388497,-3216.088341750001,92001.78078324995
technology,gru,2330,2,2024-02-21,2024-02-22,2024-02-26,2024-02-26,695.0,698.0,target_close,125,0.3369644582271576,0.31947433948516846,0.34356120228767395,-0.0015503447156148147,-134.8781250000029,91866.90265824995
technology,gru,2330,2,2024-02-27,2024-02-29,2024-03-04,2024-03-04,691.0,725.0,target_close,126,0.33739298582077026,0.3065195679664612,0.3560873568058014,0.04307494237498817,3755.70719999999,95622.60985824994
technology,gru,2330,2,2024-03-04,2024-03-05,2024-03-07,2024-03-07,735.0,760.0,target_close,123,0.2780062258243561,0.3323797881603241,0.3896140158176422,0.027973233380527974,2532.523874999999,98155.13373324994
technology,gru,2330,2,2024-03-21,2024-03-22,2024-03-26,2024-03-26,788.0,782.0,target_close,118,0.3367118239402771,0.2899894714355469,0.3732987344264984,-0.013411409046676998,-1248.8234999999986,96906.31023324994
technology,gru,2330,2,2024-04-02,2024-04-03,2024-04-09,2024-04-09,783.0,819.0,target_close,117,0.27279597520828247,0.30236876010894775,0.4248352348804474,0.03986675309523013,3657.4375500000024,100563.74778324994
technology,gru,2330,2,2024-04-09,2024-04-10,2024-04-12,2024-04-12,815.0,818.0,target_close,117,0.30908748507499695,0.30815640091896057,0.38275617361068726,-0.0021821971175737267,-208.3799250000011,100355.36785824994
technology,gru,2330,2,2024-04-15,2024-04-16,2024-04-18,2024-04-18,802.0,804.0,target_close,118,0.3290950357913971,0.3288787603378296,0.3420261740684509,-0.003362477795824278,-318.6649000000034,100036.70295824994
technology,gru,2330,2,2024-04-19,2024-04-22,2024-04-24,2024-04-24,740.0,783.0,target_close,128,0.24197305738925934,0.36378583312034607,0.394241064786911,0.05192698377784631,4925.532800000001,104962.23575824994
technology,gru,2330,3,2024-05-02,2024-05-03,2024-05-07,2024-05-07,788.0,800.0,target_close,126,0.27954286336898804,0.34187930822372437,0.3785777986049652,0.009297791256596273,924.4745999999868,105886.71035824993
technology,gru,2330,3,2024-05-13,2024-05-14,2024-05-16,2024-05-16,816.0,841.0,target_close,123,0.3011792302131653,0.34897080063819885,0.3498499393463135,0.024616606384921157,2474.240325000006,108360.95068324993
technology,gru,2330,3,2024-05-16,2024-05-17,2024-05-20,2024-05-21,848.0,822.56,stop_loss,121,0.3051906228065491,0.30099812150001526,0.39381125569343567,-0.03566642534388506,-3664.87558800001,104696.07509524992
technology,gru,2330,3,2024-05-24,2024-05-27,2024-05-29,2024-05-29,872.0,857.0,target_close,113,0.29320403933525085,0.33101511001586914,0.37578085064888,-0.022943022935436208,-2263.935224999994,102432.13987024993
technology,gru,2330,3,2024-05-30,2024-05-31,2024-06-04,2024-06-04,838.0,839.0,target_close,115,0.2885805666446686,0.3365212380886078,0.374898225069046,-0.004655329163102528,-449.2733750000043,101982.86649524992
technology,gru,2330,3,2024-06-13,2024-06-14,2024-06-18,2024-06-18,916.0,943.0,target_close,105,0.3309682011604309,0.2874276638031006,0.3816041350364685,0.023462117792189666,2259.8021249999874,104242.66862024991
technology,gru,2330,3,2024-06-21,2024-06-24,2024-06-25,2024-06-26,958.0,925.0,stop_loss,103,0.2943439781665802,0.2525908350944519,0.4530651867389679,-0.04008721288239421,-3961.2023250000057,100281.4662952499
technology,gru,2330,3,2024-06-26,2024-06-27,2024-07-01,2024-07-01,951.0,968.0,target_close,100,0.3175166845321655,0.3409840762615204,0.3414992094039917,0.011929819145467464,1136.1425000000017,101417.60879524991
technology,gru,2330,3,2024-07-02,2024-07-03,2024-07-05,2024-07-05,976.0,1005.0,target_close,98,0.2924656569957733,0.3501305878162384,0.3574037551879883,0.02369786476402278,2269.8833500000037,103687.49214524991
technology,gru,2330,3,2024-07-08,2024-07-09,2024-07-11,2024-07-11,1030.0,1080.0,target_close,95,0.34526312351226807,0.21793608367443085,0.43680083751678467,0.042418437222104095,4156.5587499999965,107844.05089524991
technology,gru,2330,3,2024-07-12,2024-07-15,2024-07-17,2024-07-17,1040.0,1030.0,target_close,98,0.2914871871471405,0.3518509566783905,0.3566618263721466,-0.015400890269827022,-1571.8954999999987,106272.15539524991
technology,gru,2330,3,2024-07-17,2024-07-18,2024-07-22,2024-07-22,988.0,958.36,stop_loss,102,0.31762054562568665,0.34018123149871826,0.3421982228755951,-0.03566642534388497,-3599.441586000001,102672.71380924991
technology,gru,2330,3,2024-07-22,2024-07-23,2024-07-26,2024-07-29,963.0,915.0,stop_loss,101,0.29224464297294617,0.3075219988822937,0.40023332834243774,-0.05539473851008419,-5395.53615,97277.17765924991
technology,gru,2330,3,2024-07-30,2024-07-31,2024-08-02,2024-08-02,929.0,903.0,target_close,99,0.33011746406555176,0.32399362325668335,0.3458889424800873,-0.03366526703752861,-3100.640400000004,94176.5372592499
technology,gru,2330,3,2024-08-02,2024-08-05,2024-08-05,2024-08-07,852.0,826.4399999999999,stop_loss,104,0.27551189064979553,0.35854795575141907,0.3659401834011078,-0.03566642534388516,-3164.834088000018,91011.70317124989
technology,gru,2330,3,2024-08-05,2024-08-06,2024-08-06,2024-08-08,868.0,841.9599999999999,stop_loss,99,0.24541449546813965,0.2964766323566437,0.45810890197753906,-0.03566642534388505,-3069.254727000007,87942.44844424988
technology,gru,2330,3,2024-08-06,2024-08-07,2024-08-09,2024-08-09,901.0,934.0,target_close,92,0.3148775100708008,0.30014917254447937,0.38497331738471985,0.030570338488519463,2537.647499999992,90480.09594424987
technology,gru,2330,3,2024-08-12,2024-08-13,2024-08-15,2024-08-15,945.0,943.0,target_close,90,0.329143226146698,0.3169723153114319,0.35388442873954773,-0.007945714394025541,-676.7459999999992,89803.34994424987
technology,gru,2330,3,2024-08-22,2024-08-23,2024-08-27,2024-08-27,944.0,942.0,target_close,90,0.30964383482933044,0.3326467275619507,0.35770946741104126,-0.007947943248667336,-676.2195000000065,89127.13044424987
technology,gru,2330,4,2024-09-04,2024-09-05,2024-09-09,2024-09-09,907.0,899.0,target_close,93,0.26383790373802185,0.34049710631370544,0.3956649899482727,-0.01461043701809816,-1234.16115,87892.96929424987
technology,gru,2330,4,2024-09-12,2024-09-13,2024-09-18,2024-09-18,955.0,941.0,target_close,87,0.28159308433532715,0.35341760516166687,0.3649892807006836,-0.02041572434673268,-1698.657600000006,86194.31169424986
technology,gru,2330,4,2024-09-20,2024-09-23,2024-09-25,2024-09-25,971.0,1005.0,target_close,84,0.2724417448043823,0.30266910791397095,0.4248892068862915,0.028969223490922884,2366.212799999994,88560.52449424985
technology,gru,2330,4,2024-09-26,2024-09-27,2024-09-30,2024-10-01,1020.0,978.0,stop_loss,82,0.33628010749816895,0.27443745732307434,0.3892824649810791,-0.04677760661645394,-3918.0543000000034,84642.47019424985
technology,gru,2330,4,2024-10-04,2024-10-07,2024-10-09,2024-10-09,993.0,1020.0,target_close,80,0.2757149636745453,0.3230226933956146,0.4012623131275177,0.021189819612791868,1685.7179999999935,86328.18819424984
technology,gru,2330,4,2024-10-09,2024-10-11,2024-10-15,2024-10-15,1025.0,1070.0,target_close,79,0.3323971927165985,0.2638086974620819,0.40379416942596436,0.03780429960477059,3065.5653750000056,89393.75356924985
technology,gru,2330,4,2024-10-15,2024-10-16,2024-10-18,2024-10-18,1040.0,1085.0,target_close,81,0.3638606071472168,0.24699439108371735,0.38914504647254944,0.037174790346832735,3136.066875000004,92529.82044424985
technology,gru,2330,4,2024-10-18,2024-10-21,2024-10-23,2024-10-23,1090.0,1057.3,stop_loss,80,0.32592183351516724,0.23844388127326965,0.4356342852115631,-0.035666425343884846,-3114.5441999999894,89415.27624424986
technology,gru,2330,4,2024-10-24,2024-10-25,2024-10-29,2024-10-29,1065.0,1033.05,stop_loss,79,0.3770536780357361,0.23648333549499512,0.3864630162715912,-0.03566642534388499,-3005.070828750002,86410.20541549986
technology,gru,2330,4,2024-10-30,2024-11-01,2024-11-05,2024-11-05,996.0,1050.0,target_close,82,0.3387155830860138,0.2653043866157532,0.39598003029823303,0.0480584745051554,3930.6248999999953,90340.83031549986
technology,gru,2330,4,2024-11-06,2024-11-07,2024-11-11,2024-11-11,1050.0,1085.0,target_close,81,0.3256853520870209,0.24362821877002716,0.43068647384643555,0.027296935200672515,2324.9126250000118,92665.74294049987
technology,gru,2330,4,2024-11-12,2024-11-13,2024-11-15,2024-11-15,1045.0,1035.0,target_close,84,0.33822107315063477,0.25704094767570496,0.4047379195690155,-0.01535515240065206,-1349.796000000002,91315.94694049987
technology,gru,2330,4,2024-11-18,2024-11-19,2024-11-21,2024-11-21,1030.0,1010.0,target_close,84,0.3326912522315979,0.28541049361228943,0.38189828395843506,-0.025145720745995196,-2178.7079999999987,89137.23894049987
technology,gru,2330,4,2024-11-21,2024-11-22,2024-11-26,2024-11-26,1035.0,1010.0,target_close,81,0.3057840168476105,0.29228436946868896,0.40193167328834534,-0.029855161708575034,-2506.474125000008,86630.76481549986
technology,gru,2330,4,2024-11-26,2024-11-27,2024-11-29,2024-11-29,1010.0,996.0,target_close,81,0.3156140446662903,0.3314497768878937,0.35293617844581604,-0.01962208802950832,-1607.5705499999895,85023.19426549987
technology,gru,2330,4,2024-11-29,2024-12-01,2024-12-03,2024-12-03,1000.0,1055.0,target_close,80,0.31235790252685547,0.3123325705528259,0.3753094971179962,0.048837032229073554,3912.529999999999,88935.72426549987
technology,gru,2330,4,2024-12-03,2024-12-04,2024-12-06,2024-12-06,1065.0,1065.0,target_close,79,0.31244149804115295,0.2649984657764435,0.4225600063800812,-0.005841675612252427,-492.18974999999045,88443.53451549988
technology,gru,2330,4,2024-12-11,2024-12-12,2024-12-16,2024-12-16,1060.0,1085.0,target_close,79,0.3481670022010803,0.26967066526412964,0.3821623623371124,0.01760545467991125,1476.3816249999945,89919.91614049987
technology,gru,2330,4,2024-12-16,2024-12-17,2024-12-19,2024-12-19,1090.0,1057.3,stop_loss,78,0.31727051734924316,0.274746298789978,0.40798312425613403,-0.03566642534388511,-3036.6805950000125,86883.23554549986
technology,gru,2379,1,2023-09-01,2023-09-04,2023-09-06,2023-09-06,429.0,448.5,target_close,221,0.2643730342388153,0.36373957991600037,0.3718873858451843,0.03934733913264516,3735.797812500008,103735.79781250001
technology,gru,2379,1,2023-09-08,2023-09-11,2023-09-11,2023-09-13,421.0,408.37,stop_loss,233,0.2781985104084015,0.35661613941192627,0.365185409784317,-0.03566642534388488,-3503.612204249992,100232.18560825002
technology,gru,2379,1,2023-09-11,2023-09-12,2023-09-13,2023-09-14,409.0,396.72999999999996,stop_loss,232,0.1980837881565094,0.3570893704891205,0.4448269009590149,-0.03566642534388514,-3389.138418000017,96843.04719025
technology,gru,2379,1,2023-09-18,2023-09-19,2023-09-19,2023-09-21,420.0,407.4,stop_loss,218,0.33640944957733154,0.3017495572566986,0.36184102296829224,-0.03566642534388498,-3270.271410000001,93572.77578025
technology,gru,2379,1,2023-09-21,2023-09-22,2023-09-26,2023-09-26,389.0,398.0,target_close,228,0.2860623300075531,0.344705194234848,0.3692324757575989,0.01715941672576733,1524.0717000000004,95096.84748025
technology,gru,2379,1,2023-10-03,2023-10-04,2023-10-06,2023-10-06,398.5,407.5,target_close,226,0.32951799035072327,0.2988262474536896,0.37165576219558716,0.016611084537031556,1498.1426999999967,96594.99018025
technology,gru,2379,1,2023-10-11,2023-10-12,2023-10-16,2023-10-16,419.0,423.0,target_close,218,0.2961468994617462,0.3206556439399719,0.38319751620292664,0.0036490959809478882,333.79069999999774,96928.78088025
technology,gru,2379,1,2023-10-20,2023-10-23,2023-10-24,2023-10-25,407.5,390.5,stop_loss,225,0.3000926971435547,0.33873674273490906,0.36117061972618103,-0.047315765218612645,-4344.446250000008,92584.33463024998
technology,gru,2379,1,2023-10-24,2023-10-25,2023-10-27,2023-10-27,396.0,384.12,stop_loss,221,0.2503037750720978,0.33639979362487793,0.4132963716983795,-0.03566642534388503,-3125.830851000006,89458.50377924998
technology,gru,2379,1,2023-11-03,2023-11-06,2023-11-08,2023-11-08,409.5,415.0,target_close,207,0.3149745762348175,0.3210722506046295,0.363953173160553,0.00751087819515301,637.5781124999921,90096.08189174997
technology,gru,2379,1,2023-11-15,2023-11-16,2023-11-20,2023-11-20,419.5,427.5,target_close,203,0.30785199999809265,0.3036699891090393,0.38847798109054565,0.013117243565582894,1118.6365749999968,91214.71846674997
technology,gru,2379,1,2023-11-27,2023-11-28,2023-11-30,2023-11-30,449.0,449.5,target_close,192,0.24282538890838623,0.36436372995376587,0.3928108513355255,-0.004734595072845179,-408.7415999999939,90805.97686674997
technology,gru,2379,1,2023-11-30,2023-12-01,2023-12-05,2023-12-05,444.0,447.0,target_close,194,0.27263274788856506,0.3577785789966583,0.3695886433124542,0.0008756103633403177,75.52904999999737,90881.50591674997
technology,gru,2379,1,2023-12-07,2023-12-08,2023-12-12,2023-12-12,446.5,457.0,target_close,193,0.3189471960067749,0.2841688394546509,0.396884024143219,0.017537187559239838,1513.4119124999997,92394.91782924997
technology,gru,2379,1,2023-12-13,2023-12-14,2023-12-18,2023-12-18,470.0,470.0,target_close,186,0.2134757786989212,0.3360421359539032,0.4504820704460144,-0.005841675612252615,-511.4070000000065,91883.51082924996
technology,gru,2379,1,2023-12-18,2023-12-19,2023-12-21,2023-12-21,459.0,459.0,target_close,189,0.2360708862543106,0.3480966091156006,0.4158324897289276,-0.005841675612252589,-507.4933500000043,91376.01747924996
technology,gru,2379,1,2023-12-22,2023-12-25,2023-12-27,2023-12-27,465.0,468.0,target_close,186,0.32436248660087585,0.3294987976551056,0.34613877534866333,0.0005722490612168048,49.56435000000056,91425.58182924996
technology,gru,2379,2,2024-01-02,2024-01-03,2024-01-05,2024-01-05,457.5,450.5,target_close,189,0.31713056564331055,0.3028016984462738,0.38006773591041565,-0.021052841231300155,-1822.9806000000099,89602.60122924995
technology,gru,2379,2,2024-01-10,2024-01-11,2024-01-15,2024-01-15,456.5,455.0,target_close,186,0.2782585024833679,0.3144482672214508,0.4072931706905365,-0.009108351376943892,-774.4830749999965,88828.11815424995
technology,gru,2379,2,2024-01-15,2024-01-16,2024-01-18,2024-01-18,450.5,436.985,stop_loss,187,0.3245697021484375,0.31744205951690674,0.35798826813697815,-0.03566642534388487,-3008.9461503749917,85819.17200387496
technology,gru,2379,2,2024-01-24,2024-01-25,2024-01-29,2024-01-29,453.0,455.5,target_close,179,0.2639496922492981,0.36178046464920044,0.37426987290382385,-0.00035515064322513677,-28.83913749999192,85790.33286637497
technology,gru,2379,2,2024-02-20,2024-02-21,2024-02-23,2024-02-23,481.5,547.0,target_close,169,0.14754615724086761,0.40323150157928467,0.4492223262786865,0.1293968918797464,10544.482487500005,96334.81535387498
technology,gru,2379,2,2024-03-25,2024-03-26,2024-03-26,2024-03-28,587.0,569.39,stop_loss,155,0.27901938557624817,0.31593793630599976,0.4050426483154297,-0.03566642534388515,-3249.7339912500174,93085.08136262496
technology,gru,2379,2,2024-04-03,2024-04-08,2024-04-10,2024-04-10,570.0,571.0,target_close,154,0.3315766155719757,0.29641538858413696,0.37200799584388733,-0.004097538201046079,-360.19445000000997,92724.88691262495
technology,gru,2379,2,2024-04-16,2024-04-17,2024-04-19,2024-04-19,555.0,552.0,target_close,158,0.2681296169757843,0.32026970386505127,0.41160067915916443,-0.011215504392726828,-984.889049999998,91739.99786262495
technology,gru,2379,3,2024-05-06,2024-05-07,2024-05-09,2024-05-09,521.0,532.0,target_close,167,0.3022274971008301,0.3316138684749603,0.3661586344242096,0.01514823142856369,1319.8803250000055,93059.87818762496
technology,gru,2379,3,2024-05-09,2024-05-10,2024-05-10,2024-05-14,532.0,516.04,stop_loss,165,0.29723188281059265,0.32167941331863403,0.3810887336730957,-0.03566642534388511,-3135.2602050000132,89924.61798262494
technology,gru,2379,3,2024-05-10,2024-05-13,2024-05-15,2024-05-15,520.0,531.0,target_close,164,0.28508904576301575,0.3024449646472931,0.41246598958969116,0.015188596634411354,1297.1293000000005,91221.74728262494
technology,gru,2379,3,2024-05-17,2024-05-20,2024-05-22,2024-05-22,534.0,537.0,target_close,162,0.2809816598892212,0.30660849809646606,0.41240981221199036,-0.00025651648647863606,-22.222349999996368,91199.52493262495
technology,gru,2379,3,2024-05-24,2024-05-27,2024-05-29,2024-05-29,533.0,561.0,target_close,162,0.32343387603759766,0.3370385766029358,0.33952751755714417,0.04638427763888609,4010.804099999994,95210.32903262494
technology,gru,2379,3,2024-05-29,2024-05-30,2024-06-03,2024-06-03,556.0,550.0,target_close,162,0.3339182138442993,0.3183298707008362,0.3477519154548645,-0.016570002853846938,-1494.6201,93715.70893262494
technology,gru,2379,3,2024-06-03,2024-06-04,2024-06-04,2024-06-06,549.0,532.53,stop_loss,161,0.29508912563323975,0.2537442743778229,0.4511665403842926,-0.03566642534388489,-3157.012010249993,90558.69692237495
technology,gru,2379,3,2024-06-04,2024-06-05,2024-06-05,2024-06-07,535.0,518.9499999999999,stop_loss,160,0.3196675777435303,0.2624140679836273,0.4179183840751648,-0.035666425343885054,-3057.3966000000073,87501.30032237494
technology,gru,2379,3,2024-06-05,2024-06-06,2024-06-11,2024-06-11,534.0,534.0,target_close,155,0.31191837787628174,0.31144294142723083,0.3766386806964874,-0.00584167561225245,-484.20449999999255,87017.09582237495
technology,gru,2379,3,2024-06-12,2024-06-13,2024-06-17,2024-06-17,550.0,561.0,target_close,150,0.3069923222064972,0.3337690830230713,0.35923856496810913,0.01404149087550236,1160.073749999996,88177.16957237494
technology,gru,2379,3,2024-06-19,2024-06-20,2024-06-24,2024-06-24,560.0,543.1999999999999,stop_loss,149,0.3620140552520752,0.2641808092594147,0.3738051652908325,-0.03566642534388516,-2980.2473400000163,85196.92223237493
technology,gru,2379,3,2024-06-24,2024-06-25,2024-06-27,2024-06-27,534.0,517.98,stop_loss,151,0.3006780445575714,0.301534503698349,0.3977874517440796,-0.035666425343884915,-2880.024736499996,82316.89749587493
technology,gru,2379,3,2024-06-28,2024-07-01,2024-07-02,2024-07-03,540.0,523.8,stop_loss,144,0.34080955386161804,0.2508956789970398,0.40829476714134216,-0.03566642534388512,-2777.3733600000123,79539.52413587492
technology,gru,2379,3,2024-07-16,2024-07-17,2024-07-18,2024-07-19,555.0,538.35,stop_loss,135,0.32325953245162964,0.3004087209701538,0.37633174657821655,-0.035666425343885054,-2676.114956250007,76863.40917962491
technology,gru,2379,3,2024-07-22,2024-07-23,2024-07-29,2024-07-29,515.0,499.55,stop_loss,141,0.2786749005317688,0.3460305333137512,0.37529462575912476,-0.035666425343884846,-2593.6081087499915,74269.80107087492
technology,gru,2379,3,2024-07-29,2024-07-30,2024-08-01,2024-08-01,497.0,517.0,target_close,141,0.3668590486049652,0.26048827171325684,0.37265267968177795,0.03416469559047369,2397.5710499999986,76667.37212087492
technology,gru,2379,3,2024-08-07,2024-08-08,2024-08-12,2024-08-12,487.0,509.0,target_close,149,0.25945061445236206,0.34499287605285645,0.3955565094947815,0.039068967378569776,2839.0013000000035,79506.37342087492
technology,gru,2379,3,2024-08-14,2024-08-15,2024-08-19,2024-08-19,530.0,550.0,target_close,142,0.3182167112827301,0.26226404309272766,0.419519305229187,0.03167373285520958,2387.1619999999966,81893.53542087492
technology,gru,2379,3,2024-08-19,2024-08-20,2024-08-21,2024-08-22,554.0,537.38,stop_loss,140,0.29690566658973694,0.2624269425868988,0.44066739082336426,-0.03566642534388508,-2770.229910000009,79123.30551087491
technology,gru,2379,3,2024-08-21,2024-08-22,2024-08-26,2024-08-26,537.0,537.0,target_close,139,0.3283720910549164,0.30721402168273926,0.36441388726234436,-0.005841675612252598,-436.66155000000435,78686.6439608749
technology,gru,2379,4,2024-09-03,2024-09-04,2024-09-05,2024-09-06,510.0,494.7,stop_loss,146,0.3033624589443207,0.32110559940338135,0.37553200125694275,-0.035666425343885,-2659.506435000003,76027.1375258749
technology,gru,2379,4,2024-09-05,2024-09-06,2024-09-10,2024-09-10,490.0,489.0,target_close,147,0.34675726294517517,0.2905317544937134,0.3627110421657562,-0.007870570151819469,-567.725025000007,75459.4125008749
technology,gru,2379,4,2024-09-10,2024-09-11,2024-09-13,2024-09-13,491.0,506.0,target_close,145,0.30986565351486206,0.30355778336524963,0.3865765333175659,0.02452975995967462,1748.8848750000034,77208.2973758749
technology,gru,2379,4,2024-09-16,2024-09-18,2024-09-20,2024-09-20,472.0,470.0,target_close,155,0.3188084661960602,0.3080620765686035,0.3731294870376587,-0.010054210885081962,-736.6142499999987,76471.6831258749
technology,gru,2379,4,2024-09-26,2024-09-27,2024-09-30,2024-10-01,497.0,482.09,stop_loss,145,0.31444019079208374,0.3225945234298706,0.36296531558036804,-0.035666425343884825,-2573.96362124999,73897.71950462491
technology,gru,2379,4,2024-10-08,2024-10-09,2024-10-14,2024-10-14,480.0,485.0,target_close,146,0.31900057196617126,0.31547823548316956,0.3655211925506592,0.004514140266786477,316.8017499999987,74214.52125462491
technology,gru,2379,4,2024-10-15,2024-10-16,2024-10-17,2024-10-18,479.0,464.63,stop_loss,146,0.3290608823299408,0.32513684034347534,0.34580227732658386,-0.03566642534388494,-2497.8501614999986,71716.67109312491
technology,gru,2379,4,2024-10-17,2024-10-18,2024-10-22,2024-10-22,473.0,481.0,target_close,143,0.27072563767433167,0.2790977656841278,0.45017656683921814,0.010972841502127935,743.2496499999979,72459.92074312491
technology,gru,2379,4,2024-10-24,2024-10-25,2024-10-29,2024-10-29,485.5,484.0,target_close,141,0.2902124524116516,0.30155447125434875,0.40823304653167725,-0.008913225533120853,-611.0287874999922,71848.89195562492
technology,gru,2379,4,2024-11-01,2024-11-04,2024-11-06,2024-11-06,484.5,491.0,target_close,140,0.28926384449005127,0.3122992217540741,0.398436963558197,0.007495845767562556,509.1677500000078,72358.05970562492
technology,gru,2379,4,2024-11-08,2024-11-11,2024-11-13,2024-11-13,497.0,495.0,target_close,138,0.33919841051101685,0.31331348419189453,0.347488135099411,-0.009842312732525206,-676.0068000000028,71682.05290562492
technology,gru,2379,4,2024-11-13,2024-11-14,2024-11-18,2024-11-18,494.0,497.0,target_close,137,0.3032922148704529,0.3349746763706207,0.3617331385612488,0.00019572311884714973,13.265025000000605,71695.31793062492
technology,gru,2379,4,2024-11-18,2024-11-19,2024-11-21,2024-11-21,499.0,500.0,target_close,136,0.3355105519294739,0.3284981846809387,0.3359912037849426,-0.0038493743609744114,-261.6061999999947,71433.71173062493
technology,gru,2379,4,2024-11-21,2024-11-22,2024-11-22,2024-11-26,506.0,490.82,stop_loss,133,0.30432379245758057,0.3064880967140198,0.38918814063072205,-0.03566642534388511,-2403.69949050001,69030.01224012492
technology,gru,2379,4,2024-11-28,2024-11-29,2024-12-03,2024-12-03,472.0,490.0,target_close,138,0.32103657722473145,0.3095339834690094,0.3694293797016144,0.03207114184321235,2091.9626999999964,71121.97494012493
technology,gru,2379,4,2024-12-03,2024-12-04,2024-12-06,2024-12-06,490.5,524.0,target_close,137,0.2738754153251648,0.3516008257865906,0.37452375888824463,0.062057007093128655,4176.080237499991,75298.05517762492
technology,gru,2379,4,2024-12-06,2024-12-09,2024-12-11,2024-12-11,528.0,527.0,target_close,135,0.3260803520679474,0.28962355852127075,0.38429611921310425,-0.007724551226623477,-551.3906250000146,74746.6645526249
technology,gru,2379,4,2024-12-11,2024-12-12,2024-12-16,2024-12-16,527.0,533.0,target_close,134,0.32583850622177124,0.26828861236572266,0.4058729410171509,0.0054770149879873305,387.3269999999902,75133.9915526249
technology,gru,2379,4,2024-12-16,2024-12-17,2024-12-19,2024-12-19,537.0,535.0,target_close,132,0.3697986602783203,0.248666912317276,0.3815344572067261,-0.009544313691908841,-677.5031999999919,74456.4883526249
technology,gru,2379,4,2024-12-20,2024-12-23,2024-12-25,2024-12-25,539.0,535.0,target_close,131,0.27224665880203247,0.31339797377586365,0.4143553376197815,-0.013219473937949956,-934.7439499999891,73521.74440262491
technology,gru,2454,1,2023-09-05,2023-09-06,2023-09-08,2023-09-08,721.0,709.0,target_close,131,0.3062925934791565,0.32340100407600403,0.3703064024448395,-0.02238800001260347,-2117.5822500000068,97882.41775
technology,gru,2454,1,2023-09-12,2023-09-13,2023-09-15,2023-09-15,739.0,763.0,target_close,125,0.21690626442432404,0.3651370108127594,0.41795673966407776,0.02644492761549572,2446.331250000003,100328.749
technology,gru,2454,1,2023-10-27,2023-10-30,2023-11-01,2023-11-01,819.0,846.0,target_close,116,0.26753437519073486,0.3285590410232544,0.40390658378601074,0.026932774642288666,2562.3675000000076,102891.1165
technology,gru,2454,1,2023-11-08,2023-11-09,2023-11-10,2023-11-13,913.0,885.61,stop_loss,106,0.3113461136817932,0.3157947361469269,0.3728591799736023,-0.03566642534388493,-3456.6440204999963,99434.47247950001
technology,gru,2454,1,2023-11-15,2023-11-16,2023-11-20,2023-11-20,914.0,912.0,target_close,103,0.29478365182876587,0.3401295840740204,0.36508679389953613,-0.008017076759709427,-755.8191500000103,98678.6533295
technology,gru,2454,1,2023-11-21,2023-11-22,2023-11-24,2023-11-24,928.0,945.0,target_close,100,0.2769150733947754,0.32920321822166443,0.3938817083835602,0.012370276450884956,1149.597499999989,99828.25082949999
technology,gru,2454,1,2023-12-11,2023-12-12,2023-12-14,2023-12-14,950.0,966.0,target_close,99,0.28295212984085083,0.2837236225605011,0.43332430720329285,0.01090204353533052,1026.798299999995,100855.04912949998
technology,gru,2454,1,2023-12-20,2023-12-21,2023-12-25,2023-12-25,972.0,995.0,target_close,98,0.28838101029396057,0.34246501326560974,0.3691539168357849,0.017682646878404016,1686.778449999998,102541.82757949998
technology,gru,2454,2,2024-01-05,2024-01-08,2024-01-10,2024-01-10,930.0,924.0,target_close,104,0.30040082335472107,0.3447747230529785,0.354824423789978,-0.01225560028572185,-1187.0507999999973,101354.77677949998
technology,gru,2454,2,2024-01-11,2024-01-12,2024-01-16,2024-01-16,920.0,895.0,target_close,104,0.26456591486930847,0.3361911177635193,0.39924296736717224,-0.03285684747061522,-3148.222999999998,98206.55377949998
technology,gru,2454,2,2024-01-16,2024-01-17,2024-01-19,2024-01-19,890.0,920.0,target_close,104,0.23582683503627777,0.3346916437149048,0.42948147654533386,0.027669279142390563,2564.7179999999935,100771.27177949998
technology,gru,2454,2,2024-01-23,2024-01-24,2024-01-26,2024-01-26,916.0,936.0,target_close,104,0.31113916635513306,0.3268776535987854,0.3619832396507263,0.015864838020667744,1513.5016000000032,102284.77337949998
technology,gru,2454,2,2024-01-31,2024-02-01,2024-02-01,2024-02-05,951.0,922.47,stop_loss,102,0.2861981689929962,0.3219701945781708,0.39183157682418823,-0.035666425343884846,-3464.644684499988,98820.12869499999
technology,gru,2454,2,2024-02-20,2024-02-21,2024-02-23,2024-02-23,972.0,1100.0,target_close,96,0.3277333080768585,0.32542258501052856,0.3468441069126129,0.1250762930314015,11687.750400000004,110507.879095
technology,gru,2454,2,2024-04-10,2024-04-11,2024-04-12,2024-04-15,1205.0,1168.85,stop_loss,86,0.3268139064311981,0.30702516436576843,0.3661610186100006,-0.03566642534388509,-3701.378617500013,106806.50047749998
technology,gru,2454,2,2024-04-15,2024-04-16,2024-04-18,2024-04-18,1065.0,1033.05,stop_loss,95,0.26994749903678894,0.3220527172088623,0.40799975395202637,-0.03566642534388496,-3613.6927687499992,103192.80770874998
technology,gru,2454,3,2024-05-02,2024-05-03,2024-05-07,2024-05-07,1040.0,1045.0,target_close,94,0.3076235353946686,0.3288310766220093,0.36354538798332214,-0.0010620682834654187,-103.97575000001234,103088.83195874997
technology,gru,2454,3,2024-05-16,2024-05-17,2024-05-21,2024-05-21,1180.0,1175.0,target_close,82,0.3294038474559784,0.20074640214443207,0.46984967589378357,-0.010054210885082043,-974.2317500000063,102114.60020874997
technology,gru,2454,3,2024-05-21,2024-05-22,2024-05-24,2024-05-24,1190.0,1195.0,target_close,81,0.3361787497997284,0.28867122530937195,0.37515002489089966,-0.001664539795497406,-160.67362500001036,101953.92658374996
technology,gru,2454,3,2024-05-24,2024-05-27,2024-05-29,2024-05-29,1250.0,1290.0,target_close,77,0.3454568386077881,0.2786792814731598,0.3758638799190521,0.02597139076815537,2503.308499999999,104457.23508374995
technology,gru,2454,3,2024-05-29,2024-05-30,2024-06-03,2024-06-03,1255.0,1270.0,target_close,78,0.35285767912864685,0.25649896264076233,0.3906433880329132,0.00604069479875634,592.1662499999948,105049.40133374995
technology,gru,2454,3,2024-06-05,2024-06-06,2024-06-11,2024-06-11,1255.0,1270.0,target_close,79,0.3798632323741913,0.23933251202106476,0.38080427050590515,0.006040694798756323,599.758124999993,105649.15945874994
technology,gru,2454,3,2024-06-12,2024-06-13,2024-06-17,2024-06-17,1340.0,1380.0,target_close,74,0.32561740279197693,0.28835904598236084,0.38602355122566223,0.02383469227991894,2366.8159999999916,108015.97545874993
technology,gru,2454,3,2024-06-18,2024-06-19,2024-06-21,2024-06-21,1425.0,1490.0,target_close,71,0.36002665758132935,0.2522643208503723,0.38770902156829834,0.039505897079118356,4002.704874999996,112018.68033374993
technology,gru,2454,3,2024-06-21,2024-06-24,2024-06-24,2024-06-26,1455.0,1411.35,stop_loss,73,0.3623844087123871,0.2167077660560608,0.4209078848361969,-0.03566642534388517,-3793.707708750022,108224.97262499991
technology,gru,2454,3,2024-06-24,2024-06-25,2024-06-27,2024-06-27,1370.0,1395.0,target_close,74,0.3057473301887512,0.3326256573200226,0.36162692308425903,0.012299899650297569,1248.7407499999972,109473.7133749999
technology,gru,2454,3,2024-06-28,2024-07-01,2024-07-03,2024-07-03,1405.0,1405.0,target_close,73,0.3719977140426636,0.2505203187465668,0.37748199701309204,-0.005841675612252559,-600.005250000002,108873.7081249999
technology,gru,2454,3,2024-07-04,2024-07-05,2024-07-05,2024-07-09,1380.0,1338.6,stop_loss,74,0.32717645168304443,0.27138179540634155,0.4014417231082916,-0.03566642534388507,-3647.445570000011,105226.26255499989
technology,gru,2454,3,2024-07-11,2024-07-12,2024-07-16,2024-07-16,1365.0,1345.0,target_close,73,0.3259781301021576,0.3164198100566864,0.357602059841156,-0.020408097947604068,-2036.4627499999915,103189.7998049999
technology,gru,2454,3,2024-07-16,2024-07-17,2024-07-18,2024-07-19,1335.0,1270.0,stop_loss,73,0.341855525970459,0.27360445261001587,0.38453996181488037,-0.05424638803562598,-5294.115124999997,97895.6846799999
technology,gru,2454,3,2024-07-18,2024-07-19,2024-07-22,2024-07-23,1260.0,1222.2,stop_loss,73,0.35696327686309814,0.2503993511199951,0.39263737201690674,-0.03566642534388505,-3285.272655000008,94610.4120249999
technology,gru,2454,3,2024-07-22,2024-07-23,2024-07-26,2024-07-29,1255.0,1190.0,stop_loss,71,0.38631439208984375,0.22599296271800995,0.3876926004886627,-0.057331947393291276,-5115.842875000002,89494.5691499999
technology,gru,2454,3,2024-07-26,2024-07-29,2024-07-30,2024-07-31,1265.0,1227.05,stop_loss,67,0.33425280451774597,0.2791576683521271,0.38658949732780457,-0.0356664253438851,-3027.215523750012,86467.35362624988
technology,gru,2454,3,2024-07-31,2024-08-01,2024-08-02,2024-08-05,1215.0,1130.0,stop_loss,67,0.3326653242111206,0.2599281370639801,0.4074065685272217,-0.07539184645419365,-6146.018874999994,80321.33475124989
technology,gru,2454,3,2024-08-02,2024-08-05,2024-08-07,2024-08-07,995.0,1150.0,target_close,76,0.2853362262248993,0.2871106266975403,0.4275531470775604,0.14902720909136652,11285.496500000008,91606.8312512499
technology,gru,2454,3,2024-08-08,2024-08-09,2024-08-13,2024-08-13,1150.0,1160.0,target_close,75,0.3276590406894684,0.2833198308944702,0.3890211582183838,0.0028031793824234573,242.11874999999418,91848.95000124989
technology,gru,2454,3,2024-08-15,2024-08-16,2024-08-20,2024-08-20,1185.0,1250.0,target_close,73,0.3147755265235901,0.2964947819709778,0.38872969150543213,0.04869021559888972,4217.949124999999,96066.89912624989
technology,gru,2454,3,2024-08-20,2024-08-21,2024-08-23,2024-08-23,1220.0,1225.0,target_close,74,0.31488457322120667,0.2493564486503601,0.4357589781284332,-0.0017672562500077405,-159.77525000000605,95907.12387624988
technology,gru,2454,3,2024-08-26,2024-08-27,2024-08-29,2024-08-29,1200.0,1250.0,target_close,75,0.3635394275188446,0.2540808320045471,0.38237980008125305,0.0355815879039036,3206.90625,99114.03012624988
technology,gru,2454,4,2024-09-04,2024-09-05,2024-09-09,2024-09-09,1120.0,1105.0,target_close,83,0.3170028030872345,0.2533382177352905,0.42965903878211975,-0.01915629602815997,-1783.3068750000093,97330.72325124987
technology,gru,2454,4,2024-09-18,2024-09-19,2024-09-23,2024-09-23,1105.0,1145.0,target_close,83,0.33422398567199707,0.29120367765426636,0.3745723068714142,0.030145956039792567,2768.7762499999953,100099.49950124987
technology,gru,2454,4,2024-09-26,2024-09-27,2024-09-30,2024-10-01,1280.0,1235.0,stop_loss,74,0.3709479570388794,0.2465505450963974,0.3825015723705292,-0.04079255420400924,-3869.376749999996,96230.12275124987
technology,gru,2454,4,2024-10-11,2024-10-14,2024-10-16,2024-10-16,1310.0,1260.0,stop_loss,69,0.3210420310497284,0.3103831708431244,0.36857476830482483,-0.043786649825525305,-3963.5152499999967,92266.60750124988
technology,gru,2454,4,2024-10-16,2024-10-17,2024-10-21,2024-10-21,1295.0,1330.0,target_close,67,0.3326132595539093,0.2983453571796417,0.36904141306877136,0.021027468290118857,1827.0481249999866,94093.65562624986
technology,gru,2454,4,2024-10-21,2024-10-22,2024-10-24,2024-10-24,1310.0,1270.0,stop_loss,68,0.34341761469841003,0.2676067650318146,0.3889756202697754,-0.036197654982870725,-3229.081999999995,90864.57362624987
technology,gru,2454,4,2024-10-24,2024-10-25,2024-10-29,2024-10-29,1270.0,1300.0,target_close,67,0.3167721629142761,0.3214403986930847,0.36178746819496155,0.01764237929454476,1503.3292500000098,92367.90287624988
technology,gru,2454,4,2024-10-29,2024-10-30,2024-11-01,2024-11-04,1290.0,1220.0,stop_loss,67,0.3451557755470276,0.3074105381965637,0.3474336564540863,-0.059788251354223394,-5174.862250000006,87193.04062624987
technology,gru,2454,4,2024-11-06,2024-11-07,2024-11-08,2024-11-11,1330.0,1290.1,stop_loss,62,0.36985859274864197,0.25502535700798035,0.3751159906387329,-0.03566642534388497,-2945.2444350000005,84247.79619124987
technology,gru,2454,4,2024-11-08,2024-11-11,2024-11-13,2024-11-13,1300.0,1261.0,stop_loss,61,0.34259891510009766,0.3114250898361206,0.34597599506378174,-0.03566642534388506,-2832.377925000008,81415.41826624986
technology,gru,2454,4,2024-11-14,2024-11-15,2024-11-19,2024-11-19,1240.0,1285.0,target_close,62,0.3600323498249054,0.2354036420583725,0.4045640528202057,0.030236650676012486,2327.90625,83743.32451624986
technology,gru,2454,4,2024-11-19,2024-11-20,2024-11-22,2024-11-22,1285.0,1310.0,target_close,61,0.3559744358062744,0.2371145635843277,0.4069109559059143,0.013499926029532351,1059.6996249999938,84803.02414124986
technology,gru,2454,4,2024-11-25,2024-11-26,2024-11-28,2024-11-28,1280.0,1241.6,stop_loss,62,0.3031901717185974,0.3294966220855713,0.3673132061958313,-0.035666425343885075,-2834.520960000009,81968.50318124985
technology,gru,2454,4,2024-12-02,2024-12-03,2024-12-05,2024-12-05,1325.0,1325.0,target_close,58,0.36189156770706177,0.2688302993774414,0.36927810311317444,-0.005841675612252472,-449.57249999999476,81518.93068124985
technology,gru,2454,4,2024-12-05,2024-12-06,2024-12-10,2024-12-10,1325.0,1350.0,target_close,58,0.3012735843658447,0.3106248378753662,0.3881015479564667,0.012916028621478491,994.0112499999959,82512.94193124985
technology,gru,2454,4,2024-12-12,2024-12-13,2024-12-17,2024-12-17,1385.0,1425.0,target_close,56,0.34047162532806396,0.2561875581741333,0.4033408463001251,0.022870478160678713,1776.3619999999937,84289.30393124984
technology,gru,2454,4,2024-12-17,2024-12-18,2024-12-20,2024-12-20,1430.0,1390.0,target_close,55,0.29253771901130676,0.3430101275444031,0.36445221304893494,-0.03365030007065098,-2650.367499999993,81638.93643124985
technology,gru,2454,4,2024-12-20,2024-12-23,2024-12-25,2024-12-25,1405.0,1410.0,target_close,55,0.32686227560043335,0.3284725844860077,0.34466513991355896,-0.0023037456322250894,-178.2756250000093,81460.66080624984
technology,gru,2454,4,2024-12-26,2024-12-27,2024-12-31,2024-12-31,1420.0,1415.0,target_close,54,0.3360832631587982,0.29905936121940613,0.36485740542411804,-0.009342233092491074,-717.383249999999,80743.27755624984
technology,gru,3034,1,2023-09-07,2023-09-08,2023-09-12,2023-09-12,424.5,434.0,target_close,223,0.3196614682674408,0.3371492028236389,0.3431893289089203,0.016406861682644023,1555.3441624999978,101555.3441625
technology,gru,3034,1,2023-09-26,2023-09-27,2023-10-02,2023-10-02,424.5,428.0,target_close,226,0.3392655849456787,0.3147145211696625,0.3460199236869812,0.0023551539174461985,226.26837499999965,101781.6125375
technology,gru,3034,1,2023-10-12,2023-10-13,2023-10-17,2023-10-17,433.0,430.0,target_close,222,0.3322996199131012,0.33290621638298035,0.33479416370391846,-0.01272960857567806,-1225.3900500000018,100556.2224875
technology,gru,3034,1,2023-11-15,2023-11-16,2023-11-16,2023-11-20,495.0,480.15,stop_loss,192,0.335140198469162,0.2869683504104614,0.37789151072502136,-0.0356664253438851,-3394.5674400000134,97161.65504749998
technology,gru,3034,1,2023-11-27,2023-11-28,2023-11-30,2023-11-30,504.0,511.0,target_close,182,0.29924634099006653,0.30256202816963196,0.3981916010379791,0.00796607889313272,731.7537499999889,97893.40879749997
technology,gru,3034,1,2023-12-12,2023-12-13,2023-12-15,2023-12-15,513.0,515.0,target_close,181,0.2747240364551544,0.354339063167572,0.37093690037727356,-0.001965814698460115,-182.79189999999653,97710.61689749997
technology,gru,3034,1,2023-12-15,2023-12-18,2023-12-20,2023-12-20,515.0,514.0,target_close,179,0.30333107709884644,0.32997962832450867,0.3666892647743225,-0.007772080125626796,-717.490174999999,96993.12672249998
technology,gru,3034,1,2023-12-20,2023-12-21,2023-12-21,2023-12-25,508.0,492.76,stop_loss,181,0.316229909658432,0.3207460045814514,0.36302411556243896,-0.0356664253438851,-3284.1297030000133,93708.99701949996
technology,gru,3034,2,2024-01-02,2024-01-03,2024-01-05,2024-01-05,505.0,489.84999999999997,stop_loss,176,0.322887659072876,0.3002748489379883,0.37683752179145813,-0.035666425343884985,-3174.549180000002,90534.44783949996
technology,gru,3034,2,2024-01-17,2024-01-18,2024-01-22,2024-01-22,510.0,518.0,target_close,168,0.302565336227417,0.3397572338581085,0.3576774001121521,0.009752964770300387,836.8248000000021,91371.27263949996
technology,gru,3034,2,2024-01-26,2024-01-29,2024-01-31,2024-01-31,516.0,511.0,target_close,167,0.353844553232193,0.2775948643684387,0.3685606122016907,-0.015474992709033134,-1335.4113250000082,90035.86131449995
technology,gru,3034,2,2024-02-20,2024-02-21,2024-02-23,2024-02-23,575.0,580.0,target_close,148,0.19895599782466888,0.38830944895744324,0.4127345383167267,0.002803179382423455,238.89049999999406,90274.75181449995
technology,gru,3034,2,2024-03-01,2024-03-04,2024-03-06,2024-03-06,602.0,583.9399999999999,stop_loss,142,0.31390586495399475,0.3020957112312317,0.38399839401245117,-0.03566642534388506,-3053.2533990000084,87221.49841549994
technology,gru,3034,2,2024-03-08,2024-03-11,2024-03-13,2024-03-13,585.0,584.0,target_close,141,0.2264726608991623,0.3550322353839874,0.4184950590133667,-0.007541091551376911,-622.9133250000014,86598.58509049994
technology,gru,3034,2,2024-03-15,2024-03-18,2024-03-18,2024-03-20,609.0,590.73,stop_loss,134,0.337386816740036,0.2872757017612457,0.37533751130104065,-0.03566642534388486,-2914.741903499991,83683.84318699995
technology,gru,3034,2,2024-03-20,2024-03-21,2024-03-25,2024-03-25,601.0,589.0,target_close,132,0.2585238516330719,0.3063468337059021,0.4351293444633484,-0.025691758628314038,-2041.0829999999987,81642.76018699995
technology,gru,3034,2,2024-03-28,2024-03-29,2024-04-02,2024-04-02,590.0,594.0,target_close,131,0.2899596691131592,0.34952661395072937,0.36051371693611145,0.0008983808242744837,69.534799999994,81712.29498699994
technology,gru,3034,2,2024-04-08,2024-04-09,2024-04-11,2024-04-11,598.0,615.0,target_close,129,0.3332483768463135,0.30802494287490845,0.3587266802787781,0.022420350331880723,1732.015274999998,83444.31026199994
technology,gru,3034,2,2024-04-12,2024-04-15,2024-04-16,2024-04-17,629.0,610.13,stop_loss,125,0.33455488085746765,0.2913775146007538,0.37406763434410095,-0.03566642534388488,-2808.2687812499935,80636.04148074995
technology,gru,3034,2,2024-04-16,2024-04-17,2024-04-19,2024-04-19,608.0,589.76,stop_loss,125,0.2625536620616913,0.3573489785194397,0.3800973892211914,-0.03566642534388494,-2714.5109999999986,77921.53048074995
technology,gru,3034,2,2024-04-19,2024-04-22,2024-04-24,2024-04-24,584.0,601.0,target_close,126,0.32086122035980225,0.30801868438720703,0.37112006545066833,0.023097864652459353,1702.055250000005,79623.58573074995
technology,gru,3034,3,2024-05-02,2024-05-03,2024-05-07,2024-05-07,623.0,640.0,target_close,121,0.2753656208515167,0.32388579845428467,0.4007485508918762,0.02128624014150606,1606.907224999988,81230.49295574994
technology,gru,3034,3,2024-05-09,2024-05-10,2024-05-14,2024-05-14,593.0,583.0,target_close,129,0.28689220547676086,0.3416885435581207,0.37141919136047363,-0.02260657147039323,-1731.799199999994,79498.69375574995
technology,gru,3034,3,2024-05-24,2024-05-27,2024-05-29,2024-05-29,612.0,611.0,target_close,123,0.28616735339164734,0.3037606477737427,0.4100720286369324,-0.007466117318768379,-562.8203249999933,78935.87343074995
technology,gru,3034,3,2024-05-29,2024-05-30,2024-06-03,2024-06-03,608.0,598.0,target_close,123,0.29952821135520935,0.33349019289016724,0.366981565952301,-0.022192963842314267,-1662.043650000007,77273.82978074995
technology,gru,3034,3,2024-06-11,2024-06-12,2024-06-14,2024-06-14,595.0,614.0,target_close,123,0.33342334628105164,0.2928366959095001,0.3737398684024811,0.02590455659508721,1898.5265249999939,79172.35630574994
technology,gru,3034,3,2024-06-19,2024-06-20,2024-06-24,2024-06-24,626.0,607.22,stop_loss,119,0.332344651222229,0.333540141582489,0.33411526679992676,-0.03566642534388495,-2660.720821499999,76511.63548424994
technology,gru,3034,3,2024-07-10,2024-07-11,2024-07-15,2024-07-15,575.0,563.0,target_close,126,0.2630203366279602,0.3671417832374573,0.3698378801345825,-0.026589327599475125,-1929.1419000000024,74582.49358424994
technology,gru,3034,3,2024-07-29,2024-07-30,2024-08-01,2024-08-01,526.0,536.0,target_close,134,0.33262982964515686,0.2966119349002838,0.3707582354545593,0.013058672760137977,921.7390999999916,75504.23268424993
technology,gru,3034,3,2024-08-05,2024-08-06,2024-08-06,2024-08-08,506.0,490.82,stop_loss,141,0.2575320601463318,0.27727383375167847,0.46519410610198975,-0.03566642534388518,-2548.2829185000155,72955.94976574992
technology,gru,3034,3,2024-08-06,2024-08-07,2024-08-09,2024-08-09,485.0,506.0,target_close,142,0.38066399097442627,0.22364823520183563,0.39568769931793213,0.037204354928247876,2565.9151500000007,75521.86491574992
technology,gru,3034,3,2024-08-14,2024-08-15,2024-08-19,2024-08-19,534.0,547.0,target_close,134,0.3316187858581543,0.3029334247112274,0.36544784903526306,0.018360680599434208,1315.6890500000009,76837.55396574992
technology,gru,3034,3,2024-08-21,2024-08-22,2024-08-26,2024-08-26,545.0,549.0,target_close,133,0.35405442118644714,0.2713368237018585,0.37460872530937195,0.0014548992456391108,105.60864999999467,76943.16261574991
technology,gru,3034,4,2024-09-04,2024-09-05,2024-09-09,2024-09-09,527.0,511.19,stop_loss,138,0.3410809636116028,0.2507702708244324,0.40814870595932007,-0.03566642534388508,-2597.5727235000086,74345.5898922499
technology,gru,3034,4,2024-09-09,2024-09-10,2024-09-12,2024-09-12,521.0,533.0,target_close,135,0.3524727523326874,0.2771971523761749,0.3703300356864929,0.01705640479591042,1201.3717499999912,75546.9616422499
technology,gru,3034,4,2024-09-12,2024-09-13,2024-09-18,2024-09-18,534.0,517.98,stop_loss,134,0.35558897256851196,0.2602829039096832,0.3841280937194824,-0.03566642534388492,-2555.783540999997,72991.1781012499
technology,gru,3034,4,2024-09-18,2024-09-19,2024-09-23,2024-09-23,502.0,522.0,target_close,137,0.22369413077831268,0.27529698610305786,0.501008927822113,0.03376622575777732,2325.5476000000053,75316.7257012499
technology,gru,3034,4,2024-09-24,2024-09-25,2024-09-27,2024-09-27,524.0,510.0,target_close,136,0.30541038513183594,0.3343130946159363,0.3602764904499054,-0.0324031575615436,-2312.469200000007,73004.2565012499
technology,gru,3034,4,2024-09-30,2024-10-01,2024-10-07,2024-10-07,518.0,510.0,target_close,133,0.2872999310493469,0.3142508864402771,0.398449182510376,-0.021195472127893435,-1462.3217000000004,71541.9348012499
technology,gru,3034,4,2024-10-07,2024-10-08,2024-10-11,2024-10-11,510.0,511.0,target_close,133,0.35903024673461914,0.24055294692516327,0.4004168212413788,-0.0038923455644334485,-264.3940250000014,71277.5407762499
technology,gru,3034,4,2024-10-15,2024-10-16,2024-10-18,2024-10-18,510.0,523.0,target_close,132,0.304166704416275,0.29658839106559753,0.39924490451812744,0.019499615009396024,1314.5847000000067,72592.1254762499
technology,gru,3034,4,2024-10-21,2024-10-22,2024-10-24,2024-10-24,530.0,517.0,target_close,129,0.3655044734477997,0.2540009915828705,0.3804945945739746,-0.030226691116103134,-2069.543775000013,70522.58170124989
technology,gru,3034,4,2024-10-29,2024-10-30,2024-11-01,2024-11-04,508.0,492.76,stop_loss,131,0.34320709109306335,0.27829089760780334,0.3785019516944885,-0.03566642534388505,-2376.9115530000054,68145.67014824989
technology,gru,3034,4,2024-11-14,2024-11-15,2024-11-19,2024-11-19,479.0,485.5,target_close,134,0.25731855630874634,0.33833855390548706,0.4043428301811218,0.007648990585075933,491.6577249999973,68637.32787324989
technology,gru,3034,4,2024-11-20,2024-11-21,2024-11-25,2024-11-25,481.5,491.0,target_close,135,0.2287968248128891,0.3251635730266571,0.446039617061615,0.013773078451472345,896.5603124999907,69533.88818574988
technology,gru,3034,4,2024-11-25,2024-11-26,2024-11-28,2024-11-28,489.0,483.0,target_close,134,0.27496299147605896,0.3223813772201538,0.402655690908432,-0.018039937261182137,-1183.769400000012,68350.11878574986
technology,gru,3034,4,2024-11-29,2024-12-01,2024-12-03,2024-12-03,481.0,479.5,target_close,134,0.29451364278793335,0.3475054204463959,0.3579809367656708,-0.008941961447141537,-577.1664749999982,67772.95231074985
technology,gru,3034,4,2024-12-03,2024-12-04,2024-12-06,2024-12-06,480.5,488.5,target_close,133,0.2927975356578827,0.2823053002357483,0.4248972237110138,0.010710388061216757,685.4387750000024,68458.39108574986
technology,gru,3034,4,2024-12-06,2024-12-09,2024-12-11,2024-12-11,489.0,485.0,target_close,132,0.28638118505477905,0.35531434416770935,0.3583044707775116,-0.013973850044872223,-903.2694000000047,67555.12168574985
technology,gru,3034,4,2024-12-11,2024-12-12,2024-12-16,2024-12-16,487.5,478.0,target_close,131,0.2722846269607544,0.35245952010154724,0.37525588274002075,-0.02521501731827031,-1612.5887125000081,65942.53297324985
technology,gru,3034,4,2024-12-16,2024-12-17,2024-12-19,2024-12-19,478.0,485.0,target_close,130,0.2661721706390381,0.31043025851249695,0.4233975410461426,0.008717128301375485,542.4542499999952,66484.98722324985
technology,gru,3034,4,2024-12-20,2024-12-23,2024-12-25,2024-12-25,496.0,499.0,target_close,127,0.20205554366111755,0.34375330805778503,0.4541912078857422,0.00017137876912500988,10.810875000002852,66495.79809824986
financial,random_forest,2881,1,2023-09-08,2023-09-11,2023-09-13,2023-09-13,61.8,62.4,target_close,1000,0.29076951776772636,0.3453339216691258,0.3638965605631479,0.0038103469546187144,235.81499999999505,100235.815
financial,random_forest,2881,1,2023-10-05,2023-10-06,2023-10-12,2023-10-12,60.5,61.7,target_close,1000,0.1584923367713065,0.3352559101196631,0.5062517531090304,0.013877167185520954,840.7649999999994,101076.58
financial,random_forest,2881,1,2023-10-19,2023-10-20,2023-10-24,2023-10-24,60.5,59.9,target_close,1000,0.16115280550125358,0.36527885507713825,0.4735683394216085,-0.015701097011139357,-951.2700000000041,100125.31
financial,random_forest,2881,1,2023-11-01,2023-11-02,2023-11-06,2023-11-06,60.6,61.5,target_close,1000,0.3313154031708676,0.27453557358707725,0.39414902324205536,0.008923051977664376,541.5074999999924,100666.81749999999
financial,random_forest,2881,1,2023-11-17,2023-11-20,2023-11-22,2023-11-22,63.3,64.6,target_close,1000,0.20830455647040938,0.2693539670628906,0.5223414764666999,0.014575477969170237,923.9424999999901,101590.75999999998
financial,random_forest,2881,1,2023-12-14,2023-12-15,2023-12-19,2023-12-19,65.2,63.9,target_close,1000,0.2441387094663148,0.33603059886727044,0.4198306916664149,-0.02566385079176289,-1675.6675000000032,99915.09249999997
financial,random_forest,2881,2,2024-01-17,2024-01-18,2024-01-22,2024-01-22,61.9,63.2,target_close,1000,0.26241288237580085,0.3651107559374872,0.37247636168671205,0.015037255271496476,932.1324999999924,100847.22499999996
financial,random_forest,2881,2,2024-02-02,2024-02-05,2024-02-16,2024-02-16,64.1,65.9,target_close,1000,0.28897834972639586,0.34500177108547286,0.36601987918813156,0.022075406819852855,1417.0500000000102,102264.27499999997
financial,random_forest,2881,2,2024-02-16,2024-02-19,2024-02-21,2024-02-21,66.0,66.3,target_close,1000,0.2959003668760802,0.3200437423270613,0.38405589079685876,-0.001322774137762858,-87.42750000000524,102176.84749999996
financial,random_forest,2881,2,2024-02-21,2024-02-22,2024-02-26,2024-02-26,66.3,66.9,target_close,1000,0.30226265321243906,0.3454391974315071,0.3522981493560538,0.0031552323007588284,209.49000000000524,102386.33749999997
financial,random_forest,2881,2,2024-02-29,2024-03-01,2024-03-05,2024-03-05,67.8,67.3,target_close,1000,0.19615407778607521,0.3273355814042731,0.47651034080965177,-0.01317322667705909,-894.4175000000105,101491.91999999995
financial,random_forest,2881,2,2024-03-08,2024-03-11,2024-03-13,2024-03-13,69.3,69.9,target_close,1000,0.2411201335452731,0.3704907639138038,0.3883891025409231,0.002765755767727991,191.94000000000233,101683.85999999996
financial,random_forest,2881,2,2024-03-18,2024-03-19,2024-03-21,2024-03-21,69.0,70.7,target_close,1000,0.3152352990964411,0.27389854003769853,0.4108661608658605,0.0186520802059963,1288.8274999999994,102972.68749999996
financial,random_forest,2881,2,2024-03-21,2024-03-22,2024-03-26,2024-03-26,70.7,69.6,target_close,1000,0.21706086573718467,0.2965622978564235,0.48637683640639195,-0.021309485468356017,-1508.7274999999936,101463.95999999996
financial,random_forest,2881,2,2024-03-26,2024-03-27,2024-03-29,2024-03-29,69.6,69.7,target_close,1000,0.2358330646512379,0.3462528420526319,0.4179140932961303,-0.004413287215143824,-307.60250000000815,101156.35749999995
financial,random_forest,2881,2,2024-03-29,2024-04-01,2024-04-03,2024-04-03,69.8,68.6,target_close,1000,0.28586898535870603,0.3458708372317345,0.3682601774095597,-0.022933222736397255,-1603.020000000004,99553.33749999995
financial,random_forest,2881,2,2024-04-09,2024-04-10,2024-04-12,2024-04-12,69.9,67.803,stop_loss,1000,0.29096382756562056,0.31368202307015425,0.39535414936422547,-0.035666425343885,-2496.6357750000025,97056.70172499995
financial,random_forest,2881,2,2024-04-15,2024-04-16,2024-04-18,2024-04-18,67.0,66.3,target_close,1000,0.27602682330877465,0.356607714111575,0.36736546257965025,-0.016228404374512707,-1088.8525000000081,95967.84922499994
financial,random_forest,2881,2,2024-04-18,2024-04-19,2024-04-23,2024-04-23,65.9,66.3,target_close,1000,0.16179279226410032,0.2880908504332958,0.5501163573026038,0.00019266930057136724,12.714999999996508,95980.56422499994
financial,random_forest,2881,2,2024-04-25,2024-04-26,2024-04-30,2024-04-30,67.3,69.1,target_close,1000,0.3198543203066833,0.3216449578295785,0.35850072186373816,0.02074799725398739,1398.3300000000017,97378.89422499994
financial,random_forest,2881,3,2024-05-10,2024-05-13,2024-05-15,2024-05-15,72.0,73.8,target_close,1000,0.23977432987939665,0.24705259195020235,0.5131730781704011,0.01901228249744103,1370.8349999999919,98749.72922499993
financial,random_forest,2881,3,2024-05-29,2024-05-30,2024-06-03,2024-06-03,71.9,73.8,target_close,1000,0.296741269338722,0.3017393727491766,0.40151935791210164,0.020429545755434715,1470.9774999999936,100220.70672499992
financial,random_forest,2881,3,2024-06-07,2024-06-11,2024-06-13,2024-06-13,77.5,76.2,target_close,1000,0.30553070070251215,0.30583129221108607,0.388638007086402,-0.02251787976327279,-1747.6224999999977,98473.08422499993
financial,random_forest,2881,3,2024-06-18,2024-06-19,2024-06-21,2024-06-21,77.0,78.3,target_close,1000,0.25272593143300537,0.3049749096892993,0.44229915887769544,0.010942815578709249,843.797499999986,99316.88172499991
financial,random_forest,2881,3,2024-06-21,2024-06-24,2024-06-26,2024-06-26,78.5,77.8,target_close,1000,0.2953290882301247,0.3109049726567993,0.3937659391130762,-0.01470678168959554,-1156.1275000000023,98160.75422499991
financial,random_forest,2881,3,2024-06-26,2024-06-27,2024-07-01,2024-07-01,77.1,80.4,target_close,1000,0.30147266804012873,0.3020390036170371,0.3964883283428343,0.03670984799967424,2834.3624999999884,100995.1167249999
financial,random_forest,2881,3,2024-07-04,2024-07-05,2024-07-09,2024-07-09,83.7,86.0,target_close,1000,0.28675168810777635,0.3067316777644072,0.4065166341278168,0.02147689244141305,1800.1774999999907,102795.29422499989
financial,random_forest,2881,3,2024-07-23,2024-07-26,2024-07-30,2024-07-30,83.8,86.5,target_close,1000,0.32561802881393154,0.2783066941316727,0.39607527705439594,0.026189678514799104,2197.8225000000093,104993.1167249999
financial,random_forest,2881,3,2024-08-05,2024-08-06,2024-08-06,2024-08-08,82.0,79.53999999999999,stop_loss,1000,0.2765633098547985,0.31696477971837017,0.4064719104268317,-0.035666425343885234,-2928.8145000000222,102064.30222499988
financial,random_forest,2881,3,2024-08-12,2024-08-13,2024-08-15,2024-08-15,87.5,89.0,target_close,1000,0.23957139513901354,0.3288095305878056,0.43161907427318114,0.011201038520108878,981.4875000000029,103045.78972499988
financial,random_forest,2881,3,2024-08-15,2024-08-16,2024-08-20,2024-08-20,90.5,88.8,target_close,1000,0.2545073205870868,0.36106921045144114,0.38442346896147245,-0.024516472865944997,-2221.9024999999965,100823.88722499988
financial,random_forest,2881,3,2024-08-20,2024-08-21,2024-08-23,2024-08-23,89.1,89.0,target_close,1000,0.2886728556124405,0.3279671106057585,0.3833600337818009,-0.006957453754101818,-620.7924999999959,100203.09472499989
financial,random_forest,2881,4,2024-09-04,2024-09-05,2024-09-09,2024-09-09,91.6,86.5,stop_loss,1000,0.20068677521699488,0.39013303379799924,0.4091801909850059,-0.061193285376199134,-5613.292499999996,94589.80222499989
financial,random_forest,2881,4,2024-09-09,2024-09-10,2024-09-12,2024-09-12,86.8,85.8,target_close,1000,0.2749814296563817,0.3435607619677669,0.38145780837585136,-0.017295112529162195,-1503.3550000000105,93086.44722499988
financial,random_forest,2881,4,2024-10-01,2024-10-04,2024-10-08,2024-10-08,89.3,91.4,target_close,988,0.3266709734355413,0.31523063238329074,0.35809839418116796,0.01753718755923992,1549.482870000007,94635.93009499989
financial,random_forest,2881,4,2024-10-17,2024-10-18,2024-10-22,2024-10-22,92.2,93.3,target_close,973,0.32155613984815723,0.31565965397001383,0.36278420618182877,0.006019215459618481,540.7569124999864,95176.68700749987
financial,random_forest,2881,4,2024-10-23,2024-10-24,2024-10-28,2024-10-28,92.0,91.9,target_close,981,0.3173500096164844,0.2890617152001441,0.3935882751833716,-0.006922282486586921,-625.6401074999885,94551.04689999988
financial,random_forest,2881,4,2024-11-06,2024-11-07,2024-11-11,2024-11-11,91.8,91.7,target_close,977,0.2193490982342285,0.29630448745406807,0.4843464143117037,-0.006924636749929696,-621.9459874999884,93929.1009124999
financial,random_forest,2881,4,2024-11-12,2024-11-13,2024-11-15,2024-11-15,91.7,91.0,target_close,971,0.21718917795636675,0.2786164930881059,0.5041943289555274,-0.01343067045490697,-1197.5804224999883,92731.52048999991
financial,random_forest,2881,4,2024-11-22,2024-11-25,2024-11-27,2024-11-27,90.3,88.8,target_close,974,0.24036411916091274,0.3501738190462755,0.4094620617928117,-0.02235593349244774,-1969.0554450000054,90762.4650449999
financial,random_forest,2881,4,2024-11-27,2024-11-28,2024-12-01,2024-12-01,89.0,89.4,target_close,967,0.2350652105431837,0.3433466346994438,0.42158815475737266,-0.0013735483116335478,-118.3801400000084,90644.0849049999
financial,random_forest,2881,4,2024-12-02,2024-12-03,2024-12-05,2024-12-05,90.1,91.3,target_close,954,0.294301102653058,0.3193409683660268,0.38635792898091537,0.007399056788028265,636.8951700000034,91280.9800749999
financial,random_forest,2881,4,2024-12-16,2024-12-17,2024-12-19,2024-12-19,93.5,90.695,stop_loss,926,0.25756809553301,0.28778096873698544,0.4546509357300048,-0.03566642534388515,-3092.4352222500165,88188.54485274988
financial,random_forest,2881,4,2024-12-25,2024-12-26,2024-12-30,2024-12-30,91.7,91.3,target_close,912,0.3330976912643868,0.32310025489861766,0.3438020538369957,-0.010178244093769714,-852.4236000000237,87336.12125274986
financial,random_forest,2882,1,2023-09-20,2023-09-21,2023-09-25,2023-09-25,45.5,44.85,target_close,1000,0.29111871146653645,0.33952300787374456,0.3693582806597191,-0.0200439373892204,-913.2987500000017,99086.70125
financial,random_forest,2882,1,2023-09-28,2023-10-02,2023-10-04,2023-10-04,44.65,43.55,target_close,1000,0.26938890354196726,0.3606633473452972,0.36994774911273576,-0.030333817982387396,-1356.3349999999991,97730.36624999999
financial,random_forest,2882,1,2023-10-05,2023-10-06,2023-10-12,2023-10-12,44.25,46.15,target_close,1000,0.3216837590977153,0.3201928531898617,0.35812338771242325,0.03684534848575234,1632.729999999996,99363.09624999999
financial,random_forest,2882,1,2023-10-19,2023-10-20,2023-10-24,2023-10-24,44.6,44.15,target_close,1000,0.24980167334038283,0.2712246231324737,0.4789737035271437,-0.01587242103768955,-708.9187500000044,98654.17749999999
financial,random_forest,2882,1,2023-11-01,2023-11-02,2023-11-06,2023-11-06,44.7,45.35,target_close,1000,0.1861945072228651,0.3803397516043575,0.4334657411727776,0.008614765346405895,385.6287499999962,99039.80625
financial,random_forest,2882,1,2023-11-06,2023-11-07,2023-11-09,2023-11-09,45.2,45.15,target_close,1000,0.2882284799613961,0.33956108784525396,0.3722104321933498,-0.00694140827197357,-314.1987500000032,98725.60749999998
financial,random_forest,2882,1,2023-11-30,2023-12-01,2023-12-05,2023-12-05,46.25,45.55,target_close,1000,0.32527273154878794,0.3171252921654472,0.3576019762857654,-0.02088839619758069,-967.4650000000038,97758.14249999999
financial,random_forest,2882,1,2023-12-26,2023-12-27,2023-12-29,2023-12-29,45.25,45.75,target_close,1000,0.32018675760940163,0.2877930062592484,0.3920202361313504,0.005143499242860788,233.07500000000437,97991.2175
financial,random_forest,2882,2,2024-02-29,2024-03-01,2024-03-05,2024-03-05,45.05,44.65,target_close,1000,0.30667194241332213,0.28462169483222743,0.4087063627544507,-0.01466883054577303,-661.7724999999991,97329.445
financial,random_forest,2882,2,2024-03-19,2024-03-20,2024-03-22,2024-03-22,47.75,48.55,target_close,1000,0.3374502039216069,0.31104861506175424,0.351501181016639,0.010814380084296213,517.122500000005,97846.5675
financial,random_forest,2882,2,2024-03-25,2024-03-26,2024-03-28,2024-03-28,47.9,48.25,target_close,1000,0.3272063882489281,0.3295645450669808,0.34322906668409126,0.0014225292632320812,68.23625000000175,97914.80375
financial,random_forest,2882,2,2024-04-18,2024-04-19,2024-04-23,2024-04-23,47.8,48.75,target_close,1000,0.23372708951244336,0.24198293097052756,0.5242899795170289,0.013916701127671354,666.166250000002,98580.97
financial,random_forest,2882,3,2024-06-12,2024-06-13,2024-06-17,2024-06-17,58.4,57.5,target_close,1000,0.2908083313107049,0.2704611542676384,0.4387305144216571,-0.021162608693570586,-1237.6575000000012,97343.3125
financial,random_forest,2882,3,2024-06-17,2024-06-18,2024-06-20,2024-06-20,58.0,60.1,target_close,1000,0.27236373110781015,0.3315779781931903,0.3960582906989996,0.03015371199489006,1751.4075000000012,99094.72
financial,random_forest,2882,3,2024-06-20,2024-06-21,2024-06-25,2024-06-25,60.1,60.5,target_close,1000,0.32596961540424113,0.2846346757848151,0.38939570881094404,0.0007750187264345778,46.6449999999968,99141.36499999999
financial,random_forest,2882,3,2024-06-26,2024-06-27,2024-07-01,2024-07-01,58.9,57.132999999999996,stop_loss,1000,0.30069192958175217,0.34656783563866467,0.35274023477958366,-0.03566642534388509,-2103.7460250000076,97037.61897499999
financial,random_forest,2882,3,2024-07-04,2024-07-05,2024-07-09,2024-07-09,61.3,62.1,target_close,1000,0.31040199707644733,0.32798175461443707,0.3616162483091159,0.007132658148109513,437.8549999999959,97475.47397499999
financial,random_forest,2882,3,2024-07-12,2024-07-15,2024-07-17,2024-07-17,66.0,65.3,target_close,1000,0.33719259796704165,0.29473278564247646,0.36807461639048183,-0.016385779052728686,-1083.0025000000023,96392.47147499998
financial,random_forest,2882,3,2024-07-22,2024-07-23,2024-07-29,2024-07-29,61.1,62.7,target_close,1000,0.28625125522999856,0.3336559076105637,0.3800928371594379,0.02019193026369503,1235.4850000000006,97627.95647499998
financial,random_forest,2882,3,2024-08-05,2024-08-06,2024-08-06,2024-08-08,57.0,55.29,stop_loss,1000,0.24522632323993507,0.33973247459604144,0.4150412021640238,-0.03566642534388495,-2035.883249999999,95592.07322499999
financial,random_forest,2882,3,2024-08-07,2024-08-08,2024-08-12,2024-08-12,57.5,61.0,target_close,1000,0.2829910421285739,0.31573381546893936,0.4012751424024868,0.05467230935047986,3148.137499999997,98740.21072499998
financial,random_forest,2882,3,2024-08-23,2024-08-26,2024-08-28,2024-08-28,62.3,63.5,target_close,1000,0.2945097133198094,0.323564453546648,0.3819258331335429,0.013307441390400594,830.2349999999933,99570.44572499997
financial,random_forest,2882,4,2024-09-04,2024-09-05,2024-09-09,2024-09-09,62.0,62.5,target_close,1000,0.33300857108026544,0.32147300115215993,0.345518427767575,0.0021757302295841562,135.08750000000146,99705.53322499996
financial,random_forest,2882,4,2024-09-09,2024-09-10,2024-09-12,2024-09-12,62.5,62.9,target_close,1000,0.29720975643667324,0.3155657259334409,0.38722451762988613,0.0005209376638289785,32.604999999995925,99738.13822499996
financial,random_forest,2882,4,2024-09-20,2024-09-23,2024-09-25,2024-09-25,64.9,67.1,target_close,1000,0.2747440579212958,0.36143100840335163,0.3638249336753526,0.027858606570382943,1810.5999999999985,101548.73822499995
financial,random_forest,2882,4,2024-09-27,2024-09-30,2024-10-04,2024-10-04,67.4,66.0,target_close,1000,0.2982498286970229,0.276312056355408,0.425438114947569,-0.02649184852238381,-1788.0950000000012,99760.64322499995
financial,random_forest,2882,4,2024-10-08,2024-10-09,2024-10-14,2024-10-14,68.3,67.7,target_close,1000,0.2784141221451004,0.3291218212949157,0.39246405655998406,-0.01457513087773779,-996.8999999999942,98763.74322499995
financial,random_forest,2882,4,2024-10-16,2024-10-17,2024-10-21,2024-10-21,67.9,68.3,target_close,1000,0.23660516619502395,0.30876143491229846,0.4546333988926778,1.4927182373356815e-05,1.014999999999418,98764.75822499995
financial,random_forest,2882,4,2024-11-04,2024-11-05,2024-11-07,2024-11-07,69.1,69.8,target_close,1000,0.31328829187408624,0.2873730521944419,0.39933865593147205,0.004229392796885219,292.6674999999959,99057.42572499995
financial,random_forest,2882,4,2024-11-08,2024-11-11,2024-11-12,2024-11-13,69.7,67.609,stop_loss,1000,0.35379800121924154,0.2911196995650521,0.3550822992157062,-0.03566642534388496,-2489.4923249999993,96567.93339999995
financial,random_forest,2882,4,2024-11-14,2024-11-15,2024-11-19,2024-11-19,67.0,67.7,target_close,1000,0.25447194970692427,0.3555255039324889,0.3900025463605868,0.004545053150007499,304.9524999999994,96872.88589999995
financial,random_forest,2882,4,2024-11-21,2024-11-22,2024-11-26,2024-11-26,67.0,67.4,target_close,1000,0.3314773392685273,0.32223849236011454,0.3462841683713587,9.35979661817557e-05,6.279999999998836,96879.16589999995
financial,random_forest,2882,4,2024-11-29,2024-12-01,2024-12-02,2024-12-03,72.0,66.1,stop_loss,1000,0.27688678330333294,0.3407760492997132,0.38233716739695384,-0.08730742719402647,-6295.092500000013,90584.07339999994
financial,random_forest,2882,4,2024-12-02,2024-12-03,2024-12-05,2024-12-05,67.9,69.2,target_close,1000,0.3093514560575277,0.29723176002970536,0.39341678391276713,0.013192283470281455,897.0324999999866,91481.10589999992
financial,random_forest,2882,4,2024-12-12,2024-12-13,2024-12-17,2024-12-17,69.3,68.6,target_close,1000,0.3157981963242933,0.309475225063799,0.3747265786119078,-0.015883678888896597,-1102.30750000001,90378.79839999991
financial,random_forest,2882,4,2024-12-17,2024-12-18,2024-12-20,2024-12-20,68.5,67.3,target_close,1000,0.3319848272828738,0.29774008588165973,0.3702750868354667,-0.023257587864300787,-1595.4150000000081,88783.3833999999
financial,random_forest,2882,4,2024-12-25,2024-12-26,2024-12-30,2024-12-30,68.9,69.2,target_close,1000,0.3249482926712027,0.32768291343761796,0.3473687938911796,-0.0015129746352377,-104.39250000000175,88678.9908999999
financial,random_forest,2884,1,2023-10-03,2023-10-04,2023-10-06,2023-10-06,24.0,24.2,target_close,1000,0.27692702698774224,0.29198911753355516,0.43108385547870287,0.002442977090978695,58.715000000000146,100058.715
financial,random_forest,2884,1,2023-11-13,2023-11-14,2023-11-16,2023-11-16,24.55,25.15,target_close,1000,0.3065481902744346,0.34534151027249044,0.3481102994530751,0.018455472845289186,453.7275000000009,100512.4425
financial,random_forest,2884,1,2023-11-30,2023-12-01,2023-12-05,2023-12-05,25.5,25.45,target_close,1000,0.33656664219872034,0.3205463262039014,0.34288703159737843,-0.007791005660071675,-198.95375000000058,100313.48875000002
financial,random_forest,2884,1,2023-12-15,2023-12-18,2023-12-20,2023-12-20,25.7,25.4,target_close,1000,0.2651942567501963,0.33235039158622454,0.40245535166357915,-0.017446636597323588,-449.01750000000175,99864.47125000002
financial,random_forest,2884,2,2024-01-11,2024-01-12,2024-01-16,2024-01-16,25.35,25.0,target_close,1000,0.29691397278270937,0.34470882631705235,0.3583772009002382,-0.0195677274282569,-496.74874999999884,99367.72250000002
financial,random_forest,2884,2,2024-01-22,2024-01-23,2024-01-25,2024-01-25,24.55,24.65,target_close,1000,0.3426330866177489,0.30338011432256956,0.3539867990596819,-0.0017921508693289785,-44.06000000000131,99323.66250000002
financial,random_forest,2884,2,2024-03-11,2024-03-12,2024-03-14,2024-03-14,25.5,26.05,target_close,1000,0.29084964075889397,0.30235807789243,0.40679228134867623,0.015600954913757578,398.39124999999694,99722.05375
financial,random_forest,2884,2,2024-03-19,2024-03-20,2024-03-22,2024-03-22,26.55,27.1,target_close,1000,0.279791109224015,0.2954116031154151,0.42479728766057,0.01475294127713578,392.24874999999884,100114.3025
financial,random_forest,2884,2,2024-04-03,2024-04-08,2024-04-10,2024-04-10,26.9,27.15,target_close,1000,0.2928978864101156,0.33660647953922257,0.370495634050662,0.0033977140196037622,91.52874999999767,100205.83125
financial,random_forest,2884,2,2024-04-18,2024-04-19,2024-04-23,2024-04-23,26.9,27.2,target_close,1000,0.2976932679725539,0.30444514046323584,0.3978615915642103,0.005245591945975089,141.30749999999898,100347.13875
financial,random_forest,2884,3,2024-05-07,2024-05-08,2024-05-10,2024-05-10,28.25,28.5,target_close,1000,0.24107400221472175,0.30868076319965526,0.45024523458562293,0.0029561856655152137,83.63125000000218,100430.77
financial,random_forest,2884,3,2024-05-10,2024-05-13,2024-05-15,2024-05-15,28.5,28.0,target_close,1000,0.2876785692307349,0.3442342329440348,0.36808719782523075,-0.02328304972431831,-664.5125000000007,99766.2575
financial,random_forest,2884,3,2024-05-22,2024-05-23,2024-05-27,2024-05-27,28.2,28.65,target_close,1000,0.285831939815464,0.3089294224366811,0.4052386377478551,0.010022552968402994,283.0387499999997,100049.29625000001
financial,random_forest,2884,3,2024-05-28,2024-05-29,2024-05-31,2024-05-31,28.4,28.6,target_close,1000,0.2814498398051148,0.3554201369867038,0.36313002320818183,0.0011594393482245034,32.974999999998545,100082.27125000002
financial,random_forest,2884,3,2024-05-31,2024-06-03,2024-06-05,2024-06-05,28.55,28.6,target_close,1000,0.3226241810147033,0.24400967036321583,0.43336614862208106,-0.004100592732414118,-117.23875000000044,99965.03250000003
financial,random_forest,2884,3,2024-06-12,2024-06-13,2024-06-17,2024-06-17,28.95,28.7,target_close,1000,0.28892924816771853,0.3386694001551455,0.3724013516771364,-0.014426807947207222,-418.25125000000116,99546.78125000003
financial,random_forest,2884,3,2024-06-17,2024-06-18,2024-06-20,2024-06-20,28.7,29.0,target_close,1000,0.28287712678851074,0.3529780278426485,0.3641448453688411,0.004550223248943432,130.77750000000015,99677.55875000004
financial,random_forest,2884,3,2024-06-21,2024-06-24,2024-06-26,2024-06-26,28.85,28.8,target_close,1000,0.3304915598130483,0.2776764249445488,0.3918320152424029,-0.007564653644120401,-218.55125000000044,99459.00750000004
financial,random_forest,2884,3,2024-07-04,2024-07-05,2024-07-09,2024-07-09,29.25,29.25,target_close,1000,0.31495418442814466,0.33926932394543985,0.345776491626416,-0.005841675612252639,-171.1125000000029,99287.89500000005
financial,random_forest,2884,3,2024-08-23,2024-08-26,2024-08-28,2024-08-28,27.5,27.85,target_close,1000,0.2495825593399327,0.33993539378467447,0.4104820468753928,0.006811248516318728,187.57624999999825,99475.47125000005
financial,random_forest,2884,4,2024-09-03,2024-09-04,2024-09-06,2024-09-06,27.35,27.5,target_close,1000,0.25763229906676766,0.34067650124214366,0.40169119969108896,-0.00038925335784079963,-10.661250000001019,99464.81000000004
financial,random_forest,2884,4,2024-09-06,2024-09-09,2024-09-11,2024-09-11,26.85,27.6,target_close,1000,0.273574141629134,0.32888068754575067,0.39754517082511553,0.02192810998517055,589.6087499999994,100054.41875000004
financial,random_forest,2884,4,2024-09-24,2024-09-25,2024-09-27,2024-09-27,28.65,28.3,target_close,1000,0.3264406292291762,0.3336220822807309,0.339937288490093,-0.017986716224319358,-516.0537500000028,99538.36500000005
financial,random_forest,2884,4,2024-09-30,2024-10-01,2024-10-07,2024-10-07,28.1,28.1,target_close,1000,0.2757659031647859,0.344369190602281,0.3798649062329335,-0.005841675612252483,-164.3849999999984,99373.98000000005
financial,random_forest,2884,4,2024-10-09,2024-10-11,2024-10-15,2024-10-15,28.15,28.65,target_close,1000,0.2819980397563589,0.35770810267576486,0.36029385756787624,0.011816553950584913,333.1100000000006,99707.09000000005
financial,random_forest,2884,4,2024-10-21,2024-10-22,2024-10-24,2024-10-24,28.15,27.85,target_close,1000,0.24391881146831895,0.3613374995755422,0.39474368895613915,-0.016436613349955078,-463.3500000000022,99243.74000000005
financial,random_forest,2884,4,2024-10-25,2024-10-28,2024-10-30,2024-10-30,27.7,27.4,target_close,1000,0.31849662923394356,0.3172551119677639,0.36424825879829265,-0.01660873327710175,-460.71749999999884,98783.02250000005
financial,random_forest,2884,4,2024-11-01,2024-11-04,2024-11-06,2024-11-06,26.9,27.05,target_close,1000,0.3374181327372222,0.28498689371121705,0.37759497355156085,-0.00029804183313875533,-8.02875000000131,98774.99375000005
financial,random_forest,2884,4,2024-11-06,2024-11-07,2024-11-11,2024-11-11,27.05,27.45,target_close,1000,0.3099816776006573,0.31064560087999504,0.379372721519348,0.00885937169847198,239.98749999999927,99014.98125000006
financial,random_forest,2884,4,2024-11-14,2024-11-15,2024-11-19,2024-11-19,26.95,27.1,target_close,1000,0.2835830590287323,0.35290194610144726,0.3635149948698204,-0.0003083268679793955,-8.321250000000873,99006.66000000006
financial,random_forest,2884,4,2024-11-29,2024-12-02,2024-12-04,2024-12-04,27.1,27.55,target_close,1000,0.30497667860362104,0.3167056573706694,0.37831766402571015,0.010666488445846625,289.473750000001,99296.13375000007
financial,random_forest,2884,4,2024-12-11,2024-12-12,2024-12-16,2024-12-16,27.45,27.35,target_close,1000,0.2801542371050958,0.3476736065434657,0.37217215635143885,-0.009463381712025733,-260.1399999999994,99035.99375000008
financial,random_forest,2884,4,2024-12-20,2024-12-23,2024-12-25,2024-12-25,27.1,27.6,target_close,1000,0.2642626362386215,0.3252902831842705,0.4104470805771082,0.012500728896746442,339.2524999999987,99375.24625000008
financial,random_forest,2886,1,2023-09-04,2023-09-05,2023-09-07,2023-09-07,36.05,35.85,target_close,1000,0.35027508454399325,0.29052529306643465,0.3591996223895722,-0.011357117079036352,-410.007500000007,99589.9925
financial,random_forest,2886,1,2023-09-12,2023-09-13,2023-09-15,2023-09-15,36.5,37.55,target_close,1000,0.2549490377602482,0.3574595624055996,0.38759139983415236,0.02275739947287446,831.8287500000006,100421.82125
financial,random_forest,2886,1,2023-09-19,2023-09-20,2023-09-22,2023-09-22,37.65,37.8,target_close,1000,0.29253094695880005,0.2980304588473738,0.40943859419382583,-0.001880885475249616,-70.91625000000204,100350.905
financial,random_forest,2886,1,2023-09-27,2023-09-28,2023-10-03,2023-10-03,37.7,37.65,target_close,1000,0.27740637810566693,0.3389745779911397,0.3836190439031933,-0.007160187978814623,-270.3237500000032,100080.58124999999
financial,random_forest,2886,1,2023-10-19,2023-10-20,2023-10-24,2023-10-24,37.6,37.25,target_close,1000,0.31313872357451034,0.337091489502994,0.34976978692249566,-0.015095808950968398,-568.4112500000047,99512.16999999998
financial,random_forest,2886,1,2023-11-23,2023-11-24,2023-11-28,2023-11-28,39.7,39.65,target_close,1000,0.25568757083517984,0.35524333539795205,0.3890690937668684,-0.007093764182010415,-282.0237500000003,99230.14624999999
financial,random_forest,2886,1,2023-12-08,2023-12-11,2023-12-13,2023-12-13,39.25,38.9,target_close,1000,0.3140363288485093,0.3365888154712608,0.3493748556802301,-0.01470678168959554,-578.0637500000012,98652.08249999999
financial,random_forest,2886,2,2024-01-12,2024-01-15,2024-01-17,2024-01-17,39.05,37.878499999999995,stop_loss,1000,0.2730583082947172,0.3287782315231761,0.39816346018210674,-0.03566642534388519,-1394.758612500009,97257.32388749998
financial,random_forest,2886,2,2024-01-17,2024-01-18,2024-01-22,2024-01-22,37.35,38.1,target_close,1000,0.28429692201730145,0.34480665825807366,0.3708964197246248,0.014121342949750523,528.1837500000038,97785.50763749998
financial,random_forest,2886,2,2024-02-16,2024-02-19,2024-02-21,2024-02-21,38.1,38.35,target_close,1000,0.3222569991587775,0.28523805932380647,0.3925049415174161,0.000681672972968732,26.008749999993597,97811.51638749997
financial,random_forest,2886,2,2024-02-29,2024-03-01,2024-03-05,2024-03-05,38.6,39.05,target_close,1000,0.3173467208202635,0.3235789359985379,0.35907434318119874,0.005748253039936309,222.1987500000032,98033.71513749997
financial,random_forest,2886,2,2024-03-05,2024-03-06,2024-03-08,2024-03-08,39.05,39.9,target_close,1000,0.23907751787607334,0.3444305259424884,0.41649195618143836,0.01579813426558574,617.7962499999994,98651.51138749997
financial,random_forest,2886,2,2024-03-25,2024-03-26,2024-03-28,2024-03-28,40.15,40.25,target_close,1000,0.2824162021950066,0.3412456741750525,0.3763381236299409,-0.0033655652152718416,-135.3199999999997,98516.19138749997
financial,random_forest,2886,2,2024-04-03,2024-04-08,2024-04-10,2024-04-10,39.7,40.5,target_close,1000,0.3397841670687087,0.31920008738691713,0.34101574554437436,0.014191741503873265,564.2149999999965,99080.40638749997
financial,random_forest,2886,2,2024-04-11,2024-04-12,2024-04-16,2024-04-16,39.9,39.1,target_close,1000,0.2660787149032026,0.3530765730522775,0.38084471204452014,-0.025774674597470536,-1029.875,98050.53138749997
financial,random_forest,2886,2,2024-04-24,2024-04-25,2024-04-29,2024-04-29,39.0,40.1,target_close,1000,0.31111178805849954,0.32886266825467453,0.36002554368682577,0.022198687383299453,866.9825000000055,98917.51388749998
financial,random_forest,2886,3,2024-05-03,2024-05-06,2024-05-08,2024-05-08,40.2,41.1,target_close,1000,0.28461405744244456,0.33577976376552443,0.3796061787920312,0.016415600306876037,660.8474999999962,99578.36138749999
financial,random_forest,2886,3,2024-05-23,2024-05-24,2024-05-28,2024-05-28,40.05,39.8,target_close,1000,0.27575616407764136,0.32498893643889515,0.3992548994834635,-0.012047407974223469,-483.18624999999884,99095.17513749999
financial,random_forest,2886,3,2024-05-28,2024-05-29,2024-05-31,2024-05-31,39.75,39.05,target_close,1000,0.3066742006860156,0.3326391710895531,0.3606866282244314,-0.02334886623040161,-929.4400000000023,98165.73513749999
financial,random_forest,2886,3,2024-06-17,2024-06-18,2024-06-20,2024-06-20,39.9,40.0,target_close,1000,0.3258160222038913,0.32364781692637556,0.350536160869733,-0.0033500507391002474,-133.85749999999825,98031.87763749999
financial,random_forest,2886,3,2024-07-04,2024-07-05,2024-07-09,2024-07-09,42.0,41.65,target_close,1000,0.28879408235020904,0.27245844278624815,0.4387474748635429,-0.014126328315483832,-594.1512500000026,97437.72638749998
financial,random_forest,2886,3,2024-07-10,2024-07-11,2024-07-15,2024-07-15,42.0,41.95,target_close,1000,0.2925752270929353,0.30313706866245377,0.4042877042446112,-0.007025197426999907,-295.47875000000204,97142.24763749997
financial,random_forest,2886,4,2024-09-03,2024-09-04,2024-09-06,2024-09-06,37.2,38.9,target_close,1000,0.2924051096211581,0.31632329823462485,0.3912715921442171,0.03959029082482189,1474.8574999999983,98617.10513749997
financial,random_forest,2886,4,2024-09-11,2024-09-12,2024-09-16,2024-09-16,39.35,39.35,target_close,1000,0.2564559044019792,0.33163070401644446,0.4119133915815763,-0.005841675612252592,-230.19750000000204,98386.90763749997
financial,random_forest,2886,4,2024-09-18,2024-09-19,2024-09-23,2024-09-23,39.45,39.7,target_close,1000,0.3294368810902278,0.33477736758963866,0.33578575132013383,0.0004584405118777161,18.111250000001746,98405.01888749997
financial,random_forest,2886,4,2024-09-27,2024-09-30,2024-10-04,2024-10-04,39.65,38.95,target_close,1000,0.34514346626639936,0.26631871062356977,0.38853782311003116,-0.02339302055730743,-928.8550000000032,97476.16388749998
financial,random_forest,2886,4,2024-10-08,2024-10-09,2024-10-14,2024-10-14,38.95,38.9,target_close,1000,0.3069209420758669,0.31838180297337815,0.37469725495075484,-0.00711787371801353,-277.6362500000032,97198.52763749997
financial,random_forest,2886,4,2024-10-14,2024-10-15,2024-10-17,2024-10-17,39.0,39.45,target_close,1000,0.30345130649202917,0.34055261144574545,0.3559960820622256,0.005629381976836839,219.85874999999942,97418.38638749997
financial,random_forest,2886,4,2024-10-24,2024-10-25,2024-10-29,2024-10-29,39.0,39.1,target_close,1000,0.3280918520546603,0.31726675056245096,0.3546413973828888,-0.003292551703565979,-128.59249999999884,97289.79388749997
financial,random_forest,2886,4,2024-11-05,2024-11-06,2024-11-08,2024-11-08,39.1,39.1,target_close,1000,0.3211337226632695,0.3270629370501238,0.35180334028660687,-0.005841675612252555,-228.73500000000058,97061.05888749997
financial,random_forest,2886,4,2024-11-08,2024-11-11,2024-11-13,2024-11-13,39.1,39.3,target_close,1000,0.3475616158060635,0.2858023558534998,0.3666360283404368,-0.0007564667918549218,-29.62000000000262,97031.43888749997
financial,random_forest,2886,4,2024-11-14,2024-11-15,2024-11-19,2024-11-19,39.1,39.95,target_close,1000,0.21176048284468682,0.3762098234573592,0.4120296936979541,0.015770461874437713,617.5037500000035,97648.94263749997
financial,random_forest,2886,4,2024-11-22,2024-11-25,2024-11-27,2024-11-27,40.0,40.05,target_close,1000,0.2969448030067036,0.2731139173587269,0.42994127963456974,-0.004598977706767914,-184.22125000000233,97464.72138749997
financial,random_forest,2886,4,2024-11-27,2024-11-28,2024-12-01,2024-12-01,40.1,36.0,stop_loss,1000,0.28888796621720503,0.3099610198245971,0.4011510139581981,-0.10748878608581286,-4316.442500000005,93148.27888749997
financial,random_forest,2886,4,2024-12-06,2024-12-09,2024-12-11,2024-12-11,39.7,39.4,target_close,1000,0.3261159679155626,0.28169842498651326,0.39218560709792427,-0.01335420703079983,-530.9175000000032,92617.36138749996
financial,random_forest,2886,4,2024-12-16,2024-12-17,2024-12-19,2024-12-19,39.5,38.65,target_close,1000,0.25610951274305627,0.36227089108699956,0.3816195961699439,-0.02723495601046992,-1077.3137500000012,91540.04763749996
financial,random_forest,2891,1,2023-09-06,2023-09-07,2023-09-11,2023-09-11,23.6,24.25,target_close,1000,0.2388455128988216,0.36456841804608864,0.3965860690550898,0.021539803661138703,509.0637499999975,100509.06375
financial,random_forest,2891,1,2023-09-13,2023-09-14,2023-09-18,2023-09-18,24.8,24.95,target_close,1000,0.25011385730017743,0.36582051283415223,0.38406562986567067,0.00017137876912490607,4.256249999998545,100513.32
financial,random_forest,2891,1,2023-09-25,2023-09-26,2023-09-28,2023-09-28,24.5,24.5,target_close,1000,0.29219311107582646,0.34901515292316804,0.3587917360010057,-0.005841675612252422,-143.3249999999971,100369.995
financial,random_forest,2891,1,2023-10-04,2023-10-05,2023-10-11,2023-10-11,23.7,24.9,target_close,1000,0.3054356990749774,0.32152897508867057,0.3730353258363524,0.04449545473649425,1056.045000000002,101426.04000000001
financial,random_forest,2891,1,2023-10-12,2023-10-13,2023-10-17,2023-10-17,25.1,25.15,target_close,1000,0.2665797058759819,0.31078093718754723,0.42263935693647103,-0.0038612805437511087,-97.05625000000146,101328.98375000001
financial,random_forest,2891,1,2023-10-20,2023-10-23,2023-10-25,2023-10-25,24.65,24.65,target_close,1000,0.23906446186300298,0.36776256014489,0.3931729779921072,-0.005841675612252664,-144.20250000000306,101184.78125000001
financial,random_forest,2891,1,2023-10-26,2023-10-27,2023-10-31,2023-10-31,24.4,24.35,target_close,1000,0.2239633302937091,0.3311606292291999,0.444876040477091,-0.007878885293374943,-192.51874999999927,100992.26250000001
financial,random_forest,2891,1,2023-11-01,2023-11-02,2023-11-06,2023-11-06,24.6,25.3,target_close,1000,0.1896999366397194,0.3665039988498762,0.4437960645104046,0.022447382398780937,552.9925000000003,101545.25500000002
financial,random_forest,2891,1,2023-11-24,2023-11-27,2023-11-29,2023-11-29,26.9,26.85,target_close,1000,0.30195017889500664,0.3228383892773622,0.37521143182763134,-0.0076895535386237905,-207.14374999999927,101338.11125000002
financial,random_forest,2891,1,2023-12-15,2023-12-18,2023-12-20,2023-12-20,28.0,27.8,target_close,1000,0.23096510930520092,0.3171688325450044,0.451866058149795,-0.012942806500736481,-362.9150000000009,100975.19625000002
financial,random_forest,2891,1,2023-12-25,2023-12-26,2023-12-28,2023-12-28,27.95,28.4,target_close,1000,0.29573075918002883,0.3215580888469098,0.3827111519730618,0.0101644512562442,284.5012499999975,101259.69750000002
financial,random_forest,2891,2,2024-01-10,2024-01-11,2024-01-15,2024-01-15,28.2,28.15,target_close,1000,0.31047329689725767,0.3321810653049224,0.3573456377978199,-0.00760436767676991,-214.74875000000247,101044.94875000003
financial,random_forest,2891,2,2024-02-21,2024-02-22,2024-02-26,2024-02-26,28.95,29.1,target_close,1000,0.3164040888216053,0.31183122202014896,0.37176468915824606,-0.0006905962112798106,-20.0212500000016,101024.92750000002
financial,random_forest,2891,2,2024-02-27,2024-02-29,2024-03-04,2024-03-04,28.9,29.2,target_close,1000,0.31478051545353,0.33857830026797175,0.34664118427849827,0.00447830699384871,129.6075000000019,101154.53500000003
financial,random_forest,2891,2,2024-03-07,2024-03-08,2024-03-12,2024-03-12,29.75,30.45,target_close,1000,0.24732652519258658,0.266892277724853,0.48578119708256046,0.017550284961576866,522.8650000000016,101677.40000000002
financial,random_forest,2891,2,2024-03-21,2024-03-22,2024-03-26,2024-03-26,32.1,31.8,target_close,1000,0.2637336951783267,0.345801238567214,0.39046506625445937,-0.015132874905595988,-486.45750000000044,101190.94250000003
financial,random_forest,2891,2,2024-03-26,2024-03-27,2024-03-29,2024-03-29,31.95,33.05,target_close,1000,0.2546101301000653,0.31495306642372073,0.43043680347621416,0.028385997527857542,908.2249999999949,102099.16750000004
financial,random_forest,2891,2,2024-03-29,2024-04-01,2024-04-01,2024-04-03,32.8,31.815999999999995,stop_loss,1000,0.25529842227202915,0.2609544168178456,0.48374716091012543,-0.03566642534388506,-1171.525800000003,100927.64170000004
financial,random_forest,2891,2,2024-04-01,2024-04-02,2024-04-08,2024-04-08,31.65,32.05,target_close,1000,0.27359235660528514,0.3260887722605361,0.40031887113417897,0.006722726591699901,213.07749999999578,101140.71920000002
financial,random_forest,2891,2,2024-04-10,2024-04-11,2024-04-15,2024-04-15,31.6,31.95,target_close,1000,0.26921090162082584,0.3380143667409328,0.3927747316382416,0.005169571651535844,163.5912500000013,101304.31045000002
financial,random_forest,2891,2,2024-04-16,2024-04-17,2024-04-19,2024-04-19,30.95,31.0,target_close,1000,0.34192225305632135,0.275418822904897,0.3826589240387822,-0.0042356040058103405,-131.2787500000013,101173.0317
financial,random_forest,2891,2,2024-04-19,2024-04-22,2024-04-24,2024-04-24,31.25,31.45,target_close,1000,0.2660222860857854,0.3035232338806594,0.4304544800335555,0.0005209376638289785,16.302499999997963,101189.33420000001
financial,random_forest,2891,2,2024-04-24,2024-04-25,2024-04-29,2024-04-29,31.25,34.25,target_close,1000,0.21345131257448624,0.23657631076427468,0.5499723766612392,0.08959752352897117,2803.9124999999985,103993.24670000002
financial,random_forest,2891,3,2024-05-02,2024-05-03,2024-05-07,2024-05-07,34.35,36.0,target_close,1000,0.28961992422626076,0.31025598562419127,0.40012409014954803,0.04191265438017183,1441.751249999994,105434.99795
financial,random_forest,2891,3,2024-05-09,2024-05-10,2024-05-14,2024-05-14,36.1,36.05,target_close,1000,0.2859250562506459,0.34976616787208237,0.36430877587727195,-0.007218626200047076,-260.96374999999534,105174.03420000002
financial,random_forest,2891,3,2024-05-14,2024-05-15,2024-05-17,2024-05-17,36.2,38.1,target_close,1000,0.2242570087036867,0.3380786462721439,0.4376643450241695,0.046337904949535366,1679.822500000002,106853.85670000003
financial,random_forest,2891,3,2024-05-20,2024-05-21,2024-05-23,2024-05-23,38.05,38.0,target_close,1000,0.27079220014647776,0.338740200490287,0.39046759936323544,-0.007148059744168207,-272.3712500000038,106581.48545000004
financial,random_forest,2891,3,2024-05-29,2024-05-30,2024-06-03,2024-06-03,35.8,36.4,target_close,1000,0.2582472128117136,0.3177135474810098,0.4240392397072772,0.010820195746201352,387.9150000000009,106969.40045000004
financial,random_forest,2891,3,2024-06-03,2024-06-04,2024-06-06,2024-06-06,36.2,36.85,target_close,1000,0.3314341829425955,0.31572146374241045,0.352844353314994,0.012009233527306517,435.35375000000204,107404.75420000005
financial,random_forest,2891,3,2024-06-06,2024-06-07,2024-06-12,2024-06-12,36.85,37.25,target_close,1000,0.30519785826978074,0.33551719421634013,0.35928494751387946,0.0049497308939915,182.6574999999939,107587.41170000004
financial,random_forest,2891,3,2024-06-13,2024-06-14,2024-06-18,2024-06-18,37.1,37.9,target_close,1000,0.2793703196766425,0.2959839604973412,0.4246457198260166,0.015595700654868582,579.4249999999956,108166.83670000003
financial,random_forest,2891,3,2024-06-28,2024-07-01,2024-07-03,2024-07-03,38.1,39.2,target_close,1000,0.2747924702001595,0.32067253393832634,0.4045349958615143,0.022861058162721732,872.2474999999977,109039.08420000004
financial,random_forest,2891,3,2024-07-10,2024-07-11,2024-07-15,2024-07-15,40.8,38.55,stop_loss,1000,0.297681184084647,0.3443265525884598,0.3579922633268932,-0.06066658320716502,-2478.7237499999974,106560.36045000004
financial,random_forest,2891,3,2024-07-15,2024-07-16,2024-07-18,2024-07-18,38.1,36.957,stop_loss,1000,0.29952469327666115,0.30005059477575075,0.40042471194758833,-0.035666425343884985,-1360.827225000001,105199.53322500002
financial,random_forest,2891,3,2024-07-22,2024-07-23,2024-07-29,2024-07-29,35.8,36.0,target_close,1000,0.27622298968530395,0.2801449933988656,0.4436320169158306,-0.0002877184927679824,-10.315000000002328,105189.21822500002
financial,random_forest,2891,3,2024-08-07,2024-08-08,2024-08-12,2024-08-12,33.7,34.5,target_close,1000,0.35626047443468317,0.2784933459376536,0.36524617962766315,0.017758521999326104,599.3150000000023,105788.53322500002
financial,random_forest,2891,3,2024-08-13,2024-08-14,2024-08-16,2024-08-16,34.85,34.9,target_close,1000,0.3087359866331783,0.34284107397260216,0.34842293939421964,-0.004415336552872702,-154.09375,105634.43947500002
financial,random_forest,2891,3,2024-08-22,2024-08-23,2024-08-27,2024-08-27,33.4,32.85,target_close,1000,0.23413157498096762,0.3571923017246698,0.4086761232943625,-0.02221254622342811,-742.9562500000029,104891.48322500002
financial,random_forest,2891,4,2024-09-27,2024-09-30,2024-10-04,2024-10-04,34.55,34.25,target_close,1000,0.2452703343702112,0.2697084497374505,0.48502121589233854,-0.014474019962942123,-500.7900000000009,104390.69322500002
financial,random_forest,2891,4,2024-10-18,2024-10-21,2024-10-23,2024-10-23,37.0,36.15,target_close,1000,0.29829286588159204,0.29991362819980183,0.40179350591860635,-0.028680447929268393,-1062.6887500000012,103328.00447500002
financial,random_forest,2891,4,2024-10-23,2024-10-24,2024-10-28,2024-10-28,36.05,35.9,target_close,1000,0.2759441679384535,0.3371933375099282,0.3868624945516187,-0.00997825671234031,-360.22875000000204,102967.77572500003
financial,random_forest,2891,4,2024-11-01,2024-11-04,2024-11-06,2024-11-06,35.75,36.7,target_close,1000,0.20001808995664203,0.32997484371792135,0.47000706632543676,0.02057651762322613,736.6587500000023,103704.43447500005
financial,random_forest,2891,4,2024-11-13,2024-11-14,2024-11-18,2024-11-18,36.45,36.8,target_close,1000,0.2447207863518266,0.34363196780870575,0.4116472458394679,0.0037044262680136966,135.21874999999272,103839.65322500005
financial,random_forest,2891,4,2024-11-20,2024-11-21,2024-11-25,2024-11-25,37.75,37.35,target_close,1000,0.3233445630368061,0.3285178013097271,0.34813763565346695,-0.016375803552784896,-619.0674999999974,103220.58572500004
financial,random_forest,2891,4,2024-11-25,2024-11-26,2024-11-28,2024-11-28,37.6,37.75,target_close,1000,0.2269536649409858,0.33825539003816835,0.4347909450208461,-0.0018756184670886229,-70.62374999999884,103149.96197500004
financial,random_forest,2891,4,2024-12-02,2024-12-03,2024-12-05,2024-12-05,38.7,39.05,target_close,1000,0.3561277696836706,0.23718930414779105,0.4066829261685386,0.0031494203447426294,122.05625000000146,103272.01822500004
financial,random_forest,2891,4,2024-12-20,2024-12-23,2024-12-25,2024-12-25,38.8,39.25,target_close,1000,0.31482396090115816,0.3142414898936108,0.3709345492052312,0.005688511139667151,221.02874999999767,103493.04697500003
financial,random_forest,2891,4,2024-12-25,2024-12-26,2024-12-30,2024-12-30,39.45,39.45,target_close,1000,0.2768983227445365,0.34633370577538086,0.37676797148008284,-0.00584167561225257,-230.78250000000116,103262.26447500003
financial,xgboost,2881,1,2023-10-04,2023-10-05,2023-10-11,2023-10-11,59.9,61.6,target_close,1000,0.25338444113731384,0.30849993228912354,0.4381156265735626,0.022373168318618422,1342.0625,101342.0625
financial,xgboost,2881,1,2023-10-19,2023-10-20,2023-10-24,2023-10-24,60.5,59.9,target_close,1000,0.03431867063045502,0.42790958285331726,0.5377717614173889,-0.015701097011139357,-951.2700000000041,100390.7925
financial,xgboost,2881,1,2023-11-01,2023-11-02,2023-11-06,2023-11-06,60.6,61.5,target_close,1000,0.25393587350845337,0.20271863043308258,0.5433455109596252,0.008923051977664376,541.5074999999924,100932.29999999999
financial,xgboost,2881,1,2023-11-17,2023-11-20,2023-11-22,2023-11-22,63.3,64.6,target_close,1000,0.3320631682872772,0.21422722935676575,0.45370957255363464,0.014575477969170237,923.9424999999901,101856.24249999998
financial,xgboost,2881,1,2023-11-29,2023-11-30,2023-12-04,2023-12-04,64.1,64.4,target_close,1000,0.34217461943626404,0.2930365204811096,0.36478886008262634,-0.0011888285402347747,-76.31249999998545,101779.93
financial,xgboost,2881,2,2024-01-03,2024-01-04,2024-01-08,2024-01-08,63.7,64.1,target_close,1000,0.20057009160518646,0.27716493606567383,0.5222650170326233,0.0004010768171837369,25.58499999999185,101805.51499999998
financial,xgboost,2881,2,2024-02-01,2024-02-02,2024-02-15,2024-02-15,64.8,65.3,target_close,1000,0.31670159101486206,0.3401328921318054,0.3431655168533325,0.0018292991129615112,118.7074999999968,101924.22249999997
financial,xgboost,2881,2,2024-02-26,2024-02-27,2024-03-01,2024-03-01,66.9,67.4,target_close,1000,0.18652595579624176,0.40314847230911255,0.4103256165981293,0.0015885061843674045,106.42250000000058,102030.64499999997
financial,xgboost,2881,2,2024-03-18,2024-03-19,2024-03-21,2024-03-21,69.0,70.7,target_close,1000,0.18730318546295166,0.140086829662323,0.6726099848747253,0.0186520802059963,1288.8274999999994,103319.47249999997
financial,xgboost,2881,2,2024-03-21,2024-03-22,2024-03-26,2024-03-26,70.7,69.6,target_close,1000,0.21505612134933472,0.3698748052120209,0.4150690734386444,-0.021309485468356017,-1508.7274999999936,101810.74499999998
financial,xgboost,2881,2,2024-03-26,2024-03-27,2024-03-29,2024-03-29,69.6,69.7,target_close,1000,0.13062883913516998,0.2940017580986023,0.5753693580627441,-0.004413287215143824,-307.60250000000815,101503.14249999997
financial,xgboost,2881,2,2024-04-22,2024-04-23,2024-04-25,2024-04-25,66.5,66.4,target_close,1000,0.05697834491729736,0.4198836088180542,0.5231379866600037,-0.007336650536143951,-488.5825000000041,101014.55999999997
financial,xgboost,2881,3,2024-05-02,2024-05-03,2024-05-07,2024-05-07,69.1,69.9,target_close,1000,0.3190470337867737,0.33493801951408386,0.3460148870944977,0.005668116855333622,392.2250000000058,101406.78499999997
financial,xgboost,2881,3,2024-05-10,2024-05-13,2024-05-15,2024-05-15,72.0,73.8,target_close,1000,0.12794211506843567,0.26081374287605286,0.6112441420555115,0.01901228249744103,1370.8349999999919,102777.61999999997
financial,xgboost,2881,3,2024-05-29,2024-05-30,2024-06-03,2024-06-03,71.9,73.8,target_close,1000,0.27864283323287964,0.30977997183799744,0.4115772247314453,0.020429545755434715,1470.9774999999936,104248.59749999996
financial,xgboost,2881,3,2024-06-03,2024-06-04,2024-06-06,2024-06-06,73.0,75.2,target_close,1000,0.32741913199424744,0.3126363754272461,0.3599444627761841,0.024119260191213975,1763.215000000011,106011.81249999997
financial,xgboost,2881,3,2024-06-07,2024-06-11,2024-06-13,2024-06-13,77.5,76.2,target_close,1000,0.17521841824054718,0.3079814910888672,0.5168001055717468,-0.02251787976327279,-1747.6224999999977,104264.18999999997
financial,xgboost,2881,3,2024-06-13,2024-06-14,2024-06-18,2024-06-18,76.5,77.0,target_close,1000,0.22587580978870392,0.3370811939239502,0.43704307079315186,0.0006560912138111308,50.26249999999709,104314.45249999997
financial,xgboost,2881,3,2024-06-26,2024-06-27,2024-07-01,2024-07-01,77.1,80.4,target_close,1000,0.17292463779449463,0.3383554518222809,0.4887198805809021,0.03670984799967424,2834.3624999999884,107148.81499999996
financial,xgboost,2881,3,2024-07-04,2024-07-05,2024-07-09,2024-07-09,83.7,86.0,target_close,1000,0.28019148111343384,0.32409706711769104,0.3957114517688751,0.02147689244141305,1800.1774999999907,108948.99249999995
financial,xgboost,2881,3,2024-08-15,2024-08-16,2024-08-20,2024-08-20,90.5,88.8,target_close,1000,0.2558596730232239,0.24366755783557892,0.5004727840423584,-0.024516472865944997,-2221.9024999999965,106727.08999999995
financial,xgboost,2881,3,2024-08-23,2024-08-26,2024-08-28,2024-08-28,90.0,92.0,target_close,1000,0.18570555746555328,0.384809285402298,0.42948511242866516,0.016250731596364004,1464.6499999999942,108191.73999999995
financial,xgboost,2881,4,2024-09-04,2024-09-05,2024-09-09,2024-09-09,91.6,86.5,stop_loss,1000,0.26285168528556824,0.25076887011528015,0.486379474401474,-0.061193285376199134,-5613.292499999996,102578.44749999995
financial,xgboost,2881,4,2024-09-09,2024-09-10,2024-09-12,2024-09-12,86.8,85.8,target_close,1000,0.24735157191753387,0.24890710413455963,0.5037413239479065,-0.017295112529162195,-1503.3550000000105,101075.09249999994
financial,xgboost,2881,4,2024-10-21,2024-10-22,2024-10-24,2024-10-24,91.3,91.3,target_close,1000,0.28969720005989075,0.29157111048698425,0.4187316596508026,-0.005841675612252654,-534.1050000000105,100540.98749999993
financial,xgboost,2881,4,2024-11-06,2024-11-07,2024-11-11,2024-11-11,91.8,91.7,target_close,1000,0.3119998574256897,0.269115149974823,0.4188850224018097,-0.00692463674992992,-636.5875000000087,99904.39999999992
financial,xgboost,2881,4,2024-11-12,2024-11-13,2024-11-15,2024-11-15,91.7,91.0,target_close,1000,0.14380882680416107,0.18869176506996155,0.6674994230270386,-0.013430670454907138,-1233.3475000000035,98671.05249999992
financial,xgboost,2881,4,2024-11-21,2024-11-22,2024-11-26,2024-11-26,90.2,90.1,target_close,1000,0.23332709074020386,0.36725690960884094,0.3994159698486328,-0.0069438467035915965,-627.2275000000081,98043.82499999991
financial,xgboost,2881,4,2024-11-27,2024-11-28,2024-12-01,2024-12-01,89.0,89.4,target_close,1000,0.3300185799598694,0.33018559217453003,0.339795857667923,-0.001373548311633431,-122.41999999999825,97921.40499999991
financial,xgboost,2881,4,2024-12-02,2024-12-03,2024-12-05,2024-12-05,90.1,91.3,target_close,1000,0.20864267647266388,0.379444420337677,0.41191285848617554,0.00739905678802818,667.6049999999959,98589.00999999991
financial,xgboost,2881,4,2024-12-16,2024-12-17,2024-12-19,2024-12-19,93.5,90.695,stop_loss,1000,0.3473528325557709,0.24280723929405212,0.409839928150177,-0.035666425343885,-3339.5628750000033,95249.4471249999
financial,xgboost,2881,4,2024-12-19,2024-12-20,2024-12-24,2024-12-24,90.2,91.8,target_close,1000,0.24264097213745117,0.3301335871219635,0.4272254705429077,0.011793061849170918,1065.25,96314.6971249999
financial,xgboost,2881,4,2024-12-24,2024-12-25,2024-12-27,2024-12-27,92.2,91.8,target_close,990,0.2865743041038513,0.34976568818092346,0.3636600077152252,-0.010154726911114806,-928.224000000002,95386.4731249999
financial,xgboost,2882,1,2023-10-19,2023-10-20,2023-10-24,2023-10-24,44.6,44.15,target_close,1000,0.0962546318769455,0.11660464107990265,0.7871406674385071,-0.01587242103768955,-708.9187500000044,99291.08124999999
financial,xgboost,2882,1,2023-11-27,2023-11-28,2023-11-30,2023-11-30,45.7,46.5,target_close,1000,0.31533217430114746,0.3114030063152313,0.3732648491859436,0.011561533567401798,529.1150000000052,99820.19625
financial,xgboost,2882,1,2023-12-06,2023-12-07,2023-12-11,2023-12-11,45.3,44.85,target_close,1000,0.12609811127185822,0.40065503120422363,0.47324690222740173,-0.01571742055650165,-713.0137499999983,99107.1825
financial,xgboost,2882,1,2023-12-25,2023-12-26,2023-12-28,2023-12-28,45.0,45.8,target_close,1000,0.2610187828540802,0.29938778281211853,0.43959349393844604,0.011832250154640728,533.2099999999991,99640.39249999999
financial,xgboost,2882,2,2024-03-20,2024-03-21,2024-03-25,2024-03-25,47.7,48.1,target_close,1000,0.39785435795783997,0.19278943538665771,0.4093562364578247,0.002495081824961226,119.18499999999767,99759.57749999998
financial,xgboost,2882,2,2024-04-03,2024-04-08,2024-04-10,2024-04-10,48.0,48.75,target_close,1000,0.24481286108493805,0.3264426589012146,0.42874443531036377,0.009692048206305983,465.88124999999854,100225.45874999999
financial,xgboost,2882,2,2024-04-16,2024-04-17,2024-04-19,2024-04-19,47.8,47.45,target_close,1000,0.18511585891246796,0.35536909103393555,0.4595150351524353,-0.0131210775690665,-628.0812499999956,99597.3775
financial,xgboost,2882,2,2024-04-23,2024-04-24,2024-04-26,2024-04-26,49.05,48.9,target_close,1000,0.36652815341949463,0.2540404200553894,0.37943142652511597,-0.008881915136374045,-436.2787499999977,99161.09875
financial,xgboost,2882,3,2024-05-20,2024-05-21,2024-05-23,2024-05-23,55.8,54.8,target_close,1000,0.3301689326763153,0.2619505822658539,0.4078804552555084,-0.02365813303855621,-1322.0049999999974,97839.09375
financial,xgboost,2882,3,2024-05-23,2024-05-24,2024-05-28,2024-05-28,54.4,56.8,target_close,1000,0.29272687435150146,0.349298357963562,0.35797473788261414,0.03801825046367735,2071.139999999992,99910.23374999998
financial,xgboost,2882,3,2024-05-30,2024-05-31,2024-06-04,2024-06-04,56.0,56.4,target_close,1000,0.3083144426345825,0.3375389873981476,0.3541465699672699,0.0012594552762313234,70.62999999999738,99980.86374999999
financial,xgboost,2882,3,2024-06-05,2024-06-06,2024-06-11,2024-06-11,56.6,58.7,target_close,1000,0.31582319736480713,0.2751021087169647,0.4090747535228729,0.031044057271391864,1759.5975000000035,101740.46125
financial,xgboost,2882,3,2024-06-12,2024-06-13,2024-06-17,2024-06-17,58.4,57.5,target_close,1000,0.30105075240135193,0.24581009149551392,0.45313915610313416,-0.021162608693570586,-1237.6575000000012,100502.80374999999
financial,xgboost,2882,3,2024-06-17,2024-06-18,2024-06-20,2024-06-20,58.0,60.1,target_close,1000,0.16986620426177979,0.29646992683410645,0.5336638689041138,0.03015371199489006,1751.4075000000012,102254.21125
financial,xgboost,2882,3,2024-06-20,2024-06-21,2024-06-25,2024-06-25,60.1,60.5,target_close,1000,0.10966814309358597,0.3861153721809387,0.5042164921760559,0.0007750187264345778,46.6449999999968,102300.85624999998
financial,xgboost,2882,3,2024-06-27,2024-06-28,2024-07-01,2024-07-02,59.1,57.327,stop_loss,1000,0.34295016527175903,0.2170870453119278,0.43996286392211914,-0.0356664253438849,-2110.8894749999963,100189.96677499998
financial,xgboost,2882,3,2024-08-23,2024-08-26,2024-08-28,2024-08-28,62.3,63.5,target_close,1000,0.28851309418678284,0.2769711911678314,0.43451574444770813,0.013307441390400594,830.2349999999933,101020.20177499996
financial,xgboost,2882,4,2024-09-09,2024-09-10,2024-09-12,2024-09-12,62.5,62.9,target_close,1000,0.20297208428382874,0.3417704403400421,0.45525747537612915,0.0005209376638289785,32.604999999995925,101052.80677499996
financial,xgboost,2882,4,2024-09-20,2024-09-23,2024-09-25,2024-09-25,64.9,67.1,target_close,1000,0.23530058562755585,0.2976117730140686,0.46708768606185913,0.027858606570382943,1810.5999999999985,102863.40677499995
financial,xgboost,2882,4,2024-09-27,2024-09-30,2024-10-04,2024-10-04,67.4,66.0,target_close,1000,0.33129388093948364,0.2537156939506531,0.4149904251098633,-0.02649184852238381,-1788.0950000000012,101075.31177499995
financial,xgboost,2882,4,2024-10-18,2024-10-21,2024-10-23,2024-10-23,69.8,69.2,target_close,1000,0.3376983106136322,0.3221873342990875,0.3401143550872803,-0.01438744917432491,-1005.6750000000029,100069.63677499995
financial,xgboost,2882,4,2024-11-04,2024-11-05,2024-11-07,2024-11-07,69.1,69.8,target_close,1000,0.30796018242836,0.3133767545223236,0.3786630928516388,0.004229392796885219,292.6674999999959,100362.30427499994
financial,xgboost,2882,4,2024-11-12,2024-11-13,2024-11-15,2024-11-15,67.1,66.9,target_close,1000,0.2819288372993469,0.3243282437324524,0.3937429189682007,-0.0088048896938853,-591.6500000000087,99770.65427499994
financial,xgboost,2882,4,2024-11-21,2024-11-22,2024-11-26,2024-11-26,67.0,67.4,target_close,1000,0.2571220397949219,0.3609517216682434,0.3819262385368347,9.35979661817557e-05,6.279999999998836,99776.93427499993
financial,xgboost,2882,4,2024-12-02,2024-12-03,2024-12-05,2024-12-05,67.9,69.2,target_close,1000,0.2325495481491089,0.2826884090900421,0.4847620725631714,0.013192283470281455,897.0324999999866,100673.96677499992
financial,xgboost,2882,4,2024-12-17,2024-12-18,2024-12-20,2024-12-20,68.5,67.3,target_close,1000,0.30064070224761963,0.32204651832580566,0.3773127496242523,-0.023257587864300787,-1595.4150000000081,99078.55177499991
financial,xgboost,2882,4,2024-12-26,2024-12-27,2024-12-31,2024-12-31,68.6,68.3,target_close,1000,0.2284405678510666,0.3450939357280731,0.4264655113220215,-0.010189306768467153,-699.9824999999983,98378.56927499991
financial,xgboost,2884,1,2023-10-03,2023-10-04,2023-10-06,2023-10-06,24.0,24.2,target_close,1000,0.16327297687530518,0.34541335701942444,0.49131372570991516,0.002442977090978695,58.715000000000146,100058.715
financial,xgboost,2884,1,2023-10-17,2023-10-18,2023-10-20,2023-10-20,24.7,23.959,stop_loss,1000,0.3394673764705658,0.2840683162212372,0.37646424770355225,-0.035666425343885116,-882.2160750000039,99176.49892499999
financial,xgboost,2884,1,2023-12-15,2023-12-18,2023-12-20,2023-12-20,25.7,25.4,target_close,1000,0.1881237030029297,0.1257970631122589,0.6860792636871338,-0.017446636597323588,-449.01750000000175,98727.48142499999
financial,xgboost,2884,1,2023-12-26,2023-12-27,2023-12-29,2023-12-29,25.5,25.8,target_close,1000,0.3097611963748932,0.3306800425052643,0.35955873131752014,0.005854304674662044,149.49749999999767,98876.97892499997
financial,xgboost,2884,2,2024-01-05,2024-01-08,2024-01-10,2024-01-10,25.7,25.4,target_close,1000,0.3513198792934418,0.2883729934692383,0.36030709743499756,-0.017446636597323588,-449.01750000000175,98427.96142499997
financial,xgboost,2884,2,2024-03-13,2024-03-14,2024-03-18,2024-03-18,25.75,26.5,target_close,1000,0.15771989524364471,0.4108796715736389,0.4314003884792328,0.023114392088361493,596.0437500000007,99024.00517499998
financial,xgboost,2884,2,2024-03-29,2024-04-01,2024-04-03,2024-04-03,27.25,26.9,target_close,1000,0.2464703619480133,0.36331188678741455,0.39021775126457214,-0.018610681613563076,-507.86375000000044,98516.14142499998
financial,xgboost,2884,2,2024-04-03,2024-04-08,2024-04-10,2024-04-10,26.9,27.15,target_close,1000,0.23261626064777374,0.3044085204601288,0.4629751443862915,0.0033977140196037622,91.52874999999767,98607.67017499998
financial,xgboost,2884,3,2024-05-07,2024-05-08,2024-05-10,2024-05-10,28.25,28.5,target_close,1000,0.17740628123283386,0.1652631312608719,0.6573306322097778,0.0029561856655152137,83.63125000000218,98691.30142499997
financial,xgboost,2884,3,2024-05-14,2024-05-15,2024-05-17,2024-05-17,28.05,29.0,target_close,1000,0.1398579478263855,0.2948392629623413,0.5653027892112732,0.027828570668259427,781.7037500000006,99473.00517499997
financial,xgboost,2884,3,2024-05-20,2024-05-21,2024-05-21,2024-05-23,29.3,28.421,stop_loss,1000,0.1838800460100174,0.3602409362792969,0.4558790326118469,-0.03566642534388489,-1046.5154249999978,98426.48974999996
financial,xgboost,2884,3,2024-05-22,2024-05-23,2024-05-27,2024-05-27,28.2,28.65,target_close,1000,0.16963998973369598,0.30488327145576477,0.5254766941070557,0.010022552968402994,283.0387499999997,98709.52849999997
financial,xgboost,2884,3,2024-05-28,2024-05-29,2024-05-31,2024-05-31,28.4,28.6,target_close,1000,0.16306670010089874,0.35967081785202026,0.4772624969482422,0.0011594393482245034,32.974999999998545,98742.50349999996
financial,xgboost,2884,3,2024-05-31,2024-06-03,2024-06-05,2024-06-05,28.55,28.6,target_close,1000,0.3222433030605316,0.2094980925321579,0.4682585895061493,-0.004100592732414118,-117.23875000000044,98625.26474999997
financial,xgboost,2884,3,2024-06-12,2024-06-13,2024-06-17,2024-06-17,28.95,28.7,target_close,1000,0.1622389554977417,0.2857070565223694,0.5520539879798889,-0.014426807947207222,-418.25125000000116,98207.01349999997
financial,xgboost,2884,3,2024-06-17,2024-06-18,2024-06-20,2024-06-20,28.7,29.0,target_close,1000,0.2996704578399658,0.2527582347393036,0.4475712776184082,0.004550223248943432,130.77750000000015,98337.79099999998
financial,xgboost,2884,3,2024-06-21,2024-06-24,2024-06-26,2024-06-26,28.85,28.8,target_close,1000,0.3217088580131531,0.20605938136577606,0.47223183512687683,-0.007564653644120401,-218.55125000000044,98119.23974999998
financial,xgboost,2884,3,2024-07-03,2024-07-04,2024-07-08,2024-07-08,29.1,29.25,target_close,1000,0.18280275166034698,0.35713860392570496,0.46005862951278687,-0.0007171481669548828,-20.89875000000029,98098.34099999999
financial,xgboost,2884,3,2024-07-12,2024-07-15,2024-07-17,2024-07-17,30.0,30.05,target_close,1000,0.30772072076797485,0.28534048795700073,0.4069387912750244,-0.004184745071606251,-125.72124999999869,97972.61974999998
financial,xgboost,2884,3,2024-07-19,2024-07-22,2024-07-26,2024-07-26,30.1,26.45,stop_loss,1000,0.2972884774208069,0.35056546330451965,0.35214605927467346,-0.12639575813767717,-3809.933750000004,94162.68599999999
financial,xgboost,2884,3,2024-08-12,2024-08-13,2024-08-15,2024-08-15,27.0,26.7,target_close,1000,0.17476817965507507,0.3956716060638428,0.42956021428108215,-0.01688787921656076,-456.6224999999977,93706.06349999999
financial,xgboost,2884,3,2024-08-23,2024-08-26,2024-08-28,2024-08-28,27.5,27.85,target_close,1000,0.26255306601524353,0.20835839211940765,0.52908855676651,0.006811248516318728,187.57624999999825,93893.63974999999
financial,xgboost,2884,4,2024-09-04,2024-09-05,2024-09-09,2024-09-09,27.25,27.9,target_close,1000,0.2788839042186737,0.35709214210510254,0.36402395367622375,0.017872192675895574,487.7112500000003,94381.35099999998
financial,xgboost,2884,4,2024-09-16,2024-09-18,2024-09-20,2024-09-20,27.65,28.2,target_close,1000,0.22400787472724915,0.34995022416114807,0.4260419011116028,0.013933625596183708,385.81375000000116,94767.16474999998
financial,xgboost,2884,4,2024-09-24,2024-09-25,2024-09-27,2024-09-27,28.65,28.3,target_close,1000,0.3129231333732605,0.3139963746070862,0.3730805218219757,-0.017986716224319358,-516.0537500000028,94251.11099999998
financial,xgboost,2884,4,2024-09-30,2024-10-01,2024-10-07,2024-10-07,28.1,28.1,target_close,1000,0.27630364894866943,0.30175119638442993,0.42194515466690063,-0.005841675612252483,-164.3849999999984,94086.72599999998
financial,xgboost,2884,4,2024-10-09,2024-10-11,2024-10-15,2024-10-15,28.15,28.65,target_close,1000,0.16496247053146362,0.34400153160095215,0.49103596806526184,0.011816553950584913,333.1100000000006,94419.83599999998
financial,xgboost,2884,4,2024-10-18,2024-10-21,2024-10-23,2024-10-23,28.85,27.9845,stop_loss,1000,0.26601478457450867,0.2328336089849472,0.5011516213417053,-0.03566642534388501,-1030.4426625000015,93389.39333749998
financial,xgboost,2884,4,2024-10-23,2024-10-24,2024-10-28,2024-10-28,27.8,27.5,target_close,1000,0.25747305154800415,0.3567316234111786,0.38579532504081726,-0.016570002853846993,-461.3025000000016,92928.09083749997
financial,xgboost,2884,4,2024-11-12,2024-11-13,2024-11-15,2024-11-15,27.15,26.85,target_close,1000,0.279644638299942,0.284331351518631,0.4360240399837494,-0.016826850467365772,-457.5,92470.59083749997
financial,xgboost,2884,4,2024-11-19,2024-11-20,2024-11-22,2024-11-22,27.0,27.45,target_close,1000,0.35846230387687683,0.28209567070007324,0.35944199562072754,0.010727629794209924,290.05875000000015,92760.64958749997
financial,xgboost,2884,4,2024-12-11,2024-12-12,2024-12-16,2024-12-16,27.45,27.35,target_close,1000,0.2679133415222168,0.3563947379589081,0.37569189071655273,-0.009463381712025733,-260.1399999999994,92500.50958749997
financial,xgboost,2886,1,2023-09-12,2023-09-13,2023-09-15,2023-09-15,36.5,37.55,target_close,1000,0.15554724633693695,0.4099726974964142,0.43448010087013245,0.02275739947287446,831.8287500000006,100831.82875
financial,xgboost,2886,1,2023-09-19,2023-09-20,2023-09-22,2023-09-22,37.65,37.8,target_close,1000,0.10665163397789001,0.23462404310703278,0.658724308013916,-0.001880885475249616,-70.91625000000204,100760.9125
financial,xgboost,2886,1,2023-10-04,2023-10-05,2023-10-11,2023-10-11,37.05,38.5,target_close,1000,0.22666750848293304,0.3409329354763031,0.43239957094192505,0.03306600509927868,1226.8412499999977,101987.75375
financial,xgboost,2886,1,2023-10-20,2023-10-23,2023-10-25,2023-10-25,37.3,36.85,target_close,1000,0.20511089265346527,0.3263610899448395,0.46852806210517883,-0.017835542796555193,-666.2137500000026,101321.54000000001
financial,xgboost,2886,1,2023-11-13,2023-11-14,2023-11-16,2023-11-16,38.55,39.2,target_close,1000,0.21592319011688232,0.3870121240615845,0.3970646560192108,0.01092104581062769,421.6062499999971,101743.14625
financial,xgboost,2886,1,2023-12-13,2023-12-14,2023-12-18,2023-12-18,39.1,39.05,target_close,1000,0.33044442534446716,0.28309035301208496,0.3864651918411255,-0.007112977817351917,-278.51374999999825,101464.6325
financial,xgboost,2886,2,2024-01-25,2024-01-26,2024-01-30,2024-01-30,37.65,37.9,target_close,1000,0.21610035002231598,0.3446130156517029,0.4392866790294647,0.0007596412827522455,28.641249999993306,101493.27375
financial,xgboost,2886,2,2024-02-16,2024-02-19,2024-02-21,2024-02-21,38.1,38.35,target_close,1000,0.14845751225948334,0.3319406807422638,0.5196018218994141,0.000681672972968732,26.008749999993597,101519.28249999999
financial,xgboost,2886,2,2024-02-29,2024-03-01,2024-03-05,2024-03-05,38.6,39.05,target_close,1000,0.23599600791931152,0.34113621711730957,0.4228678047657013,0.005748253039936309,222.1987500000032,101741.48124999998
financial,xgboost,2886,2,2024-03-05,2024-03-06,2024-03-08,2024-03-08,39.05,39.9,target_close,1000,0.16469606757164001,0.3888789117336273,0.44642502069473267,0.01579813426558574,617.7962499999994,102359.27749999998
financial,xgboost,2886,2,2024-03-21,2024-03-22,2024-03-26,2024-03-26,40.3,40.55,target_close,1000,0.3488408625125885,0.29335275292396545,0.35780635476112366,0.0003255596506987036,13.138749999998254,102372.41624999998
financial,xgboost,2886,2,2024-03-27,2024-03-28,2024-04-01,2024-04-01,40.25,40.65,target_close,1000,0.36637961864471436,0.18032445013523102,0.45329591631889343,0.0040381586673772915,162.76750000000175,102535.18374999998
financial,xgboost,2886,2,2024-04-17,2024-04-18,2024-04-19,2024-04-22,39.2,38.024,stop_loss,1000,0.3191084563732147,0.27490755915641785,0.4059840142726898,-0.03566642534388507,-1400.116200000004,101135.06754999998
financial,xgboost,2886,3,2024-05-02,2024-05-03,2024-05-07,2024-05-07,40.0,40.95,target_close,1000,0.3089434504508972,0.29974690079689026,0.3913096487522125,0.017769584591956447,711.7962499999994,101846.86379999998
financial,xgboost,2886,3,2024-05-23,2024-05-24,2024-05-28,2024-05-28,40.05,39.8,target_close,1000,0.2378588169813156,0.2125261127948761,0.5496150255203247,-0.012047407974223469,-483.18624999999884,101363.67754999998
financial,xgboost,2886,3,2024-05-28,2024-05-29,2024-05-31,2024-05-31,39.75,39.05,target_close,1000,0.19155670702457428,0.2888111472129822,0.51963210105896,-0.02334886623040161,-929.4400000000023,100434.23754999998
financial,xgboost,2886,3,2024-06-17,2024-06-18,2024-06-20,2024-06-20,39.9,40.0,target_close,1000,0.3402542769908905,0.2082718461751938,0.4514738917350769,-0.0033500507391002474,-133.85749999999825,100300.38004999998
financial,xgboost,2886,3,2024-06-21,2024-06-24,2024-06-26,2024-06-26,40.0,40.25,target_close,1000,0.2628808915615082,0.3418262004852295,0.39529290795326233,0.00037181391517095413,14.89375000000291,100315.27379999998
financial,xgboost,2886,3,2024-07-03,2024-07-04,2024-07-08,2024-07-08,42.55,42.1,target_close,1000,0.21362198889255524,0.3780634105205536,0.4083145558834076,-0.016355688443615415,-696.9262500000041,99618.34754999998
financial,xgboost,2886,3,2024-07-10,2024-07-11,2024-07-15,2024-07-15,42.0,41.95,target_close,1000,0.18530239164829254,0.2731564939022064,0.5415410995483398,-0.007025197426999907,-295.47875000000204,99322.86879999997
financial,xgboost,2886,3,2024-07-16,2024-07-17,2024-07-19,2024-07-19,41.85,42.25,target_close,1000,0.3319481611251831,0.31402361392974854,0.35402822494506836,0.0036604350151092967,153.4074999999939,99476.27629999997
financial,xgboost,2886,3,2024-08-14,2024-08-15,2024-08-19,2024-08-19,39.25,38.65,target_close,1000,0.20335248112678528,0.39094382524490356,0.40570375323295593,-0.021039000316269166,-826.9575000000041,98649.31879999996
financial,xgboost,2886,3,2024-08-19,2024-08-20,2024-08-22,2024-08-22,38.95,39.0,target_close,1000,0.2566865384578705,0.3350256383419037,0.4082878530025482,-0.0045654775064916464,-178.07875000000058,98471.24004999996
financial,xgboost,2886,4,2024-09-04,2024-09-05,2024-09-09,2024-09-09,38.15,39.1,target_close,1000,0.2368139773607254,0.2520817518234253,0.5111042857170105,0.01891456051273728,722.6187500000015,99193.85879999996
financial,xgboost,2886,4,2024-09-11,2024-09-12,2024-09-16,2024-09-16,39.35,39.35,target_close,1000,0.31754806637763977,0.27392539381980896,0.4085265100002289,-0.005841675612252592,-230.19750000000204,98963.66129999995
financial,xgboost,2886,4,2024-09-18,2024-09-19,2024-09-23,2024-09-23,39.45,39.7,target_close,1000,0.2389979511499405,0.28433331847190857,0.47666868567466736,0.0004584405118777161,18.111250000001746,98981.77254999995
financial,xgboost,2886,4,2024-09-27,2024-09-30,2024-10-04,2024-10-04,39.65,38.95,target_close,1000,0.33853232860565186,0.21133974194526672,0.4501279592514038,-0.02339302055730743,-928.8550000000032,98052.91754999995
financial,xgboost,2886,4,2024-10-17,2024-10-18,2024-10-22,2024-10-22,39.6,39.4,target_close,1000,0.22941789031028748,0.30265405774116516,0.4679279923439026,-0.010862677250574533,-430.77500000000146,97622.14254999996
financial,xgboost,2886,4,2024-10-24,2024-10-25,2024-10-29,2024-10-29,39.0,39.1,target_close,1000,0.23918476700782776,0.2527638375759125,0.5080514550209045,-0.003292551703565979,-128.59249999999884,97493.55004999996
financial,xgboost,2886,4,2024-10-29,2024-10-30,2024-11-04,2024-11-04,39.35,39.35,target_close,1000,0.3139379918575287,0.2923624515533447,0.3936995267868042,-0.005841675612252592,-230.19750000000204,97263.35254999995
financial,xgboost,2886,4,2024-11-04,2024-11-05,2024-11-07,2024-11-07,39.1,39.1,target_close,1000,0.3022986650466919,0.17793937027454376,0.5197619199752808,-0.005841675612252555,-228.73500000000058,97034.61754999995
financial,xgboost,2886,4,2024-11-14,2024-11-15,2024-11-19,2024-11-19,39.1,39.95,target_close,1000,0.1149788424372673,0.3237563967704773,0.5612648129463196,0.015770461874437713,617.5037500000035,97652.12129999996
financial,xgboost,2886,4,2024-11-21,2024-11-22,2024-11-26,2024-11-26,39.3,39.95,target_close,1000,0.36674970388412476,0.263509601354599,0.36974066495895386,0.01060114654683234,417.21875,98069.34004999996
financial,xgboost,2886,4,2024-11-26,2024-11-27,2024-11-29,2024-11-29,39.95,39.75,target_close,1000,0.12956823408603668,0.40402740240097046,0.46640434861183167,-0.010818688500301389,-432.82250000000204,97636.51754999996
financial,xgboost,2886,4,2024-11-29,2024-12-01,2024-12-03,2024-12-03,36.0,40.2,target_close,1000,0.2966206967830658,0.32507988810539246,0.37829941511154175,0.11014346223298452,3970.814999999995,101607.33254999996
financial,xgboost,2886,4,2024-12-06,2024-12-09,2024-12-11,2024-12-11,39.7,39.4,target_close,1000,0.29639822244644165,0.2583393454551697,0.4452623724937439,-0.01335420703079983,-530.9175000000032,101076.41504999995
financial,xgboost,2886,4,2024-12-13,2024-12-16,2024-12-18,2024-12-18,39.5,38.85,target_close,1000,0.3220144212245941,0.2418459802865982,0.4361395537853241,-0.022201242975595118,-878.1987499999959,100198.21629999996
financial,xgboost,2886,4,2024-12-18,2024-12-19,2024-12-23,2024-12-23,38.6,38.65,target_close,1000,0.27165770530700684,0.12583795189857483,0.602504312992096,-0.004553905762009344,-176.03125,100022.18504999996
financial,xgboost,2891,1,2023-09-13,2023-09-14,2023-09-18,2023-09-18,24.8,24.95,target_close,1000,0.16196967661380768,0.3811146318912506,0.4569156765937805,0.00017137876912490607,4.256249999998545,100004.25625
financial,xgboost,2891,1,2023-09-19,2023-09-20,2023-09-22,2023-09-22,24.9,24.153,stop_loss,1000,0.24396386742591858,0.2871018946170807,0.46893417835235596,-0.0356664253438851,-889.3595250000035,99114.896725
financial,xgboost,2891,1,2023-10-04,2023-10-05,2023-10-11,2023-10-11,23.7,24.9,target_close,1000,0.19944247603416443,0.22097331285476685,0.5795841813087463,0.04449545473649425,1056.045000000002,100170.94172500001
financial,xgboost,2891,1,2023-10-19,2023-10-20,2023-10-24,2023-10-24,24.6,24.45,target_close,1000,0.31554025411605835,0.3239341378211975,0.36052560806274414,-0.01190361661461686,-293.24625000000015,99877.69547500001
financial,xgboost,2891,1,2023-11-06,2023-11-07,2023-11-09,2023-11-09,25.25,25.35,target_close,1000,0.12170224636793137,0.3682793378829956,0.5100184082984924,-0.0019044149216080935,-48.155000000002474,99829.54047500002
financial,xgboost,2891,1,2023-12-15,2023-12-18,2023-12-20,2023-12-20,28.0,27.8,target_close,1000,0.17014336585998535,0.20167231559753418,0.6281843185424805,-0.012942806500736481,-362.9150000000009,99466.62547500002
financial,xgboost,2891,1,2023-12-22,2023-12-25,2023-12-27,2023-12-27,27.75,28.1,target_close,1000,0.3184111416339874,0.3341861665248871,0.3474026918411255,0.0066972582088542,186.11375000000044,99652.73922500003
financial,xgboost,2891,2,2024-03-07,2024-03-08,2024-03-12,2024-03-12,29.75,30.45,target_close,1000,0.1221982091665268,0.17960797250270844,0.6981937885284424,0.017550284961576866,522.8650000000016,100175.60422500002
financial,xgboost,2891,2,2024-03-14,2024-03-15,2024-03-19,2024-03-19,32.0,31.75,target_close,1000,0.33640143275260925,0.20316004753112793,0.4604385793209076,-0.013608537521531818,-436.09375,99739.51047500002
financial,xgboost,2891,2,2024-03-25,2024-03-26,2024-03-28,2024-03-28,31.7,32.4,target_close,1000,0.12851497530937195,0.1880934238433838,0.6833916306495667,0.016111347323754514,511.45750000000044,100250.96797500002
financial,xgboost,2891,2,2024-04-03,2024-04-08,2024-04-10,2024-04-10,32.0,31.85,target_close,1000,0.11739808320999146,0.38835498690605164,0.4942469298839569,-0.010501792757820025,-336.5362499999974,99914.43172500003
financial,xgboost,2891,2,2024-04-10,2024-04-11,2024-04-15,2024-04-15,31.6,31.95,target_close,1000,0.29743072390556335,0.3194979429244995,0.38307133316993713,0.005169571651535844,163.5912500000013,100078.02297500003
financial,xgboost,2891,2,2024-04-15,2024-04-16,2024-04-18,2024-04-18,31.8,31.7,target_close,1000,0.2541773319244385,0.34312817454338074,0.4026944935321808,-0.008967959651207653,-285.5874999999978,99792.43547500003
financial,xgboost,2891,2,2024-04-19,2024-04-22,2024-04-24,2024-04-24,31.25,31.45,target_close,1000,0.18565531075000763,0.30909964442253113,0.5052450895309448,0.0005209376638289785,16.302499999997963,99808.73797500003
financial,xgboost,2891,2,2024-04-24,2024-04-25,2024-04-29,2024-04-29,31.25,34.25,target_close,1000,0.23926258087158203,0.3658788502216339,0.3948585093021393,0.08959752352897117,2803.9124999999985,102612.65047500003
financial,xgboost,2891,3,2024-05-02,2024-05-03,2024-05-07,2024-05-07,34.35,36.0,target_close,1000,0.20050473511219025,0.24272790551185608,0.5567673444747925,0.04191265438017183,1441.751249999994,104054.40172500002
financial,xgboost,2891,3,2024-05-10,2024-05-13,2024-05-14,2024-05-15,37.05,35.9385,stop_loss,1000,0.3891810476779938,0.20470526814460754,0.4061136543750763,-0.03566642534388493,-1323.3241124999986,102731.07761250003
financial,xgboost,2891,3,2024-05-29,2024-05-30,2024-06-03,2024-06-03,35.8,36.4,target_close,1000,0.2799372971057892,0.34097185730934143,0.3790908455848694,0.010820195746201352,387.9150000000009,103118.99261250003
financial,xgboost,2891,3,2024-06-05,2024-06-06,2024-06-11,2024-06-11,36.25,37.1,target_close,1000,0.3219110667705536,0.2810017466545105,0.3970872461795807,0.01746962302856352,634.1762499999968,103753.16886250002
financial,xgboost,2891,3,2024-06-13,2024-06-14,2024-06-18,2024-06-18,37.1,37.9,target_close,1000,0.22350212931632996,0.2570982873439789,0.5193995833396912,0.015595700654868582,579.4249999999956,104332.59386250003
financial,xgboost,2891,3,2024-06-28,2024-07-01,2024-07-03,2024-07-03,38.1,39.2,target_close,1000,0.245163694024086,0.3489513099193573,0.4058850407600403,0.022861058162721732,872.2474999999977,105204.84136250004
financial,xgboost,2891,3,2024-07-15,2024-07-16,2024-07-18,2024-07-18,38.1,36.957,stop_loss,1000,0.30299726128578186,0.34463322162628174,0.352369487285614,-0.035666425343884985,-1360.827225000001,103844.01413750002
financial,xgboost,2891,3,2024-07-22,2024-07-23,2024-07-29,2024-07-29,35.8,36.0,target_close,1000,0.13714183866977692,0.2285987138748169,0.6342594027519226,-0.0002877184927679824,-10.315000000002328,103833.69913750002
financial,xgboost,2891,3,2024-08-06,2024-08-07,2024-08-09,2024-08-09,32.75,34.7,target_close,1000,0.2841702699661255,0.29717105627059937,0.4186587333679199,0.05335248416045311,1749.7837500000023,105583.48288750002
financial,xgboost,2891,3,2024-08-14,2024-08-15,2024-08-19,2024-08-19,35.1,35.0,target_close,1000,0.2594515085220337,0.2985421121120453,0.4420064091682434,-0.00867403551079318,-304.89250000000175,105278.59038750002
financial,xgboost,2891,3,2024-08-22,2024-08-23,2024-08-27,2024-08-27,33.4,32.85,target_close,1000,0.26895421743392944,0.24923203885555267,0.4818137586116791,-0.02221254622342811,-742.9562500000029,104535.63413750002
financial,xgboost,2891,4,2024-09-11,2024-09-12,2024-09-16,2024-09-16,32.5,32.7,target_close,1000,0.2693972587585449,0.3584805130958557,0.372122198343277,0.0002762217685951857,8.9900000000016,104544.62413750002
financial,xgboost,2891,4,2024-09-19,2024-09-20,2024-09-24,2024-09-24,33.9,35.0,target_close,1000,0.3047630190849304,0.2500435411930084,0.4451933801174164,0.026417149072895527,896.8174999999974,105441.44163750001
financial,xgboost,2891,4,2024-09-24,2024-09-25,2024-09-27,2024-09-27,34.85,34.6,target_close,1000,0.22816762328147888,0.29334956407546997,0.47848284244537354,-0.01297337090915175,-452.7662500000006,104988.6753875
financial,xgboost,2891,4,2024-09-27,2024-09-30,2024-10-04,2024-10-04,34.55,34.25,target_close,1000,0.11545976996421814,0.25564682483673096,0.6288934350013733,-0.014474019962942123,-500.7900000000009,104487.88538749999
financial,xgboost,2891,4,2024-10-11,2024-10-14,2024-10-16,2024-10-16,35.25,36.3,target_close,1000,0.29856064915657043,0.35036250948905945,0.35107681155204773,0.02377155107163783,839.1412500000006,105327.02663749999
financial,xgboost,2891,4,2024-10-18,2024-10-21,2024-10-23,2024-10-23,37.0,36.15,target_close,1000,0.27978137135505676,0.24266289174556732,0.4775557219982147,-0.028680447929268393,-1062.6887500000012,104264.3378875
financial,xgboost,2891,4,2024-10-23,2024-10-24,2024-10-28,2024-10-28,36.05,35.9,target_close,1000,0.2626521587371826,0.3452316224575043,0.3921162188053131,-0.00997825671234031,-360.22875000000204,103904.10913750001
financial,xgboost,2891,4,2024-11-01,2024-11-04,2024-11-06,2024-11-06,35.75,36.7,target_close,1000,0.17345137894153595,0.2675456404685974,0.5590029358863831,0.02057651762322613,736.6587500000023,104640.76788750003
financial,xgboost,2891,4,2024-11-13,2024-11-14,2024-11-18,2024-11-18,36.45,36.8,target_close,1000,0.23741543292999268,0.3074896037578583,0.4550950229167938,0.0037044262680136966,135.21874999999272,104775.98663750003
financial,xgboost,2891,4,2024-11-22,2024-11-25,2024-11-27,2024-11-27,38.2,37.7,target_close,1000,0.17662352323532104,0.24623902142047882,0.5771374702453613,-0.018854219125181166,-721.2574999999997,104054.72913750002
financial,xgboost,2891,4,2024-11-29,2024-12-01,2024-12-02,2024-12-03,40.0,37.7,stop_loss,1000,0.30617034435272217,0.3439284861087799,0.3499011993408203,-0.06300577926454808,-2523.822500000002,101530.90663750001
financial,xgboost,2891,4,2024-12-02,2024-12-03,2024-12-05,2024-12-05,38.7,39.05,target_close,1000,0.2621161937713623,0.28007015585899353,0.45781368017196655,0.0031494203447426294,122.05625000000146,101652.9628875
financial,xgboost,2891,4,2024-12-13,2024-12-16,2024-12-18,2024-12-18,39.55,39.7,target_close,1000,0.3288230299949646,0.323302686214447,0.347874253988266,-0.002071163636066393,-82.03125,101570.9316375
financial,xgboost,2891,4,2024-12-18,2024-12-19,2024-12-23,2024-12-23,39.15,39.3,target_close,1000,0.3614773750305176,0.2396853268146515,0.39883723855018616,-0.002032639886629076,-79.69125000000349,101491.2403875
financial,xgboost,2891,4,2024-12-25,2024-12-26,2024-12-30,2024-12-30,39.45,39.45,target_close,1000,0.250887393951416,0.33132630586624146,0.4177863299846649,-0.00584167561225257,-230.78250000000116,101260.4578875
financial,gru,2881,1,2023-09-15,2023-09-18,2023-09-20,2023-09-20,62.5,62.1,target_close,1000,0.21783705055713654,0.36523541808128357,0.4169274866580963,-0.012204288888334174,-763.8550000000032,99236.14499999999
financial,gru,2881,1,2023-09-21,2023-09-22,2023-09-26,2023-09-26,61.1,60.6,target_close,1000,0.2872844636440277,0.3279508948326111,0.3847646117210388,-0.01397717744848609,-855.2224999999962,98380.92249999999
financial,gru,2881,1,2023-09-26,2023-09-27,2023-10-02,2023-10-02,60.1,60.8,target_close,1000,0.30889391899108887,0.3295306861400604,0.3615753948688507,0.005737539480449965,345.3174999999974,98726.23999999999
financial,gru,2881,1,2023-10-04,2023-10-05,2023-10-11,2023-10-11,59.9,61.6,target_close,1000,0.23753826320171356,0.347970575094223,0.4144911468029022,0.022373168318618422,1342.0625,100068.30249999999
financial,gru,2881,1,2023-10-11,2023-10-12,2023-10-16,2023-10-16,61.7,61.0,target_close,1000,0.319087952375412,0.33540669083595276,0.34550538659095764,-0.01712061932491748,-1057.8475000000035,99010.45499999999
financial,gru,2881,1,2023-10-20,2023-10-23,2023-10-25,2023-10-25,60.1,60.0,target_close,1000,0.2897489666938782,0.33398863673210144,0.3762624263763428,-0.007495849196924362,-451.14250000000175,98559.31249999999
financial,gru,2881,1,2023-11-15,2023-11-16,2023-11-20,2023-11-20,62.9,63.5,target_close,1000,0.19840794801712036,0.3525114357471466,0.4490806460380554,0.0036415516474079665,229.37999999999738,98788.69249999998
financial,gru,2881,1,2023-11-29,2023-11-30,2023-12-04,2023-12-04,64.1,64.4,target_close,1000,0.3223564624786377,0.3115661144256592,0.36607739329338074,-0.0011888285402347747,-76.31249999998545,98712.37999999999
financial,gru,2881,2,2024-01-08,2024-01-09,2024-01-11,2024-01-11,64.3,63.9,target_close,1000,0.22283239662647247,0.3835950493812561,0.3935725688934326,-0.012026175297401855,-774.385000000002,97937.995
financial,gru,2881,2,2024-01-15,2024-01-16,2024-01-18,2024-01-18,63.5,62.3,target_close,1000,0.3144667148590088,0.32332730293273926,0.36220595240592957,-0.0246289195376903,-1566.1650000000009,96371.82999999999
financial,gru,2881,2,2024-01-19,2024-01-22,2024-01-24,2024-01-24,63.2,64.4,target_close,1000,0.31561213731765747,0.32118573784828186,0.3632020950317383,0.013034748268527609,824.9700000000084,97196.79999999999
financial,gru,2881,2,2024-01-26,2024-01-29,2024-01-31,2024-01-31,64.6,64.5,target_close,1000,0.3348599672317505,0.30503231287002563,0.3601076900959015,-0.007380620386846446,-477.46749999999156,96719.33249999999
financial,gru,2881,2,2024-02-05,2024-02-15,2024-02-19,2024-02-19,65.5,66.1,target_close,1000,0.26878422498703003,0.33925771713256836,0.3919581472873688,0.0032651181989329066,214.16999999999825,96933.50249999999
financial,gru,2881,2,2024-02-29,2024-03-01,2024-03-05,2024-03-05,67.8,67.3,target_close,1000,0.17221201956272125,0.40900105237960815,0.418786883354187,-0.01317322667705909,-894.4175000000105,96039.08499999998
financial,gru,2881,2,2024-03-05,2024-03-06,2024-03-08,2024-03-08,67.2,69.2,target_close,1000,0.31461653113365173,0.3358529210090637,0.34953054785728455,0.023746369756430404,1598.0299999999988,97637.11499999998
financial,gru,2881,2,2024-03-25,2024-03-26,2024-03-28,2024-03-28,69.0,69.3,target_close,1000,0.33379697799682617,0.32436200976371765,0.3418409824371338,-0.0015192481149144152,-104.9774999999936,97532.13749999998
financial,gru,2881,2,2024-03-29,2024-04-01,2024-04-03,2024-04-03,69.8,68.6,target_close,1000,0.3336367905139923,0.3132101595401764,0.3531530797481537,-0.022933222736397255,-1603.020000000004,95929.11749999998
financial,gru,2881,2,2024-04-03,2024-04-08,2024-04-10,2024-04-10,68.0,69.2,target_close,1000,0.28524544835090637,0.27794286608695984,0.4368117153644562,0.011702294818119467,796.8899999999994,96726.00749999998
financial,gru,2881,2,2024-04-10,2024-04-11,2024-04-15,2024-04-15,68.6,67.4,target_close,1000,0.3238467872142792,0.31732431054115295,0.3588288724422455,-0.023232200237111096,-1596.0,95130.00749999998
financial,gru,2881,2,2024-04-15,2024-04-16,2024-04-18,2024-04-18,67.0,66.3,target_close,1000,0.2968755066394806,0.31961655616760254,0.3835079073905945,-0.016228404374512707,-1088.8525000000081,94041.15499999997
financial,gru,2881,2,2024-04-18,2024-04-19,2024-04-23,2024-04-23,65.9,66.3,target_close,1000,0.2710248529911041,0.3527686595916748,0.37620651721954346,0.00019266930057136724,12.714999999996508,94053.86999999997
financial,gru,2881,2,2024-04-23,2024-04-24,2024-04-26,2024-04-26,66.9,67.6,target_close,1000,0.32864511013031006,0.33454397320747375,0.3368108868598938,0.00456057890301524,305.53749999999127,94359.40749999996
financial,gru,2881,3,2024-05-02,2024-05-03,2024-05-07,2024-05-07,69.1,69.9,target_close,1000,0.30916672945022583,0.30483803153038025,0.38599517941474915,0.005668116855333622,392.2250000000058,94751.63249999996
financial,gru,2881,3,2024-05-10,2024-05-13,2024-05-15,2024-05-15,72.0,73.8,target_close,1000,0.29218319058418274,0.32401639223098755,0.3838004469871521,0.01901228249744103,1370.8349999999919,96122.46749999996
financial,gru,2881,3,2024-05-15,2024-05-16,2024-05-20,2024-05-20,74.2,73.8,target_close,1000,0.17017601430416107,0.3831943869590759,0.4466295540332794,-0.011201019679032889,-832.3000000000029,95290.16749999995
financial,gru,2881,3,2024-05-27,2024-05-28,2024-05-30,2024-05-30,73.6,71.9,target_close,1000,0.33057901263237,0.30297714471817017,0.3664438724517822,-0.028804571691860913,-2123.037500000006,93167.12999999995
financial,gru,2881,3,2024-05-30,2024-05-31,2024-06-04,2024-06-04,72.7,73.6,target_close,1000,0.3146013915538788,0.29729846119880676,0.38810014724731445,0.006465648898737303,470.72249999998894,93637.85249999994
financial,gru,2881,3,2024-06-12,2024-06-13,2024-06-17,2024-06-17,76.4,76.0,target_close,1000,0.2657003402709961,0.33398839831352234,0.40031126141548157,-0.01104669301742397,-845.1699999999983,92792.68249999994
financial,gru,2881,3,2024-06-19,2024-06-20,2024-06-24,2024-06-24,78.0,78.1,target_close,1000,0.2964699864387512,0.29420605301856995,0.4093239903450012,-0.004567113657909185,-356.742499999993,92435.93999999994
financial,gru,2881,3,2024-06-26,2024-06-27,2024-07-01,2024-07-01,77.1,80.4,target_close,1000,0.34485501050949097,0.3007209300994873,0.35442402958869934,0.03670984799967424,2834.3624999999884,95270.30249999993
financial,gru,2881,3,2024-07-02,2024-07-03,2024-07-05,2024-07-05,81.4,84.9,target_close,1000,0.30019572377204895,0.34094274044036865,0.3588615357875824,0.036904689686975044,3008.3225000000093,98278.62499999994
financial,gru,2881,3,2024-07-11,2024-07-12,2024-07-15,2024-07-16,93.0,90.21,stop_loss,1000,0.2150193154811859,0.33508387207984924,0.44989678263664246,-0.035666425343884915,-3321.704249999995,94956.92074999995
financial,gru,2881,3,2024-07-29,2024-07-30,2024-08-01,2024-08-01,86.7,88.2,target_close,1000,0.33820122480392456,0.312018483877182,0.34978026151657104,0.011358295397916053,986.1674999999959,95943.08824999994
financial,gru,2881,3,2024-08-15,2024-08-16,2024-08-20,2024-08-20,90.5,88.8,target_close,1000,0.3124353885650635,0.3218163251876831,0.3657483160495758,-0.024516472865944997,-2221.9024999999965,93721.18574999995
financial,gru,2881,4,2024-09-02,2024-09-03,2024-09-04,2024-09-05,94.2,90.0,stop_loss,943,0.2504812180995941,0.3151393532752991,0.4343793988227844,-0.050167205998967596,-4462.7333550000185,89258.45239499993
financial,gru,2881,4,2024-09-04,2024-09-05,2024-09-09,2024-09-09,91.6,86.5,stop_loss,924,0.21320568025112152,0.31074243783950806,0.47605180740356445,-0.06119328537619923,-5186.682270000005,84071.77012499992
financial,gru,2881,4,2024-09-09,2024-09-10,2024-09-12,2024-09-12,86.8,85.8,target_close,918,0.27977627515792847,0.30275803804397583,0.4174656271934509,-0.017295112529162177,-1380.0798900000082,82691.69023499991
financial,gru,2881,4,2024-09-12,2024-09-13,2024-09-18,2024-09-18,86.6,87.1,target_close,905,0.3103887736797333,0.31823039054870605,0.3713808059692383,-0.00010173147606470691,-7.984362500006682,82683.70587249991
financial,gru,2881,4,2024-09-27,2024-09-30,2024-10-04,2024-10-04,91.4,90.1,target_close,858,0.2858390510082245,0.3136725425720215,0.40048840641975403,-0.019981783070721855,-1569.2283750000206,81114.47749749989
financial,gru,2881,4,2024-10-09,2024-10-11,2024-10-15,2024-10-15,91.1,91.9,target_close,844,0.3013125956058502,0.30861732363700867,0.3900700509548187,0.0028885840969704374,222.4151000000129,81336.8925974999
financial,gru,2881,4,2024-10-16,2024-10-17,2024-10-21,2024-10-21,90.2,90.9,target_close,855,0.23529541492462158,0.35366684198379517,0.41103771328926086,0.001873522027120227,144.69378750000033,81481.5863849999
financial,gru,2881,4,2024-10-21,2024-10-22,2024-10-24,2024-10-24,91.3,91.3,target_close,846,0.3134996294975281,0.327110230922699,0.35939013957977295,-0.0058416756122523965,-451.8528299999889,81029.73355499991
financial,gru,2881,4,2024-10-28,2024-10-29,2024-11-01,2024-11-01,91.9,87.5,stop_loss,836,0.28676509857177734,0.2970788776874542,0.4161560535430908,-0.05344011551765074,-4111.569220000005,76918.1643349999
financial,gru,2881,4,2024-11-01,2024-11-04,2024-11-06,2024-11-06,90.5,91.4,target_close,806,0.29069823026657104,0.2526351809501648,0.4566665291786194,0.004044981757349424,295.4735550000041,77213.63788999991
financial,gru,2881,4,2024-11-06,2024-11-07,2024-11-11,2024-11-11,91.8,91.7,target_close,797,0.23751458525657654,0.36037975549697876,0.4021056890487671,-0.006924636749929491,-507.3602374999755,76706.27765249994
financial,gru,2881,4,2024-11-11,2024-11-12,2024-11-14,2024-11-14,92.1,90.3,target_close,790,0.2843083441257477,0.32054147124290466,0.39515015482902527,-0.025271479997680875,-1841.3478000000032,74864.92985249993
financial,gru,2881,4,2024-11-15,2024-11-18,2024-11-20,2024-11-20,91.7,90.5,target_close,774,0.31843069195747375,0.30074557662010193,0.38082370162010193,-0.01885138105680331,-1339.8984900000069,73525.03136249993
financial,gru,2881,4,2024-11-21,2024-11-22,2024-11-26,2024-11-26,90.2,90.1,target_close,773,0.25769490003585815,0.3195927143096924,0.42271241545677185,-0.006943846703591723,-484.8468575000152,73040.18450499991
financial,gru,2881,4,2024-11-26,2024-11-27,2024-11-29,2024-11-29,90.4,87.688,stop_loss,766,0.3115624189376831,0.3255455493927002,0.3628920316696167,-0.035666425343885075,-2473.2909804000083,70566.8935245999
financial,gru,2881,4,2024-11-29,2024-12-01,2024-12-03,2024-12-03,88.0,90.9,target_close,760,0.28421449661254883,0.2988642156124115,0.4169212877750397,0.026920360077798165,1802.9992999999959,72369.8928245999
financial,gru,2881,4,2024-12-09,2024-12-10,2024-12-12,2024-12-12,91.5,93.9,target_close,750,0.32976260781288147,0.3038800060749054,0.3663574159145355,0.020234608306114617,1390.5787500000006,73760.4715745999
financial,gru,2881,4,2024-12-12,2024-12-13,2024-12-17,2024-12-17,93.5,92.5,target_close,748,0.3082042336463928,0.3195439875125885,0.37225180864334106,-0.01647438496399308,-1153.8273999999947,72606.6441745999
financial,gru,2881,4,2024-12-17,2024-12-18,2024-12-20,2024-12-20,92.2,90.4,target_close,747,0.32613134384155273,0.3242061138153076,0.34966254234313965,-0.025250406457132748,-1741.5595350000076,70865.0846395999
financial,gru,2881,4,2024-12-20,2024-12-23,2024-12-25,2024-12-25,91.1,91.5,target_close,737,0.2310539036989212,0.3609480857849121,0.4079979956150055,-0.0014765457576411864,-99.27758500000346,70765.80705459989
financial,gru,2882,1,2023-09-06,2023-09-07,2023-09-11,2023-09-11,45.7,46.55,target_close,1000,0.3321042060852051,0.31633925437927246,0.3515565097332001,0.012649234141130136,578.8937500000029,100578.89375
financial,gru,2882,1,2023-09-15,2023-09-18,2023-09-20,2023-09-20,46.6,45.7,target_close,1000,0.2602207362651825,0.3151783347129822,0.4246009290218353,-0.02504215827210179,-1168.6275000000023,99410.26625
financial,gru,2882,1,2023-09-21,2023-09-22,2023-09-26,2023-09-26,44.85,44.45,target_close,1000,0.25799113512039185,0.36360597610473633,0.37840285897254944,-0.014708193555510063,-660.6025000000009,98749.66375
financial,gru,2882,1,2023-10-03,2023-10-04,2023-10-06,2023-10-06,43.85,44.55,target_close,1000,0.2913822531700134,0.34116652607917786,0.3674512207508087,0.010028582701804942,440.3799999999974,99190.04375000001
financial,gru,2882,1,2023-10-20,2023-10-23,2023-10-25,2023-10-25,44.45,44.15,target_close,1000,0.28953874111175537,0.32743316888809204,0.38302817940711975,-0.012551405585623204,-558.7050000000017,98631.33875000001
financial,gru,2882,1,2023-11-02,2023-11-03,2023-11-07,2023-11-07,45.0,45.2,target_close,1000,0.318696528673172,0.3277987837791443,0.3535046875476837,-0.0014231941705292633,-64.13500000000204,98567.20375000002
financial,gru,2882,1,2023-11-13,2023-11-14,2023-11-16,2023-11-16,45.55,45.65,target_close,1000,0.24325105547904968,0.3308389186859131,0.42591002583503723,-0.003659110684946914,-166.9100000000035,98400.29375000001
financial,gru,2882,1,2023-12-08,2023-12-11,2023-12-13,2023-12-13,44.85,44.7,target_close,1000,0.33948826789855957,0.31870198249816895,0.3418097198009491,-0.009166619840974059,-411.70874999999796,97988.58500000002
financial,gru,2882,1,2023-12-14,2023-12-15,2023-12-19,2023-12-19,46.05,44.9,target_close,1000,0.22187423706054688,0.38346877694129944,0.3946569561958313,-0.030668647882522156,-1414.3037500000064,96574.28125000001
financial,gru,2882,2,2024-01-04,2024-01-05,2024-01-09,2024-01-09,44.7,44.75,target_close,1000,0.2839522063732147,0.35005471110343933,0.36599302291870117,-0.004729641692355842,-211.71625000000495,96362.565
financial,gru,2882,2,2024-01-11,2024-01-12,2024-01-16,2024-01-16,44.5,44.0,target_close,1000,0.2935723066329956,0.3460296094417572,0.3603980541229248,-0.017011993863800166,-758.1124999999956,95604.45250000001
financial,gru,2882,2,2024-01-16,2024-01-17,2024-01-19,2024-01-19,43.8,43.8,target_close,1000,0.21844930946826935,0.3305410146713257,0.45100975036621094,-0.005841675612252613,-256.2300000000032,95348.2225
financial,gru,2882,2,2024-01-30,2024-01-31,2024-02-02,2024-02-02,43.9,44.1,target_close,1000,0.2644973397254944,0.35475432872772217,0.38074836134910583,-0.00131248051253625,-57.700000000004366,95290.52249999999
financial,gru,2882,2,2024-02-05,2024-02-15,2024-02-19,2024-02-19,44.0,45.0,target_close,1000,0.24760091304779053,0.33827486634254456,0.4141242206096649,0.016752831760196332,738.1750000000029,96028.6975
financial,gru,2882,2,2024-02-26,2024-02-27,2024-03-01,2024-03-01,44.3,44.65,target_close,1000,0.2656083106994629,0.33152520656585693,0.4028664529323578,0.0020128483953255867,89.29624999999942,96117.99375
financial,gru,2882,2,2024-03-04,2024-03-05,2024-03-07,2024-03-07,44.65,44.85,target_close,1000,0.29416924715042114,0.3452971279621124,0.36053362488746643,-0.0013885588176825953,-62.087500000001455,96055.90625
financial,gru,2882,2,2024-03-07,2024-03-08,2024-03-12,2024-03-12,44.8,46.5,target_close,1000,0.2884349822998047,0.34523314237594604,0.3663318455219269,0.03188308223281821,1430.3974999999991,97486.30374999999
financial,gru,2882,2,2024-04-01,2024-04-02,2024-04-08,2024-04-08,48.75,48.35,target_close,1000,0.3179081976413727,0.29982322454452515,0.38226860761642456,-0.013998872120049508,-683.4175000000032,96802.88624999998
financial,gru,2882,2,2024-04-09,2024-04-10,2024-04-12,2024-04-12,49.5,49.05,target_close,1000,0.2700234055519104,0.2988279461860657,0.43114858865737915,-0.014879478561232022,-737.583749999998,96065.30249999999
financial,gru,2882,2,2024-04-16,2024-04-17,2024-04-19,2024-04-19,47.8,47.45,target_close,1000,0.27521541714668274,0.34783846139907837,0.3769460916519165,-0.0131210775690665,-628.0812499999956,95437.22125
financial,gru,2882,2,2024-04-19,2024-04-22,2024-04-24,2024-04-24,47.9,49.25,target_close,1000,0.3001396358013153,0.3313842713832855,0.36847612261772156,0.02217740033604512,1063.8112499999988,96501.0325
financial,gru,2882,2,2024-04-24,2024-04-25,2024-04-29,2024-04-29,48.7,50.8,target_close,1000,0.30949801206588745,0.3188168704509735,0.37168511748313904,0.037027574515350534,1805.8125,98306.845
financial,gru,2882,3,2024-05-06,2024-05-07,2024-05-09,2024-05-09,51.5,51.7,target_close,1000,0.31239229440689087,0.30361464619636536,0.3839930593967438,-0.001980866585503933,-102.15999999999622,98204.685
financial,gru,2882,3,2024-05-10,2024-05-13,2024-05-14,2024-05-15,56.3,54.611,stop_loss,1000,0.20838326215744019,0.3907924294471741,0.40082433819770813,-0.035666425343885005,-2010.8811750000023,96193.803825
financial,gru,2882,3,2024-05-23,2024-05-24,2024-05-28,2024-05-28,54.4,56.8,target_close,1000,0.3273684084415436,0.3345249593257904,0.338106632232666,0.03801825046367735,2071.139999999992,98264.943825
financial,gru,2882,3,2024-05-28,2024-05-29,2024-05-31,2024-05-31,56.8,56.2,target_close,1000,0.3300867974758148,0.3338314890861511,0.33608171343803406,-0.016343348052968183,-929.625,97335.318825
financial,gru,2882,3,2024-06-06,2024-06-07,2024-06-12,2024-06-12,57.5,57.9,target_close,1000,0.3331872224807739,0.2760921120643616,0.3907206654548645,0.001074208383488241,61.854999999995925,97397.17382499999
financial,gru,2882,3,2024-06-12,2024-06-13,2024-06-17,2024-06-17,58.4,57.5,target_close,1000,0.30657660961151123,0.3105887472629547,0.38283470273017883,-0.021162608693570586,-1237.6575000000012,96159.51632499999
financial,gru,2882,3,2024-06-19,2024-06-20,2024-06-24,2024-06-24,59.0,60.3,target_close,1000,0.3383679687976837,0.30146846175193787,0.3601635694503784,0.0160635078064606,949.0975000000035,97108.613825
financial,gru,2882,3,2024-06-24,2024-06-25,2024-06-27,2024-06-27,60.8,58.9,stop_loss,1000,0.2852917015552521,0.2984682619571686,0.41624000668525696,-0.03690912324936963,-2247.272499999999,94861.34132499999
financial,gru,2882,3,2024-06-28,2024-07-01,2024-07-03,2024-07-03,57.9,61.5,target_close,1000,0.2871110439300537,0.35476744174957275,0.3581215441226959,0.055971277199420806,3245.354999999996,98106.69632499998
financial,gru,2882,3,2024-07-11,2024-07-12,2024-07-16,2024-07-16,65.2,65.4,target_close,1000,0.27074775099754333,0.31826770305633545,0.4109845459461212,-0.00279211020002019,-182.3050000000003,97924.39132499998
financial,gru,2882,3,2024-07-22,2024-07-23,2024-07-29,2024-07-29,61.1,62.7,target_close,1000,0.34430626034736633,0.3070930242538452,0.34860068559646606,0.02019193026369503,1235.4850000000006,99159.87632499998
financial,gru,2882,3,2024-08-16,2024-08-19,2024-08-20,2024-08-21,63.2,61.304,stop_loss,1000,0.3280784487724304,0.2877956032752991,0.3841259181499481,-0.035666425343884915,-2257.3301999999967,96902.54612499998
financial,gru,2882,3,2024-08-27,2024-08-28,2024-08-30,2024-08-30,63.4,63.5,target_close,1000,0.34438252449035645,0.30044811964035034,0.3551693260669708,-0.004273602545394958,-271.3325000000041,96631.21362499997
financial,gru,2882,4,2024-09-04,2024-09-05,2024-09-09,2024-09-09,62.0,62.5,target_close,1000,0.28616517782211304,0.3438524901866913,0.3699823319911957,0.0021757302295841562,135.08750000000146,96766.30112499997
financial,gru,2882,4,2024-09-11,2024-09-12,2024-09-16,2024-09-16,63.2,63.1,target_close,1000,0.3011389374732971,0.33836862444877625,0.36049240827560425,-0.0074147109356508195,-469.2774999999965,96297.02362499997
financial,gru,2882,4,2024-09-19,2024-09-20,2024-09-24,2024-09-24,65.0,66.3,target_close,1000,0.3373916447162628,0.31593936681747437,0.3466689884662628,0.014041490875502374,913.9974999999977,97211.02112499997
financial,gru,2882,4,2024-09-24,2024-09-25,2024-09-27,2024-09-27,67.0,67.5,target_close,1000,0.28649935126304626,0.31930527091026306,0.39419543743133545,0.0015774163607902645,105.83749999999418,97316.85862499996
financial,gru,2882,4,2024-09-30,2024-10-01,2024-10-07,2024-10-07,66.9,68.0,target_close,1000,0.23168164491653442,0.3608818054199219,0.4074366092681885,0.010504724340311345,703.7675000000017,98020.62612499997
financial,gru,2882,4,2024-10-18,2024-10-21,2024-10-23,2024-10-23,69.8,69.2,target_close,1000,0.3148539960384369,0.32773008942604065,0.3574158847332001,-0.01438744917432491,-1005.6750000000029,97014.95112499996
financial,gru,2882,4,2024-10-24,2024-10-25,2024-10-29,2024-10-29,68.5,68.5,target_close,1000,0.2803637683391571,0.3341600298881531,0.38547614216804504,-0.005841675612252625,-400.7250000000058,96614.22612499996
financial,gru,2882,4,2024-11-06,2024-11-07,2024-11-11,2024-11-11,69.0,68.7,target_close,1000,0.28245145082473755,0.3324604034423828,0.38508808612823486,-0.010164103109590497,-702.3224999999948,95911.90362499996
financial,gru,2882,4,2024-11-12,2024-11-13,2024-11-15,2024-11-15,67.1,66.9,target_close,1000,0.26542073488235474,0.3308437764644623,0.40373551845550537,-0.0088048896938853,-591.6500000000087,95320.25362499995
financial,gru,2882,4,2024-11-25,2024-11-26,2024-11-28,2024-11-28,67.1,66.3,target_close,1000,0.2126273810863495,0.3002181053161621,0.4871545135974884,-0.017694531938783207,-1188.99500000001,94131.25862499994
financial,gru,2882,4,2024-11-28,2024-11-29,2024-12-02,2024-12-02,65.8,67.6,target_close,1000,0.34174302220344543,0.3134569823741913,0.3447999954223633,0.021354144811728332,1407.104999999996,95538.36362499994
financial,gru,2882,4,2024-12-02,2024-12-03,2024-12-05,2024-12-05,67.9,69.2,target_close,1000,0.3169178366661072,0.2765853703022003,0.4064968228340149,0.013192283470281455,897.0324999999866,96435.39612499993
financial,gru,2882,4,2024-12-06,2024-12-09,2024-12-11,2024-12-11,68.7,68.4,target_close,1000,0.29600584506988525,0.33180955052375793,0.3721845746040344,-0.010182978338836657,-700.5675000000047,95734.82862499992
financial,gru,2882,4,2024-12-12,2024-12-13,2024-12-17,2024-12-17,69.3,68.6,target_close,1000,0.2709484398365021,0.28100404143333435,0.44804754853248596,-0.015883678888896597,-1102.30750000001,94632.52112499991
financial,gru,2882,4,2024-12-17,2024-12-18,2024-12-20,2024-12-20,68.5,67.3,target_close,1000,0.27558434009552,0.3331862986087799,0.39122942090034485,-0.023257587864300787,-1595.4150000000081,93037.1061249999
financial,gru,2882,4,2024-12-20,2024-12-23,2024-12-25,2024-12-25,68.0,68.7,target_close,1000,0.27098900079727173,0.3637672960758209,0.3652436435222626,0.004392307138797922,299.10250000000815,93336.20862499991
financial,gru,2884,1,2023-09-07,2023-09-08,2023-09-12,2023-09-12,24.2,24.25,target_close,1000,0.3200395107269287,0.2807839810848236,0.39917653799057007,-0.003787629487484551,-91.79125000000204,99908.20874999999
financial,gru,2884,1,2023-09-12,2023-09-13,2023-09-15,2023-09-15,24.25,24.4,target_close,1000,0.34121468663215637,0.2965400815010071,0.36224520206451416,0.00030775732210455275,7.473749999997381,99915.6825
financial,gru,2884,1,2023-09-15,2023-09-18,2023-09-20,2023-09-20,24.4,24.35,target_close,1000,0.1890077143907547,0.31023335456848145,0.5007588863372803,-0.007878885293374943,-192.51874999999927,99723.16374999999
financial,gru,2884,1,2023-09-21,2023-09-22,2023-09-26,2023-09-26,24.05,24.15,target_close,1000,0.3120102882385254,0.31593725085258484,0.3720524311065674,-0.0017079611657339242,-41.13500000000204,99682.02874999998
financial,gru,2884,1,2023-10-04,2023-10-05,2023-10-11,2023-10-11,24.0,24.6,target_close,1000,0.20150500535964966,0.3538875877857208,0.4446074664592743,0.019012282497441135,456.9449999999997,100138.97374999999
financial,gru,2884,1,2023-10-11,2023-10-12,2023-10-16,2023-10-16,24.7,24.7,target_close,1000,0.2901414930820465,0.3123512864112854,0.3975072503089905,-0.0058416756122526454,-144.49500000000262,99994.47875
financial,gru,2884,1,2023-10-20,2023-10-23,2023-10-25,2023-10-25,24.0,23.95,target_close,1000,0.25958365201950073,0.31491661071777344,0.4254997670650482,-0.007912838788060463,-190.17875000000276,99804.29999999999
financial,gru,2884,1,2023-10-26,2023-10-27,2023-10-31,2023-10-31,23.85,23.85,target_close,1000,0.34302836656570435,0.30934634804725647,0.3476253151893616,-0.005841675612252656,-139.52250000000276,99664.77749999998
financial,gru,2884,1,2023-10-31,2023-11-01,2023-11-03,2023-11-03,23.85,24.35,target_close,1000,0.34914013743400574,0.28663772344589233,0.36422210931777954,0.015000217980781973,358.2649999999994,100023.04249999998
financial,gru,2884,1,2023-11-03,2023-11-06,2023-11-08,2023-11-08,24.55,24.55,target_close,1000,0.34501150250434875,0.2903744876384735,0.3646140396595001,-0.005841675612252552,-143.6175000000003,99879.42499999999
financial,gru,2884,1,2023-11-15,2023-11-16,2023-11-20,2023-11-20,24.8,25.2,target_close,1000,0.2538004517555237,0.323523610830307,0.42267587780952454,0.010193136071420719,253.14999999999782,100132.57499999998
financial,gru,2884,1,2023-11-28,2023-11-29,2023-12-01,2023-12-01,25.65,25.25,target_close,1000,0.3268760144710541,0.33159515261650085,0.3415288031101227,-0.021345119267422136,-548.2825000000012,99584.29249999998
financial,gru,2884,1,2023-12-06,2023-12-07,2023-12-11,2023-12-11,25.5,25.6,target_close,1000,0.3355117440223694,0.29969000816345215,0.36479827761650085,-0.0019430155166143262,-49.61750000000029,99534.67499999999
financial,gru,2884,1,2023-12-15,2023-12-18,2023-12-20,2023-12-20,25.7,25.4,target_close,1000,0.23074544966220856,0.34238725900650024,0.4268673360347748,-0.017446636597323588,-449.01750000000175,99085.65749999999
financial,gru,2884,2,2024-01-08,2024-01-09,2024-01-11,2024-01-11,25.8,25.4,target_close,1000,0.309672087430954,0.32489097118377686,0.36543694138526917,-0.02125498296710133,-549.1599999999999,98536.49749999998
financial,gru,2884,2,2024-01-11,2024-01-12,2024-01-16,2024-01-16,25.35,25.0,target_close,1000,0.2629188001155853,0.335293710231781,0.4017874598503113,-0.0195677274282569,-496.74874999999884,98039.74874999998
financial,gru,2884,2,2024-01-16,2024-01-17,2024-01-19,2024-01-19,24.9,24.7,target_close,1000,0.19714942574501038,0.31326425075531006,0.4895862936973572,-0.013826883037053823,-344.7800000000025,97694.96874999999
financial,gru,2884,2,2024-01-19,2024-01-22,2024-01-24,2024-01-24,24.7,24.65,target_close,1000,0.2819776237010956,0.3278360664844513,0.39018628001213074,-0.007854141855952592,-194.27375000000393,97500.69499999999
financial,gru,2884,2,2024-01-26,2024-01-29,2024-01-31,2024-01-31,24.75,24.75,target_close,1000,0.3132353723049164,0.33477064967155457,0.35199394822120667,-0.0058416756122524815,-144.78749999999854,97355.90749999999
financial,gru,2884,2,2024-01-31,2024-02-01,2024-02-05,2024-02-05,24.7,24.5,target_close,1000,0.32046493887901306,0.2725573182106018,0.40697768330574036,-0.013891540587052137,-343.6100000000006,97012.29749999999
financial,gru,2884,2,2024-02-05,2024-02-15,2024-02-19,2024-02-19,24.6,24.8,target_close,1000,0.17875419557094574,0.3201744854450226,0.5010712742805481,0.0022409123908998015,55.20499999999811,97067.50249999999
financial,gru,2884,2,2024-02-22,2024-02-23,2024-02-27,2024-02-27,24.5,25.1,target_close,1000,0.2723233997821808,0.322683185338974,0.40499335527420044,0.018505058862549457,454.02000000000044,97521.52249999999
financial,gru,2884,2,2024-02-29,2024-03-01,2024-03-05,2024-03-05,25.2,25.3,target_close,1000,0.21290482580661774,0.34274035692214966,0.4443548321723938,-0.0018966028964281167,-47.86249999999927,97473.65999999999
financial,gru,2884,2,2024-03-14,2024-03-15,2024-03-19,2024-03-19,26.15,26.55,target_close,1000,0.30310308933258057,0.34258654713630676,0.35431042313575745,0.009365335085839149,245.2524999999987,97718.91249999999
financial,gru,2884,2,2024-03-26,2024-03-27,2024-03-29,2024-03-29,27.35,27.25,target_close,1000,0.2922597825527191,0.3301503360271454,0.3775898814201355,-0.009476623781860403,-259.5550000000003,97459.35749999998
financial,gru,2884,2,2024-04-03,2024-04-08,2024-04-10,2024-04-10,26.9,27.15,target_close,1000,0.2683749496936798,0.28767892718315125,0.44394609332084656,0.0033977140196037622,91.52874999999767,97550.88624999998
financial,gru,2884,2,2024-04-10,2024-04-11,2024-04-15,2024-04-15,27.1,27.05,target_close,1000,0.34087997674942017,0.30257368087768555,0.3565463125705719,-0.007675916063152486,-208.31375000000116,97342.57249999998
financial,gru,2884,2,2024-04-15,2024-04-16,2024-04-18,2024-04-18,26.9,27.0,target_close,1000,0.29496124386787415,0.316087007522583,0.38895174860954285,-0.0021459197595099467,-57.80749999999898,97284.76499999998
financial,gru,2884,2,2024-04-19,2024-04-22,2024-04-24,2024-04-24,26.95,27.05,target_close,1000,0.25281819701194763,0.3262415826320648,0.4209401309490204,-0.002152776449403836,-58.10000000000218,97226.66499999998
financial,gru,2884,3,2024-05-02,2024-05-03,2024-05-07,2024-05-07,27.6,28.2,target_close,1000,0.31533053517341614,0.3400736451148987,0.3445957899093628,0.015770461874437564,435.8849999999984,97662.54999999997
financial,gru,2884,3,2024-05-14,2024-05-15,2024-05-17,2024-05-17,28.05,29.0,target_close,1000,0.3098018765449524,0.31112605333328247,0.3790720999240875,0.027828570668259427,781.7037500000006,98444.25374999997
financial,gru,2884,3,2024-05-17,2024-05-20,2024-05-22,2024-05-22,29.15,28.5,target_close,1000,0.24258536100387573,0.37282323837280273,0.38459137082099915,-0.028009871524843785,-817.651249999999,97626.60249999996
financial,gru,2884,3,2024-05-22,2024-05-23,2024-05-27,2024-05-27,28.2,28.65,target_close,1000,0.3022119998931885,0.34583285450935364,0.3519551753997803,0.010022552968402994,283.0387499999997,97909.64124999997
financial,gru,2884,3,2024-05-31,2024-06-03,2024-06-05,2024-06-05,28.55,28.6,target_close,1000,0.1980402171611786,0.24004369974136353,0.5619160532951355,-0.004100592732414118,-117.23875000000044,97792.40249999997
financial,gru,2884,3,2024-06-11,2024-06-12,2024-06-14,2024-06-14,28.8,28.75,target_close,1000,0.30259066820144653,0.3388267755508423,0.3585825562477112,-0.007567644925425743,-218.25875000000087,97574.14374999996
financial,gru,2884,3,2024-06-17,2024-06-18,2024-06-20,2024-06-20,28.7,29.0,target_close,1000,0.3541388511657715,0.2773459255695343,0.36851516366004944,0.004550223248943432,130.77750000000015,97704.92124999997
financial,gru,2884,3,2024-06-21,2024-06-24,2024-06-26,2024-06-26,28.85,28.8,target_close,1000,0.29250288009643555,0.2940957844257355,0.41340136528015137,-0.007564653644120401,-218.55125000000044,97486.36999999997
financial,gru,2884,3,2024-07-23,2024-07-26,2024-07-30,2024-07-30,26.45,26.25,target_close,1000,0.3078053295612335,0.3433026373386383,0.3488920331001282,-0.01335894082501433,-353.84749999999985,97132.52249999996
financial,gru,2884,3,2024-08-12,2024-08-13,2024-08-15,2024-08-15,27.0,26.7,target_close,1000,0.3199726939201355,0.25393998622894287,0.42608729004859924,-0.01688787921656076,-456.6224999999977,96675.89999999997
financial,gru,2884,3,2024-08-23,2024-08-26,2024-08-28,2024-08-28,27.5,27.85,target_close,1000,0.3343971371650696,0.3058282136917114,0.3597745895385742,0.006811248516318728,187.57624999999825,96863.47624999996
financial,gru,2884,4,2024-09-03,2024-09-04,2024-09-06,2024-09-06,27.35,27.5,target_close,1000,0.28438884019851685,0.34268561005592346,0.3729255497455597,-0.00038925335784079963,-10.661250000001019,96852.81499999996
financial,gru,2884,4,2024-09-10,2024-09-11,2024-09-13,2024-09-13,27.95,27.8,target_close,1000,0.3017537593841553,0.28377336263656616,0.41447287797927856,-0.011177051235084817,-312.84375,96539.97124999996
financial,gru,2884,4,2024-09-16,2024-09-18,2024-09-20,2024-09-20,27.65,28.2,target_close,1000,0.2974260449409485,0.34653693437576294,0.35603708028793335,0.013933625596183708,385.81375000000116,96925.78499999996
financial,gru,2884,4,2024-09-23,2024-09-24,2024-09-26,2024-09-26,28.4,28.65,target_close,1000,0.327452152967453,0.29271259903907776,0.3798352777957916,0.002909718088343823,82.75374999999985,97008.53874999996
financial,gru,2884,4,2024-09-30,2024-10-01,2024-10-07,2024-10-07,28.1,28.1,target_close,1000,0.24677467346191406,0.32825642824172974,0.4249688982963562,-0.005841675612252483,-164.3849999999984,96844.15374999997
financial,gru,2884,4,2024-10-08,2024-10-09,2024-10-14,2024-10-14,27.95,28.3,target_close,1000,0.25682365894317627,0.3064633905887604,0.43671292066574097,0.006607534174356052,184.94374999999854,97029.09749999997
financial,gru,2884,4,2024-10-16,2024-10-17,2024-10-21,2024-10-21,28.35,28.15,target_close,1000,0.28090986609458923,0.3169514834880829,0.4021385908126831,-0.012855138218162625,-364.96250000000146,96664.13499999998
financial,gru,2884,4,2024-10-21,2024-10-22,2024-10-24,2024-10-24,28.15,27.85,target_close,1000,0.27158600091934204,0.3096126616001129,0.41880127787590027,-0.016436613349955078,-463.3500000000022,96200.78499999997
financial,gru,2884,4,2024-10-28,2024-10-29,2024-11-01,2024-11-01,27.45,26.05,stop_loss,1000,0.3036192059516907,0.28896576166152954,0.40741509199142456,-0.05654556100907757,-1554.3875000000007,94646.39749999998
financial,gru,2884,4,2024-11-01,2024-11-04,2024-11-06,2024-11-06,26.9,27.05,target_close,1000,0.2160753756761551,0.23004530370235443,0.5538792610168457,-0.00029804183313875533,-8.02875000000131,94638.36874999997
financial,gru,2884,4,2024-11-06,2024-11-07,2024-11-11,2024-11-11,27.05,27.45,target_close,1000,0.2595362961292267,0.35014063119888306,0.39032304286956787,0.00885937169847198,239.98749999999927,94878.35624999997
financial,gru,2884,4,2024-11-11,2024-11-12,2024-11-14,2024-11-14,27.1,26.7,target_close,1000,0.27269288897514343,0.2947216033935547,0.4325855076313019,-0.020515599219451744,-556.7649999999994,94321.59124999997
financial,gru,2884,4,2024-11-14,2024-11-15,2024-11-19,2024-11-19,26.95,27.1,target_close,1000,0.26292797923088074,0.24692285060882568,0.49014922976493835,-0.0003083268679793955,-8.321250000000873,94313.26999999997
financial,gru,2884,4,2024-11-19,2024-11-20,2024-11-22,2024-11-22,27.0,27.45,target_close,1000,0.2806771695613861,0.28304409980773926,0.43627870082855225,0.010727629794209924,290.05875000000015,94603.32874999999
financial,gru,2884,4,2024-11-26,2024-11-27,2024-11-29,2024-11-29,27.55,27.0,target_close,1000,0.2942297160625458,0.33931466937065125,0.366455614566803,-0.025688756498396297,-708.7337499999994,93894.59499999997
financial,gru,2884,4,2024-11-29,2024-12-02,2024-12-04,2024-12-04,27.1,27.55,target_close,1000,0.28070759773254395,0.2576799690723419,0.4616124629974365,0.010666488445846625,289.473750000001,94184.06874999998
financial,gru,2884,4,2024-12-13,2024-12-16,2024-12-18,2024-12-18,27.5,27.35,target_close,1000,0.2900587022304535,0.30997800827026367,0.3999633193016052,-0.011264357381640264,-310.2112500000003,93873.85749999998
financial,gru,2884,4,2024-12-19,2024-12-20,2024-12-24,2024-12-24,26.85,27.65,target_close,1000,0.2790755033493042,0.3415414094924927,0.37938305735588074,0.02377942902499881,639.3875000000007,94513.245
financial,gru,2886,1,2023-09-06,2023-09-07,2023-09-11,2023-09-11,35.55,36.2,target_close,1000,0.3164469003677368,0.3305443823337555,0.3530087172985077,0.012335621458128214,439.15625,100439.15625
financial,gru,2886,1,2023-10-04,2023-10-05,2023-10-11,2023-10-11,37.05,38.5,target_close,1000,0.23217985033988953,0.34031927585601807,0.4275009036064148,0.03306600509927868,1226.8412499999977,101665.9975
financial,gru,2886,1,2023-11-15,2023-11-16,2023-11-20,2023-11-20,39.0,39.2,target_close,1000,0.2525884807109833,0.3374834954738617,0.40992793440818787,-0.0007434277948793794,-29.034999999996217,101636.9625
financial,gru,2886,1,2023-11-28,2023-11-29,2023-12-01,2023-12-01,39.65,38.65,target_close,1000,0.299282968044281,0.34262779355049133,0.35808923840522766,-0.030915025533759508,-1227.5275000000038,100409.435
financial,gru,2886,1,2023-12-14,2023-12-15,2023-12-19,2023-12-19,39.6,39.15,target_close,1000,0.32567769289016724,0.3292374312877655,0.34508487582206726,-0.017138929298477053,-679.6687500000044,99729.76624999999
financial,gru,2886,1,2023-12-19,2023-12-20,2023-12-22,2023-12-22,39.05,38.35,target_close,1000,0.29396310448646545,0.31384721398353577,0.3921896815299988,-0.02366269551164881,-925.3450000000012,98804.42124999998
financial,gru,2886,2,2024-01-03,2024-01-04,2024-01-08,2024-01-08,38.65,39.45,target_close,1000,0.28450220823287964,0.3374388813972473,0.37805891036987305,0.014735986988270002,570.3574999999983,99374.77874999998
financial,gru,2886,2,2024-01-16,2024-01-17,2024-01-19,2024-01-19,38.15,37.9,target_close,1000,0.19245001673698425,0.3265587389469147,0.48099127411842346,-0.012356474592513033,-472.0712500000009,98902.70749999999
financial,gru,2886,2,2024-01-26,2024-01-29,2024-01-31,2024-01-31,38.25,37.65,target_close,1000,0.32413917779922485,0.3123362958431244,0.36352458596229553,-0.021436315994805395,-821.1074999999983,98081.59999999999
financial,gru,2886,2,2024-01-31,2024-02-01,2024-02-05,2024-02-05,37.75,37.6,target_close,1000,0.21783456206321716,0.34047895669937134,0.4416865110397339,-0.009791973589952053,-370.17374999999447,97711.42624999999
financial,gru,2886,2,2024-02-05,2024-02-15,2024-02-19,2024-02-19,37.6,38.4,target_close,1000,0.2899401783943176,0.34089648723602295,0.36916327476501465,0.015310629161954852,576.5,98287.92624999999
financial,gru,2886,2,2024-02-26,2024-02-27,2024-03-01,2024-03-01,38.1,38.55,target_close,1000,0.32053855061531067,0.329489529132843,0.3499718904495239,0.005900351841146021,225.12374999999884,98513.04999999999
financial,gru,2886,2,2024-03-05,2024-03-06,2024-03-08,2024-03-08,39.05,39.9,target_close,1000,0.29211604595184326,0.32568857073783875,0.38219544291496277,0.01579813426558574,617.7962499999994,99130.84624999999
financial,gru,2886,2,2024-03-08,2024-03-11,2024-03-13,2024-03-13,39.9,40.4,target_close,1000,0.34151139855384827,0.3027734160423279,0.35571515560150146,0.006616448753508648,264.3724999999977,99395.21874999999
financial,gru,2886,2,2024-03-20,2024-03-21,2024-03-25,2024-03-25,40.2,40.0,target_close,1000,0.2809367775917053,0.35797497630119324,0.36108824610710144,-0.010787736927614554,-434.2850000000035,98960.93374999998
financial,gru,2886,2,2024-04-01,2024-04-02,2024-04-08,2024-04-08,40.6,40.0,target_close,1000,0.29966604709625244,0.33478450775146484,0.3655494749546051,-0.020533670553943468,-834.8550000000032,98126.07874999999
financial,gru,2886,2,2024-04-12,2024-04-15,2024-04-17,2024-04-17,39.95,39.0,target_close,1000,0.28103959560394287,0.33548614382743835,0.38347429037094116,-0.02948248683048424,-1179.5037499999962,96946.57499999998
financial,gru,2886,2,2024-04-19,2024-04-22,2024-04-24,2024-04-24,39.4,39.35,target_close,1000,0.20902852714061737,0.36593008041381836,0.42504140734672546,-0.007103297851323176,-280.26874999999563,96666.30625
financial,gru,2886,2,2024-04-24,2024-04-25,2024-04-29,2024-04-29,39.0,40.1,target_close,1000,0.21190902590751648,0.38501468300819397,0.40307626128196716,0.022198687383299453,866.9825000000055,97533.28875
financial,gru,2886,3,2024-05-02,2024-05-03,2024-05-07,2024-05-07,40.0,40.95,target_close,1000,0.28409886360168457,0.3550582230091095,0.3608429431915283,0.017769584591956447,711.7962499999994,98245.085
financial,gru,2886,3,2024-05-17,2024-05-20,2024-05-22,2024-05-22,40.9,40.55,target_close,1000,0.33616623282432556,0.3213772773742676,0.34245648980140686,-0.014349142935864192,-587.716250000005,97657.36875
financial,gru,2886,3,2024-05-23,2024-05-24,2024-05-28,2024-05-28,40.05,39.8,target_close,1000,0.2749835252761841,0.317378968000412,0.40763747692108154,-0.012047407974223469,-483.18624999999884,97174.1825
financial,gru,2886,3,2024-05-28,2024-05-29,2024-05-31,2024-05-31,39.75,39.05,target_close,1000,0.3007955551147461,0.32255420088768005,0.37665027379989624,-0.02334886623040161,-929.4400000000023,96244.7425
financial,gru,2886,3,2024-06-11,2024-06-12,2024-06-14,2024-06-14,39.2,39.55,target_close,1000,0.2770363688468933,0.35008785128593445,0.37287580966949463,0.003034737998352311,119.13124999999854,96363.87375
financial,gru,2886,3,2024-06-19,2024-06-20,2024-06-24,2024-06-24,40.0,40.35,target_close,1000,0.25602173805236816,0.2911660671234131,0.4528122544288635,0.0028572097261402064,114.45124999999825,96478.325
financial,gru,2886,3,2024-06-24,2024-06-25,2024-06-27,2024-06-27,40.6,40.25,target_close,1000,0.31777945160865784,0.2844392657279968,0.39778122305870056,-0.014412005994905542,-585.9612500000003,95892.36374999999
financial,gru,2886,3,2024-07-02,2024-07-03,2024-07-05,2024-07-05,40.75,42.1,target_close,1000,0.2880522608757019,0.3044048547744751,0.4075428545475006,0.027093630839856844,1105.6387499999983,96998.00249999999
financial,gru,2886,3,2024-07-11,2024-07-12,2024-07-16,2024-07-16,41.75,41.85,target_close,1000,0.2869272828102112,0.3282966613769531,0.3847759962081909,-0.0034604580688088406,-144.6800000000003,96853.32249999998
financial,gru,2886,3,2024-07-16,2024-07-17,2024-07-19,2024-07-19,41.85,42.25,target_close,1000,0.35117605328559875,0.2899375557899475,0.3588864803314209,0.0036604350151092967,153.4074999999939,97006.72999999998
financial,gru,2886,3,2024-08-07,2024-08-08,2024-08-12,2024-08-12,38.0,39.4,target_close,1000,0.30925488471984863,0.27879196405410767,0.4119532108306885,0.030785210023085454,1171.5049999999974,98178.23499999999
financial,gru,2886,3,2024-08-19,2024-08-20,2024-08-22,2024-08-22,38.95,39.0,target_close,1000,0.32236427068710327,0.3350106179714203,0.34262505173683167,-0.0045654775064916464,-178.07875000000058,98000.15624999999
financial,gru,2886,4,2024-09-02,2024-09-03,2024-09-04,2024-09-05,39.05,37.2,stop_loss,1000,0.30945050716400146,0.34106069803237915,0.3494888246059418,-0.052940085346371145,-2070.2562499999985,95929.9
financial,gru,2886,4,2024-09-04,2024-09-05,2024-09-09,2024-09-09,38.15,39.1,target_close,1000,0.24363617599010468,0.30716052651405334,0.449203222990036,0.01891456051273728,722.6187500000015,96652.51874999999
financial,gru,2886,4,2024-09-11,2024-09-12,2024-09-16,2024-09-16,39.35,39.35,target_close,1000,0.29291844367980957,0.32420018315315247,0.3828813135623932,-0.005841675612252592,-230.19750000000204,96422.32124999998
financial,gru,2886,4,2024-09-19,2024-09-20,2024-09-24,2024-09-24,39.3,39.8,target_close,1000,0.2514798939228058,0.3283819258213043,0.4201382100582123,0.006806649125505053,267.8824999999997,96690.20374999999
financial,gru,2886,4,2024-09-27,2024-09-30,2024-10-04,2024-10-04,39.65,38.95,target_close,1000,0.3205467462539673,0.31694626808166504,0.36250701546669006,-0.02339302055730743,-928.8550000000032,95761.34874999998
financial,gru,2886,4,2024-10-04,2024-10-07,2024-10-09,2024-10-09,38.95,38.65,target_close,1000,0.26579779386520386,0.3216530382633209,0.4125491678714752,-0.013498864246818145,-526.5300000000061,95234.81874999998
financial,gru,2886,4,2024-10-09,2024-10-11,2024-10-15,2024-10-15,38.8,39.3,target_close,1000,0.2683243453502655,0.34826138615608215,0.38341423869132996,0.006969643000991508,270.80749999999534,95505.62624999997
financial,gru,2886,4,2024-10-15,2024-10-16,2024-10-18,2024-10-18,38.9,39.8,target_close,1000,0.2823992967605591,0.3151497542858124,0.4024509787559509,0.017159416725767308,668.4524999999994,96174.07874999997
financial,gru,2886,4,2024-10-24,2024-10-25,2024-10-29,2024-10-29,39.0,39.1,target_close,1000,0.31245699524879456,0.3272356390953064,0.36030739545822144,-0.003292551703565979,-128.59249999999884,96045.48624999997
financial,gru,2886,4,2024-10-29,2024-10-30,2024-11-04,2024-11-04,39.35,39.35,target_close,1000,0.2838926613330841,0.32108059525489807,0.3950267434120178,-0.005841675612252592,-230.19750000000204,95815.28874999998
financial,gru,2886,4,2024-11-06,2024-11-07,2024-11-11,2024-11-11,38.85,39.2,target_close,1000,0.2304377257823944,0.35263994336128235,0.41692227125167847,0.003114705688537955,121.17874999999913,95936.46749999997
financial,gru,2886,4,2024-11-12,2024-11-13,2024-11-15,2024-11-15,38.9,39.25,target_close,1000,0.2709953188896179,0.3513454496860504,0.37765926122665405,0.0031031936303106355,120.88624999999593,96057.35374999997
financial,gru,2886,4,2024-11-15,2024-11-18,2024-11-20,2024-11-20,39.3,39.95,target_close,1000,0.271516352891922,0.3594362437725067,0.3690474331378937,0.01060114654683234,417.21875,96474.57249999997
financial,gru,2886,4,2024-11-28,2024-11-29,2024-12-01,2024-12-02,39.6,36.0,stop_loss,1000,0.30796292424201965,0.33090201020240784,0.3611350953578949,-0.09621970510204784,-3815.730000000003,92658.84249999997
financial,gru,2886,4,2024-12-02,2024-12-03,2024-12-05,2024-12-05,39.7,40.3,target_close,1000,0.27928924560546875,0.33365803956985474,0.38705265522003174,0.009183387224841843,365.09999999999854,93023.94249999998
financial,gru,2886,4,2024-12-16,2024-12-17,2024-12-19,2024-12-19,39.5,38.65,target_close,1000,0.23169203102588654,0.3805954158306122,0.3877125382423401,-0.02723495601046992,-1077.3137500000012,91946.62874999997
financial,gru,2886,4,2024-12-20,2024-12-23,2024-12-25,2024-12-25,39.0,38.85,target_close,1000,0.2466570883989334,0.3448517322540283,0.4084911644458771,-0.009665361475282196,-377.48624999999447,91569.14249999999
financial,gru,2886,4,2024-12-25,2024-12-26,2024-12-30,2024-12-30,38.85,38.8,target_close,1000,0.27303189039230347,0.3529268205165863,0.3740413188934326,-0.007121158655222719,-277.0512500000041,91292.09124999998
financial,gru,2891,1,2023-09-06,2023-09-07,2023-09-11,2023-09-11,23.6,24.25,target_close,1000,0.3187074363231659,0.32076936960220337,0.36052316427230835,0.021539803661138703,509.0637499999975,100509.06375
financial,gru,2891,1,2023-09-21,2023-09-22,2023-09-26,2023-09-26,24.2,24.55,target_close,1000,0.31708356738090515,0.30050787329673767,0.38240858912467957,0.008536647261123912,206.88124999999854,100715.945
financial,gru,2891,1,2023-10-03,2023-10-04,2023-10-06,2023-10-06,24.0,24.25,target_close,1000,0.3227902352809906,0.29762884974479675,0.37958088517189026,0.004514140266786405,108.49374999999782,100824.43875
financial,gru,2891,1,2023-10-11,2023-10-12,2023-10-16,2023-10-16,25.0,25.35,target_close,1000,0.35022273659706116,0.2652117908000946,0.3845653831958771,0.008076540929175854,202.20124999999825,101026.64
financial,gru,2891,1,2023-10-19,2023-10-20,2023-10-24,2023-10-24,24.6,24.45,target_close,1000,0.29680335521698,0.2830023765563965,0.42019426822662354,-0.01190361661461686,-293.24625000000015,100733.39374999999
financial,gru,2891,1,2023-10-26,2023-10-27,2023-10-31,2023-10-31,24.4,24.35,target_close,1000,0.26614120602607727,0.3115262985229492,0.4223324954509735,-0.007878885293374943,-192.51874999999927,100540.87499999999
financial,gru,2891,1,2023-11-03,2023-11-06,2023-11-08,2023-11-08,25.5,25.1,target_close,1000,0.34078070521354675,0.2648698687553406,0.39434942603111267,-0.021436315994805537,-547.4050000000025,99993.46999999997
financial,gru,2891,1,2023-11-15,2023-11-16,2023-11-20,2023-11-20,26.85,26.85,target_close,1000,0.2988813817501068,0.2966887056827545,0.4044298827648163,-0.005841675612252481,-157.0724999999984,99836.39749999998
financial,gru,2891,1,2023-11-24,2023-11-27,2023-11-29,2023-11-29,26.9,26.85,target_close,1000,0.32851916551589966,0.3152371048927307,0.35624369978904724,-0.0076895535386237905,-207.14374999999927,99629.25374999997
financial,gru,2891,1,2023-11-29,2023-11-30,2023-12-04,2023-12-04,26.95,26.9,target_close,1000,0.2916800379753113,0.33436742424964905,0.3739525377750397,-0.0076861251936770235,-207.43625000000247,99421.81749999998
financial,gru,2891,1,2023-12-18,2023-12-19,2023-12-21,2023-12-21,28.2,27.85,target_close,1000,0.33938267827033997,0.3154747486114502,0.34514257311820984,-0.018180520063873627,-513.421250000003,98908.39624999998
financial,gru,2891,2,2024-01-04,2024-01-05,2024-01-09,2024-01-09,28.15,28.1,target_close,1000,0.29786407947540283,0.31517118215560913,0.38696467876434326,-0.007607498568536258,-214.45624999999927,98693.93999999997
financial,gru,2891,2,2024-01-09,2024-01-10,2024-01-12,2024-01-12,28.05,28.05,target_close,1000,0.29895082116127014,0.3188741207122803,0.3821750581264496,-0.005841675612252499,-164.09249999999884,98529.84749999997
financial,gru,2891,2,2024-01-16,2024-01-17,2024-01-19,2024-01-19,27.7,27.9,target_close,1000,0.21535854041576385,0.3291783332824707,0.455463171005249,0.001336362830980283,37.06999999999971,98566.91749999997
financial,gru,2891,2,2024-01-30,2024-01-31,2024-02-02,2024-02-02,28.45,28.3,target_close,1000,0.3195231258869171,0.3357466757297516,0.3447302579879761,-0.011083283649446388,-315.7687500000029,98251.14874999996
financial,gru,2891,2,2024-02-05,2024-02-15,2024-02-19,2024-02-19,28.8,28.7,target_close,1000,0.252461314201355,0.3661987781524658,0.381339967250824,-0.00929361423859896,-268.0375000000022,97983.11124999996
financial,gru,2891,2,2024-02-21,2024-02-22,2024-02-26,2024-02-26,28.95,29.1,target_close,1000,0.3093855679035187,0.31878671050071716,0.37182775139808655,-0.0006905962112798106,-20.0212500000016,97963.08999999995
financial,gru,2891,2,2024-03-01,2024-03-04,2024-03-06,2024-03-06,28.95,29.5,target_close,1000,0.28062838315963745,0.33810415863990784,0.3812675178050995,0.013045615524647726,378.2087500000016,98341.29874999996
financial,gru,2891,2,2024-03-13,2024-03-14,2024-03-18,2024-03-18,32.0,31.5,target_close,1000,0.20784088969230652,0.31348490715026855,0.4786742329597473,-0.021375399430811074,-684.9874999999993,97656.31124999996
financial,gru,2891,2,2024-03-21,2024-03-22,2024-03-26,2024-03-26,32.1,31.8,target_close,1000,0.2681545913219452,0.31798702478408813,0.4138583242893219,-0.015132874905595988,-486.45750000000044,97169.85374999995
financial,gru,2891,2,2024-03-26,2024-03-27,2024-03-29,2024-03-29,31.95,33.05,target_close,1000,0.30579036474227905,0.3090056777000427,0.3852039873600006,0.028385997527857542,908.2249999999949,98078.07874999996
financial,gru,2891,2,2024-03-29,2024-04-01,2024-04-01,2024-04-03,32.8,31.815999999999995,stop_loss,1000,0.3758622407913208,0.2277977168560028,0.396340012550354,-0.03566642534388506,-1171.525800000003,96906.55294999995
financial,gru,2891,2,2024-04-03,2024-04-08,2024-04-10,2024-04-10,32.0,31.85,target_close,1000,0.28518685698509216,0.3346826732158661,0.3801305294036865,-0.010501792757820025,-336.5362499999974,96570.01669999995
financial,gru,2891,2,2024-04-15,2024-04-16,2024-04-18,2024-04-18,31.8,31.7,target_close,1000,0.2707424759864807,0.33074384927749634,0.39851364493370056,-0.008967959651207653,-285.5874999999978,96284.42919999996
financial,gru,2891,2,2024-04-18,2024-04-19,2024-04-23,2024-04-23,31.5,31.55,target_close,1000,0.2428310513496399,0.36318182945251465,0.3939870595932007,-0.0042636465259227865,-134.49625000000015,96149.93294999996
financial,gru,2891,2,2024-04-23,2024-04-24,2024-04-26,2024-04-26,31.8,31.15,target_close,1000,0.2817831337451935,0.340310662984848,0.37790626287460327,-0.02616252186546114,-833.1537499999977,95316.77919999996
financial,gru,2891,3,2024-05-06,2024-05-07,2024-05-09,2024-05-09,36.05,36.1,target_close,1000,0.2429388463497162,0.34212595224380493,0.4149352014064789,-0.004462815245556748,-161.11375000000407,95155.66544999996
financial,gru,2891,3,2024-05-09,2024-05-10,2024-05-14,2024-05-14,36.1,36.05,target_close,1000,0.3432602286338806,0.2986941933631897,0.3580456078052521,-0.007218626200047076,-260.96374999999534,94894.70169999996
financial,gru,2891,3,2024-05-14,2024-05-15,2024-05-17,2024-05-17,36.2,38.1,target_close,1000,0.26617056131362915,0.3564440608024597,0.37738537788391113,0.046337904949535366,1679.822500000002,96574.52419999996
financial,gru,2891,3,2024-05-24,2024-05-27,2024-05-29,2024-05-29,36.7,36.05,target_close,1000,0.3612481653690338,0.2682185769081116,0.37053319811820984,-0.023449384354814785,-861.8187499999985,95712.70544999995
financial,gru,2891,3,2024-05-31,2024-06-03,2024-06-05,2024-06-05,36.1,36.3,target_close,1000,0.21908243000507355,0.28520357608795166,0.4957139790058136,-0.00033387326107387584,-12.069999999999709,95700.63544999994
financial,gru,2891,3,2024-06-06,2024-06-07,2024-06-12,2024-06-12,36.85,37.25,target_close,1000,0.25779110193252563,0.33736199140548706,0.4048469364643097,0.0049497308939915,182.6574999999939,95883.29294999994
financial,gru,2891,3,2024-06-13,2024-06-14,2024-06-18,2024-06-18,37.1,37.9,target_close,1000,0.3119560480117798,0.310979425907135,0.3770644962787628,0.015595700654868582,579.4249999999956,96462.71794999993
financial,gru,2891,3,2024-06-19,2024-06-20,2024-06-24,2024-06-24,37.9,38.25,target_close,1000,0.34264156222343445,0.26785168051719666,0.3895067274570465,0.0033392060113810575,126.73625000000175,96589.45419999993
financial,gru,2891,3,2024-06-26,2024-06-27,2024-07-01,2024-07-01,37.3,38.2,target_close,1000,0.3043915033340454,0.2857855558395386,0.40982291102409363,0.018146058756352428,677.8124999999927,97267.26669999992
financial,gru,2891,3,2024-07-02,2024-07-03,2024-07-05,2024-07-05,38.5,40.05,target_close,1000,0.3223837912082672,0.2725366950035095,0.4050794839859009,0.03418288030465663,1317.9162499999948,98585.18294999991
financial,gru,2891,3,2024-07-05,2024-07-08,2024-07-10,2024-07-10,40.05,40.85,target_close,1000,0.32561659812927246,0.3013925850391388,0.3729908764362335,0.014016667946054424,562.1674999999959,99147.35044999991
financial,gru,2891,3,2024-07-11,2024-07-12,2024-07-15,2024-07-16,39.9,38.55,stop_loss,1000,0.34019196033477783,0.31884685158729553,0.34096118807792664,-0.039478611399807816,-1577.4412499999962,97569.90919999991
financial,gru,2891,3,2024-07-17,2024-07-18,2024-07-19,2024-07-22,37.05,35.9385,stop_loss,1000,0.32448577880859375,0.285442978143692,0.39007121324539185,-0.03566642534388493,-1323.3241124999986,96246.5850874999
financial,gru,2891,3,2024-07-19,2024-07-22,2024-07-26,2024-07-26,36.05,35.6,target_close,1000,0.17539633810520172,0.2815006673336029,0.5431029796600342,-0.018251418912515756,-658.9012500000026,95587.6838374999
financial,gru,2891,3,2024-07-31,2024-08-01,2024-08-02,2024-08-05,36.05,34.9685,stop_loss,1000,0.28757575154304504,0.3106294870376587,0.40179479122161865,-0.03566642534388508,-1287.6068625000044,94300.0769749999
financial,gru,2891,3,2024-08-16,2024-08-19,2024-08-21,2024-08-21,35.05,33.8,stop_loss,1000,0.3323173224925995,0.31147465109825134,0.3562079668045044,-0.04129668004833492,-1449.5112500000032,92850.5657249999
financial,gru,2891,3,2024-08-21,2024-08-22,2024-08-26,2024-08-26,33.95,32.9315,stop_loss,1000,0.2188325673341751,0.2688310444355011,0.5123363733291626,-0.035666425343885165,-1212.600637500007,91637.9650874999
financial,gru,2891,3,2024-08-26,2024-08-27,2024-08-29,2024-08-29,33.1,32.6,target_close,1000,0.29101619124412537,0.33870387077331543,0.3702799677848816,-0.020859172959499607,-691.4225000000042,90946.5425874999
financial,gru,2891,4,2024-09-11,2024-09-12,2024-09-16,2024-09-16,32.5,32.7,target_close,1000,0.30070826411247253,0.30037921667099,0.39891257882118225,0.0002762217685951857,8.9900000000016,90955.53258749991
financial,gru,2891,4,2024-09-20,2024-09-23,2024-09-25,2024-09-25,34.75,34.95,target_close,1000,0.21926094591617584,0.29772356152534485,0.48301541805267334,-0.00011990108340221175,-4.172500000000582,90951.36008749991
financial,gru,2891,4,2024-09-27,2024-09-30,2024-10-04,2024-10-04,34.55,34.25,target_close,1000,0.30223920941352844,0.32452043890953064,0.3732403516769409,-0.014474019962942123,-500.7900000000009,90450.57008749992
financial,gru,2891,4,2024-10-09,2024-10-11,2024-10-15,2024-10-15,35.15,36.35,target_close,1000,0.3107835352420807,0.32233792543411255,0.36687856912612915,0.028098295632848366,989.0625,91439.63258749992
financial,gru,2891,4,2024-10-18,2024-10-21,2024-10-23,2024-10-23,37.0,36.15,target_close,1000,0.27282002568244934,0.34206444025039673,0.38511553406715393,-0.028680447929268393,-1062.6887500000012,90376.94383749992
financial,gru,2891,4,2024-10-24,2024-10-25,2024-10-29,2024-10-29,35.9,35.85,target_close,1000,0.3071214258670807,0.3452989459037781,0.34757956862449646,-0.007226297233962616,-259.79375000000437,90117.1500874999
financial,gru,2891,4,2024-11-01,2024-11-04,2024-11-06,2024-11-06,35.75,36.7,target_close,1000,0.2717369496822357,0.285448282957077,0.44281482696533203,0.02057651762322613,736.6587500000023,90853.8088374999
financial,gru,2891,4,2024-11-13,2024-11-14,2024-11-18,2024-11-18,36.45,36.8,target_close,1000,0.28307512402534485,0.30626991391181946,0.4106549918651581,0.0037044262680136966,135.21874999999272,90989.0275874999
financial,gru,2891,4,2024-11-20,2024-11-21,2024-11-25,2024-11-25,37.75,37.35,target_close,1000,0.21187357604503632,0.3588981330394745,0.4292282164096832,-0.016375803552784896,-619.0674999999974,90369.9600874999
financial,gru,2891,4,2024-11-25,2024-11-26,2024-11-28,2024-11-28,37.6,37.75,target_close,1000,0.20170961320400238,0.39865121245384216,0.39963921904563904,-0.0018756184670886229,-70.62374999999884,90299.3363374999
financial,gru,2891,4,2024-11-29,2024-12-01,2024-12-02,2024-12-03,40.0,37.7,stop_loss,1000,0.2910921275615692,0.33582910895347595,0.37307876348495483,-0.06300577926454808,-2523.822500000002,87775.5138374999
financial,gru,2891,4,2024-12-02,2024-12-03,2024-12-05,2024-12-05,38.7,39.05,target_close,1000,0.2944285571575165,0.2841605842113495,0.4214109182357788,0.0031494203447426294,122.05625000000146,87897.57008749989
financial,gru,2891,4,2024-12-20,2024-12-23,2024-12-25,2024-12-25,38.8,39.25,target_close,1000,0.23210358619689941,0.3077946603298187,0.4601017236709595,0.005688511139667151,221.02874999999767,88118.59883749989
financial,gru,2891,4,2024-12-25,2024-12-26,2024-12-30,2024-12-30,39.45,39.45,target_close,1000,0.29853424429893494,0.32478100061416626,0.3766848146915436,-0.00584167561225257,-230.78250000000116,87887.81633749988
